[migrater] timestamp=1779269570.71, migrating=False, epoch=0, total_epochs=0, configured=0 B/s, rate=0 B/s, pending=0 bytes
Migrater running on 50051
[migrater] timestamp=1779269570.86, migrating=False, epoch=0, total_epochs=0, configured=0 B/s, rate=0 B/s, pending=0 bytes
[migrater] timestamp=1779269570.96, migrating=False, epoch=0, total_epochs=0, configured=0 B/s, rate=0 B/s, pending=0 bytes
[migrater] timestamp=1779269571.06, migrating=False, epoch=0, total_epochs=0, configured=0 B/s, rate=0 B/s, pending=0 bytes
[migrater] timestamp=1779269571.16, migrating=False, epoch=0, total_epochs=0, configured=0 B/s, rate=0 B/s, pending=0 bytes
[migrater] timestamp=1779269571.26, migrating=False, epoch=0, total_epochs=0, configured=0 B/s, rate=0 B/s, pending=0 bytes
[migrater] timestamp=1779269571.36, migrating=False, epoch=0, total_epochs=0, configured=0 B/s, rate=0 B/s, pending=0 bytes
[migrater] timestamp=1779269571.46, migrating=False, epoch=0, total_epochs=0, configured=0 B/s, rate=0 B/s, pending=0 bytes
[migrater] timestamp=1779269571.56, migrating=False, epoch=0, total_epochs=0, configured=0 B/s, rate=0 B/s, pending=0 bytes
[migrater] timestamp=1779269571.66, migrating=False, epoch=0, total_epochs=0, configured=0 B/s, rate=0 B/s, pending=0 bytes
[migrater] timestamp=1779269571.77, migrating=False, epoch=0, total_epochs=0, configured=0 B/s, rate=0 B/s, pending=0 bytes
[migrater] timestamp=1779269571.87, migrating=False, epoch=0, total_epochs=0, configured=0 B/s, rate=0 B/s, pending=0 bytes
[migrater] timestamp=1779269571.97, migrating=False, epoch=0, total_epochs=0, configured=0 B/s, rate=0 B/s, pending=0 bytes
[migrater] timestamp=1779269572.07, migrating=False, epoch=0, total_epochs=0, configured=0 B/s, rate=0 B/s, pending=0 bytes
[migrater] timestamp=1779269572.17, migrating=False, epoch=0, total_epochs=0, configured=0 B/s, rate=0 B/s, pending=0 bytes
[migrater] timestamp=1779269572.27, migrating=False, epoch=0, total_epochs=0, configured=0 B/s, rate=0 B/s, pending=0 bytes
[migrater] timestamp=1779269572.37, migrating=False, epoch=0, total_epochs=0, configured=0 B/s, rate=0 B/s, pending=0 bytes
[migrater] timestamp=1779269572.47, migrating=False, epoch=0, total_epochs=0, configured=0 B/s, rate=0 B/s, pending=0 bytes
[migrater] timestamp=1779269572.57, migrating=False, epoch=0, total_epochs=0, configured=0 B/s, rate=0 B/s, pending=0 bytes
[migrater] timestamp=1779269572.67, migrating=False, epoch=0, total_epochs=0, configured=0 B/s, rate=0 B/s, pending=0 bytes
[migrater] timestamp=1779269572.77, migrating=False, epoch=0, total_epochs=0, configured=0 B/s, rate=0 B/s, pending=0 bytes
[migrater] timestamp=1779269572.87, migrating=False, epoch=0, total_epochs=0, configured=0 B/s, rate=0 B/s, pending=0 bytes
[migrater] timestamp=1779269572.97, migrating=False, epoch=0, total_epochs=0, configured=0 B/s, rate=0 B/s, pending=0 bytes
[migrater] timestamp=1779269573.07, migrating=False, epoch=0, total_epochs=0, configured=0 B/s, rate=0 B/s, pending=0 bytes
[migrater] timestamp=1779269573.17, migrating=False, epoch=0, total_epochs=0, configured=0 B/s, rate=0 B/s, pending=0 bytes
[migrater] timestamp=1779269573.27, migrating=False, epoch=0, total_epochs=0, configured=0 B/s, rate=0 B/s, pending=0 bytes
[migrater] timestamp=1779269573.37, migrating=False, epoch=0, total_epochs=0, configured=0 B/s, rate=0 B/s, pending=0 bytes
[migrater] timestamp=1779269573.47, migrating=False, epoch=0, total_epochs=0, configured=0 B/s, rate=0 B/s, pending=0 bytes
[migrater] timestamp=1779269573.57, migrating=False, epoch=0, total_epochs=0, configured=0 B/s, rate=0 B/s, pending=0 bytes
[migrater] timestamp=1779269573.67, migrating=False, epoch=0, total_epochs=0, configured=0 B/s, rate=0 B/s, pending=0 bytes
[migrater] timestamp=1779269573.77, migrating=False, epoch=0, total_epochs=0, configured=0 B/s, rate=0 B/s, pending=0 bytes
[migrater] timestamp=1779269573.87, migrating=False, epoch=0, total_epochs=0, configured=0 B/s, rate=0 B/s, pending=0 bytes
[migrater] timestamp=1779269573.98, migrating=False, epoch=0, total_epochs=0, configured=0 B/s, rate=0 B/s, pending=0 bytes
[migrater] timestamp=1779269574.08, migrating=False, epoch=0, total_epochs=0, configured=0 B/s, rate=0 B/s, pending=0 bytes
[migrater] timestamp=1779269574.18, migrating=False, epoch=0, total_epochs=0, configured=0 B/s, rate=0 B/s, pending=0 bytes
[migrater] timestamp=1779269574.28, migrating=False, epoch=0, total_epochs=0, configured=0 B/s, rate=0 B/s, pending=0 bytes
[migrater] timestamp=1779269574.38, migrating=False, epoch=0, total_epochs=0, configured=0 B/s, rate=0 B/s, pending=0 bytes
[migrater] timestamp=1779269574.48, migrating=False, epoch=0, total_epochs=0, configured=0 B/s, rate=0 B/s, pending=0 bytes
[migrater] timestamp=1779269574.58, migrating=False, epoch=0, total_epochs=0, configured=0 B/s, rate=0 B/s, pending=0 bytes
[migrater] timestamp=1779269574.68, migrating=False, epoch=0, total_epochs=0, configured=0 B/s, rate=0 B/s, pending=0 bytes
[migrater] timestamp=1779269574.78, migrating=False, epoch=0, total_epochs=0, configured=0 B/s, rate=0 B/s, pending=0 bytes
[migrater] timestamp=1779269574.88, migrating=False, epoch=0, total_epochs=0, configured=0 B/s, rate=0 B/s, pending=0 bytes
[migrater] timestamp=1779269574.98, migrating=False, epoch=0, total_epochs=0, configured=0 B/s, rate=0 B/s, pending=0 bytes
[migrater] timestamp=1779269575.08, migrating=False, epoch=0, total_epochs=0, configured=0 B/s, rate=0 B/s, pending=0 bytes
[migrater] timestamp=1779269575.18, migrating=False, epoch=0, total_epochs=0, configured=0 B/s, rate=0 B/s, pending=0 bytes
[migrater] timestamp=1779269575.28, migrating=False, epoch=0, total_epochs=0, configured=0 B/s, rate=0 B/s, pending=0 bytes
[migrater] timestamp=1779269575.38, migrating=False, epoch=0, total_epochs=0, configured=0 B/s, rate=0 B/s, pending=0 bytes
[migrater] timestamp=1779269575.48, migrating=False, epoch=0, total_epochs=0, configured=0 B/s, rate=0 B/s, pending=0 bytes
[migrater] timestamp=1779269575.58, migrating=False, epoch=0, total_epochs=0, configured=0 B/s, rate=0 B/s, pending=0 bytes
[migrater] timestamp=1779269575.68, migrating=False, epoch=0, total_epochs=0, configured=0 B/s, rate=0 B/s, pending=0 bytes
[migrater] timestamp=1779269575.78, migrating=False, epoch=0, total_epochs=0, configured=0 B/s, rate=0 B/s, pending=0 bytes
[migrater] timestamp=1779269575.89, migrating=False, epoch=0, total_epochs=0, configured=0 B/s, rate=0 B/s, pending=0 bytes
[migrater] timestamp=1779269575.99, migrating=False, epoch=0, total_epochs=0, configured=0 B/s, rate=0 B/s, pending=0 bytes
[migrater] timestamp=1779269576.09, migrating=False, epoch=0, total_epochs=0, configured=0 B/s, rate=0 B/s, pending=0 bytes
[migrater] timestamp=1779269576.19, migrating=False, epoch=0, total_epochs=0, configured=0 B/s, rate=0 B/s, pending=0 bytes
[migrater] timestamp=1779269576.29, migrating=False, epoch=0, total_epochs=0, configured=0 B/s, rate=0 B/s, pending=0 bytes
[migrater] timestamp=1779269576.39, migrating=False, epoch=0, total_epochs=0, configured=0 B/s, rate=0 B/s, pending=0 bytes
[migrater] timestamp=1779269576.49, migrating=False, epoch=0, total_epochs=0, configured=0 B/s, rate=0 B/s, pending=0 bytes
[migrater] timestamp=1779269576.59, migrating=False, epoch=0, total_epochs=0, configured=0 B/s, rate=0 B/s, pending=0 bytes
[migrater] timestamp=1779269576.69, migrating=False, epoch=0, total_epochs=0, configured=0 B/s, rate=0 B/s, pending=0 bytes
[migrater] timestamp=1779269576.79, migrating=False, epoch=0, total_epochs=0, configured=0 B/s, rate=0 B/s, pending=0 bytes
[migrater] timestamp=1779269576.89, migrating=False, epoch=0, total_epochs=0, configured=0 B/s, rate=0 B/s, pending=0 bytes
[migrater] timestamp=1779269576.99, migrating=False, epoch=0, total_epochs=0, configured=0 B/s, rate=0 B/s, pending=0 bytes
[migrater] timestamp=1779269577.09, migrating=False, epoch=0, total_epochs=0, configured=0 B/s, rate=0 B/s, pending=0 bytes
[migrater] timestamp=1779269577.19, migrating=False, epoch=0, total_epochs=0, configured=0 B/s, rate=0 B/s, pending=0 bytes
[migrater] timestamp=1779269577.29, migrating=False, epoch=0, total_epochs=0, configured=0 B/s, rate=0 B/s, pending=0 bytes
[migrater] timestamp=1779269577.39, migrating=False, epoch=0, total_epochs=0, configured=0 B/s, rate=0 B/s, pending=0 bytes
[migrater] timestamp=1779269577.49, migrating=False, epoch=0, total_epochs=0, configured=0 B/s, rate=0 B/s, pending=0 bytes
[migrater] timestamp=1779269577.59, migrating=False, epoch=0, total_epochs=0, configured=0 B/s, rate=0 B/s, pending=0 bytes
[migrater] timestamp=1779269577.70, migrating=False, epoch=0, total_epochs=0, configured=0 B/s, rate=0 B/s, pending=0 bytes
[migrater] timestamp=1779269577.80, migrating=False, epoch=0, total_epochs=0, configured=0 B/s, rate=0 B/s, pending=0 bytes
[migrater] timestamp=1779269577.90, migrating=False, epoch=0, total_epochs=0, configured=0 B/s, rate=0 B/s, pending=0 bytes
[migrater] timestamp=1779269578.00, migrating=False, epoch=0, total_epochs=0, configured=0 B/s, rate=0 B/s, pending=0 bytes
[migrater] timestamp=1779269578.10, migrating=False, epoch=0, total_epochs=0, configured=0 B/s, rate=0 B/s, pending=0 bytes
[migrater] timestamp=1779269578.20, migrating=False, epoch=0, total_epochs=0, configured=0 B/s, rate=0 B/s, pending=0 bytes
[migrater] timestamp=1779269578.30, migrating=False, epoch=0, total_epochs=0, configured=0 B/s, rate=0 B/s, pending=0 bytes
[migrater] timestamp=1779269578.40, migrating=False, epoch=0, total_epochs=0, configured=0 B/s, rate=0 B/s, pending=0 bytes
[migrater] timestamp=1779269578.50, migrating=False, epoch=0, total_epochs=0, configured=0 B/s, rate=0 B/s, pending=0 bytes
[migrater] timestamp=1779269578.60, migrating=False, epoch=0, total_epochs=0, configured=0 B/s, rate=0 B/s, pending=0 bytes
[migrater] timestamp=1779269578.70, migrating=False, epoch=0, total_epochs=0, configured=0 B/s, rate=0 B/s, pending=0 bytes
[migrater] timestamp=1779269578.80, migrating=False, epoch=0, total_epochs=0, configured=0 B/s, rate=0 B/s, pending=0 bytes
[migrater] timestamp=1779269578.90, migrating=False, epoch=1, total_epochs=3, configured=0 B/s, rate=0 B/s, pending=5368709120 bytes
[migrater] timestamp=1779269579.00, migrating=True, epoch=1, total_epochs=3, configured=0 B/s, rate=0 B/s, pending=5368709120 bytes
[migrater] timestamp=1779269579.03, migrating=True, epoch=1, total_epochs=3, configured=500000000 B/s, rate=481052821 B/s, pending=5318377472 bytes ([0.94%] 50331648/5368709120 bytes copied)
[migrater] timestamp=1779269579.13, migrating=True, epoch=1, total_epochs=3, configured=500000000 B/s, rate=500189078 B/s, pending=5268045824 bytes ([1.88%] 100663296/5368709120 bytes copied)
[migrater] timestamp=1779269579.23, migrating=True, epoch=1, total_epochs=3, configured=500000000 B/s, rate=500020619 B/s, pending=5217714176 bytes ([2.81%] 150994944/5368709120 bytes copied)
[migrater] timestamp=1779269579.33, migrating=True, epoch=1, total_epochs=3, configured=500000000 B/s, rate=500048841 B/s, pending=5167382528 bytes ([3.75%] 201326592/5368709120 bytes copied)
[migrater] timestamp=1779269579.43, migrating=True, epoch=1, total_epochs=3, configured=500000000 B/s, rate=499991213 B/s, pending=5117050880 bytes ([4.69%] 251658240/5368709120 bytes copied)
[migrater] timestamp=1779269579.53, migrating=True, epoch=1, total_epochs=3, configured=500000000 B/s, rate=500190718 B/s, pending=5066719232 bytes ([5.62%] 301989888/5368709120 bytes copied)
[migrater] timestamp=1779269579.63, migrating=True, epoch=1, total_epochs=3, configured=500000000 B/s, rate=500037167 B/s, pending=5016387584 bytes ([6.56%] 352321536/5368709120 bytes copied)
[migrater] timestamp=1779269579.74, migrating=True, epoch=1, total_epochs=3, configured=500000000 B/s, rate=499904755 B/s, pending=4966055936 bytes ([7.50%] 402653184/5368709120 bytes copied)
[migrater] timestamp=1779269579.84, migrating=True, epoch=1, total_epochs=3, configured=500000000 B/s, rate=500045960 B/s, pending=4915724288 bytes ([8.44%] 452984832/5368709120 bytes copied)
[migrater] timestamp=1779269579.94, migrating=True, epoch=1, total_epochs=3, configured=500000000 B/s, rate=499979541 B/s, pending=4865392640 bytes ([9.38%] 503316480/5368709120 bytes copied)
[migrater] timestamp=1779269580.04, migrating=True, epoch=1, total_epochs=3, configured=500000000 B/s, rate=499945577 B/s, pending=4815060992 bytes ([10.31%] 553648128/5368709120 bytes copied)
[migrater] timestamp=1779269580.14, migrating=True, epoch=1, total_epochs=3, configured=500000000 B/s, rate=500067218 B/s, pending=4764729344 bytes ([11.25%] 603979776/5368709120 bytes copied)
[migrater] timestamp=1779269580.24, migrating=True, epoch=1, total_epochs=3, configured=500000000 B/s, rate=499986599 B/s, pending=4714397696 bytes ([12.19%] 654311424/5368709120 bytes copied)
[migrater] timestamp=1779269580.34, migrating=True, epoch=1, total_epochs=3, configured=500000000 B/s, rate=499968218 B/s, pending=4664066048 bytes ([13.12%] 704643072/5368709120 bytes copied)
[migrater] timestamp=1779269580.44, migrating=True, epoch=1, total_epochs=3, configured=500000000 B/s, rate=499990523 B/s, pending=4613734400 bytes ([14.06%] 754974720/5368709120 bytes copied)
[migrater] timestamp=1779269580.54, migrating=True, epoch=1, total_epochs=3, configured=500000000 B/s, rate=499849449 B/s, pending=4563402752 bytes ([15.00%] 805306368/5368709120 bytes copied)
[migrater] timestamp=1779269580.64, migrating=True, epoch=1, total_epochs=3, configured=500000000 B/s, rate=500102948 B/s, pending=4513071104 bytes ([15.94%] 855638016/5368709120 bytes copied)
[migrater] timestamp=1779269580.74, migrating=True, epoch=1, total_epochs=3, configured=500000000 B/s, rate=499906344 B/s, pending=4462739456 bytes ([16.88%] 905969664/5368709120 bytes copied)
[migrater] timestamp=1779269580.84, migrating=True, epoch=1, total_epochs=3, configured=500000000 B/s, rate=499773709 B/s, pending=4412407808 bytes ([17.81%] 956301312/5368709120 bytes copied)
[migrater] timestamp=1779269580.94, migrating=True, epoch=1, total_epochs=3, configured=500000000 B/s, rate=500213287 B/s, pending=4362076160 bytes ([18.75%] 1006632960/5368709120 bytes copied)
[migrater] timestamp=1779269581.04, migrating=True, epoch=1, total_epochs=3, configured=500000000 B/s, rate=500165319 B/s, pending=4311744512 bytes ([19.69%] 1056964608/5368709120 bytes copied)
[migrater] timestamp=1779269581.14, migrating=True, epoch=1, total_epochs=3, configured=500000000 B/s, rate=500066274 B/s, pending=4261412864 bytes ([20.62%] 1107296256/5368709120 bytes copied)
[migrater] timestamp=1779269581.25, migrating=True, epoch=1, total_epochs=3, configured=500000000 B/s, rate=499926458 B/s, pending=4211081216 bytes ([21.56%] 1157627904/5368709120 bytes copied)
[migrater] timestamp=1779269581.35, migrating=True, epoch=1, total_epochs=3, configured=500000000 B/s, rate=499663664 B/s, pending=4160749568 bytes ([22.50%] 1207959552/5368709120 bytes copied)
[migrater] timestamp=1779269581.45, migrating=True, epoch=1, total_epochs=3, configured=500000000 B/s, rate=499916721 B/s, pending=4110417920 bytes ([23.44%] 1258291200/5368709120 bytes copied)
[migrater] timestamp=1779269581.55, migrating=True, epoch=1, total_epochs=3, configured=500000000 B/s, rate=500013024 B/s, pending=4060086272 bytes ([24.38%] 1308622848/5368709120 bytes copied)
[migrater] timestamp=1779269581.65, migrating=True, epoch=1, total_epochs=3, configured=500000000 B/s, rate=500134802 B/s, pending=4009754624 bytes ([25.31%] 1358954496/5368709120 bytes copied)
[migrater] timestamp=1779269581.75, migrating=True, epoch=1, total_epochs=3, configured=500000000 B/s, rate=499956398 B/s, pending=3959422976 bytes ([26.25%] 1409286144/5368709120 bytes copied)
[migrater] timestamp=1779269581.85, migrating=True, epoch=1, total_epochs=3, configured=500000000 B/s, rate=499925014 B/s, pending=3909091328 bytes ([27.19%] 1459617792/5368709120 bytes copied)
[migrater] timestamp=1779269581.95, migrating=True, epoch=1, total_epochs=3, configured=500000000 B/s, rate=499968471 B/s, pending=3858759680 bytes ([28.12%] 1509949440/5368709120 bytes copied)
[migrater] timestamp=1779269582.05, migrating=True, epoch=1, total_epochs=3, configured=500000000 B/s, rate=500117856 B/s, pending=3808428032 bytes ([29.06%] 1560281088/5368709120 bytes copied)
[migrater] timestamp=1779269582.15, migrating=True, epoch=1, total_epochs=3, configured=500000000 B/s, rate=499981379 B/s, pending=3758096384 bytes ([30.00%] 1610612736/5368709120 bytes copied)
[migrater] timestamp=1779269582.25, migrating=True, epoch=1, total_epochs=3, configured=500000000 B/s, rate=500046953 B/s, pending=3707764736 bytes ([30.94%] 1660944384/5368709120 bytes copied)
[migrater] timestamp=1779269582.35, migrating=True, epoch=1, total_epochs=3, configured=500000000 B/s, rate=500019526 B/s, pending=3657433088 bytes ([31.87%] 1711276032/5368709120 bytes copied)
[migrater] timestamp=1779269582.45, migrating=True, epoch=1, total_epochs=3, configured=500000000 B/s, rate=499947067 B/s, pending=3607101440 bytes ([32.81%] 1761607680/5368709120 bytes copied)
[migrater] timestamp=1779269582.55, migrating=True, epoch=1, total_epochs=3, configured=500000000 B/s, rate=500143544 B/s, pending=3556769792 bytes ([33.75%] 1811939328/5368709120 bytes copied)
[migrater] timestamp=1779269582.65, migrating=True, epoch=1, total_epochs=3, configured=500000000 B/s, rate=500061212 B/s, pending=3506438144 bytes ([34.69%] 1862270976/5368709120 bytes copied)
[migrater] timestamp=1779269582.76, migrating=True, epoch=1, total_epochs=3, configured=500000000 B/s, rate=499944877 B/s, pending=3456106496 bytes ([35.62%] 1912602624/5368709120 bytes copied)
[migrater] timestamp=1779269582.86, migrating=True, epoch=1, total_epochs=3, configured=500000000 B/s, rate=500026187 B/s, pending=3405774848 bytes ([36.56%] 1962934272/5368709120 bytes copied)
[migrater] timestamp=1779269582.96, migrating=True, epoch=1, total_epochs=3, configured=500000000 B/s, rate=499943834 B/s, pending=3355443200 bytes ([37.50%] 2013265920/5368709120 bytes copied)
[migrater] timestamp=1779269583.06, migrating=True, epoch=1, total_epochs=3, configured=500000000 B/s, rate=500043972 B/s, pending=3305111552 bytes ([38.44%] 2063597568/5368709120 bytes copied)
[migrater] timestamp=1779269583.16, migrating=True, epoch=1, total_epochs=3, configured=500000000 B/s, rate=499954411 B/s, pending=3254779904 bytes ([39.38%] 2113929216/5368709120 bytes copied)
[migrater] timestamp=1779269583.26, migrating=True, epoch=1, total_epochs=3, configured=500000000 B/s, rate=500068913 B/s, pending=3204448256 bytes ([40.31%] 2164260864/5368709120 bytes copied)
[migrater] timestamp=1779269583.36, migrating=True, epoch=1, total_epochs=3, configured=500000000 B/s, rate=500040047 B/s, pending=3154116608 bytes ([41.25%] 2214592512/5368709120 bytes copied)
[migrater] timestamp=1779269583.46, migrating=True, epoch=1, total_epochs=3, configured=500000000 B/s, rate=499915232 B/s, pending=3103784960 bytes ([42.19%] 2264924160/5368709120 bytes copied)
[migrater] timestamp=1779269583.56, migrating=True, epoch=1, total_epochs=3, configured=500000000 B/s, rate=499878888 B/s, pending=3053453312 bytes ([43.12%] 2315255808/5368709120 bytes copied)
[migrater] timestamp=1779269583.66, migrating=True, epoch=1, total_epochs=3, configured=500000000 B/s, rate=499998072 B/s, pending=3003121664 bytes ([44.06%] 2365587456/5368709120 bytes copied)
[migrater] timestamp=1779269583.76, migrating=True, epoch=1, total_epochs=3, configured=500000000 B/s, rate=499877399 B/s, pending=2952790016 bytes ([45.00%] 2415919104/5368709120 bytes copied)
[migrater] timestamp=1779269583.86, migrating=True, epoch=1, total_epochs=3, configured=500000000 B/s, rate=500095893 B/s, pending=2902458368 bytes ([45.94%] 2466250752/5368709120 bytes copied)
[migrater] timestamp=1779269583.96, migrating=True, epoch=1, total_epochs=3, configured=500000000 B/s, rate=500010485 B/s, pending=2852126720 bytes ([46.88%] 2516582400/5368709120 bytes copied)
[migrater] timestamp=1779269584.06, migrating=True, epoch=1, total_epochs=3, configured=500000000 B/s, rate=500161392 B/s, pending=2801795072 bytes ([47.81%] 2566914048/5368709120 bytes copied)
[migrater] timestamp=1779269584.16, migrating=True, epoch=1, total_epochs=3, configured=500000000 B/s, rate=499981831 B/s, pending=2751463424 bytes ([48.75%] 2617245696/5368709120 bytes copied)
[migrater] timestamp=1779269584.27, migrating=True, epoch=1, total_epochs=3, configured=500000000 B/s, rate=499993995 B/s, pending=2701131776 bytes ([49.69%] 2667577344/5368709120 bytes copied)
[migrater] timestamp=1779269584.37, migrating=True, epoch=1, total_epochs=3, configured=500000000 B/s, rate=500006467 B/s, pending=2650800128 bytes ([50.62%] 2717908992/5368709120 bytes copied)
[migrater] timestamp=1779269584.47, migrating=True, epoch=1, total_epochs=3, configured=500000000 B/s, rate=499981926 B/s, pending=2600468480 bytes ([51.56%] 2768240640/5368709120 bytes copied)
[migrater] timestamp=1779269584.57, migrating=True, epoch=1, total_epochs=3, configured=500000000 B/s, rate=500029714 B/s, pending=2550136832 bytes ([52.50%] 2818572288/5368709120 bytes copied)
[migrater] timestamp=1779269584.67, migrating=True, epoch=1, total_epochs=3, configured=500000000 B/s, rate=499954759 B/s, pending=2499805184 bytes ([53.44%] 2868903936/5368709120 bytes copied)
[migrater] timestamp=1779269584.77, migrating=True, epoch=1, total_epochs=3, configured=500000000 B/s, rate=500011087 B/s, pending=2449473536 bytes ([54.37%] 2919235584/5368709120 bytes copied)
[migrater] timestamp=1779269584.87, migrating=True, epoch=1, total_epochs=3, configured=500000000 B/s, rate=500035075 B/s, pending=2399141888 bytes ([55.31%] 2969567232/5368709120 bytes copied)
[migrater] timestamp=1779269584.97, migrating=True, epoch=1, total_epochs=3, configured=500000000 B/s, rate=499987642 B/s, pending=2348810240 bytes ([56.25%] 3019898880/5368709120 bytes copied)
[migrater] timestamp=1779269585.07, migrating=True, epoch=1, total_epochs=3, configured=500000000 B/s, rate=499686383 B/s, pending=2298478592 bytes ([57.19%] 3070230528/5368709120 bytes copied)
[migrater] timestamp=1779269585.17, migrating=True, epoch=1, total_epochs=3, configured=500000000 B/s, rate=499945175 B/s, pending=2248146944 bytes ([58.13%] 3120562176/5368709120 bytes copied)
[migrater] timestamp=1779269585.27, migrating=True, epoch=1, total_epochs=3, configured=500000000 B/s, rate=499821707 B/s, pending=2197815296 bytes ([59.06%] 3170893824/5368709120 bytes copied)
[migrater] timestamp=1779269585.37, migrating=True, epoch=1, total_epochs=3, configured=500000000 B/s, rate=500142103 B/s, pending=2147483648 bytes ([60.00%] 3221225472/5368709120 bytes copied)
[migrater] timestamp=1779269585.47, migrating=True, epoch=1, total_epochs=3, configured=500000000 B/s, rate=499809695 B/s, pending=2097152000 bytes ([60.94%] 3271557120/5368709120 bytes copied)
[migrater] timestamp=1779269585.57, migrating=True, epoch=1, total_epochs=3, configured=500000000 B/s, rate=500285177 B/s, pending=2046820352 bytes ([61.88%] 3321888768/5368709120 bytes copied)
[migrater] timestamp=1779269585.67, migrating=True, epoch=1, total_epochs=3, configured=500000000 B/s, rate=500174911 B/s, pending=1996488704 bytes ([62.81%] 3372220416/5368709120 bytes copied)
[migrater] timestamp=1779269585.78, migrating=True, epoch=1, total_epochs=3, configured=500000000 B/s, rate=499996285 B/s, pending=1946157056 bytes ([63.75%] 3422552064/5368709120 bytes copied)
[migrater] timestamp=1779269585.88, migrating=True, epoch=1, total_epochs=3, configured=500000000 B/s, rate=499998912 B/s, pending=1895825408 bytes ([64.69%] 3472883712/5368709120 bytes copied)
[migrater] timestamp=1779269585.98, migrating=True, epoch=1, total_epochs=3, configured=500000000 B/s, rate=500041439 B/s, pending=1845493760 bytes ([65.62%] 3523215360/5368709120 bytes copied)
[migrater] timestamp=1779269586.08, migrating=True, epoch=1, total_epochs=3, configured=500000000 B/s, rate=500004723 B/s, pending=1795162112 bytes ([66.56%] 3573547008/5368709120 bytes copied)
[migrater] timestamp=1779269586.18, migrating=True, epoch=1, total_epochs=3, configured=500000000 B/s, rate=499962512 B/s, pending=1744830464 bytes ([67.50%] 3623878656/5368709120 bytes copied)
[migrater] timestamp=1779269586.28, migrating=True, epoch=1, total_epochs=3, configured=500000000 B/s, rate=500046153 B/s, pending=1694498816 bytes ([68.44%] 3674210304/5368709120 bytes copied)
[migrater] timestamp=1779269586.38, migrating=True, epoch=1, total_epochs=3, configured=500000000 B/s, rate=499968520 B/s, pending=1644167168 bytes ([69.38%] 3724541952/5368709120 bytes copied)
[migrater] timestamp=1779269586.48, migrating=True, epoch=1, total_epochs=3, configured=500000000 B/s, rate=500041782 B/s, pending=1593835520 bytes ([70.31%] 3774873600/5368709120 bytes copied)
[migrater] timestamp=1779269586.58, migrating=True, epoch=1, total_epochs=3, configured=500000000 B/s, rate=499809745 B/s, pending=1543503872 bytes ([71.25%] 3825205248/5368709120 bytes copied)
[migrater] timestamp=1779269586.68, migrating=True, epoch=1, total_epochs=3, configured=500000000 B/s, rate=500045855 B/s, pending=1493172224 bytes ([72.19%] 3875536896/5368709120 bytes copied)
[migrater] timestamp=1779269586.78, migrating=True, epoch=1, total_epochs=3, configured=500000000 B/s, rate=499862758 B/s, pending=1442840576 bytes ([73.12%] 3925868544/5368709120 bytes copied)
[migrater] timestamp=1779269586.88, migrating=True, epoch=1, total_epochs=3, configured=500000000 B/s, rate=500069305 B/s, pending=1392508928 bytes ([74.06%] 3976200192/5368709120 bytes copied)
[migrater] timestamp=1779269586.98, migrating=True, epoch=1, total_epochs=3, configured=500000000 B/s, rate=499960078 B/s, pending=1342177280 bytes ([75.00%] 4026531840/5368709120 bytes copied)
[migrater] timestamp=1779269587.08, migrating=True, epoch=1, total_epochs=3, configured=500000000 B/s, rate=500088782 B/s, pending=1291845632 bytes ([75.94%] 4076863488/5368709120 bytes copied)
[migrater] timestamp=1779269587.18, migrating=True, epoch=1, total_epochs=3, configured=500000000 B/s, rate=500148967 B/s, pending=1241513984 bytes ([76.88%] 4127195136/5368709120 bytes copied)
[migrater] timestamp=1779269587.29, migrating=True, epoch=1, total_epochs=3, configured=500000000 B/s, rate=499982174 B/s, pending=1191182336 bytes ([77.81%] 4177526784/5368709120 bytes copied)
[migrater] timestamp=1779269587.39, migrating=True, epoch=1, total_epochs=3, configured=500000000 B/s, rate=500001600 B/s, pending=1140850688 bytes ([78.75%] 4227858432/5368709120 bytes copied)
[migrater] timestamp=1779269587.49, migrating=True, epoch=1, total_epochs=3, configured=500000000 B/s, rate=499968421 B/s, pending=1090519040 bytes ([79.69%] 4278190080/5368709120 bytes copied)
[migrater] timestamp=1779269587.59, migrating=True, epoch=1, total_epochs=3, configured=500000000 B/s, rate=500024395 B/s, pending=1040187392 bytes ([80.62%] 4328521728/5368709120 bytes copied)
[migrater] timestamp=1779269587.69, migrating=True, epoch=1, total_epochs=3, configured=500000000 B/s, rate=500009199 B/s, pending=989855744 bytes ([81.56%] 4378853376/5368709120 bytes copied)
[migrater] timestamp=1779269587.79, migrating=True, epoch=1, total_epochs=3, configured=500000000 B/s, rate=499978995 B/s, pending=939524096 bytes ([82.50%] 4429185024/5368709120 bytes copied)
[migrater] timestamp=1779269587.89, migrating=True, epoch=1, total_epochs=3, configured=500000000 B/s, rate=499991020 B/s, pending=889192448 bytes ([83.44%] 4479516672/5368709120 bytes copied)
[migrater] timestamp=1779269587.99, migrating=True, epoch=1, total_epochs=3, configured=500000000 B/s, rate=499962209 B/s, pending=838860800 bytes ([84.38%] 4529848320/5368709120 bytes copied)
[migrater] timestamp=1779269588.09, migrating=True, epoch=1, total_epochs=3, configured=500000000 B/s, rate=499910862 B/s, pending=788529152 bytes ([85.31%] 4580179968/5368709120 bytes copied)
[migrater] timestamp=1779269588.19, migrating=True, epoch=1, total_epochs=3, configured=500000000 B/s, rate=500014018 B/s, pending=738197504 bytes ([86.25%] 4630511616/5368709120 bytes copied)
[migrater] timestamp=1779269588.29, migrating=True, epoch=1, total_epochs=3, configured=500000000 B/s, rate=500113085 B/s, pending=687865856 bytes ([87.19%] 4680843264/5368709120 bytes copied)
[migrater] timestamp=1779269588.39, migrating=True, epoch=1, total_epochs=3, configured=500000000 B/s, rate=500040639 B/s, pending=637534208 bytes ([88.12%] 4731174912/5368709120 bytes copied)
[migrater] timestamp=1779269588.49, migrating=True, epoch=1, total_epochs=3, configured=500000000 B/s, rate=500007560 B/s, pending=587202560 bytes ([89.06%] 4781506560/5368709120 bytes copied)
[migrater] timestamp=1779269588.59, migrating=True, epoch=1, total_epochs=3, configured=500000000 B/s, rate=500000750 B/s, pending=536870912 bytes ([90.00%] 4831838208/5368709120 bytes copied)
[migrater] timestamp=1779269588.69, migrating=True, epoch=1, total_epochs=3, configured=500000000 B/s, rate=500211448 B/s, pending=486539264 bytes ([90.94%] 4882169856/5368709120 bytes copied)
[migrater] timestamp=1779269588.79, migrating=True, epoch=1, total_epochs=3, configured=500000000 B/s, rate=499977306 B/s, pending=436207616 bytes ([91.88%] 4932501504/5368709120 bytes copied)
[migrater] timestamp=1779269588.90, migrating=True, epoch=1, total_epochs=3, configured=500000000 B/s, rate=499989977 B/s, pending=385875968 bytes ([92.81%] 4982833152/5368709120 bytes copied)
[migrater] timestamp=1779269589.00, migrating=True, epoch=1, total_epochs=3, configured=500000000 B/s, rate=499965536 B/s, pending=335544320 bytes ([93.75%] 5033164800/5368709120 bytes copied)
[migrater] timestamp=1779269589.10, migrating=True, epoch=1, total_epochs=3, configured=500000000 B/s, rate=499963952 B/s, pending=285212672 bytes ([94.69%] 5083496448/5368709120 bytes copied)
[migrater] timestamp=1779269589.20, migrating=True, epoch=1, total_epochs=3, configured=500000000 B/s, rate=500062652 B/s, pending=234881024 bytes ([95.62%] 5133828096/5368709120 bytes copied)
[migrater] timestamp=1779269589.30, migrating=True, epoch=1, total_epochs=3, configured=500000000 B/s, rate=500010685 B/s, pending=184549376 bytes ([96.56%] 5184159744/5368709120 bytes copied)
[migrater] timestamp=1779269589.40, migrating=True, epoch=1, total_epochs=3, configured=666666666 B/s, rate=577773976 B/s, pending=125829120 bytes ([97.66%] 5242880000/5368709120 bytes copied)
[migrater] timestamp=1779269589.50, migrating=True, epoch=1, total_epochs=3, configured=666666666 B/s, rate=666487377 B/s, pending=58720256 bytes ([98.91%] 5309988864/5368709120 bytes copied)
[migrater] timestamp=1779269589.59, migrating=False, epoch=1, total_epochs=3, configured=1000000000 B/s, rate=0 B/s, pending=0 bytes ([100.00%] 5368709120/5368709120 bytes copied)
[migrater] timestamp=1779269589.75, migrating=False, epoch=1, total_epochs=3, configured=0 B/s, rate=0 B/s, pending=0 bytes
[migrater] timestamp=1779269589.85, migrating=False, epoch=1, total_epochs=3, configured=0 B/s, rate=0 B/s, pending=0 bytes
[migrater] timestamp=1779269589.95, migrating=False, epoch=1, total_epochs=3, configured=0 B/s, rate=0 B/s, pending=0 bytes
[migrater] timestamp=1779269590.05, migrating=False, epoch=1, total_epochs=3, configured=0 B/s, rate=0 B/s, pending=0 bytes
[migrater] timestamp=1779269590.15, migrating=False, epoch=1, total_epochs=3, configured=0 B/s, rate=0 B/s, pending=0 bytes
[migrater] timestamp=1779269590.25, migrating=False, epoch=1, total_epochs=3, configured=0 B/s, rate=0 B/s, pending=0 bytes
[migrater] timestamp=1779269590.35, migrating=False, epoch=1, total_epochs=3, configured=0 B/s, rate=0 B/s, pending=0 bytes
[migrater] timestamp=1779269590.45, migrating=False, epoch=1, total_epochs=3, configured=0 B/s, rate=0 B/s, pending=0 bytes
[migrater] timestamp=1779269590.55, migrating=False, epoch=1, total_epochs=3, configured=0 B/s, rate=0 B/s, pending=0 bytes
[migrater] timestamp=1779269590.65, migrating=False, epoch=1, total_epochs=3, configured=0 B/s, rate=0 B/s, pending=0 bytes
[migrater] timestamp=1779269590.75, migrating=False, epoch=1, total_epochs=3, configured=0 B/s, rate=0 B/s, pending=0 bytes
[migrater] timestamp=1779269590.85, migrating=False, epoch=1, total_epochs=3, configured=0 B/s, rate=0 B/s, pending=0 bytes
[migrater] timestamp=1779269590.96, migrating=False, epoch=1, total_epochs=3, configured=0 B/s, rate=0 B/s, pending=0 bytes
[migrater] timestamp=1779269591.06, migrating=False, epoch=1, total_epochs=3, configured=0 B/s, rate=0 B/s, pending=0 bytes
[migrater] timestamp=1779269591.16, migrating=False, epoch=1, total_epochs=3, configured=0 B/s, rate=0 B/s, pending=0 bytes
[migrater] timestamp=1779269591.26, migrating=False, epoch=1, total_epochs=3, configured=0 B/s, rate=0 B/s, pending=0 bytes
[migrater] timestamp=1779269591.36, migrating=False, epoch=1, total_epochs=3, configured=0 B/s, rate=0 B/s, pending=0 bytes
[migrater] timestamp=1779269591.46, migrating=False, epoch=1, total_epochs=3, configured=0 B/s, rate=0 B/s, pending=0 bytes
[migrater] timestamp=1779269591.56, migrating=False, epoch=1, total_epochs=3, configured=0 B/s, rate=0 B/s, pending=0 bytes
[migrater] timestamp=1779269591.66, migrating=False, epoch=1, total_epochs=3, configured=0 B/s, rate=0 B/s, pending=0 bytes
[migrater] timestamp=1779269591.76, migrating=False, epoch=1, total_epochs=3, configured=0 B/s, rate=0 B/s, pending=0 bytes
[migrater] timestamp=1779269591.86, migrating=False, epoch=1, total_epochs=3, configured=0 B/s, rate=0 B/s, pending=0 bytes
[migrater] timestamp=1779269591.96, migrating=False, epoch=1, total_epochs=3, configured=0 B/s, rate=0 B/s, pending=0 bytes
[migrater] timestamp=1779269592.06, migrating=False, epoch=1, total_epochs=3, configured=0 B/s, rate=0 B/s, pending=0 bytes
[migrater] timestamp=1779269592.16, migrating=False, epoch=1, total_epochs=3, configured=0 B/s, rate=0 B/s, pending=0 bytes
[migrater] timestamp=1779269592.26, migrating=False, epoch=1, total_epochs=3, configured=0 B/s, rate=0 B/s, pending=0 bytes
[migrater] timestamp=1779269592.36, migrating=False, epoch=1, total_epochs=3, configured=0 B/s, rate=0 B/s, pending=0 bytes
[migrater] timestamp=1779269592.46, migrating=False, epoch=1, total_epochs=3, configured=0 B/s, rate=0 B/s, pending=0 bytes
[migrater] timestamp=1779269592.56, migrating=False, epoch=1, total_epochs=3, configured=0 B/s, rate=0 B/s, pending=0 bytes
[migrater] timestamp=1779269592.66, migrating=False, epoch=1, total_epochs=3, configured=0 B/s, rate=0 B/s, pending=0 bytes
[migrater] timestamp=1779269592.76, migrating=False, epoch=1, total_epochs=3, configured=0 B/s, rate=0 B/s, pending=0 bytes
[migrater] timestamp=1779269592.86, migrating=False, epoch=1, total_epochs=3, configured=0 B/s, rate=0 B/s, pending=0 bytes
[migrater] timestamp=1779269592.96, migrating=False, epoch=1, total_epochs=3, configured=0 B/s, rate=0 B/s, pending=0 bytes
[migrater] timestamp=1779269593.06, migrating=False, epoch=1, total_epochs=3, configured=0 B/s, rate=0 B/s, pending=0 bytes
[migrater] timestamp=1779269593.16, migrating=False, epoch=1, total_epochs=3, configured=0 B/s, rate=0 B/s, pending=0 bytes
[migrater] timestamp=1779269593.26, migrating=False, epoch=1, total_epochs=3, configured=0 B/s, rate=0 B/s, pending=0 bytes
[migrater] timestamp=1779269593.36, migrating=False, epoch=1, total_epochs=3, configured=0 B/s, rate=0 B/s, pending=0 bytes
[migrater] timestamp=1779269593.46, migrating=False, epoch=1, total_epochs=3, configured=0 B/s, rate=0 B/s, pending=0 bytes
[migrater] timestamp=1779269593.56, migrating=False, epoch=1, total_epochs=3, configured=0 B/s, rate=0 B/s, pending=0 bytes
[migrater] timestamp=1779269593.67, migrating=False, epoch=1, total_epochs=3, configured=0 B/s, rate=0 B/s, pending=0 bytes
[migrater] timestamp=1779269593.77, migrating=False, epoch=1, total_epochs=3, configured=0 B/s, rate=0 B/s, pending=0 bytes
[migrater] timestamp=1779269593.87, migrating=False, epoch=1, total_epochs=3, configured=0 B/s, rate=0 B/s, pending=0 bytes
[migrater] timestamp=1779269593.97, migrating=False, epoch=1, total_epochs=3, configured=0 B/s, rate=0 B/s, pending=0 bytes
[migrater] timestamp=1779269594.07, migrating=False, epoch=1, total_epochs=3, configured=0 B/s, rate=0 B/s, pending=0 bytes
[migrater] timestamp=1779269594.17, migrating=False, epoch=1, total_epochs=3, configured=0 B/s, rate=0 B/s, pending=0 bytes
[migrater] timestamp=1779269594.27, migrating=False, epoch=1, total_epochs=3, configured=0 B/s, rate=0 B/s, pending=0 bytes
[migrater] timestamp=1779269594.37, migrating=False, epoch=1, total_epochs=3, configured=0 B/s, rate=0 B/s, pending=0 bytes
[migrater] timestamp=1779269594.47, migrating=False, epoch=1, total_epochs=3, configured=0 B/s, rate=0 B/s, pending=0 bytes
[migrater] timestamp=1779269594.57, migrating=False, epoch=1, total_epochs=3, configured=0 B/s, rate=0 B/s, pending=0 bytes
[migrater] timestamp=1779269594.67, migrating=False, epoch=1, total_epochs=3, configured=0 B/s, rate=0 B/s, pending=0 bytes
[migrater] timestamp=1779269594.77, migrating=False, epoch=1, total_epochs=3, configured=0 B/s, rate=0 B/s, pending=0 bytes
[migrater] timestamp=1779269594.87, migrating=False, epoch=1, total_epochs=3, configured=0 B/s, rate=0 B/s, pending=0 bytes
[migrater] timestamp=1779269594.97, migrating=False, epoch=1, total_epochs=3, configured=0 B/s, rate=0 B/s, pending=0 bytes
[migrater] timestamp=1779269595.07, migrating=False, epoch=1, total_epochs=3, configured=0 B/s, rate=0 B/s, pending=0 bytes
[migrater] timestamp=1779269595.17, migrating=False, epoch=1, total_epochs=3, configured=0 B/s, rate=0 B/s, pending=0 bytes
[migrater] timestamp=1779269595.27, migrating=False, epoch=1, total_epochs=3, configured=0 B/s, rate=0 B/s, pending=0 bytes
[migrater] timestamp=1779269595.37, migrating=False, epoch=1, total_epochs=3, configured=0 B/s, rate=0 B/s, pending=0 bytes
[migrater] timestamp=1779269595.47, migrating=False, epoch=1, total_epochs=3, configured=0 B/s, rate=0 B/s, pending=0 bytes
[migrater] timestamp=1779269595.57, migrating=False, epoch=1, total_epochs=3, configured=0 B/s, rate=0 B/s, pending=0 bytes
[migrater] timestamp=1779269595.67, migrating=False, epoch=1, total_epochs=3, configured=0 B/s, rate=0 B/s, pending=0 bytes
[migrater] timestamp=1779269595.77, migrating=False, epoch=1, total_epochs=3, configured=0 B/s, rate=0 B/s, pending=0 bytes
[migrater] timestamp=1779269595.87, migrating=False, epoch=1, total_epochs=3, configured=0 B/s, rate=0 B/s, pending=0 bytes
[migrater] timestamp=1779269595.97, migrating=False, epoch=1, total_epochs=3, configured=0 B/s, rate=0 B/s, pending=0 bytes
[migrater] timestamp=1779269596.07, migrating=False, epoch=1, total_epochs=3, configured=0 B/s, rate=0 B/s, pending=0 bytes
[migrater] timestamp=1779269596.17, migrating=False, epoch=1, total_epochs=3, configured=0 B/s, rate=0 B/s, pending=0 bytes
[migrater] timestamp=1779269596.27, migrating=False, epoch=1, total_epochs=3, configured=0 B/s, rate=0 B/s, pending=0 bytes
[migrater] timestamp=1779269596.38, migrating=False, epoch=1, total_epochs=3, configured=0 B/s, rate=0 B/s, pending=0 bytes
[migrater] timestamp=1779269596.48, migrating=False, epoch=1, total_epochs=3, configured=0 B/s, rate=0 B/s, pending=0 bytes
[migrater] timestamp=1779269596.58, migrating=False, epoch=1, total_epochs=3, configured=0 B/s, rate=0 B/s, pending=0 bytes
[migrater] timestamp=1779269596.68, migrating=False, epoch=1, total_epochs=3, configured=0 B/s, rate=0 B/s, pending=0 bytes
[migrater] timestamp=1779269596.78, migrating=False, epoch=1, total_epochs=3, configured=0 B/s, rate=0 B/s, pending=0 bytes
[migrater] timestamp=1779269596.88, migrating=False, epoch=1, total_epochs=3, configured=0 B/s, rate=0 B/s, pending=0 bytes
[migrater] timestamp=1779269596.98, migrating=False, epoch=1, total_epochs=3, configured=0 B/s, rate=0 B/s, pending=0 bytes
[migrater] timestamp=1779269597.08, migrating=False, epoch=1, total_epochs=3, configured=0 B/s, rate=0 B/s, pending=0 bytes
[migrater] timestamp=1779269597.18, migrating=False, epoch=1, total_epochs=3, configured=0 B/s, rate=0 B/s, pending=0 bytes
[migrater] timestamp=1779269597.28, migrating=False, epoch=1, total_epochs=3, configured=0 B/s, rate=0 B/s, pending=0 bytes
[migrater] timestamp=1779269597.38, migrating=False, epoch=1, total_epochs=3, configured=0 B/s, rate=0 B/s, pending=0 bytes
[migrater] timestamp=1779269597.48, migrating=False, epoch=1, total_epochs=3, configured=0 B/s, rate=0 B/s, pending=0 bytes
[migrater] timestamp=1779269597.58, migrating=False, epoch=1, total_epochs=3, configured=0 B/s, rate=0 B/s, pending=0 bytes
[migrater] timestamp=1779269597.68, migrating=False, epoch=1, total_epochs=3, configured=0 B/s, rate=0 B/s, pending=0 bytes
[migrater] timestamp=1779269597.78, migrating=False, epoch=1, total_epochs=3, configured=0 B/s, rate=0 B/s, pending=0 bytes
[migrater] timestamp=1779269597.88, migrating=False, epoch=1, total_epochs=3, configured=0 B/s, rate=0 B/s, pending=0 bytes
[migrater] timestamp=1779269597.98, migrating=False, epoch=1, total_epochs=3, configured=0 B/s, rate=0 B/s, pending=0 bytes
[migrater] timestamp=1779269598.08, migrating=False, epoch=1, total_epochs=3, configured=0 B/s, rate=0 B/s, pending=0 bytes
[migrater] timestamp=1779269598.18, migrating=False, epoch=1, total_epochs=3, configured=0 B/s, rate=0 B/s, pending=0 bytes
[migrater] timestamp=1779269598.28, migrating=False, epoch=1, total_epochs=3, configured=0 B/s, rate=0 B/s, pending=0 bytes
[migrater] timestamp=1779269598.38, migrating=False, epoch=1, total_epochs=3, configured=0 B/s, rate=0 B/s, pending=0 bytes
[migrater] timestamp=1779269598.48, migrating=False, epoch=1, total_epochs=3, configured=0 B/s, rate=0 B/s, pending=0 bytes
[migrater] timestamp=1779269598.58, migrating=False, epoch=1, total_epochs=3, configured=0 B/s, rate=0 B/s, pending=0 bytes
[migrater] timestamp=1779269598.68, migrating=False, epoch=1, total_epochs=3, configured=0 B/s, rate=0 B/s, pending=0 bytes
[migrater] timestamp=1779269598.78, migrating=False, epoch=1, total_epochs=3, configured=0 B/s, rate=0 B/s, pending=0 bytes
[migrater] timestamp=1779269598.88, migrating=False, epoch=1, total_epochs=3, configured=0 B/s, rate=0 B/s, pending=0 bytes
[migrater] timestamp=1779269598.98, migrating=False, epoch=1, total_epochs=3, configured=0 B/s, rate=0 B/s, pending=0 bytes
[migrater] timestamp=1779269599.08, migrating=False, epoch=1, total_epochs=3, configured=0 B/s, rate=0 B/s, pending=0 bytes
[migrater] timestamp=1779269599.19, migrating=False, epoch=1, total_epochs=3, configured=0 B/s, rate=0 B/s, pending=0 bytes
[migrater] timestamp=1779269599.29, migrating=False, epoch=1, total_epochs=3, configured=0 B/s, rate=0 B/s, pending=0 bytes
[migrater] timestamp=1779269599.39, migrating=False, epoch=1, total_epochs=3, configured=0 B/s, rate=0 B/s, pending=0 bytes
[migrater] timestamp=1779269599.49, migrating=False, epoch=1, total_epochs=3, configured=0 B/s, rate=0 B/s, pending=0 bytes
[migrater] timestamp=1779269599.59, migrating=False, epoch=1, total_epochs=3, configured=0 B/s, rate=0 B/s, pending=0 bytes
[migrater] timestamp=1779269599.69, migrating=False, epoch=1, total_epochs=3, configured=0 B/s, rate=0 B/s, pending=0 bytes
[migrater] timestamp=1779269599.79, migrating=False, epoch=1, total_epochs=3, configured=0 B/s, rate=0 B/s, pending=0 bytes
[migrater] timestamp=1779269599.89, migrating=False, epoch=1, total_epochs=3, configured=0 B/s, rate=0 B/s, pending=0 bytes
[migrater] timestamp=1779269599.99, migrating=False, epoch=1, total_epochs=3, configured=0 B/s, rate=0 B/s, pending=0 bytes
[migrater] timestamp=1779269600.09, migrating=False, epoch=1, total_epochs=3, configured=0 B/s, rate=0 B/s, pending=0 bytes
[migrater] timestamp=1779269600.19, migrating=False, epoch=1, total_epochs=3, configured=0 B/s, rate=0 B/s, pending=0 bytes
[migrater] timestamp=1779269600.29, migrating=False, epoch=1, total_epochs=3, configured=0 B/s, rate=0 B/s, pending=0 bytes
[migrater] timestamp=1779269600.39, migrating=False, epoch=1, total_epochs=3, configured=0 B/s, rate=0 B/s, pending=0 bytes
[migrater] timestamp=1779269600.49, migrating=False, epoch=1, total_epochs=3, configured=0 B/s, rate=0 B/s, pending=0 bytes
[migrater] timestamp=1779269600.59, migrating=False, epoch=1, total_epochs=3, configured=0 B/s, rate=0 B/s, pending=0 bytes
[migrater] timestamp=1779269600.69, migrating=False, epoch=1, total_epochs=3, configured=0 B/s, rate=0 B/s, pending=0 bytes
[migrater] timestamp=1779269600.79, migrating=False, epoch=1, total_epochs=3, configured=0 B/s, rate=0 B/s, pending=0 bytes
[migrater] timestamp=1779269600.89, migrating=False, epoch=1, total_epochs=3, configured=0 B/s, rate=0 B/s, pending=0 bytes
[migrater] timestamp=1779269600.99, migrating=False, epoch=1, total_epochs=3, configured=0 B/s, rate=0 B/s, pending=0 bytes
[migrater] timestamp=1779269601.09, migrating=False, epoch=1, total_epochs=3, configured=0 B/s, rate=0 B/s, pending=0 bytes
[migrater] timestamp=1779269601.19, migrating=False, epoch=1, total_epochs=3, configured=0 B/s, rate=0 B/s, pending=0 bytes
[migrater] timestamp=1779269601.29, migrating=False, epoch=1, total_epochs=3, configured=0 B/s, rate=0 B/s, pending=0 bytes
[migrater] timestamp=1779269601.39, migrating=False, epoch=1, total_epochs=3, configured=0 B/s, rate=0 B/s, pending=0 bytes
[migrater] timestamp=1779269601.49, migrating=False, epoch=1, total_epochs=3, configured=0 B/s, rate=0 B/s, pending=0 bytes
[migrater] timestamp=1779269601.59, migrating=False, epoch=1, total_epochs=3, configured=0 B/s, rate=0 B/s, pending=0 bytes
[migrater] timestamp=1779269601.69, migrating=False, epoch=1, total_epochs=3, configured=0 B/s, rate=0 B/s, pending=0 bytes
[migrater] timestamp=1779269601.79, migrating=False, epoch=1, total_epochs=3, configured=0 B/s, rate=0 B/s, pending=0 bytes
[migrater] timestamp=1779269601.90, migrating=False, epoch=1, total_epochs=3, configured=0 B/s, rate=0 B/s, pending=0 bytes
[migrater] timestamp=1779269602.00, migrating=False, epoch=1, total_epochs=3, configured=0 B/s, rate=0 B/s, pending=0 bytes
[migrater] timestamp=1779269602.10, migrating=False, epoch=1, total_epochs=3, configured=0 B/s, rate=0 B/s, pending=0 bytes
[migrater] timestamp=1779269602.20, migrating=False, epoch=1, total_epochs=3, configured=0 B/s, rate=0 B/s, pending=0 bytes
[migrater] timestamp=1779269602.30, migrating=False, epoch=1, total_epochs=3, configured=0 B/s, rate=0 B/s, pending=0 bytes
[migrater] timestamp=1779269602.40, migrating=False, epoch=1, total_epochs=3, configured=0 B/s, rate=0 B/s, pending=0 bytes
[migrater] timestamp=1779269602.50, migrating=False, epoch=1, total_epochs=3, configured=0 B/s, rate=0 B/s, pending=0 bytes
[migrater] timestamp=1779269602.60, migrating=False, epoch=1, total_epochs=3, configured=0 B/s, rate=0 B/s, pending=0 bytes
[migrater] timestamp=1779269602.70, migrating=False, epoch=1, total_epochs=3, configured=0 B/s, rate=0 B/s, pending=0 bytes
[migrater] timestamp=1779269602.80, migrating=False, epoch=1, total_epochs=3, configured=0 B/s, rate=0 B/s, pending=0 bytes
[migrater] timestamp=1779269602.90, migrating=False, epoch=1, total_epochs=3, configured=0 B/s, rate=0 B/s, pending=0 bytes
[migrater] timestamp=1779269603.00, migrating=False, epoch=1, total_epochs=3, configured=0 B/s, rate=0 B/s, pending=0 bytes
[migrater] timestamp=1779269603.10, migrating=False, epoch=1, total_epochs=3, configured=0 B/s, rate=0 B/s, pending=0 bytes
[migrater] timestamp=1779269603.20, migrating=False, epoch=1, total_epochs=3, configured=0 B/s, rate=0 B/s, pending=0 bytes
[migrater] timestamp=1779269603.30, migrating=False, epoch=1, total_epochs=3, configured=0 B/s, rate=0 B/s, pending=0 bytes
[migrater] timestamp=1779269603.40, migrating=False, epoch=1, total_epochs=3, configured=0 B/s, rate=0 B/s, pending=0 bytes
[migrater] timestamp=1779269603.50, migrating=False, epoch=1, total_epochs=3, configured=0 B/s, rate=0 B/s, pending=0 bytes
[migrater] timestamp=1779269603.60, migrating=False, epoch=1, total_epochs=3, configured=0 B/s, rate=0 B/s, pending=0 bytes
[migrater] timestamp=1779269603.70, migrating=False, epoch=1, total_epochs=3, configured=0 B/s, rate=0 B/s, pending=0 bytes
[migrater] timestamp=1779269603.80, migrating=False, epoch=1, total_epochs=3, configured=0 B/s, rate=0 B/s, pending=0 bytes
[migrater] timestamp=1779269603.90, migrating=False, epoch=1, total_epochs=3, configured=0 B/s, rate=0 B/s, pending=0 bytes
[migrater] timestamp=1779269604.00, migrating=False, epoch=1, total_epochs=3, configured=0 B/s, rate=0 B/s, pending=0 bytes
[migrater] timestamp=1779269604.10, migrating=False, epoch=1, total_epochs=3, configured=0 B/s, rate=0 B/s, pending=0 bytes
[migrater] timestamp=1779269604.20, migrating=False, epoch=1, total_epochs=3, configured=0 B/s, rate=0 B/s, pending=0 bytes
[migrater] timestamp=1779269604.30, migrating=False, epoch=1, total_epochs=3, configured=0 B/s, rate=0 B/s, pending=0 bytes
[migrater] timestamp=1779269604.40, migrating=False, epoch=1, total_epochs=3, configured=0 B/s, rate=0 B/s, pending=0 bytes
[migrater] timestamp=1779269604.50, migrating=False, epoch=1, total_epochs=3, configured=0 B/s, rate=0 B/s, pending=0 bytes
[migrater] timestamp=1779269604.60, migrating=False, epoch=1, total_epochs=3, configured=0 B/s, rate=0 B/s, pending=0 bytes
[migrater] timestamp=1779269604.71, migrating=False, epoch=1, total_epochs=3, configured=0 B/s, rate=0 B/s, pending=0 bytes
[migrater] timestamp=1779269604.81, migrating=False, epoch=1, total_epochs=3, configured=0 B/s, rate=0 B/s, pending=0 bytes
[migrater] timestamp=1779269604.91, migrating=False, epoch=1, total_epochs=3, configured=0 B/s, rate=0 B/s, pending=0 bytes
[migrater] timestamp=1779269605.01, migrating=False, epoch=1, total_epochs=3, configured=0 B/s, rate=0 B/s, pending=0 bytes
[migrater] timestamp=1779269605.11, migrating=False, epoch=1, total_epochs=3, configured=0 B/s, rate=0 B/s, pending=0 bytes
[migrater] timestamp=1779269605.21, migrating=False, epoch=1, total_epochs=3, configured=0 B/s, rate=0 B/s, pending=0 bytes
[migrater] timestamp=1779269605.31, migrating=False, epoch=1, total_epochs=3, configured=0 B/s, rate=0 B/s, pending=0 bytes
[migrater] timestamp=1779269605.41, migrating=False, epoch=1, total_epochs=3, configured=0 B/s, rate=0 B/s, pending=0 bytes
[migrater] timestamp=1779269605.51, migrating=False, epoch=1, total_epochs=3, configured=0 B/s, rate=0 B/s, pending=0 bytes
[migrater] timestamp=1779269605.61, migrating=False, epoch=1, total_epochs=3, configured=0 B/s, rate=0 B/s, pending=0 bytes
[migrater] timestamp=1779269605.71, migrating=False, epoch=1, total_epochs=3, configured=0 B/s, rate=0 B/s, pending=0 bytes
[migrater] timestamp=1779269605.81, migrating=False, epoch=1, total_epochs=3, configured=0 B/s, rate=0 B/s, pending=0 bytes
[migrater] timestamp=1779269606.32, migrating=False, epoch=1, total_epochs=3, configured=0 B/s, rate=0 B/s, pending=0 bytes
[migrater] timestamp=1779269606.42, migrating=False, epoch=1, total_epochs=3, configured=0 B/s, rate=0 B/s, pending=0 bytes
[migrater] timestamp=1779269606.52, migrating=False, epoch=1, total_epochs=3, configured=0 B/s, rate=0 B/s, pending=0 bytes
[migrater] timestamp=1779269606.62, migrating=False, epoch=1, total_epochs=3, configured=0 B/s, rate=0 B/s, pending=0 bytes
[migrater] timestamp=1779269606.72, migrating=False, epoch=1, total_epochs=3, configured=0 B/s, rate=0 B/s, pending=0 bytes
[migrater] timestamp=1779269606.82, migrating=False, epoch=1, total_epochs=3, configured=0 B/s, rate=0 B/s, pending=0 bytes
[migrater] timestamp=1779269606.92, migrating=False, epoch=1, total_epochs=3, configured=0 B/s, rate=0 B/s, pending=0 bytes
[migrater] timestamp=1779269607.02, migrating=False, epoch=1, total_epochs=3, configured=0 B/s, rate=0 B/s, pending=0 bytes
[migrater] timestamp=1779269607.12, migrating=False, epoch=1, total_epochs=3, configured=0 B/s, rate=0 B/s, pending=0 bytes
[migrater] timestamp=1779269607.23, migrating=False, epoch=1, total_epochs=3, configured=0 B/s, rate=0 B/s, pending=0 bytes
[migrater] timestamp=1779269607.33, migrating=False, epoch=1, total_epochs=3, configured=0 B/s, rate=0 B/s, pending=0 bytes
[migrater] timestamp=1779269607.43, migrating=False, epoch=1, total_epochs=3, configured=0 B/s, rate=0 B/s, pending=0 bytes
[migrater] timestamp=1779269607.53, migrating=False, epoch=1, total_epochs=3, configured=0 B/s, rate=0 B/s, pending=0 bytes
[migrater] timestamp=1779269607.63, migrating=False, epoch=1, total_epochs=3, configured=0 B/s, rate=0 B/s, pending=0 bytes
[migrater] timestamp=1779269607.73, migrating=False, epoch=1, total_epochs=3, configured=0 B/s, rate=0 B/s, pending=0 bytes
[migrater] timestamp=1779269607.83, migrating=False, epoch=1, total_epochs=3, configured=0 B/s, rate=0 B/s, pending=0 bytes
[migrater] timestamp=1779269607.93, migrating=False, epoch=1, total_epochs=3, configured=0 B/s, rate=0 B/s, pending=0 bytes
[migrater] timestamp=1779269608.03, migrating=False, epoch=1, total_epochs=3, configured=0 B/s, rate=0 B/s, pending=0 bytes
[migrater] timestamp=1779269608.13, migrating=False, epoch=1, total_epochs=3, configured=0 B/s, rate=0 B/s, pending=0 bytes
[migrater] timestamp=1779269608.23, migrating=False, epoch=1, total_epochs=3, configured=0 B/s, rate=0 B/s, pending=0 bytes
[migrater] timestamp=1779269608.33, migrating=False, epoch=1, total_epochs=3, configured=0 B/s, rate=0 B/s, pending=0 bytes
[migrater] timestamp=1779269608.43, migrating=False, epoch=1, total_epochs=3, configured=0 B/s, rate=0 B/s, pending=0 bytes
[migrater] timestamp=1779269608.53, migrating=False, epoch=1, total_epochs=3, configured=0 B/s, rate=0 B/s, pending=0 bytes
[migrater] timestamp=1779269608.63, migrating=False, epoch=1, total_epochs=3, configured=0 B/s, rate=0 B/s, pending=0 bytes
[migrater] timestamp=1779269608.73, migrating=False, epoch=1, total_epochs=3, configured=0 B/s, rate=0 B/s, pending=0 bytes
[migrater] timestamp=1779269608.83, migrating=False, epoch=1, total_epochs=3, configured=0 B/s, rate=0 B/s, pending=0 bytes
[migrater] timestamp=1779269608.93, migrating=False, epoch=1, total_epochs=3, configured=0 B/s, rate=0 B/s, pending=0 bytes
[migrater] timestamp=1779269609.03, migrating=False, epoch=1, total_epochs=3, configured=0 B/s, rate=0 B/s, pending=0 bytes
[migrater] timestamp=1779269609.13, migrating=False, epoch=1, total_epochs=3, configured=0 B/s, rate=0 B/s, pending=0 bytes
[migrater] timestamp=1779269609.23, migrating=False, epoch=1, total_epochs=3, configured=0 B/s, rate=0 B/s, pending=0 bytes
[migrater] timestamp=1779269609.33, migrating=False, epoch=1, total_epochs=3, configured=0 B/s, rate=0 B/s, pending=0 bytes
[migrater] timestamp=1779269609.43, migrating=False, epoch=1, total_epochs=3, configured=0 B/s, rate=0 B/s, pending=0 bytes
[migrater] timestamp=1779269609.53, migrating=False, epoch=1, total_epochs=3, configured=0 B/s, rate=0 B/s, pending=0 bytes
[migrater] timestamp=1779269609.63, migrating=False, epoch=1, total_epochs=3, configured=0 B/s, rate=0 B/s, pending=0 bytes
[migrater] timestamp=1779269609.73, migrating=False, epoch=1, total_epochs=3, configured=0 B/s, rate=0 B/s, pending=0 bytes
[migrater] timestamp=1779269609.83, migrating=False, epoch=1, total_epochs=3, configured=0 B/s, rate=0 B/s, pending=0 bytes
[migrater] timestamp=1779269609.94, migrating=False, epoch=1, total_epochs=3, configured=0 B/s, rate=0 B/s, pending=0 bytes
[migrater] timestamp=1779269610.04, migrating=False, epoch=1, total_epochs=3, configured=0 B/s, rate=0 B/s, pending=0 bytes
[migrater] timestamp=1779269610.14, migrating=False, epoch=1, total_epochs=3, configured=0 B/s, rate=0 B/s, pending=0 bytes
[migrater] timestamp=1779269610.24, migrating=False, epoch=1, total_epochs=3, configured=0 B/s, rate=0 B/s, pending=0 bytes
[migrater] timestamp=1779269610.34, migrating=False, epoch=1, total_epochs=3, configured=0 B/s, rate=0 B/s, pending=0 bytes
[migrater] timestamp=1779269610.44, migrating=False, epoch=1, total_epochs=3, configured=0 B/s, rate=0 B/s, pending=0 bytes
[migrater] timestamp=1779269610.54, migrating=False, epoch=1, total_epochs=3, configured=0 B/s, rate=0 B/s, pending=0 bytes
[migrater] timestamp=1779269610.64, migrating=False, epoch=1, total_epochs=3, configured=0 B/s, rate=0 B/s, pending=0 bytes
[migrater] timestamp=1779269610.74, migrating=False, epoch=1, total_epochs=3, configured=0 B/s, rate=0 B/s, pending=0 bytes
[migrater] timestamp=1779269610.84, migrating=False, epoch=1, total_epochs=3, configured=0 B/s, rate=0 B/s, pending=0 bytes
[migrater] timestamp=1779269610.94, migrating=False, epoch=1, total_epochs=3, configured=0 B/s, rate=0 B/s, pending=0 bytes
[migrater] timestamp=1779269611.04, migrating=False, epoch=1, total_epochs=3, configured=0 B/s, rate=0 B/s, pending=0 bytes
[migrater] timestamp=1779269611.14, migrating=False, epoch=1, total_epochs=3, configured=0 B/s, rate=0 B/s, pending=0 bytes
[migrater] timestamp=1779269611.24, migrating=False, epoch=1, total_epochs=3, configured=0 B/s, rate=0 B/s, pending=0 bytes
[migrater] timestamp=1779269611.34, migrating=False, epoch=1, total_epochs=3, configured=0 B/s, rate=0 B/s, pending=0 bytes
[migrater] timestamp=1779269611.44, migrating=False, epoch=1, total_epochs=3, configured=0 B/s, rate=0 B/s, pending=0 bytes
[migrater] timestamp=1779269611.54, migrating=False, epoch=1, total_epochs=3, configured=0 B/s, rate=0 B/s, pending=0 bytes
[migrater] timestamp=1779269611.64, migrating=False, epoch=1, total_epochs=3, configured=0 B/s, rate=0 B/s, pending=0 bytes
[migrater] timestamp=1779269611.74, migrating=False, epoch=1, total_epochs=3, configured=0 B/s, rate=0 B/s, pending=0 bytes
[migrater] timestamp=1779269611.84, migrating=False, epoch=1, total_epochs=3, configured=0 B/s, rate=0 B/s, pending=0 bytes
[migrater] timestamp=1779269611.94, migrating=False, epoch=1, total_epochs=3, configured=0 B/s, rate=0 B/s, pending=0 bytes
[migrater] timestamp=1779269612.04, migrating=False, epoch=1, total_epochs=3, configured=0 B/s, rate=0 B/s, pending=0 bytes
[migrater] timestamp=1779269612.14, migrating=False, epoch=1, total_epochs=3, configured=0 B/s, rate=0 B/s, pending=0 bytes
[migrater] timestamp=1779269612.24, migrating=False, epoch=1, total_epochs=3, configured=0 B/s, rate=0 B/s, pending=0 bytes
[migrater] timestamp=1779269612.34, migrating=False, epoch=1, total_epochs=3, configured=0 B/s, rate=0 B/s, pending=0 bytes
[migrater] timestamp=1779269612.44, migrating=False, epoch=1, total_epochs=3, configured=0 B/s, rate=0 B/s, pending=0 bytes
[migrater] timestamp=1779269612.54, migrating=False, epoch=1, total_epochs=3, configured=0 B/s, rate=0 B/s, pending=0 bytes
[migrater] timestamp=1779269612.64, migrating=False, epoch=1, total_epochs=3, configured=0 B/s, rate=0 B/s, pending=0 bytes
[migrater] timestamp=1779269612.75, migrating=False, epoch=1, total_epochs=3, configured=0 B/s, rate=0 B/s, pending=0 bytes
[migrater] timestamp=1779269612.85, migrating=False, epoch=1, total_epochs=3, configured=0 B/s, rate=0 B/s, pending=0 bytes
[migrater] timestamp=1779269612.95, migrating=False, epoch=1, total_epochs=3, configured=0 B/s, rate=0 B/s, pending=0 bytes
[migrater] timestamp=1779269613.05, migrating=False, epoch=1, total_epochs=3, configured=0 B/s, rate=0 B/s, pending=0 bytes
[migrater] timestamp=1779269613.15, migrating=False, epoch=1, total_epochs=3, configured=0 B/s, rate=0 B/s, pending=0 bytes
[migrater] timestamp=1779269613.25, migrating=False, epoch=1, total_epochs=3, configured=0 B/s, rate=0 B/s, pending=0 bytes
[migrater] timestamp=1779269613.35, migrating=False, epoch=1, total_epochs=3, configured=0 B/s, rate=0 B/s, pending=0 bytes
[migrater] timestamp=1779269613.45, migrating=False, epoch=1, total_epochs=3, configured=0 B/s, rate=0 B/s, pending=0 bytes
[migrater] timestamp=1779269613.55, migrating=False, epoch=1, total_epochs=3, configured=0 B/s, rate=0 B/s, pending=0 bytes
[migrater] timestamp=1779269613.65, migrating=False, epoch=1, total_epochs=3, configured=0 B/s, rate=0 B/s, pending=0 bytes
[migrater] timestamp=1779269613.75, migrating=False, epoch=1, total_epochs=3, configured=0 B/s, rate=0 B/s, pending=0 bytes
[migrater] timestamp=1779269613.85, migrating=False, epoch=1, total_epochs=3, configured=0 B/s, rate=0 B/s, pending=0 bytes
[migrater] timestamp=1779269613.95, migrating=False, epoch=1, total_epochs=3, configured=0 B/s, rate=0 B/s, pending=0 bytes
[migrater] timestamp=1779269614.05, migrating=False, epoch=1, total_epochs=3, configured=0 B/s, rate=0 B/s, pending=0 bytes
[migrater] timestamp=1779269614.15, migrating=False, epoch=1, total_epochs=3, configured=0 B/s, rate=0 B/s, pending=0 bytes
[migrater] timestamp=1779269614.25, migrating=False, epoch=1, total_epochs=3, configured=0 B/s, rate=0 B/s, pending=0 bytes
[migrater] timestamp=1779269614.35, migrating=False, epoch=1, total_epochs=3, configured=0 B/s, rate=0 B/s, pending=0 bytes
[migrater] timestamp=1779269614.45, migrating=False, epoch=1, total_epochs=3, configured=0 B/s, rate=0 B/s, pending=0 bytes
[migrater] timestamp=1779269614.55, migrating=False, epoch=1, total_epochs=3, configured=0 B/s, rate=0 B/s, pending=0 bytes
[migrater] timestamp=1779269614.65, migrating=False, epoch=1, total_epochs=3, configured=0 B/s, rate=0 B/s, pending=0 bytes
[migrater] timestamp=1779269614.75, migrating=False, epoch=1, total_epochs=3, configured=0 B/s, rate=0 B/s, pending=0 bytes
[migrater] timestamp=1779269614.85, migrating=False, epoch=1, total_epochs=3, configured=0 B/s, rate=0 B/s, pending=0 bytes
[migrater] timestamp=1779269614.95, migrating=False, epoch=1, total_epochs=3, configured=0 B/s, rate=0 B/s, pending=0 bytes
[migrater] timestamp=1779269615.05, migrating=False, epoch=1, total_epochs=3, configured=0 B/s, rate=0 B/s, pending=0 bytes
[migrater] timestamp=1779269615.15, migrating=False, epoch=1, total_epochs=3, configured=0 B/s, rate=0 B/s, pending=0 bytes
[migrater] timestamp=1779269615.25, migrating=False, epoch=1, total_epochs=3, configured=0 B/s, rate=0 B/s, pending=0 bytes
[migrater] timestamp=1779269615.35, migrating=False, epoch=1, total_epochs=3, configured=0 B/s, rate=0 B/s, pending=0 bytes
[migrater] timestamp=1779269615.45, migrating=False, epoch=1, total_epochs=3, configured=0 B/s, rate=0 B/s, pending=0 bytes
[migrater] timestamp=1779269615.56, migrating=False, epoch=1, total_epochs=3, configured=0 B/s, rate=0 B/s, pending=0 bytes
[migrater] timestamp=1779269615.66, migrating=False, epoch=1, total_epochs=3, configured=0 B/s, rate=0 B/s, pending=0 bytes
[migrater] timestamp=1779269615.76, migrating=False, epoch=1, total_epochs=3, configured=0 B/s, rate=0 B/s, pending=0 bytes
[migrater] timestamp=1779269615.86, migrating=False, epoch=1, total_epochs=3, configured=0 B/s, rate=0 B/s, pending=0 bytes
[migrater] timestamp=1779269615.96, migrating=False, epoch=1, total_epochs=3, configured=0 B/s, rate=0 B/s, pending=0 bytes
[migrater] timestamp=1779269616.06, migrating=False, epoch=1, total_epochs=3, configured=0 B/s, rate=0 B/s, pending=0 bytes
[migrater] timestamp=1779269616.16, migrating=False, epoch=1, total_epochs=3, configured=0 B/s, rate=0 B/s, pending=0 bytes
[migrater] timestamp=1779269616.26, migrating=False, epoch=1, total_epochs=3, configured=0 B/s, rate=0 B/s, pending=0 bytes
[migrater] timestamp=1779269616.36, migrating=False, epoch=1, total_epochs=3, configured=0 B/s, rate=0 B/s, pending=0 bytes
[migrater] timestamp=1779269616.46, migrating=False, epoch=1, total_epochs=3, configured=0 B/s, rate=0 B/s, pending=0 bytes
[migrater] timestamp=1779269616.56, migrating=False, epoch=1, total_epochs=3, configured=0 B/s, rate=0 B/s, pending=0 bytes
[migrater] timestamp=1779269616.66, migrating=False, epoch=1, total_epochs=3, configured=0 B/s, rate=0 B/s, pending=0 bytes
[migrater] timestamp=1779269616.76, migrating=False, epoch=1, total_epochs=3, configured=0 B/s, rate=0 B/s, pending=0 bytes
[migrater] timestamp=1779269616.86, migrating=False, epoch=1, total_epochs=3, configured=0 B/s, rate=0 B/s, pending=0 bytes
[migrater] timestamp=1779269616.96, migrating=False, epoch=1, total_epochs=3, configured=0 B/s, rate=0 B/s, pending=0 bytes
[migrater] timestamp=1779269617.06, migrating=False, epoch=1, total_epochs=3, configured=0 B/s, rate=0 B/s, pending=0 bytes
[migrater] timestamp=1779269617.16, migrating=False, epoch=1, total_epochs=3, configured=0 B/s, rate=0 B/s, pending=0 bytes
[migrater] timestamp=1779269617.26, migrating=False, epoch=1, total_epochs=3, configured=0 B/s, rate=0 B/s, pending=0 bytes
[migrater] timestamp=1779269617.36, migrating=False, epoch=1, total_epochs=3, configured=0 B/s, rate=0 B/s, pending=0 bytes
[migrater] timestamp=1779269617.46, migrating=False, epoch=1, total_epochs=3, configured=0 B/s, rate=0 B/s, pending=0 bytes
[migrater] timestamp=1779269617.56, migrating=False, epoch=1, total_epochs=3, configured=0 B/s, rate=0 B/s, pending=0 bytes
[migrater] timestamp=1779269617.66, migrating=False, epoch=1, total_epochs=3, configured=0 B/s, rate=0 B/s, pending=0 bytes
[migrater] timestamp=1779269617.76, migrating=False, epoch=1, total_epochs=3, configured=0 B/s, rate=0 B/s, pending=0 bytes
[migrater] timestamp=1779269617.86, migrating=False, epoch=1, total_epochs=3, configured=0 B/s, rate=0 B/s, pending=0 bytes
[migrater] timestamp=1779269617.96, migrating=False, epoch=1, total_epochs=3, configured=0 B/s, rate=0 B/s, pending=0 bytes
[migrater] timestamp=1779269618.07, migrating=False, epoch=1, total_epochs=3, configured=0 B/s, rate=0 B/s, pending=0 bytes
[migrater] timestamp=1779269618.17, migrating=False, epoch=1, total_epochs=3, configured=0 B/s, rate=0 B/s, pending=0 bytes
[migrater] timestamp=1779269618.27, migrating=False, epoch=1, total_epochs=3, configured=0 B/s, rate=0 B/s, pending=0 bytes
[migrater] timestamp=1779269618.37, migrating=False, epoch=1, total_epochs=3, configured=0 B/s, rate=0 B/s, pending=0 bytes
[migrater] timestamp=1779269618.47, migrating=False, epoch=1, total_epochs=3, configured=0 B/s, rate=0 B/s, pending=0 bytes
[migrater] timestamp=1779269618.57, migrating=False, epoch=1, total_epochs=3, configured=0 B/s, rate=0 B/s, pending=0 bytes
[migrater] timestamp=1779269618.67, migrating=False, epoch=1, total_epochs=3, configured=0 B/s, rate=0 B/s, pending=0 bytes
[migrater] timestamp=1779269618.77, migrating=False, epoch=1, total_epochs=3, configured=0 B/s, rate=0 B/s, pending=0 bytes
[migrater] timestamp=1779269618.87, migrating=False, epoch=1, total_epochs=3, configured=0 B/s, rate=0 B/s, pending=0 bytes
[migrater] timestamp=1779269618.97, migrating=False, epoch=1, total_epochs=3, configured=0 B/s, rate=0 B/s, pending=0 bytes
[migrater] timestamp=1779269619.07, migrating=False, epoch=1, total_epochs=3, configured=0 B/s, rate=0 B/s, pending=0 bytes
[migrater] timestamp=1779269619.17, migrating=False, epoch=1, total_epochs=3, configured=0 B/s, rate=0 B/s, pending=0 bytes
[migrater] timestamp=1779269619.27, migrating=False, epoch=1, total_epochs=3, configured=0 B/s, rate=0 B/s, pending=0 bytes
[migrater] timestamp=1779269619.37, migrating=False, epoch=1, total_epochs=3, configured=0 B/s, rate=0 B/s, pending=0 bytes
[migrater] timestamp=1779269619.47, migrating=False, epoch=1, total_epochs=3, configured=0 B/s, rate=0 B/s, pending=0 bytes
[migrater] timestamp=1779269619.57, migrating=False, epoch=1, total_epochs=3, configured=0 B/s, rate=0 B/s, pending=0 bytes
[migrater] timestamp=1779269619.67, migrating=False, epoch=1, total_epochs=3, configured=0 B/s, rate=0 B/s, pending=0 bytes
[migrater] timestamp=1779269619.77, migrating=False, epoch=1, total_epochs=3, configured=0 B/s, rate=0 B/s, pending=0 bytes
[migrater] timestamp=1779269619.87, migrating=False, epoch=1, total_epochs=3, configured=0 B/s, rate=0 B/s, pending=0 bytes
[migrater] timestamp=1779269619.97, migrating=False, epoch=1, total_epochs=3, configured=0 B/s, rate=0 B/s, pending=0 bytes
[migrater] timestamp=1779269620.07, migrating=False, epoch=1, total_epochs=3, configured=0 B/s, rate=0 B/s, pending=0 bytes
[migrater] timestamp=1779269620.17, migrating=False, epoch=1, total_epochs=3, configured=0 B/s, rate=0 B/s, pending=0 bytes
[migrater] timestamp=1779269620.27, migrating=False, epoch=1, total_epochs=3, configured=0 B/s, rate=0 B/s, pending=0 bytes
[migrater] timestamp=1779269620.37, migrating=False, epoch=1, total_epochs=3, configured=0 B/s, rate=0 B/s, pending=0 bytes
[migrater] timestamp=1779269620.47, migrating=False, epoch=1, total_epochs=3, configured=0 B/s, rate=0 B/s, pending=0 bytes
[migrater] timestamp=1779269620.58, migrating=False, epoch=1, total_epochs=3, configured=0 B/s, rate=0 B/s, pending=0 bytes
[migrater] timestamp=1779269620.68, migrating=False, epoch=1, total_epochs=3, configured=0 B/s, rate=0 B/s, pending=0 bytes
[migrater] timestamp=1779269620.78, migrating=False, epoch=1, total_epochs=3, configured=0 B/s, rate=0 B/s, pending=0 bytes
[migrater] timestamp=1779269620.88, migrating=False, epoch=1, total_epochs=3, configured=0 B/s, rate=0 B/s, pending=0 bytes
[migrater] timestamp=1779269620.98, migrating=False, epoch=1, total_epochs=3, configured=0 B/s, rate=0 B/s, pending=0 bytes
[migrater] timestamp=1779269621.08, migrating=False, epoch=1, total_epochs=3, configured=0 B/s, rate=0 B/s, pending=0 bytes
[migrater] timestamp=1779269621.23, migrating=False, epoch=1, total_epochs=3, configured=0 B/s, rate=0 B/s, pending=0 bytes
[migrater] timestamp=1779269621.33, migrating=False, epoch=1, total_epochs=3, configured=0 B/s, rate=0 B/s, pending=0 bytes
[migrater] timestamp=1779269621.43, migrating=False, epoch=1, total_epochs=3, configured=0 B/s, rate=0 B/s, pending=0 bytes
[migrater] timestamp=1779269621.53, migrating=False, epoch=1, total_epochs=3, configured=0 B/s, rate=0 B/s, pending=0 bytes
[migrater] timestamp=1779269621.63, migrating=False, epoch=1, total_epochs=3, configured=0 B/s, rate=0 B/s, pending=0 bytes
[migrater] timestamp=1779269621.73, migrating=False, epoch=1, total_epochs=3, configured=0 B/s, rate=0 B/s, pending=0 bytes
[migrater] timestamp=1779269621.83, migrating=False, epoch=1, total_epochs=3, configured=0 B/s, rate=0 B/s, pending=0 bytes
[migrater] timestamp=1779269621.94, migrating=False, epoch=1, total_epochs=3, configured=0 B/s, rate=0 B/s, pending=0 bytes
[migrater] timestamp=1779269622.04, migrating=False, epoch=1, total_epochs=3, configured=0 B/s, rate=0 B/s, pending=0 bytes
[migrater] timestamp=1779269622.14, migrating=False, epoch=1, total_epochs=3, configured=0 B/s, rate=0 B/s, pending=0 bytes
[migrater] timestamp=1779269622.24, migrating=False, epoch=1, total_epochs=3, configured=0 B/s, rate=0 B/s, pending=0 bytes
[migrater] timestamp=1779269622.34, migrating=False, epoch=1, total_epochs=3, configured=0 B/s, rate=0 B/s, pending=0 bytes
[migrater] timestamp=1779269622.44, migrating=False, epoch=1, total_epochs=3, configured=0 B/s, rate=0 B/s, pending=0 bytes
[migrater] timestamp=1779269622.54, migrating=False, epoch=1, total_epochs=3, configured=0 B/s, rate=0 B/s, pending=0 bytes
[migrater] timestamp=1779269622.64, migrating=False, epoch=1, total_epochs=3, configured=0 B/s, rate=0 B/s, pending=0 bytes
[migrater] timestamp=1779269622.74, migrating=False, epoch=1, total_epochs=3, configured=0 B/s, rate=0 B/s, pending=0 bytes
[migrater] timestamp=1779269622.84, migrating=False, epoch=1, total_epochs=3, configured=0 B/s, rate=0 B/s, pending=0 bytes
[migrater] timestamp=1779269622.94, migrating=False, epoch=1, total_epochs=3, configured=0 B/s, rate=0 B/s, pending=0 bytes
[migrater] timestamp=1779269623.04, migrating=False, epoch=1, total_epochs=3, configured=0 B/s, rate=0 B/s, pending=0 bytes
[migrater] timestamp=1779269623.14, migrating=False, epoch=1, total_epochs=3, configured=0 B/s, rate=0 B/s, pending=0 bytes
[migrater] timestamp=1779269623.24, migrating=False, epoch=1, total_epochs=3, configured=0 B/s, rate=0 B/s, pending=0 bytes
[migrater] timestamp=1779269623.34, migrating=False, epoch=1, total_epochs=3, configured=0 B/s, rate=0 B/s, pending=0 bytes
[migrater] timestamp=1779269623.44, migrating=False, epoch=1, total_epochs=3, configured=0 B/s, rate=0 B/s, pending=0 bytes
[migrater] timestamp=1779269623.54, migrating=False, epoch=1, total_epochs=3, configured=0 B/s, rate=0 B/s, pending=0 bytes
[migrater] timestamp=1779269623.64, migrating=False, epoch=1, total_epochs=3, configured=0 B/s, rate=0 B/s, pending=0 bytes
[migrater] timestamp=1779269623.74, migrating=False, epoch=1, total_epochs=3, configured=0 B/s, rate=0 B/s, pending=0 bytes
[migrater] timestamp=1779269623.84, migrating=False, epoch=1, total_epochs=3, configured=0 B/s, rate=0 B/s, pending=0 bytes
[migrater] timestamp=1779269623.94, migrating=False, epoch=1, total_epochs=3, configured=0 B/s, rate=0 B/s, pending=0 bytes
[migrater] timestamp=1779269624.04, migrating=False, epoch=1, total_epochs=3, configured=0 B/s, rate=0 B/s, pending=0 bytes
[migrater] timestamp=1779269624.14, migrating=False, epoch=1, total_epochs=3, configured=0 B/s, rate=0 B/s, pending=0 bytes
[migrater] timestamp=1779269624.24, migrating=False, epoch=1, total_epochs=3, configured=0 B/s, rate=0 B/s, pending=0 bytes
[migrater] timestamp=1779269624.34, migrating=False, epoch=1, total_epochs=3, configured=0 B/s, rate=0 B/s, pending=0 bytes
[migrater] timestamp=1779269624.44, migrating=False, epoch=1, total_epochs=3, configured=0 B/s, rate=0 B/s, pending=0 bytes
[migrater] timestamp=1779269624.55, migrating=False, epoch=1, total_epochs=3, configured=0 B/s, rate=0 B/s, pending=0 bytes
[migrater] timestamp=1779269624.65, migrating=False, epoch=1, total_epochs=3, configured=0 B/s, rate=0 B/s, pending=0 bytes
[migrater] timestamp=1779269624.75, migrating=False, epoch=1, total_epochs=3, configured=0 B/s, rate=0 B/s, pending=0 bytes
[migrater] timestamp=1779269624.85, migrating=False, epoch=1, total_epochs=3, configured=0 B/s, rate=0 B/s, pending=0 bytes
[migrater] timestamp=1779269624.95, migrating=False, epoch=1, total_epochs=3, configured=0 B/s, rate=0 B/s, pending=0 bytes
[migrater] timestamp=1779269625.05, migrating=False, epoch=1, total_epochs=3, configured=0 B/s, rate=0 B/s, pending=0 bytes
[migrater] timestamp=1779269625.15, migrating=False, epoch=1, total_epochs=3, configured=0 B/s, rate=0 B/s, pending=0 bytes
[migrater] timestamp=1779269625.25, migrating=False, epoch=1, total_epochs=3, configured=0 B/s, rate=0 B/s, pending=0 bytes
[migrater] timestamp=1779269625.35, migrating=False, epoch=1, total_epochs=3, configured=0 B/s, rate=0 B/s, pending=0 bytes
[migrater] timestamp=1779269625.45, migrating=False, epoch=1, total_epochs=3, configured=0 B/s, rate=0 B/s, pending=0 bytes
[migrater] timestamp=1779269625.55, migrating=False, epoch=1, total_epochs=3, configured=0 B/s, rate=0 B/s, pending=0 bytes
[migrater] timestamp=1779269625.65, migrating=False, epoch=1, total_epochs=3, configured=0 B/s, rate=0 B/s, pending=0 bytes
[migrater] timestamp=1779269625.75, migrating=False, epoch=1, total_epochs=3, configured=0 B/s, rate=0 B/s, pending=0 bytes
[migrater] timestamp=1779269625.85, migrating=False, epoch=1, total_epochs=3, configured=0 B/s, rate=0 B/s, pending=0 bytes
[migrater] timestamp=1779269625.95, migrating=False, epoch=2, total_epochs=3, configured=0 B/s, rate=0 B/s, pending=5368709120 bytes
[migrater] timestamp=1779269626.05, migrating=True, epoch=2, total_epochs=3, configured=0 B/s, rate=0 B/s, pending=5368709120 bytes
[migrater] timestamp=1779269626.09, migrating=True, epoch=2, total_epochs=3, configured=500000000 B/s, rate=481454028 B/s, pending=5318377472 bytes ([0.94%] 50331648/5368709120 bytes copied)
[migrater] timestamp=1779269626.19, migrating=True, epoch=2, total_epochs=3, configured=500000000 B/s, rate=500314020 B/s, pending=5268045824 bytes ([1.88%] 100663296/5368709120 bytes copied)
[migrater] timestamp=1779269626.29, migrating=True, epoch=2, total_epochs=3, configured=500000000 B/s, rate=500003134 B/s, pending=5217714176 bytes ([2.81%] 150994944/5368709120 bytes copied)
[migrater] timestamp=1779269626.39, migrating=True, epoch=2, total_epochs=3, configured=500000000 B/s, rate=500002136 B/s, pending=5167382528 bytes ([3.75%] 201326592/5368709120 bytes copied)
[migrater] timestamp=1779269626.49, migrating=True, epoch=2, total_epochs=3, configured=500000000 B/s, rate=499918956 B/s, pending=5117050880 bytes ([4.69%] 251658240/5368709120 bytes copied)
[migrater] timestamp=1779269626.59, migrating=True, epoch=2, total_epochs=3, configured=500000000 B/s, rate=499854061 B/s, pending=5066719232 bytes ([5.62%] 301989888/5368709120 bytes copied)
[migrater] timestamp=1779269626.69, migrating=True, epoch=2, total_epochs=3, configured=500000000 B/s, rate=499896061 B/s, pending=5016387584 bytes ([6.56%] 352321536/5368709120 bytes copied)
[migrater] timestamp=1779269626.79, migrating=True, epoch=2, total_epochs=3, configured=500000000 B/s, rate=500175304 B/s, pending=4966055936 bytes ([7.50%] 402653184/5368709120 bytes copied)
[migrater] timestamp=1779269626.89, migrating=True, epoch=2, total_epochs=3, configured=500000000 B/s, rate=499920589 B/s, pending=4915724288 bytes ([8.44%] 452984832/5368709120 bytes copied)
[migrater] timestamp=1779269626.99, migrating=True, epoch=2, total_epochs=3, configured=500000000 B/s, rate=499973384 B/s, pending=4865392640 bytes ([9.38%] 503316480/5368709120 bytes copied)
[migrater] timestamp=1779269627.09, migrating=True, epoch=2, total_epochs=3, configured=500000000 B/s, rate=500240526 B/s, pending=4815060992 bytes ([10.31%] 553648128/5368709120 bytes copied)
[migrater] timestamp=1779269627.19, migrating=True, epoch=2, total_epochs=3, configured=500000000 B/s, rate=499969951 B/s, pending=4764729344 bytes ([11.25%] 603979776/5368709120 bytes copied)
[migrater] timestamp=1779269627.30, migrating=True, epoch=2, total_epochs=3, configured=500000000 B/s, rate=499921582 B/s, pending=4714397696 bytes ([12.19%] 654311424/5368709120 bytes copied)
[migrater] timestamp=1779269627.40, migrating=True, epoch=2, total_epochs=3, configured=500000000 B/s, rate=500071392 B/s, pending=4664066048 bytes ([13.12%] 704643072/5368709120 bytes copied)
[migrater] timestamp=1779269627.50, migrating=True, epoch=2, total_epochs=3, configured=500000000 B/s, rate=499931613 B/s, pending=4613734400 bytes ([14.06%] 754974720/5368709120 bytes copied)
[migrater] timestamp=1779269627.60, migrating=True, epoch=2, total_epochs=3, configured=500000000 B/s, rate=499885392 B/s, pending=4563402752 bytes ([15.00%] 805306368/5368709120 bytes copied)
[migrater] timestamp=1779269627.70, migrating=True, epoch=2, total_epochs=3, configured=500000000 B/s, rate=500179524 B/s, pending=4513071104 bytes ([15.94%] 855638016/5368709120 bytes copied)
[migrater] timestamp=1779269627.80, migrating=True, epoch=2, total_epochs=3, configured=500000000 B/s, rate=500052065 B/s, pending=4462739456 bytes ([16.88%] 905969664/5368709120 bytes copied)
[migrater] timestamp=1779269627.90, migrating=True, epoch=2, total_epochs=3, configured=500000000 B/s, rate=499872231 B/s, pending=4412407808 bytes ([17.81%] 956301312/5368709120 bytes copied)
[migrater] timestamp=1779269628.00, migrating=True, epoch=2, total_epochs=3, configured=500000000 B/s, rate=499967473 B/s, pending=4362076160 bytes ([18.75%] 1006632960/5368709120 bytes copied)
[migrater] timestamp=1779269628.10, migrating=True, epoch=2, total_epochs=3, configured=500000000 B/s, rate=499835893 B/s, pending=4311744512 bytes ([19.69%] 1056964608/5368709120 bytes copied)
[migrater] timestamp=1779269628.20, migrating=True, epoch=2, total_epochs=3, configured=500000000 B/s, rate=500201997 B/s, pending=4261412864 bytes ([20.62%] 1107296256/5368709120 bytes copied)
[migrater] timestamp=1779269628.30, migrating=True, epoch=2, total_epochs=3, configured=500000000 B/s, rate=499937771 B/s, pending=4211081216 bytes ([21.56%] 1157627904/5368709120 bytes copied)
[migrater] timestamp=1779269628.40, migrating=True, epoch=2, total_epochs=3, configured=500000000 B/s, rate=500034479 B/s, pending=4160749568 bytes ([22.50%] 1207959552/5368709120 bytes copied)
[migrater] timestamp=1779269628.50, migrating=True, epoch=2, total_epochs=3, configured=500000000 B/s, rate=499882904 B/s, pending=4110417920 bytes ([23.44%] 1258291200/5368709120 bytes copied)
[migrater] timestamp=1779269628.60, migrating=True, epoch=2, total_epochs=3, configured=500000000 B/s, rate=500039690 B/s, pending=4060086272 bytes ([24.38%] 1308622848/5368709120 bytes copied)
[migrater] timestamp=1779269628.70, migrating=True, epoch=2, total_epochs=3, configured=500000000 B/s, rate=500186040 B/s, pending=4009754624 bytes ([25.31%] 1358954496/5368709120 bytes copied)
[migrater] timestamp=1779269628.81, migrating=True, epoch=2, total_epochs=3, configured=500000000 B/s, rate=499741747 B/s, pending=3959422976 bytes ([26.25%] 1409286144/5368709120 bytes copied)
[migrater] timestamp=1779269628.91, migrating=True, epoch=2, total_epochs=3, configured=500000000 B/s, rate=499961613 B/s, pending=3909091328 bytes ([27.19%] 1459617792/5368709120 bytes copied)
[migrater] timestamp=1779269629.01, migrating=True, epoch=2, total_epochs=3, configured=500000000 B/s, rate=499560901 B/s, pending=3858759680 bytes ([28.12%] 1509949440/5368709120 bytes copied)
[migrater] timestamp=1779269629.11, migrating=True, epoch=2, total_epochs=3, configured=500000000 B/s, rate=500129823 B/s, pending=3808428032 bytes ([29.06%] 1560281088/5368709120 bytes copied)
[migrater] timestamp=1779269629.21, migrating=True, epoch=2, total_epochs=3, configured=500000000 B/s, rate=500031150 B/s, pending=3758096384 bytes ([30.00%] 1610612736/5368709120 bytes copied)
[migrater] timestamp=1779269629.31, migrating=True, epoch=2, total_epochs=3, configured=500000000 B/s, rate=500029456 B/s, pending=3707764736 bytes ([30.94%] 1660944384/5368709120 bytes copied)
[migrater] timestamp=1779269629.41, migrating=True, epoch=2, total_epochs=3, configured=500000000 B/s, rate=500017887 B/s, pending=3657433088 bytes ([31.87%] 1711276032/5368709120 bytes copied)
[migrater] timestamp=1779269629.51, migrating=True, epoch=2, total_epochs=3, configured=500000000 B/s, rate=499878585 B/s, pending=3607101440 bytes ([32.81%] 1761607680/5368709120 bytes copied)
[migrater] timestamp=1779269629.61, migrating=True, epoch=2, total_epochs=3, configured=500000000 B/s, rate=499947658 B/s, pending=3556769792 bytes ([33.75%] 1811939328/5368709120 bytes copied)
[migrater] timestamp=1779269629.71, migrating=True, epoch=2, total_epochs=3, configured=500000000 B/s, rate=499827752 B/s, pending=3506438144 bytes ([34.69%] 1862270976/5368709120 bytes copied)
[migrater] timestamp=1779269629.81, migrating=True, epoch=2, total_epochs=3, configured=500000000 B/s, rate=500241471 B/s, pending=3456106496 bytes ([35.62%] 1912602624/5368709120 bytes copied)
[migrater] timestamp=1779269629.91, migrating=True, epoch=2, total_epochs=3, configured=500000000 B/s, rate=499713615 B/s, pending=3405774848 bytes ([36.56%] 1962934272/5368709120 bytes copied)
[migrater] timestamp=1779269630.01, migrating=True, epoch=2, total_epochs=3, configured=500000000 B/s, rate=500183203 B/s, pending=3355443200 bytes ([37.50%] 2013265920/5368709120 bytes copied)
[migrater] timestamp=1779269630.11, migrating=True, epoch=2, total_epochs=3, configured=500000000 B/s, rate=499985750 B/s, pending=3305111552 bytes ([38.44%] 2063597568/5368709120 bytes copied)
[migrater] timestamp=1779269630.21, migrating=True, epoch=2, total_epochs=3, configured=500000000 B/s, rate=500130822 B/s, pending=3254779904 bytes ([39.38%] 2113929216/5368709120 bytes copied)
[migrater] timestamp=1779269630.32, migrating=True, epoch=2, total_epochs=3, configured=500000000 B/s, rate=500077299 B/s, pending=3204448256 bytes ([40.31%] 2164260864/5368709120 bytes copied)
[migrater] timestamp=1779269630.42, migrating=True, epoch=2, total_epochs=3, configured=500000000 B/s, rate=500092757 B/s, pending=3154116608 bytes ([41.25%] 2214592512/5368709120 bytes copied)
[migrater] timestamp=1779269630.52, migrating=True, epoch=2, total_epochs=3, configured=500000000 B/s, rate=499848749 B/s, pending=3103784960 bytes ([42.19%] 2264924160/5368709120 bytes copied)
[migrater] timestamp=1779269630.62, migrating=True, epoch=2, total_epochs=3, configured=500000000 B/s, rate=499917958 B/s, pending=3053453312 bytes ([43.12%] 2315255808/5368709120 bytes copied)
[migrater] timestamp=1779269630.72, migrating=True, epoch=2, total_epochs=3, configured=500000000 B/s, rate=500096633 B/s, pending=3003121664 bytes ([44.06%] 2365587456/5368709120 bytes copied)
[migrater] timestamp=1779269630.82, migrating=True, epoch=2, total_epochs=3, configured=500000000 B/s, rate=500082819 B/s, pending=2952790016 bytes ([45.00%] 2415919104/5368709120 bytes copied)
[migrater] timestamp=1779269630.92, migrating=True, epoch=2, total_epochs=3, configured=500000000 B/s, rate=499996026 B/s, pending=2902458368 bytes ([45.94%] 2466250752/5368709120 bytes copied)
[migrater] timestamp=1779269631.02, migrating=True, epoch=2, total_epochs=3, configured=500000000 B/s, rate=499426021 B/s, pending=2852126720 bytes ([46.88%] 2516582400/5368709120 bytes copied)
[migrater] timestamp=1779269631.12, migrating=True, epoch=2, total_epochs=3, configured=500000000 B/s, rate=500623501 B/s, pending=2801795072 bytes ([47.81%] 2566914048/5368709120 bytes copied)
[migrater] timestamp=1779269631.22, migrating=True, epoch=2, total_epochs=3, configured=500000000 B/s, rate=500002687 B/s, pending=2751463424 bytes ([48.75%] 2617245696/5368709120 bytes copied)
[migrater] timestamp=1779269631.32, migrating=True, epoch=2, total_epochs=3, configured=500000000 B/s, rate=500002534 B/s, pending=2701131776 bytes ([49.69%] 2667577344/5368709120 bytes copied)
[migrater] timestamp=1779269631.42, migrating=True, epoch=2, total_epochs=3, configured=500000000 B/s, rate=499944276 B/s, pending=2650800128 bytes ([50.62%] 2717908992/5368709120 bytes copied)
[migrater] timestamp=1779269631.52, migrating=True, epoch=2, total_epochs=3, configured=500000000 B/s, rate=500048687 B/s, pending=2600468480 bytes ([51.56%] 2768240640/5368709120 bytes copied)
[migrater] timestamp=1779269631.62, migrating=True, epoch=2, total_epochs=3, configured=500000000 B/s, rate=499979189 B/s, pending=2550136832 bytes ([52.50%] 2818572288/5368709120 bytes copied)
[migrater] timestamp=1779269631.72, migrating=True, epoch=2, total_epochs=3, configured=500000000 B/s, rate=500110794 B/s, pending=2499805184 bytes ([53.44%] 2868903936/5368709120 bytes copied)
[migrater] timestamp=1779269631.82, migrating=True, epoch=2, total_epochs=3, configured=500000000 B/s, rate=500094546 B/s, pending=2449473536 bytes ([54.37%] 2919235584/5368709120 bytes copied)
[migrater] timestamp=1779269631.93, migrating=True, epoch=2, total_epochs=3, configured=500000000 B/s, rate=499795044 B/s, pending=2399141888 bytes ([55.31%] 2969567232/5368709120 bytes copied)
[migrater] timestamp=1779269632.03, migrating=True, epoch=2, total_epochs=3, configured=500000000 B/s, rate=499961856 B/s, pending=2348810240 bytes ([56.25%] 3019898880/5368709120 bytes copied)
[migrater] timestamp=1779269632.13, migrating=True, epoch=2, total_epochs=3, configured=500000000 B/s, rate=500162729 B/s, pending=2298478592 bytes ([57.19%] 3070230528/5368709120 bytes copied)
[migrater] timestamp=1779269632.23, migrating=True, epoch=2, total_epochs=3, configured=500000000 B/s, rate=500282392 B/s, pending=2248146944 bytes ([58.13%] 3120562176/5368709120 bytes copied)
[migrater] timestamp=1779269632.33, migrating=True, epoch=2, total_epochs=3, configured=500000000 B/s, rate=499994884 B/s, pending=2197815296 bytes ([59.06%] 3170893824/5368709120 bytes copied)
[migrater] timestamp=1779269632.43, migrating=True, epoch=2, total_epochs=3, configured=500000000 B/s, rate=500040092 B/s, pending=2147483648 bytes ([60.00%] 3221225472/5368709120 bytes copied)
[migrater] timestamp=1779269632.53, migrating=True, epoch=2, total_epochs=3, configured=500000000 B/s, rate=500053004 B/s, pending=2097152000 bytes ([60.94%] 3271557120/5368709120 bytes copied)
[migrater] timestamp=1779269632.63, migrating=True, epoch=2, total_epochs=3, configured=500000000 B/s, rate=499832523 B/s, pending=2046820352 bytes ([61.88%] 3321888768/5368709120 bytes copied)
[migrater] timestamp=1779269632.73, migrating=True, epoch=2, total_epochs=3, configured=500000000 B/s, rate=499364921 B/s, pending=1996488704 bytes ([62.81%] 3372220416/5368709120 bytes copied)
[migrater] timestamp=1779269632.83, migrating=True, epoch=2, total_epochs=3, configured=500000000 B/s, rate=499332575 B/s, pending=1946157056 bytes ([63.75%] 3422552064/5368709120 bytes copied)
[migrater] timestamp=1779269632.93, migrating=True, epoch=2, total_epochs=3, configured=500000000 B/s, rate=499728797 B/s, pending=1895825408 bytes ([64.69%] 3472883712/5368709120 bytes copied)
[migrater] timestamp=1779269633.03, migrating=True, epoch=2, total_epochs=3, configured=500000000 B/s, rate=499647687 B/s, pending=1845493760 bytes ([65.62%] 3523215360/5368709120 bytes copied)
[migrater] timestamp=1779269633.13, migrating=True, epoch=2, total_epochs=3, configured=500000000 B/s, rate=499502498 B/s, pending=1795162112 bytes ([66.56%] 3573547008/5368709120 bytes copied)
[migrater] timestamp=1779269633.23, migrating=True, epoch=2, total_epochs=3, configured=500000000 B/s, rate=499597199 B/s, pending=1744830464 bytes ([67.50%] 3623878656/5368709120 bytes copied)
[migrater] timestamp=1779269633.34, migrating=True, epoch=2, total_epochs=3, configured=500000000 B/s, rate=499456594 B/s, pending=1694498816 bytes ([68.44%] 3674210304/5368709120 bytes copied)
[migrater] timestamp=1779269633.44, migrating=True, epoch=2, total_epochs=3, configured=500000000 B/s, rate=499632807 B/s, pending=1644167168 bytes ([69.38%] 3724541952/5368709120 bytes copied)
[migrater] timestamp=1779269633.54, migrating=True, epoch=2, total_epochs=3, configured=500000000 B/s, rate=499543994 B/s, pending=1593835520 bytes ([70.31%] 3774873600/5368709120 bytes copied)
[migrater] timestamp=1779269633.64, migrating=True, epoch=2, total_epochs=3, configured=500000000 B/s, rate=499534871 B/s, pending=1543503872 bytes ([71.25%] 3825205248/5368709120 bytes copied)
[migrater] timestamp=1779269633.75, migrating=True, epoch=2, total_epochs=3, configured=500000000 B/s, rate=457728427 B/s, pending=1493172224 bytes ([72.19%] 3875536896/5368709120 bytes copied)
[migrater] timestamp=1779269633.85, migrating=True, epoch=2, total_epochs=3, configured=500000000 B/s, rate=500230334 B/s, pending=1442840576 bytes ([73.12%] 3925868544/5368709120 bytes copied)
[migrater] timestamp=1779269633.95, migrating=True, epoch=2, total_epochs=3, configured=500000000 B/s, rate=500052065 B/s, pending=1392508928 bytes ([74.06%] 3976200192/5368709120 bytes copied)
[migrater] timestamp=1779269634.05, migrating=True, epoch=2, total_epochs=3, configured=500000000 B/s, rate=500005315 B/s, pending=1342177280 bytes ([75.00%] 4026531840/5368709120 bytes copied)
[migrater] timestamp=1779269634.15, migrating=True, epoch=2, total_epochs=3, configured=500000000 B/s, rate=499928236 B/s, pending=1291845632 bytes ([75.94%] 4076863488/5368709120 bytes copied)
[migrater] timestamp=1779269634.25, migrating=True, epoch=2, total_epochs=3, configured=500000000 B/s, rate=499916871 B/s, pending=1241513984 bytes ([76.88%] 4127195136/5368709120 bytes copied)
[migrater] timestamp=1779269634.35, migrating=True, epoch=2, total_epochs=3, configured=500000000 B/s, rate=499995232 B/s, pending=1191182336 bytes ([77.81%] 4177526784/5368709120 bytes copied)
[migrater] timestamp=1779269634.45, migrating=True, epoch=2, total_epochs=3, configured=500000000 B/s, rate=500153882 B/s, pending=1140850688 bytes ([78.75%] 4227858432/5368709120 bytes copied)
[migrater] timestamp=1779269634.55, migrating=True, epoch=2, total_epochs=3, configured=500000000 B/s, rate=499818520 B/s, pending=1090519040 bytes ([79.69%] 4278190080/5368709120 bytes copied)
[migrater] timestamp=1779269634.65, migrating=True, epoch=2, total_epochs=3, configured=500000000 B/s, rate=500192353 B/s, pending=1040187392 bytes ([80.62%] 4328521728/5368709120 bytes copied)
[migrater] timestamp=1779269634.75, migrating=True, epoch=2, total_epochs=3, configured=500000000 B/s, rate=500042278 B/s, pending=989855744 bytes ([81.56%] 4378853376/5368709120 bytes copied)
[migrater] timestamp=1779269634.85, migrating=True, epoch=2, total_epochs=3, configured=500000000 B/s, rate=499914184 B/s, pending=939524096 bytes ([82.50%] 4429185024/5368709120 bytes copied)
[migrater] timestamp=1779269634.96, migrating=True, epoch=2, total_epochs=3, configured=500000000 B/s, rate=499977997 B/s, pending=889192448 bytes ([83.44%] 4479516672/5368709120 bytes copied)
[migrater] timestamp=1779269635.06, migrating=True, epoch=2, total_epochs=3, configured=500000000 B/s, rate=499819071 B/s, pending=838860800 bytes ([84.38%] 4529848320/5368709120 bytes copied)
[migrater] timestamp=1779269635.16, migrating=True, epoch=2, total_epochs=3, configured=500000000 B/s, rate=500052806 B/s, pending=788529152 bytes ([85.31%] 4580179968/5368709120 bytes copied)
[migrater] timestamp=1779269635.26, migrating=True, epoch=2, total_epochs=3, configured=500000000 B/s, rate=499964195 B/s, pending=738197504 bytes ([86.25%] 4630511616/5368709120 bytes copied)
[migrater] timestamp=1779269635.36, migrating=True, epoch=2, total_epochs=3, configured=500000000 B/s, rate=500077945 B/s, pending=687865856 bytes ([87.19%] 4680843264/5368709120 bytes copied)
[migrater] timestamp=1779269635.46, migrating=True, epoch=2, total_epochs=3, configured=500000000 B/s, rate=499940258 B/s, pending=637534208 bytes ([88.12%] 4731174912/5368709120 bytes copied)
[migrater] timestamp=1779269635.56, migrating=True, epoch=2, total_epochs=3, configured=500000000 B/s, rate=499881514 B/s, pending=587202560 bytes ([89.06%] 4781506560/5368709120 bytes copied)
[migrater] timestamp=1779269635.66, migrating=True, epoch=2, total_epochs=3, configured=666666666 B/s, rate=562025331 B/s, pending=528482304 bytes ([90.16%] 4840226816/5368709120 bytes copied)
[migrater] timestamp=1779269635.76, migrating=True, epoch=2, total_epochs=3, configured=666666666 B/s, rate=669331097 B/s, pending=461373440 bytes ([91.41%] 4907335680/5368709120 bytes copied)
[migrater] timestamp=1779269635.87, migrating=True, epoch=2, total_epochs=3, configured=666666666 B/s, rate=666622098 B/s, pending=394264576 bytes ([92.66%] 4974444544/5368709120 bytes copied)
[migrater] timestamp=1779269635.97, migrating=True, epoch=2, total_epochs=3, configured=666666666 B/s, rate=666729860 B/s, pending=327155712 bytes ([93.91%] 5041553408/5368709120 bytes copied)
[migrater] timestamp=1779269636.07, migrating=True, epoch=2, total_epochs=3, configured=666666666 B/s, rate=666592765 B/s, pending=260046848 bytes ([95.16%] 5108662272/5368709120 bytes copied)
[migrater] timestamp=1779269636.17, migrating=True, epoch=2, total_epochs=3, configured=666666666 B/s, rate=666757616 B/s, pending=192937984 bytes ([96.41%] 5175771136/5368709120 bytes copied)
[migrater] timestamp=1779269636.27, migrating=True, epoch=2, total_epochs=3, configured=666666666 B/s, rate=666506501 B/s, pending=125829120 bytes ([97.66%] 5242880000/5368709120 bytes copied)
[migrater] timestamp=1779269636.37, migrating=True, epoch=2, total_epochs=3, configured=2000000000 B/s, rate=1236277753 B/s, pending=0 bytes ([100.00%] 5368709120/5368709120 bytes copied)
[migrater] timestamp=1779269636.46, migrating=False, epoch=2, total_epochs=3, configured=2000000000 B/s, rate=0 B/s, pending=0 bytes ([100.00%] 5368709120/5368709120 bytes copied)
[migrater] timestamp=1779269636.60, migrating=False, epoch=2, total_epochs=3, configured=0 B/s, rate=0 B/s, pending=0 bytes
[migrater] timestamp=1779269636.70, migrating=False, epoch=2, total_epochs=3, configured=0 B/s, rate=0 B/s, pending=0 bytes
[migrater] timestamp=1779269636.80, migrating=False, epoch=2, total_epochs=3, configured=0 B/s, rate=0 B/s, pending=0 bytes
[migrater] timestamp=1779269636.90, migrating=False, epoch=2, total_epochs=3, configured=0 B/s, rate=0 B/s, pending=0 bytes
[migrater] timestamp=1779269637.00, migrating=False, epoch=2, total_epochs=3, configured=0 B/s, rate=0 B/s, pending=0 bytes
[migrater] timestamp=1779269637.10, migrating=False, epoch=2, total_epochs=3, configured=0 B/s, rate=0 B/s, pending=0 bytes
[migrater] timestamp=1779269637.20, migrating=False, epoch=2, total_epochs=3, configured=0 B/s, rate=0 B/s, pending=0 bytes
[migrater] timestamp=1779269637.30, migrating=False, epoch=2, total_epochs=3, configured=0 B/s, rate=0 B/s, pending=0 bytes
[migrater] timestamp=1779269637.40, migrating=False, epoch=2, total_epochs=3, configured=0 B/s, rate=0 B/s, pending=0 bytes
[migrater] timestamp=1779269637.50, migrating=False, epoch=2, total_epochs=3, configured=0 B/s, rate=0 B/s, pending=0 bytes
[migrater] timestamp=1779269637.60, migrating=False, epoch=2, total_epochs=3, configured=0 B/s, rate=0 B/s, pending=0 bytes
[migrater] timestamp=1779269637.70, migrating=False, epoch=2, total_epochs=3, configured=0 B/s, rate=0 B/s, pending=0 bytes
[migrater] timestamp=1779269637.80, migrating=False, epoch=2, total_epochs=3, configured=0 B/s, rate=0 B/s, pending=0 bytes
[migrater] timestamp=1779269637.90, migrating=False, epoch=2, total_epochs=3, configured=0 B/s, rate=0 B/s, pending=0 bytes
[migrater] timestamp=1779269638.00, migrating=False, epoch=2, total_epochs=3, configured=0 B/s, rate=0 B/s, pending=0 bytes
[migrater] timestamp=1779269638.10, migrating=False, epoch=2, total_epochs=3, configured=0 B/s, rate=0 B/s, pending=0 bytes
[migrater] timestamp=1779269638.20, migrating=False, epoch=2, total_epochs=3, configured=0 B/s, rate=0 B/s, pending=0 bytes
[migrater] timestamp=1779269638.30, migrating=False, epoch=2, total_epochs=3, configured=0 B/s, rate=0 B/s, pending=0 bytes
[migrater] timestamp=1779269638.40, migrating=False, epoch=2, total_epochs=3, configured=0 B/s, rate=0 B/s, pending=0 bytes
[migrater] timestamp=1779269638.51, migrating=False, epoch=2, total_epochs=3, configured=0 B/s, rate=0 B/s, pending=0 bytes
[migrater] timestamp=1779269638.61, migrating=False, epoch=2, total_epochs=3, configured=0 B/s, rate=0 B/s, pending=0 bytes
[migrater] timestamp=1779269638.71, migrating=False, epoch=2, total_epochs=3, configured=0 B/s, rate=0 B/s, pending=0 bytes
[migrater] timestamp=1779269638.81, migrating=False, epoch=2, total_epochs=3, configured=0 B/s, rate=0 B/s, pending=0 bytes
[migrater] timestamp=1779269638.91, migrating=False, epoch=2, total_epochs=3, configured=0 B/s, rate=0 B/s, pending=0 bytes
[migrater] timestamp=1779269639.01, migrating=False, epoch=2, total_epochs=3, configured=0 B/s, rate=0 B/s, pending=0 bytes
[migrater] timestamp=1779269639.11, migrating=False, epoch=2, total_epochs=3, configured=0 B/s, rate=0 B/s, pending=0 bytes
[migrater] timestamp=1779269639.21, migrating=False, epoch=2, total_epochs=3, configured=0 B/s, rate=0 B/s, pending=0 bytes
[migrater] timestamp=1779269639.31, migrating=False, epoch=2, total_epochs=3, configured=0 B/s, rate=0 B/s, pending=0 bytes
[migrater] timestamp=1779269639.41, migrating=False, epoch=2, total_epochs=3, configured=0 B/s, rate=0 B/s, pending=0 bytes
[migrater] timestamp=1779269639.51, migrating=False, epoch=2, total_epochs=3, configured=0 B/s, rate=0 B/s, pending=0 bytes
[migrater] timestamp=1779269639.61, migrating=False, epoch=2, total_epochs=3, configured=0 B/s, rate=0 B/s, pending=0 bytes
[migrater] timestamp=1779269639.71, migrating=False, epoch=2, total_epochs=3, configured=0 B/s, rate=0 B/s, pending=0 bytes
[migrater] timestamp=1779269639.81, migrating=False, epoch=2, total_epochs=3, configured=0 B/s, rate=0 B/s, pending=0 bytes
[migrater] timestamp=1779269639.91, migrating=False, epoch=2, total_epochs=3, configured=0 B/s, rate=0 B/s, pending=0 bytes
[migrater] timestamp=1779269640.01, migrating=False, epoch=2, total_epochs=3, configured=0 B/s, rate=0 B/s, pending=0 bytes
[migrater] timestamp=1779269640.11, migrating=False, epoch=2, total_epochs=3, configured=0 B/s, rate=0 B/s, pending=0 bytes
[migrater] timestamp=1779269640.21, migrating=False, epoch=2, total_epochs=3, configured=0 B/s, rate=0 B/s, pending=0 bytes
[migrater] timestamp=1779269640.31, migrating=False, epoch=2, total_epochs=3, configured=0 B/s, rate=0 B/s, pending=0 bytes
[migrater] timestamp=1779269640.41, migrating=False, epoch=2, total_epochs=3, configured=0 B/s, rate=0 B/s, pending=0 bytes
[migrater] timestamp=1779269640.51, migrating=False, epoch=2, total_epochs=3, configured=0 B/s, rate=0 B/s, pending=0 bytes
[migrater] timestamp=1779269640.61, migrating=False, epoch=2, total_epochs=3, configured=0 B/s, rate=0 B/s, pending=0 bytes
[migrater] timestamp=1779269640.71, migrating=False, epoch=2, total_epochs=3, configured=0 B/s, rate=0 B/s, pending=0 bytes
[migrater] timestamp=1779269640.81, migrating=False, epoch=2, total_epochs=3, configured=0 B/s, rate=0 B/s, pending=0 bytes
[migrater] timestamp=1779269640.91, migrating=False, epoch=2, total_epochs=3, configured=0 B/s, rate=0 B/s, pending=0 bytes
[migrater] timestamp=1779269641.01, migrating=False, epoch=2, total_epochs=3, configured=0 B/s, rate=0 B/s, pending=0 bytes
[migrater] timestamp=1779269641.12, migrating=False, epoch=2, total_epochs=3, configured=0 B/s, rate=0 B/s, pending=0 bytes
[migrater] timestamp=1779269641.22, migrating=False, epoch=2, total_epochs=3, configured=0 B/s, rate=0 B/s, pending=0 bytes
[migrater] timestamp=1779269641.32, migrating=False, epoch=2, total_epochs=3, configured=0 B/s, rate=0 B/s, pending=0 bytes
[migrater] timestamp=1779269641.42, migrating=False, epoch=2, total_epochs=3, configured=0 B/s, rate=0 B/s, pending=0 bytes
[migrater] timestamp=1779269641.52, migrating=False, epoch=2, total_epochs=3, configured=0 B/s, rate=0 B/s, pending=0 bytes
[migrater] timestamp=1779269641.62, migrating=False, epoch=2, total_epochs=3, configured=0 B/s, rate=0 B/s, pending=0 bytes
[migrater] timestamp=1779269641.72, migrating=False, epoch=2, total_epochs=3, configured=0 B/s, rate=0 B/s, pending=0 bytes
[migrater] timestamp=1779269641.82, migrating=False, epoch=2, total_epochs=3, configured=0 B/s, rate=0 B/s, pending=0 bytes
[migrater] timestamp=1779269641.92, migrating=False, epoch=2, total_epochs=3, configured=0 B/s, rate=0 B/s, pending=0 bytes
[migrater] timestamp=1779269642.02, migrating=False, epoch=2, total_epochs=3, configured=0 B/s, rate=0 B/s, pending=0 bytes
[migrater] timestamp=1779269642.12, migrating=False, epoch=2, total_epochs=3, configured=0 B/s, rate=0 B/s, pending=0 bytes
[migrater] timestamp=1779269642.22, migrating=False, epoch=2, total_epochs=3, configured=0 B/s, rate=0 B/s, pending=0 bytes
[migrater] timestamp=1779269642.32, migrating=False, epoch=2, total_epochs=3, configured=0 B/s, rate=0 B/s, pending=0 bytes
[migrater] timestamp=1779269642.42, migrating=False, epoch=2, total_epochs=3, configured=0 B/s, rate=0 B/s, pending=0 bytes
[migrater] timestamp=1779269642.52, migrating=False, epoch=2, total_epochs=3, configured=0 B/s, rate=0 B/s, pending=0 bytes
[migrater] timestamp=1779269642.62, migrating=False, epoch=2, total_epochs=3, configured=0 B/s, rate=0 B/s, pending=0 bytes
[migrater] timestamp=1779269642.72, migrating=False, epoch=2, total_epochs=3, configured=0 B/s, rate=0 B/s, pending=0 bytes
[migrater] timestamp=1779269642.82, migrating=False, epoch=2, total_epochs=3, configured=0 B/s, rate=0 B/s, pending=0 bytes
[migrater] timestamp=1779269642.92, migrating=False, epoch=2, total_epochs=3, configured=0 B/s, rate=0 B/s, pending=0 bytes
[migrater] timestamp=1779269643.02, migrating=False, epoch=2, total_epochs=3, configured=0 B/s, rate=0 B/s, pending=0 bytes
[migrater] timestamp=1779269643.12, migrating=False, epoch=2, total_epochs=3, configured=0 B/s, rate=0 B/s, pending=0 bytes
[migrater] timestamp=1779269643.22, migrating=False, epoch=2, total_epochs=3, configured=0 B/s, rate=0 B/s, pending=0 bytes
[migrater] timestamp=1779269643.32, migrating=False, epoch=2, total_epochs=3, configured=0 B/s, rate=0 B/s, pending=0 bytes
[migrater] timestamp=1779269643.42, migrating=False, epoch=2, total_epochs=3, configured=0 B/s, rate=0 B/s, pending=0 bytes
[migrater] timestamp=1779269643.52, migrating=False, epoch=2, total_epochs=3, configured=0 B/s, rate=0 B/s, pending=0 bytes
[migrater] timestamp=1779269643.63, migrating=False, epoch=2, total_epochs=3, configured=0 B/s, rate=0 B/s, pending=0 bytes
[migrater] timestamp=1779269643.73, migrating=False, epoch=2, total_epochs=3, configured=0 B/s, rate=0 B/s, pending=0 bytes
[migrater] timestamp=1779269643.83, migrating=False, epoch=2, total_epochs=3, configured=0 B/s, rate=0 B/s, pending=0 bytes
[migrater] timestamp=1779269643.93, migrating=False, epoch=2, total_epochs=3, configured=0 B/s, rate=0 B/s, pending=0 bytes
[migrater] timestamp=1779269644.03, migrating=False, epoch=2, total_epochs=3, configured=0 B/s, rate=0 B/s, pending=0 bytes
[migrater] timestamp=1779269644.13, migrating=False, epoch=2, total_epochs=3, configured=0 B/s, rate=0 B/s, pending=0 bytes
[migrater] timestamp=1779269644.23, migrating=False, epoch=2, total_epochs=3, configured=0 B/s, rate=0 B/s, pending=0 bytes
[migrater] timestamp=1779269644.33, migrating=False, epoch=2, total_epochs=3, configured=0 B/s, rate=0 B/s, pending=0 bytes
[migrater] timestamp=1779269644.43, migrating=False, epoch=2, total_epochs=3, configured=0 B/s, rate=0 B/s, pending=0 bytes
[migrater] timestamp=1779269644.53, migrating=False, epoch=2, total_epochs=3, configured=0 B/s, rate=0 B/s, pending=0 bytes
[migrater] timestamp=1779269644.63, migrating=False, epoch=2, total_epochs=3, configured=0 B/s, rate=0 B/s, pending=0 bytes
[migrater] timestamp=1779269644.73, migrating=False, epoch=2, total_epochs=3, configured=0 B/s, rate=0 B/s, pending=0 bytes
[migrater] timestamp=1779269644.83, migrating=False, epoch=2, total_epochs=3, configured=0 B/s, rate=0 B/s, pending=0 bytes
[migrater] timestamp=1779269644.93, migrating=False, epoch=2, total_epochs=3, configured=0 B/s, rate=0 B/s, pending=0 bytes
[migrater] timestamp=1779269645.03, migrating=False, epoch=2, total_epochs=3, configured=0 B/s, rate=0 B/s, pending=0 bytes
[migrater] timestamp=1779269645.13, migrating=False, epoch=2, total_epochs=3, configured=0 B/s, rate=0 B/s, pending=0 bytes
[migrater] timestamp=1779269645.23, migrating=False, epoch=2, total_epochs=3, configured=0 B/s, rate=0 B/s, pending=0 bytes
[migrater] timestamp=1779269645.33, migrating=False, epoch=2, total_epochs=3, configured=0 B/s, rate=0 B/s, pending=0 bytes
[migrater] timestamp=1779269645.43, migrating=False, epoch=2, total_epochs=3, configured=0 B/s, rate=0 B/s, pending=0 bytes
[migrater] timestamp=1779269645.53, migrating=False, epoch=2, total_epochs=3, configured=0 B/s, rate=0 B/s, pending=0 bytes
[migrater] timestamp=1779269645.63, migrating=False, epoch=2, total_epochs=3, configured=0 B/s, rate=0 B/s, pending=0 bytes
[migrater] timestamp=1779269645.73, migrating=False, epoch=2, total_epochs=3, configured=0 B/s, rate=0 B/s, pending=0 bytes
[migrater] timestamp=1779269645.83, migrating=False, epoch=2, total_epochs=3, configured=0 B/s, rate=0 B/s, pending=0 bytes
[migrater] timestamp=1779269645.93, migrating=False, epoch=2, total_epochs=3, configured=0 B/s, rate=0 B/s, pending=0 bytes
[migrater] timestamp=1779269646.03, migrating=False, epoch=2, total_epochs=3, configured=0 B/s, rate=0 B/s, pending=0 bytes
[migrater] timestamp=1779269646.13, migrating=False, epoch=2, total_epochs=3, configured=0 B/s, rate=0 B/s, pending=0 bytes
[migrater] timestamp=1779269646.24, migrating=False, epoch=2, total_epochs=3, configured=0 B/s, rate=0 B/s, pending=0 bytes
[migrater] timestamp=1779269646.34, migrating=False, epoch=2, total_epochs=3, configured=0 B/s, rate=0 B/s, pending=0 bytes
[migrater] timestamp=1779269646.44, migrating=False, epoch=2, total_epochs=3, configured=0 B/s, rate=0 B/s, pending=0 bytes
[migrater] timestamp=1779269646.54, migrating=False, epoch=2, total_epochs=3, configured=0 B/s, rate=0 B/s, pending=0 bytes
[migrater] timestamp=1779269646.64, migrating=False, epoch=2, total_epochs=3, configured=0 B/s, rate=0 B/s, pending=0 bytes
[migrater] timestamp=1779269646.74, migrating=False, epoch=2, total_epochs=3, configured=0 B/s, rate=0 B/s, pending=0 bytes
[migrater] timestamp=1779269646.84, migrating=False, epoch=2, total_epochs=3, configured=0 B/s, rate=0 B/s, pending=0 bytes
[migrater] timestamp=1779269646.94, migrating=False, epoch=2, total_epochs=3, configured=0 B/s, rate=0 B/s, pending=0 bytes
[migrater] timestamp=1779269647.04, migrating=False, epoch=2, total_epochs=3, configured=0 B/s, rate=0 B/s, pending=0 bytes
[migrater] timestamp=1779269647.14, migrating=False, epoch=2, total_epochs=3, configured=0 B/s, rate=0 B/s, pending=0 bytes
[migrater] timestamp=1779269647.24, migrating=False, epoch=2, total_epochs=3, configured=0 B/s, rate=0 B/s, pending=0 bytes
[migrater] timestamp=1779269647.34, migrating=False, epoch=2, total_epochs=3, configured=0 B/s, rate=0 B/s, pending=0 bytes
[migrater] timestamp=1779269647.44, migrating=False, epoch=2, total_epochs=3, configured=0 B/s, rate=0 B/s, pending=0 bytes
[migrater] timestamp=1779269647.54, migrating=False, epoch=2, total_epochs=3, configured=0 B/s, rate=0 B/s, pending=0 bytes
[migrater] timestamp=1779269647.64, migrating=False, epoch=2, total_epochs=3, configured=0 B/s, rate=0 B/s, pending=0 bytes
[migrater] timestamp=1779269647.74, migrating=False, epoch=2, total_epochs=3, configured=0 B/s, rate=0 B/s, pending=0 bytes
[migrater] timestamp=1779269647.84, migrating=False, epoch=2, total_epochs=3, configured=0 B/s, rate=0 B/s, pending=0 bytes
[migrater] timestamp=1779269647.94, migrating=False, epoch=2, total_epochs=3, configured=0 B/s, rate=0 B/s, pending=0 bytes
[migrater] timestamp=1779269648.04, migrating=False, epoch=2, total_epochs=3, configured=0 B/s, rate=0 B/s, pending=0 bytes
[migrater] timestamp=1779269648.14, migrating=False, epoch=2, total_epochs=3, configured=0 B/s, rate=0 B/s, pending=0 bytes
[migrater] timestamp=1779269648.24, migrating=False, epoch=2, total_epochs=3, configured=0 B/s, rate=0 B/s, pending=0 bytes
[migrater] timestamp=1779269648.34, migrating=False, epoch=2, total_epochs=3, configured=0 B/s, rate=0 B/s, pending=0 bytes
[migrater] timestamp=1779269648.44, migrating=False, epoch=2, total_epochs=3, configured=0 B/s, rate=0 B/s, pending=0 bytes
[migrater] timestamp=1779269648.54, migrating=False, epoch=2, total_epochs=3, configured=0 B/s, rate=0 B/s, pending=0 bytes
[migrater] timestamp=1779269648.64, migrating=False, epoch=2, total_epochs=3, configured=0 B/s, rate=0 B/s, pending=0 bytes
[migrater] timestamp=1779269648.74, migrating=False, epoch=2, total_epochs=3, configured=0 B/s, rate=0 B/s, pending=0 bytes
[migrater] timestamp=1779269648.85, migrating=False, epoch=2, total_epochs=3, configured=0 B/s, rate=0 B/s, pending=0 bytes
[migrater] timestamp=1779269648.95, migrating=False, epoch=2, total_epochs=3, configured=0 B/s, rate=0 B/s, pending=0 bytes
[migrater] timestamp=1779269649.05, migrating=False, epoch=2, total_epochs=3, configured=0 B/s, rate=0 B/s, pending=0 bytes
[migrater] timestamp=1779269649.15, migrating=False, epoch=2, total_epochs=3, configured=0 B/s, rate=0 B/s, pending=0 bytes
[migrater] timestamp=1779269649.25, migrating=False, epoch=2, total_epochs=3, configured=0 B/s, rate=0 B/s, pending=0 bytes
[migrater] timestamp=1779269649.35, migrating=False, epoch=2, total_epochs=3, configured=0 B/s, rate=0 B/s, pending=0 bytes
[migrater] timestamp=1779269649.45, migrating=False, epoch=2, total_epochs=3, configured=0 B/s, rate=0 B/s, pending=0 bytes
[migrater] timestamp=1779269649.55, migrating=False, epoch=2, total_epochs=3, configured=0 B/s, rate=0 B/s, pending=0 bytes
[migrater] timestamp=1779269649.65, migrating=False, epoch=2, total_epochs=3, configured=0 B/s, rate=0 B/s, pending=0 bytes
[migrater] timestamp=1779269649.75, migrating=False, epoch=2, total_epochs=3, configured=0 B/s, rate=0 B/s, pending=0 bytes
[migrater] timestamp=1779269649.85, migrating=False, epoch=2, total_epochs=3, configured=0 B/s, rate=0 B/s, pending=0 bytes
[migrater] timestamp=1779269649.95, migrating=False, epoch=2, total_epochs=3, configured=0 B/s, rate=0 B/s, pending=0 bytes
[migrater] timestamp=1779269650.05, migrating=False, epoch=2, total_epochs=3, configured=0 B/s, rate=0 B/s, pending=0 bytes
[migrater] timestamp=1779269650.15, migrating=False, epoch=2, total_epochs=3, configured=0 B/s, rate=0 B/s, pending=0 bytes
[migrater] timestamp=1779269650.25, migrating=False, epoch=2, total_epochs=3, configured=0 B/s, rate=0 B/s, pending=0 bytes
[migrater] timestamp=1779269650.35, migrating=False, epoch=2, total_epochs=3, configured=0 B/s, rate=0 B/s, pending=0 bytes
[migrater] timestamp=1779269650.45, migrating=False, epoch=2, total_epochs=3, configured=0 B/s, rate=0 B/s, pending=0 bytes
[migrater] timestamp=1779269650.55, migrating=False, epoch=2, total_epochs=3, configured=0 B/s, rate=0 B/s, pending=0 bytes
[migrater] timestamp=1779269650.65, migrating=False, epoch=2, total_epochs=3, configured=0 B/s, rate=0 B/s, pending=0 bytes
[migrater] timestamp=1779269650.75, migrating=False, epoch=2, total_epochs=3, configured=0 B/s, rate=0 B/s, pending=0 bytes
[migrater] timestamp=1779269650.85, migrating=False, epoch=2, total_epochs=3, configured=0 B/s, rate=0 B/s, pending=0 bytes
[migrater] timestamp=1779269650.95, migrating=False, epoch=2, total_epochs=3, configured=0 B/s, rate=0 B/s, pending=0 bytes
[migrater] timestamp=1779269651.05, migrating=False, epoch=2, total_epochs=3, configured=0 B/s, rate=0 B/s, pending=0 bytes
[migrater] timestamp=1779269651.15, migrating=False, epoch=2, total_epochs=3, configured=0 B/s, rate=0 B/s, pending=0 bytes
[migrater] timestamp=1779269651.25, migrating=False, epoch=2, total_epochs=3, configured=0 B/s, rate=0 B/s, pending=0 bytes
[migrater] timestamp=1779269651.36, migrating=False, epoch=2, total_epochs=3, configured=0 B/s, rate=0 B/s, pending=0 bytes
[migrater] timestamp=1779269651.46, migrating=False, epoch=2, total_epochs=3, configured=0 B/s, rate=0 B/s, pending=0 bytes
[migrater] timestamp=1779269651.56, migrating=False, epoch=2, total_epochs=3, configured=0 B/s, rate=0 B/s, pending=0 bytes
[migrater] timestamp=1779269651.66, migrating=False, epoch=2, total_epochs=3, configured=0 B/s, rate=0 B/s, pending=0 bytes
[migrater] timestamp=1779269651.76, migrating=False, epoch=2, total_epochs=3, configured=0 B/s, rate=0 B/s, pending=0 bytes
[migrater] timestamp=1779269651.86, migrating=False, epoch=2, total_epochs=3, configured=0 B/s, rate=0 B/s, pending=0 bytes
[migrater] timestamp=1779269651.96, migrating=False, epoch=2, total_epochs=3, configured=0 B/s, rate=0 B/s, pending=0 bytes
[migrater] timestamp=1779269652.06, migrating=False, epoch=2, total_epochs=3, configured=0 B/s, rate=0 B/s, pending=0 bytes
[migrater] timestamp=1779269652.16, migrating=False, epoch=2, total_epochs=3, configured=0 B/s, rate=0 B/s, pending=0 bytes
[migrater] timestamp=1779269652.26, migrating=False, epoch=2, total_epochs=3, configured=0 B/s, rate=0 B/s, pending=0 bytes
[migrater] timestamp=1779269652.36, migrating=False, epoch=2, total_epochs=3, configured=0 B/s, rate=0 B/s, pending=0 bytes
[migrater] timestamp=1779269652.46, migrating=False, epoch=2, total_epochs=3, configured=0 B/s, rate=0 B/s, pending=0 bytes
[migrater] timestamp=1779269652.56, migrating=False, epoch=2, total_epochs=3, configured=0 B/s, rate=0 B/s, pending=0 bytes
[migrater] timestamp=1779269652.66, migrating=False, epoch=2, total_epochs=3, configured=0 B/s, rate=0 B/s, pending=0 bytes
[migrater] timestamp=1779269652.76, migrating=False, epoch=2, total_epochs=3, configured=0 B/s, rate=0 B/s, pending=0 bytes
[migrater] timestamp=1779269652.86, migrating=False, epoch=2, total_epochs=3, configured=0 B/s, rate=0 B/s, pending=0 bytes
[migrater] timestamp=1779269652.96, migrating=False, epoch=2, total_epochs=3, configured=0 B/s, rate=0 B/s, pending=0 bytes
[migrater] timestamp=1779269653.06, migrating=False, epoch=2, total_epochs=3, configured=0 B/s, rate=0 B/s, pending=0 bytes
[migrater] timestamp=1779269653.16, migrating=False, epoch=2, total_epochs=3, configured=0 B/s, rate=0 B/s, pending=0 bytes
[migrater] timestamp=1779269653.26, migrating=False, epoch=2, total_epochs=3, configured=0 B/s, rate=0 B/s, pending=0 bytes
[migrater] timestamp=1779269653.36, migrating=False, epoch=2, total_epochs=3, configured=0 B/s, rate=0 B/s, pending=0 bytes
[migrater] timestamp=1779269653.46, migrating=False, epoch=2, total_epochs=3, configured=0 B/s, rate=0 B/s, pending=0 bytes
[migrater] timestamp=1779269653.56, migrating=False, epoch=2, total_epochs=3, configured=0 B/s, rate=0 B/s, pending=0 bytes
[migrater] timestamp=1779269653.66, migrating=False, epoch=2, total_epochs=3, configured=0 B/s, rate=0 B/s, pending=0 bytes
[migrater] timestamp=1779269653.76, migrating=False, epoch=2, total_epochs=3, configured=0 B/s, rate=0 B/s, pending=0 bytes
[migrater] timestamp=1779269653.86, migrating=False, epoch=2, total_epochs=3, configured=0 B/s, rate=0 B/s, pending=0 bytes
[migrater] timestamp=1779269653.97, migrating=False, epoch=2, total_epochs=3, configured=0 B/s, rate=0 B/s, pending=0 bytes
[migrater] timestamp=1779269654.07, migrating=False, epoch=2, total_epochs=3, configured=0 B/s, rate=0 B/s, pending=0 bytes
[migrater] timestamp=1779269654.17, migrating=False, epoch=2, total_epochs=3, configured=0 B/s, rate=0 B/s, pending=0 bytes
[migrater] timestamp=1779269654.27, migrating=False, epoch=2, total_epochs=3, configured=0 B/s, rate=0 B/s, pending=0 bytes
[migrater] timestamp=1779269654.37, migrating=False, epoch=2, total_epochs=3, configured=0 B/s, rate=0 B/s, pending=0 bytes
[migrater] timestamp=1779269654.47, migrating=False, epoch=2, total_epochs=3, configured=0 B/s, rate=0 B/s, pending=0 bytes
[migrater] timestamp=1779269654.57, migrating=False, epoch=2, total_epochs=3, configured=0 B/s, rate=0 B/s, pending=0 bytes
[migrater] timestamp=1779269654.67, migrating=False, epoch=2, total_epochs=3, configured=0 B/s, rate=0 B/s, pending=0 bytes
[migrater] timestamp=1779269654.77, migrating=False, epoch=2, total_epochs=3, configured=0 B/s, rate=0 B/s, pending=0 bytes
[migrater] timestamp=1779269654.87, migrating=False, epoch=2, total_epochs=3, configured=0 B/s, rate=0 B/s, pending=0 bytes
[migrater] timestamp=1779269654.97, migrating=False, epoch=2, total_epochs=3, configured=0 B/s, rate=0 B/s, pending=0 bytes
[migrater] timestamp=1779269655.07, migrating=False, epoch=2, total_epochs=3, configured=0 B/s, rate=0 B/s, pending=0 bytes
[migrater] timestamp=1779269655.17, migrating=False, epoch=2, total_epochs=3, configured=0 B/s, rate=0 B/s, pending=0 bytes
[migrater] timestamp=1779269655.27, migrating=False, epoch=2, total_epochs=3, configured=0 B/s, rate=0 B/s, pending=0 bytes
[migrater] timestamp=1779269655.37, migrating=False, epoch=2, total_epochs=3, configured=0 B/s, rate=0 B/s, pending=0 bytes
[migrater] timestamp=1779269655.47, migrating=False, epoch=2, total_epochs=3, configured=0 B/s, rate=0 B/s, pending=0 bytes
[migrater] timestamp=1779269655.57, migrating=False, epoch=2, total_epochs=3, configured=0 B/s, rate=0 B/s, pending=0 bytes
[migrater] timestamp=1779269655.67, migrating=False, epoch=2, total_epochs=3, configured=0 B/s, rate=0 B/s, pending=0 bytes
[migrater] timestamp=1779269655.77, migrating=False, epoch=2, total_epochs=3, configured=0 B/s, rate=0 B/s, pending=0 bytes
[migrater] timestamp=1779269655.87, migrating=False, epoch=2, total_epochs=3, configured=0 B/s, rate=0 B/s, pending=0 bytes
[migrater] timestamp=1779269655.97, migrating=False, epoch=2, total_epochs=3, configured=0 B/s, rate=0 B/s, pending=0 bytes
[migrater] timestamp=1779269656.07, migrating=False, epoch=2, total_epochs=3, configured=0 B/s, rate=0 B/s, pending=0 bytes
[migrater] timestamp=1779269656.17, migrating=False, epoch=2, total_epochs=3, configured=0 B/s, rate=0 B/s, pending=0 bytes
[migrater] timestamp=1779269656.27, migrating=False, epoch=2, total_epochs=3, configured=0 B/s, rate=0 B/s, pending=0 bytes
[migrater] timestamp=1779269656.37, migrating=False, epoch=2, total_epochs=3, configured=0 B/s, rate=0 B/s, pending=0 bytes
[migrater] timestamp=1779269656.56, migrating=False, epoch=2, total_epochs=3, configured=0 B/s, rate=0 B/s, pending=0 bytes
[migrater] timestamp=1779269656.66, migrating=False, epoch=2, total_epochs=3, configured=0 B/s, rate=0 B/s, pending=0 bytes
[migrater] timestamp=1779269656.76, migrating=False, epoch=2, total_epochs=3, configured=0 B/s, rate=0 B/s, pending=0 bytes
[migrater] timestamp=1779269656.86, migrating=False, epoch=2, total_epochs=3, configured=0 B/s, rate=0 B/s, pending=0 bytes
[migrater] timestamp=1779269656.96, migrating=False, epoch=2, total_epochs=3, configured=0 B/s, rate=0 B/s, pending=0 bytes
[migrater] timestamp=1779269657.06, migrating=False, epoch=2, total_epochs=3, configured=0 B/s, rate=0 B/s, pending=0 bytes
[migrater] timestamp=1779269657.16, migrating=False, epoch=2, total_epochs=3, configured=0 B/s, rate=0 B/s, pending=0 bytes
[migrater] timestamp=1779269657.26, migrating=False, epoch=2, total_epochs=3, configured=0 B/s, rate=0 B/s, pending=0 bytes
[migrater] timestamp=1779269657.36, migrating=False, epoch=2, total_epochs=3, configured=0 B/s, rate=0 B/s, pending=0 bytes
[migrater] timestamp=1779269657.46, migrating=False, epoch=2, total_epochs=3, configured=0 B/s, rate=0 B/s, pending=0 bytes
[migrater] timestamp=1779269657.56, migrating=False, epoch=2, total_epochs=3, configured=0 B/s, rate=0 B/s, pending=0 bytes
[migrater] timestamp=1779269657.66, migrating=False, epoch=2, total_epochs=3, configured=0 B/s, rate=0 B/s, pending=0 bytes
[migrater] timestamp=1779269657.76, migrating=False, epoch=2, total_epochs=3, configured=0 B/s, rate=0 B/s, pending=0 bytes
[migrater] timestamp=1779269657.86, migrating=False, epoch=2, total_epochs=3, configured=0 B/s, rate=0 B/s, pending=0 bytes
[migrater] timestamp=1779269657.97, migrating=False, epoch=2, total_epochs=3, configured=0 B/s, rate=0 B/s, pending=0 bytes
[migrater] timestamp=1779269658.07, migrating=False, epoch=2, total_epochs=3, configured=0 B/s, rate=0 B/s, pending=0 bytes
[migrater] timestamp=1779269658.17, migrating=False, epoch=2, total_epochs=3, configured=0 B/s, rate=0 B/s, pending=0 bytes
[migrater] timestamp=1779269658.27, migrating=False, epoch=2, total_epochs=3, configured=0 B/s, rate=0 B/s, pending=0 bytes
[migrater] timestamp=1779269658.37, migrating=False, epoch=2, total_epochs=3, configured=0 B/s, rate=0 B/s, pending=0 bytes
[migrater] timestamp=1779269658.47, migrating=False, epoch=2, total_epochs=3, configured=0 B/s, rate=0 B/s, pending=0 bytes
[migrater] timestamp=1779269658.57, migrating=False, epoch=2, total_epochs=3, configured=0 B/s, rate=0 B/s, pending=0 bytes
[migrater] timestamp=1779269658.67, migrating=False, epoch=2, total_epochs=3, configured=0 B/s, rate=0 B/s, pending=0 bytes
[migrater] timestamp=1779269658.77, migrating=False, epoch=2, total_epochs=3, configured=0 B/s, rate=0 B/s, pending=0 bytes
[migrater] timestamp=1779269658.87, migrating=False, epoch=2, total_epochs=3, configured=0 B/s, rate=0 B/s, pending=0 bytes
[migrater] timestamp=1779269658.97, migrating=False, epoch=2, total_epochs=3, configured=0 B/s, rate=0 B/s, pending=0 bytes
[migrater] timestamp=1779269659.07, migrating=False, epoch=2, total_epochs=3, configured=0 B/s, rate=0 B/s, pending=0 bytes
[migrater] timestamp=1779269659.17, migrating=False, epoch=2, total_epochs=3, configured=0 B/s, rate=0 B/s, pending=0 bytes
[migrater] timestamp=1779269659.27, migrating=False, epoch=2, total_epochs=3, configured=0 B/s, rate=0 B/s, pending=0 bytes
[migrater] timestamp=1779269659.37, migrating=False, epoch=2, total_epochs=3, configured=0 B/s, rate=0 B/s, pending=0 bytes
[migrater] timestamp=1779269659.47, migrating=False, epoch=2, total_epochs=3, configured=0 B/s, rate=0 B/s, pending=0 bytes
[migrater] timestamp=1779269659.57, migrating=False, epoch=2, total_epochs=3, configured=0 B/s, rate=0 B/s, pending=0 bytes
[migrater] timestamp=1779269659.67, migrating=False, epoch=2, total_epochs=3, configured=0 B/s, rate=0 B/s, pending=0 bytes
[migrater] timestamp=1779269659.77, migrating=False, epoch=2, total_epochs=3, configured=0 B/s, rate=0 B/s, pending=0 bytes
[migrater] timestamp=1779269659.87, migrating=False, epoch=2, total_epochs=3, configured=0 B/s, rate=0 B/s, pending=0 bytes
[migrater] timestamp=1779269659.97, migrating=False, epoch=2, total_epochs=3, configured=0 B/s, rate=0 B/s, pending=0 bytes
[migrater] timestamp=1779269660.07, migrating=False, epoch=2, total_epochs=3, configured=0 B/s, rate=0 B/s, pending=0 bytes
[migrater] timestamp=1779269660.17, migrating=False, epoch=2, total_epochs=3, configured=0 B/s, rate=0 B/s, pending=0 bytes
[migrater] timestamp=1779269660.27, migrating=False, epoch=2, total_epochs=3, configured=0 B/s, rate=0 B/s, pending=0 bytes
[migrater] timestamp=1779269660.37, migrating=False, epoch=2, total_epochs=3, configured=0 B/s, rate=0 B/s, pending=0 bytes
[migrater] timestamp=1779269660.48, migrating=False, epoch=2, total_epochs=3, configured=0 B/s, rate=0 B/s, pending=0 bytes
[migrater] timestamp=1779269660.58, migrating=False, epoch=2, total_epochs=3, configured=0 B/s, rate=0 B/s, pending=0 bytes
[migrater] timestamp=1779269660.68, migrating=False, epoch=2, total_epochs=3, configured=0 B/s, rate=0 B/s, pending=0 bytes
[migrater] timestamp=1779269660.78, migrating=False, epoch=2, total_epochs=3, configured=0 B/s, rate=0 B/s, pending=0 bytes
[migrater] timestamp=1779269660.88, migrating=False, epoch=2, total_epochs=3, configured=0 B/s, rate=0 B/s, pending=0 bytes
[migrater] timestamp=1779269660.98, migrating=False, epoch=2, total_epochs=3, configured=0 B/s, rate=0 B/s, pending=0 bytes
[migrater] timestamp=1779269661.08, migrating=False, epoch=2, total_epochs=3, configured=0 B/s, rate=0 B/s, pending=0 bytes
[migrater] timestamp=1779269661.18, migrating=False, epoch=2, total_epochs=3, configured=0 B/s, rate=0 B/s, pending=0 bytes
[migrater] timestamp=1779269661.28, migrating=False, epoch=2, total_epochs=3, configured=0 B/s, rate=0 B/s, pending=0 bytes
[migrater] timestamp=1779269661.38, migrating=False, epoch=2, total_epochs=3, configured=0 B/s, rate=0 B/s, pending=0 bytes
[migrater] timestamp=1779269661.48, migrating=False, epoch=2, total_epochs=3, configured=0 B/s, rate=0 B/s, pending=0 bytes
[migrater] timestamp=1779269661.58, migrating=False, epoch=2, total_epochs=3, configured=0 B/s, rate=0 B/s, pending=0 bytes
[migrater] timestamp=1779269661.68, migrating=False, epoch=2, total_epochs=3, configured=0 B/s, rate=0 B/s, pending=0 bytes
[migrater] timestamp=1779269661.78, migrating=False, epoch=2, total_epochs=3, configured=0 B/s, rate=0 B/s, pending=0 bytes
[migrater] timestamp=1779269661.88, migrating=False, epoch=2, total_epochs=3, configured=0 B/s, rate=0 B/s, pending=0 bytes
[migrater] timestamp=1779269661.98, migrating=False, epoch=2, total_epochs=3, configured=0 B/s, rate=0 B/s, pending=0 bytes
[migrater] timestamp=1779269662.08, migrating=False, epoch=2, total_epochs=3, configured=0 B/s, rate=0 B/s, pending=0 bytes
[migrater] timestamp=1779269662.18, migrating=False, epoch=2, total_epochs=3, configured=0 B/s, rate=0 B/s, pending=0 bytes
[migrater] timestamp=1779269662.28, migrating=False, epoch=2, total_epochs=3, configured=0 B/s, rate=0 B/s, pending=0 bytes
[migrater] timestamp=1779269662.38, migrating=False, epoch=2, total_epochs=3, configured=0 B/s, rate=0 B/s, pending=0 bytes
[migrater] timestamp=1779269662.48, migrating=False, epoch=2, total_epochs=3, configured=0 B/s, rate=0 B/s, pending=0 bytes
[migrater] timestamp=1779269662.58, migrating=False, epoch=2, total_epochs=3, configured=0 B/s, rate=0 B/s, pending=0 bytes
[migrater] timestamp=1779269662.68, migrating=False, epoch=2, total_epochs=3, configured=0 B/s, rate=0 B/s, pending=0 bytes
[migrater] timestamp=1779269662.78, migrating=False, epoch=2, total_epochs=3, configured=0 B/s, rate=0 B/s, pending=0 bytes
[migrater] timestamp=1779269662.88, migrating=False, epoch=2, total_epochs=3, configured=0 B/s, rate=0 B/s, pending=0 bytes
[migrater] timestamp=1779269662.99, migrating=False, epoch=2, total_epochs=3, configured=0 B/s, rate=0 B/s, pending=0 bytes
[migrater] timestamp=1779269663.09, migrating=False, epoch=2, total_epochs=3, configured=0 B/s, rate=0 B/s, pending=0 bytes
[migrater] timestamp=1779269663.19, migrating=False, epoch=2, total_epochs=3, configured=0 B/s, rate=0 B/s, pending=0 bytes
[migrater] timestamp=1779269663.29, migrating=False, epoch=2, total_epochs=3, configured=0 B/s, rate=0 B/s, pending=0 bytes
[migrater] timestamp=1779269663.39, migrating=False, epoch=2, total_epochs=3, configured=0 B/s, rate=0 B/s, pending=0 bytes
[migrater] timestamp=1779269663.49, migrating=False, epoch=2, total_epochs=3, configured=0 B/s, rate=0 B/s, pending=0 bytes
[migrater] timestamp=1779269663.59, migrating=False, epoch=2, total_epochs=3, configured=0 B/s, rate=0 B/s, pending=0 bytes
[migrater] timestamp=1779269663.69, migrating=False, epoch=2, total_epochs=3, configured=0 B/s, rate=0 B/s, pending=0 bytes
[migrater] timestamp=1779269663.79, migrating=False, epoch=2, total_epochs=3, configured=0 B/s, rate=0 B/s, pending=0 bytes
[migrater] timestamp=1779269663.89, migrating=False, epoch=2, total_epochs=3, configured=0 B/s, rate=0 B/s, pending=0 bytes
[migrater] timestamp=1779269663.99, migrating=False, epoch=2, total_epochs=3, configured=0 B/s, rate=0 B/s, pending=0 bytes
[migrater] timestamp=1779269664.09, migrating=False, epoch=2, total_epochs=3, configured=0 B/s, rate=0 B/s, pending=0 bytes
[migrater] timestamp=1779269664.19, migrating=False, epoch=2, total_epochs=3, configured=0 B/s, rate=0 B/s, pending=0 bytes
[migrater] timestamp=1779269664.29, migrating=False, epoch=2, total_epochs=3, configured=0 B/s, rate=0 B/s, pending=0 bytes
[migrater] timestamp=1779269664.39, migrating=False, epoch=2, total_epochs=3, configured=0 B/s, rate=0 B/s, pending=0 bytes
[migrater] timestamp=1779269664.49, migrating=False, epoch=2, total_epochs=3, configured=0 B/s, rate=0 B/s, pending=0 bytes
[migrater] timestamp=1779269664.59, migrating=False, epoch=2, total_epochs=3, configured=0 B/s, rate=0 B/s, pending=0 bytes
[migrater] timestamp=1779269664.69, migrating=False, epoch=2, total_epochs=3, configured=0 B/s, rate=0 B/s, pending=0 bytes
[migrater] timestamp=1779269664.79, migrating=False, epoch=2, total_epochs=3, configured=0 B/s, rate=0 B/s, pending=0 bytes
[migrater] timestamp=1779269664.89, migrating=False, epoch=2, total_epochs=3, configured=0 B/s, rate=0 B/s, pending=0 bytes
[migrater] timestamp=1779269664.99, migrating=False, epoch=2, total_epochs=3, configured=0 B/s, rate=0 B/s, pending=0 bytes
[migrater] timestamp=1779269665.09, migrating=False, epoch=2, total_epochs=3, configured=0 B/s, rate=0 B/s, pending=0 bytes
[migrater] timestamp=1779269665.19, migrating=False, epoch=2, total_epochs=3, configured=0 B/s, rate=0 B/s, pending=0 bytes
[migrater] timestamp=1779269665.29, migrating=False, epoch=2, total_epochs=3, configured=0 B/s, rate=0 B/s, pending=0 bytes
[migrater] timestamp=1779269665.39, migrating=False, epoch=2, total_epochs=3, configured=0 B/s, rate=0 B/s, pending=0 bytes
[migrater] timestamp=1779269665.50, migrating=False, epoch=2, total_epochs=3, configured=0 B/s, rate=0 B/s, pending=0 bytes
[migrater] timestamp=1779269665.60, migrating=False, epoch=2, total_epochs=3, configured=0 B/s, rate=0 B/s, pending=0 bytes
[migrater] timestamp=1779269665.70, migrating=False, epoch=2, total_epochs=3, configured=0 B/s, rate=0 B/s, pending=0 bytes
[migrater] timestamp=1779269665.80, migrating=False, epoch=2, total_epochs=3, configured=0 B/s, rate=0 B/s, pending=0 bytes
[migrater] timestamp=1779269665.90, migrating=False, epoch=2, total_epochs=3, configured=0 B/s, rate=0 B/s, pending=0 bytes
[migrater] timestamp=1779269666.00, migrating=False, epoch=2, total_epochs=3, configured=0 B/s, rate=0 B/s, pending=0 bytes
[migrater] timestamp=1779269666.10, migrating=False, epoch=2, total_epochs=3, configured=0 B/s, rate=0 B/s, pending=0 bytes
[migrater] timestamp=1779269666.20, migrating=False, epoch=2, total_epochs=3, configured=0 B/s, rate=0 B/s, pending=0 bytes
[migrater] timestamp=1779269666.30, migrating=False, epoch=2, total_epochs=3, configured=0 B/s, rate=0 B/s, pending=0 bytes
[migrater] timestamp=1779269666.40, migrating=False, epoch=2, total_epochs=3, configured=0 B/s, rate=0 B/s, pending=0 bytes
[migrater] timestamp=1779269666.50, migrating=False, epoch=2, total_epochs=3, configured=0 B/s, rate=0 B/s, pending=0 bytes
[migrater] timestamp=1779269666.60, migrating=False, epoch=2, total_epochs=3, configured=0 B/s, rate=0 B/s, pending=0 bytes
[migrater] timestamp=1779269667.02, migrating=False, epoch=2, total_epochs=3, configured=0 B/s, rate=0 B/s, pending=0 bytes
[migrater] timestamp=1779269667.12, migrating=False, epoch=2, total_epochs=3, configured=0 B/s, rate=0 B/s, pending=0 bytes
[migrater] timestamp=1779269667.22, migrating=False, epoch=2, total_epochs=3, configured=0 B/s, rate=0 B/s, pending=0 bytes
[migrater] timestamp=1779269667.32, migrating=False, epoch=2, total_epochs=3, configured=0 B/s, rate=0 B/s, pending=0 bytes
[migrater] timestamp=1779269667.42, migrating=False, epoch=2, total_epochs=3, configured=0 B/s, rate=0 B/s, pending=0 bytes
[migrater] timestamp=1779269667.52, migrating=False, epoch=2, total_epochs=3, configured=0 B/s, rate=0 B/s, pending=0 bytes
[migrater] timestamp=1779269667.62, migrating=False, epoch=2, total_epochs=3, configured=0 B/s, rate=0 B/s, pending=0 bytes
[migrater] timestamp=1779269667.72, migrating=False, epoch=2, total_epochs=3, configured=0 B/s, rate=0 B/s, pending=0 bytes
[migrater] timestamp=1779269667.82, migrating=False, epoch=2, total_epochs=3, configured=0 B/s, rate=0 B/s, pending=0 bytes
[migrater] timestamp=1779269667.92, migrating=False, epoch=2, total_epochs=3, configured=0 B/s, rate=0 B/s, pending=0 bytes
[migrater] timestamp=1779269668.02, migrating=False, epoch=2, total_epochs=3, configured=0 B/s, rate=0 B/s, pending=0 bytes
[migrater] timestamp=1779269668.12, migrating=False, epoch=2, total_epochs=3, configured=0 B/s, rate=0 B/s, pending=0 bytes
[migrater] timestamp=1779269668.22, migrating=False, epoch=2, total_epochs=3, configured=0 B/s, rate=0 B/s, pending=0 bytes
[migrater] timestamp=1779269668.32, migrating=False, epoch=2, total_epochs=3, configured=0 B/s, rate=0 B/s, pending=0 bytes
[migrater] timestamp=1779269668.43, migrating=False, epoch=2, total_epochs=3, configured=0 B/s, rate=0 B/s, pending=0 bytes
[migrater] timestamp=1779269668.53, migrating=False, epoch=2, total_epochs=3, configured=0 B/s, rate=0 B/s, pending=0 bytes
[migrater] timestamp=1779269668.63, migrating=False, epoch=2, total_epochs=3, configured=0 B/s, rate=0 B/s, pending=0 bytes
[migrater] timestamp=1779269668.73, migrating=False, epoch=2, total_epochs=3, configured=0 B/s, rate=0 B/s, pending=0 bytes
[migrater] timestamp=1779269668.83, migrating=False, epoch=2, total_epochs=3, configured=0 B/s, rate=0 B/s, pending=0 bytes
[migrater] timestamp=1779269668.93, migrating=False, epoch=2, total_epochs=3, configured=0 B/s, rate=0 B/s, pending=0 bytes
[migrater] timestamp=1779269669.03, migrating=False, epoch=2, total_epochs=3, configured=0 B/s, rate=0 B/s, pending=0 bytes
[migrater] timestamp=1779269669.13, migrating=False, epoch=2, total_epochs=3, configured=0 B/s, rate=0 B/s, pending=0 bytes
[migrater] timestamp=1779269669.23, migrating=False, epoch=2, total_epochs=3, configured=0 B/s, rate=0 B/s, pending=0 bytes
[migrater] timestamp=1779269669.33, migrating=False, epoch=2, total_epochs=3, configured=0 B/s, rate=0 B/s, pending=0 bytes
[migrater] timestamp=1779269669.43, migrating=False, epoch=2, total_epochs=3, configured=0 B/s, rate=0 B/s, pending=0 bytes
[migrater] timestamp=1779269669.53, migrating=False, epoch=2, total_epochs=3, configured=0 B/s, rate=0 B/s, pending=0 bytes
[migrater] timestamp=1779269669.63, migrating=False, epoch=2, total_epochs=3, configured=0 B/s, rate=0 B/s, pending=0 bytes
[migrater] timestamp=1779269669.73, migrating=False, epoch=2, total_epochs=3, configured=0 B/s, rate=0 B/s, pending=0 bytes
[migrater] timestamp=1779269669.83, migrating=False, epoch=2, total_epochs=3, configured=0 B/s, rate=0 B/s, pending=0 bytes
[migrater] timestamp=1779269669.93, migrating=False, epoch=2, total_epochs=3, configured=0 B/s, rate=0 B/s, pending=0 bytes
[migrater] timestamp=1779269670.03, migrating=False, epoch=2, total_epochs=3, configured=0 B/s, rate=0 B/s, pending=0 bytes
[migrater] timestamp=1779269670.13, migrating=False, epoch=2, total_epochs=3, configured=0 B/s, rate=0 B/s, pending=0 bytes
[migrater] timestamp=1779269670.23, migrating=False, epoch=2, total_epochs=3, configured=0 B/s, rate=0 B/s, pending=0 bytes
[migrater] timestamp=1779269670.33, migrating=False, epoch=2, total_epochs=3, configured=0 B/s, rate=0 B/s, pending=0 bytes
[migrater] timestamp=1779269670.43, migrating=False, epoch=2, total_epochs=3, configured=0 B/s, rate=0 B/s, pending=0 bytes
[migrater] timestamp=1779269670.53, migrating=False, epoch=2, total_epochs=3, configured=0 B/s, rate=0 B/s, pending=0 bytes
[migrater] timestamp=1779269670.63, migrating=False, epoch=2, total_epochs=3, configured=0 B/s, rate=0 B/s, pending=0 bytes
[migrater] timestamp=1779269670.73, migrating=False, epoch=2, total_epochs=3, configured=0 B/s, rate=0 B/s, pending=0 bytes
[migrater] timestamp=1779269670.83, migrating=False, epoch=2, total_epochs=3, configured=0 B/s, rate=0 B/s, pending=0 bytes
[migrater] timestamp=1779269670.93, migrating=False, epoch=2, total_epochs=3, configured=0 B/s, rate=0 B/s, pending=0 bytes
[migrater] timestamp=1779269671.04, migrating=False, epoch=2, total_epochs=3, configured=0 B/s, rate=0 B/s, pending=0 bytes
[migrater] timestamp=1779269671.14, migrating=False, epoch=2, total_epochs=3, configured=0 B/s, rate=0 B/s, pending=0 bytes
[migrater] timestamp=1779269671.24, migrating=False, epoch=2, total_epochs=3, configured=0 B/s, rate=0 B/s, pending=0 bytes
[migrater] timestamp=1779269671.34, migrating=False, epoch=2, total_epochs=3, configured=0 B/s, rate=0 B/s, pending=0 bytes
[migrater] timestamp=1779269671.44, migrating=False, epoch=2, total_epochs=3, configured=0 B/s, rate=0 B/s, pending=0 bytes
[migrater] timestamp=1779269671.54, migrating=False, epoch=2, total_epochs=3, configured=0 B/s, rate=0 B/s, pending=0 bytes
[migrater] timestamp=1779269671.64, migrating=False, epoch=2, total_epochs=3, configured=0 B/s, rate=0 B/s, pending=0 bytes
[migrater] timestamp=1779269671.74, migrating=False, epoch=2, total_epochs=3, configured=0 B/s, rate=0 B/s, pending=0 bytes
[migrater] timestamp=1779269671.84, migrating=False, epoch=2, total_epochs=3, configured=0 B/s, rate=0 B/s, pending=0 bytes
[migrater] timestamp=1779269671.94, migrating=False, epoch=2, total_epochs=3, configured=0 B/s, rate=0 B/s, pending=0 bytes
[migrater] timestamp=1779269672.04, migrating=False, epoch=2, total_epochs=3, configured=0 B/s, rate=0 B/s, pending=0 bytes
[migrater] timestamp=1779269672.14, migrating=False, epoch=2, total_epochs=3, configured=0 B/s, rate=0 B/s, pending=0 bytes
[migrater] timestamp=1779269672.24, migrating=False, epoch=2, total_epochs=3, configured=0 B/s, rate=0 B/s, pending=0 bytes
[migrater] timestamp=1779269672.34, migrating=False, epoch=2, total_epochs=3, configured=0 B/s, rate=0 B/s, pending=0 bytes
[migrater] timestamp=1779269672.44, migrating=False, epoch=3, total_epochs=3, configured=0 B/s, rate=0 B/s, pending=5368709120 bytes
[migrater] timestamp=1779269672.54, migrating=True, epoch=3, total_epochs=3, configured=0 B/s, rate=0 B/s, pending=5368709120 bytes
[migrater] timestamp=1779269672.55, migrating=True, epoch=3, total_epochs=3, configured=500000000 B/s, rate=481427456 B/s, pending=5318377472 bytes ([0.94%] 50331648/5368709120 bytes copied)
[migrater] timestamp=1779269672.65, migrating=True, epoch=3, total_epochs=3, configured=500000000 B/s, rate=500083366 B/s, pending=5268045824 bytes ([1.88%] 100663296/5368709120 bytes copied)
[migrater] timestamp=1779269672.75, migrating=True, epoch=3, total_epochs=3, configured=500000000 B/s, rate=500075809 B/s, pending=5217714176 bytes ([2.81%] 150994944/5368709120 bytes copied)
[migrater] timestamp=1779269672.85, migrating=True, epoch=3, total_epochs=3, configured=500000000 B/s, rate=499972589 B/s, pending=5167382528 bytes ([3.75%] 201326592/5368709120 bytes copied)
[migrater] timestamp=1779269672.95, migrating=True, epoch=3, total_epochs=3, configured=500000000 B/s, rate=499966524 B/s, pending=5117050880 bytes ([4.69%] 251658240/5368709120 bytes copied)
[migrater] timestamp=1779269673.05, migrating=True, epoch=3, total_epochs=3, configured=500000000 B/s, rate=500238835 B/s, pending=5066719232 bytes ([5.62%] 301989888/5368709120 bytes copied)
[migrater] timestamp=1779269673.15, migrating=True, epoch=3, total_epochs=3, configured=500000000 B/s, rate=499945766 B/s, pending=5016387584 bytes ([6.56%] 352321536/5368709120 bytes copied)
[migrater] timestamp=1779269673.26, migrating=True, epoch=3, total_epochs=3, configured=500000000 B/s, rate=500056636 B/s, pending=4966055936 bytes ([7.50%] 402653184/5368709120 bytes copied)
[migrater] timestamp=1779269673.36, migrating=True, epoch=3, total_epochs=3, configured=500000000 B/s, rate=499903807 B/s, pending=4915724288 bytes ([8.44%] 452984832/5368709120 bytes copied)
[migrater] timestamp=1779269673.46, migrating=True, epoch=3, total_epochs=3, configured=500000000 B/s, rate=500007356 B/s, pending=4865392640 bytes ([9.38%] 503316480/5368709120 bytes copied)
[migrater] timestamp=1779269673.56, migrating=True, epoch=3, total_epochs=3, configured=500000000 B/s, rate=500001043 B/s, pending=4815060992 bytes ([10.31%] 553648128/5368709120 bytes copied)
[migrater] timestamp=1779269673.66, migrating=True, epoch=3, total_epochs=3, configured=500000000 B/s, rate=499941698 B/s, pending=4764729344 bytes ([11.25%] 603979776/5368709120 bytes copied)
[migrater] timestamp=1779269673.76, migrating=True, epoch=3, total_epochs=3, configured=500000000 B/s, rate=500030152 B/s, pending=4714397696 bytes ([12.19%] 654311424/5368709120 bytes copied)
[migrater] timestamp=1779269673.86, migrating=True, epoch=3, total_epochs=3, configured=500000000 B/s, rate=499998714 B/s, pending=4664066048 bytes ([13.12%] 704643072/5368709120 bytes copied)
[migrater] timestamp=1779269673.96, migrating=True, epoch=3, total_epochs=3, configured=500000000 B/s, rate=499824874 B/s, pending=4613734400 bytes ([14.06%] 754974720/5368709120 bytes copied)
[migrater] timestamp=1779269674.06, migrating=True, epoch=3, total_epochs=3, configured=500000000 B/s, rate=500047241 B/s, pending=4563402752 bytes ([15.00%] 805306368/5368709120 bytes copied)
[migrater] timestamp=1779269674.16, migrating=True, epoch=3, total_epochs=3, configured=500000000 B/s, rate=499993846 B/s, pending=4513071104 bytes ([15.94%] 855638016/5368709120 bytes copied)
[migrater] timestamp=1779269674.26, migrating=True, epoch=3, total_epochs=3, configured=500000000 B/s, rate=499968213 B/s, pending=4462739456 bytes ([16.88%] 905969664/5368709120 bytes copied)
[migrater] timestamp=1779269674.36, migrating=True, epoch=3, total_epochs=3, configured=500000000 B/s, rate=500011330 B/s, pending=4412407808 bytes ([17.81%] 956301312/5368709120 bytes copied)
[migrater] timestamp=1779269674.46, migrating=True, epoch=3, total_epochs=3, configured=500000000 B/s, rate=499936479 B/s, pending=4362076160 bytes ([18.75%] 1006632960/5368709120 bytes copied)
[migrater] timestamp=1779269674.56, migrating=True, epoch=3, total_epochs=3, configured=500000000 B/s, rate=500244405 B/s, pending=4311744512 bytes ([19.69%] 1056964608/5368709120 bytes copied)
[migrater] timestamp=1779269674.66, migrating=True, epoch=3, total_epochs=3, configured=500000000 B/s, rate=500053605 B/s, pending=4261412864 bytes ([20.62%] 1107296256/5368709120 bytes copied)
[migrater] timestamp=1779269674.77, migrating=True, epoch=3, total_epochs=3, configured=500000000 B/s, rate=499868408 B/s, pending=4211081216 bytes ([21.56%] 1157627904/5368709120 bytes copied)
[migrater] timestamp=1779269674.87, migrating=True, epoch=3, total_epochs=3, configured=500000000 B/s, rate=500112982 B/s, pending=4160749568 bytes ([22.50%] 1207959552/5368709120 bytes copied)
[migrater] timestamp=1779269674.97, migrating=True, epoch=3, total_epochs=3, configured=500000000 B/s, rate=499931166 B/s, pending=4110417920 bytes ([23.44%] 1258291200/5368709120 bytes copied)
[migrater] timestamp=1779269675.07, migrating=True, epoch=3, total_epochs=3, configured=500000000 B/s, rate=500034970 B/s, pending=4060086272 bytes ([24.38%] 1308622848/5368709120 bytes copied)
[migrater] timestamp=1779269675.17, migrating=True, epoch=3, total_epochs=3, configured=500000000 B/s, rate=499944281 B/s, pending=4009754624 bytes ([25.31%] 1358954496/5368709120 bytes copied)
[migrater] timestamp=1779269675.27, migrating=True, epoch=3, total_epochs=3, configured=500000000 B/s, rate=499569281 B/s, pending=3959422976 bytes ([26.25%] 1409286144/5368709120 bytes copied)
[migrater] timestamp=1779269675.37, migrating=True, epoch=3, total_epochs=3, configured=500000000 B/s, rate=499953165 B/s, pending=3909091328 bytes ([27.19%] 1459617792/5368709120 bytes copied)
[migrater] timestamp=1779269675.47, migrating=True, epoch=3, total_epochs=3, configured=500000000 B/s, rate=499743286 B/s, pending=3858759680 bytes ([28.12%] 1509949440/5368709120 bytes copied)
[migrater] timestamp=1779269675.57, migrating=True, epoch=3, total_epochs=3, configured=500000000 B/s, rate=500039496 B/s, pending=3808428032 bytes ([29.06%] 1560281088/5368709120 bytes copied)
[migrater] timestamp=1779269675.67, migrating=True, epoch=3, total_epochs=3, configured=500000000 B/s, rate=500081125 B/s, pending=3758096384 bytes ([30.00%] 1610612736/5368709120 bytes copied)
[migrater] timestamp=1779269675.77, migrating=True, epoch=3, total_epochs=3, configured=500000000 B/s, rate=500074124 B/s, pending=3707764736 bytes ([30.94%] 1660944384/5368709120 bytes copied)
[migrater] timestamp=1779269675.87, migrating=True, epoch=3, total_epochs=3, configured=500000000 B/s, rate=499801943 B/s, pending=3657433088 bytes ([31.87%] 1711276032/5368709120 bytes copied)
[migrater] timestamp=1779269675.97, migrating=True, epoch=3, total_epochs=3, configured=500000000 B/s, rate=500158753 B/s, pending=3607101440 bytes ([32.81%] 1761607680/5368709120 bytes copied)
[migrater] timestamp=1779269676.07, migrating=True, epoch=3, total_epochs=3, configured=500000000 B/s, rate=500118845 B/s, pending=3556769792 bytes ([33.75%] 1811939328/5368709120 bytes copied)
[migrater] timestamp=1779269676.17, migrating=True, epoch=3, total_epochs=3, configured=500000000 B/s, rate=499987782 B/s, pending=3506438144 bytes ([34.69%] 1862270976/5368709120 bytes copied)
[migrater] timestamp=1779269676.28, migrating=True, epoch=3, total_epochs=3, configured=500000000 B/s, rate=500135592 B/s, pending=3456106496 bytes ([35.62%] 1912602624/5368709120 bytes copied)
[migrater] timestamp=1779269676.38, migrating=True, epoch=3, total_epochs=3, configured=500000000 B/s, rate=499955747 B/s, pending=3405774848 bytes ([36.56%] 1962934272/5368709120 bytes copied)
[migrater] timestamp=1779269676.48, migrating=True, epoch=3, total_epochs=3, configured=500000000 B/s, rate=499946615 B/s, pending=3355443200 bytes ([37.50%] 2013265920/5368709120 bytes copied)
[migrater] timestamp=1779269676.58, migrating=True, epoch=3, total_epochs=3, configured=500000000 B/s, rate=500001093 B/s, pending=3305111552 bytes ([38.44%] 2063597568/5368709120 bytes copied)
[migrater] timestamp=1779269676.68, migrating=True, epoch=3, total_epochs=3, configured=500000000 B/s, rate=500011529 B/s, pending=3254779904 bytes ([39.38%] 2113929216/5368709120 bytes copied)
[migrater] timestamp=1779269676.78, migrating=True, epoch=3, total_epochs=3, configured=500000000 B/s, rate=500027270 B/s, pending=3204448256 bytes ([40.31%] 2164260864/5368709120 bytes copied)
[migrater] timestamp=1779269676.88, migrating=True, epoch=3, total_epochs=3, configured=500000000 B/s, rate=499987985 B/s, pending=3154116608 bytes ([41.25%] 2214592512/5368709120 bytes copied)
[migrater] timestamp=1779269676.98, migrating=True, epoch=3, total_epochs=3, configured=500000000 B/s, rate=499800951 B/s, pending=3103784960 bytes ([42.19%] 2264924160/5368709120 bytes copied)
[migrater] timestamp=1779269677.08, migrating=True, epoch=3, total_epochs=3, configured=500000000 B/s, rate=499998261 B/s, pending=3053453312 bytes ([43.12%] 2315255808/5368709120 bytes copied)
[migrater] timestamp=1779269677.18, migrating=True, epoch=3, total_epochs=3, configured=500000000 B/s, rate=500016496 B/s, pending=3003121664 bytes ([44.06%] 2365587456/5368709120 bytes copied)
[migrater] timestamp=1779269677.28, migrating=True, epoch=3, total_epochs=3, configured=500000000 B/s, rate=499872330 B/s, pending=2952790016 bytes ([45.00%] 2415919104/5368709120 bytes copied)
[migrater] timestamp=1779269677.38, migrating=True, epoch=3, total_epochs=3, configured=500000000 B/s, rate=500190564 B/s, pending=2902458368 bytes ([45.94%] 2466250752/5368709120 bytes copied)
[migrater] timestamp=1779269677.48, migrating=True, epoch=3, total_epochs=3, configured=500000000 B/s, rate=500048086 B/s, pending=2852126720 bytes ([46.88%] 2516582400/5368709120 bytes copied)
[migrater] timestamp=1779269677.58, migrating=True, epoch=3, total_epochs=3, configured=500000000 B/s, rate=500099067 B/s, pending=2801795072 bytes ([47.81%] 2566914048/5368709120 bytes copied)
[migrater] timestamp=1779269677.68, migrating=True, epoch=3, total_epochs=3, configured=500000000 B/s, rate=500082273 B/s, pending=2751463424 bytes ([48.75%] 2617245696/5368709120 bytes copied)
[migrater] timestamp=1779269677.79, migrating=True, epoch=3, total_epochs=3, configured=500000000 B/s, rate=499922228 B/s, pending=2701131776 bytes ([49.69%] 2667577344/5368709120 bytes copied)
[migrater] timestamp=1779269677.89, migrating=True, epoch=3, total_epochs=3, configured=500000000 B/s, rate=500046248 B/s, pending=2650800128 bytes ([50.62%] 2717908992/5368709120 bytes copied)
[migrater] timestamp=1779269677.99, migrating=True, epoch=3, total_epochs=3, configured=500000000 B/s, rate=499979491 B/s, pending=2600468480 bytes ([51.56%] 2768240640/5368709120 bytes copied)
[migrater] timestamp=1779269678.09, migrating=True, epoch=3, total_epochs=3, configured=500000000 B/s, rate=499955102 B/s, pending=2550136832 bytes ([52.50%] 2818572288/5368709120 bytes copied)
[migrater] timestamp=1779269678.19, migrating=True, epoch=3, total_epochs=3, configured=500000000 B/s, rate=499973780 B/s, pending=2499805184 bytes ([53.44%] 2868903936/5368709120 bytes copied)
[migrater] timestamp=1779269678.29, migrating=True, epoch=3, total_epochs=3, configured=500000000 B/s, rate=500279857 B/s, pending=2449473536 bytes ([54.37%] 2919235584/5368709120 bytes copied)
[migrater] timestamp=1779269678.39, migrating=True, epoch=3, total_epochs=3, configured=500000000 B/s, rate=500035119 B/s, pending=2399141888 bytes ([55.31%] 2969567232/5368709120 bytes copied)
[migrater] timestamp=1779269678.49, migrating=True, epoch=3, total_epochs=3, configured=500000000 B/s, rate=499646000 B/s, pending=2348810240 bytes ([56.25%] 3019898880/5368709120 bytes copied)
[migrater] timestamp=1779269678.59, migrating=True, epoch=3, total_epochs=3, configured=500000000 B/s, rate=500017440 B/s, pending=2298478592 bytes ([57.19%] 3070230528/5368709120 bytes copied)
[migrater] timestamp=1779269678.69, migrating=True, epoch=3, total_epochs=3, configured=500000000 B/s, rate=500281149 B/s, pending=2248146944 bytes ([58.13%] 3120562176/5368709120 bytes copied)
[migrater] timestamp=1779269678.79, migrating=True, epoch=3, total_epochs=3, configured=500000000 B/s, rate=500060009 B/s, pending=2197815296 bytes ([59.06%] 3170893824/5368709120 bytes copied)
[migrater] timestamp=1779269678.89, migrating=True, epoch=3, total_epochs=3, configured=500000000 B/s, rate=499951477 B/s, pending=2147483648 bytes ([60.00%] 3221225472/5368709120 bytes copied)
[migrater] timestamp=1779269678.99, migrating=True, epoch=3, total_epochs=3, configured=500000000 B/s, rate=499955206 B/s, pending=2097152000 bytes ([60.94%] 3271557120/5368709120 bytes copied)
[migrater] timestamp=1779269679.09, migrating=True, epoch=3, total_epochs=3, configured=500000000 B/s, rate=499583363 B/s, pending=2046820352 bytes ([61.88%] 3321888768/5368709120 bytes copied)
[migrater] timestamp=1779269679.19, migrating=True, epoch=3, total_epochs=3, configured=500000000 B/s, rate=499581677 B/s, pending=1996488704 bytes ([62.81%] 3372220416/5368709120 bytes copied)
[migrater] timestamp=1779269679.30, migrating=True, epoch=3, total_epochs=3, configured=500000000 B/s, rate=499644463 B/s, pending=1946157056 bytes ([63.75%] 3422552064/5368709120 bytes copied)
[migrater] timestamp=1779269679.40, migrating=True, epoch=3, total_epochs=3, configured=500000000 B/s, rate=499520890 B/s, pending=1895825408 bytes ([64.69%] 3472883712/5368709120 bytes copied)
[migrater] timestamp=1779269679.50, migrating=True, epoch=3, total_epochs=3, configured=500000000 B/s, rate=499636131 B/s, pending=1845493760 bytes ([65.62%] 3523215360/5368709120 bytes copied)
[migrater] timestamp=1779269679.60, migrating=True, epoch=3, total_epochs=3, configured=500000000 B/s, rate=499363583 B/s, pending=1795162112 bytes ([66.56%] 3573547008/5368709120 bytes copied)
[migrater] timestamp=1779269679.70, migrating=True, epoch=3, total_epochs=3, configured=500000000 B/s, rate=499775391 B/s, pending=1744830464 bytes ([67.50%] 3623878656/5368709120 bytes copied)
[migrater] timestamp=1779269679.80, migrating=True, epoch=3, total_epochs=3, configured=500000000 B/s, rate=499404267 B/s, pending=1694498816 bytes ([68.44%] 3674210304/5368709120 bytes copied)
[migrater] timestamp=1779269679.90, migrating=True, epoch=3, total_epochs=3, configured=500000000 B/s, rate=499589810 B/s, pending=1644167168 bytes ([69.38%] 3724541952/5368709120 bytes copied)
[migrater] timestamp=1779269680.01, migrating=True, epoch=3, total_epochs=3, configured=500000000 B/s, rate=457385508 B/s, pending=1593835520 bytes ([70.31%] 3774873600/5368709120 bytes copied)
[migrater] timestamp=1779269680.11, migrating=True, epoch=3, total_epochs=3, configured=500000000 B/s, rate=499953368 B/s, pending=1543503872 bytes ([71.25%] 3825205248/5368709120 bytes copied)
[migrater] timestamp=1779269680.22, migrating=True, epoch=3, total_epochs=3, configured=666666666 B/s, rate=619774091 B/s, pending=1476395008 bytes ([72.50%] 3892314112/5368709120 bytes copied)
[migrater] timestamp=1779269680.32, migrating=True, epoch=3, total_epochs=3, configured=666666666 B/s, rate=666590316 B/s, pending=1409286144 bytes ([73.75%] 3959422976/5368709120 bytes copied)
[migrater] timestamp=1779269680.42, migrating=True, epoch=3, total_epochs=3, configured=666666666 B/s, rate=666302416 B/s, pending=1342177280 bytes ([75.00%] 4026531840/5368709120 bytes copied)
[migrater] timestamp=1779269680.52, migrating=True, epoch=3, total_epochs=3, configured=666666666 B/s, rate=666714294 B/s, pending=1275068416 bytes ([76.25%] 4093640704/5368709120 bytes copied)
[migrater] timestamp=1779269680.62, migrating=True, epoch=3, total_epochs=3, configured=666666666 B/s, rate=666635806 B/s, pending=1207959552 bytes ([77.50%] 4160749568/5368709120 bytes copied)
[migrater] timestamp=1779269680.72, migrating=True, epoch=3, total_epochs=3, configured=666666666 B/s, rate=666744963 B/s, pending=1140850688 bytes ([78.75%] 4227858432/5368709120 bytes copied)
[migrater] timestamp=1779269680.82, migrating=True, epoch=3, total_epochs=3, configured=666666666 B/s, rate=666559925 B/s, pending=1073741824 bytes ([80.00%] 4294967296/5368709120 bytes copied)
[migrater] timestamp=1779269680.92, migrating=True, epoch=3, total_epochs=3, configured=666666666 B/s, rate=666893182 B/s, pending=1006632960 bytes ([81.25%] 4362076160/5368709120 bytes copied)
[migrater] timestamp=1779269681.02, migrating=True, epoch=3, total_epochs=3, configured=666666666 B/s, rate=666796564 B/s, pending=939524096 bytes ([82.50%] 4429185024/5368709120 bytes copied)
[migrater] timestamp=1779269681.13, migrating=True, epoch=3, total_epochs=3, configured=666666666 B/s, rate=666120871 B/s, pending=872415232 bytes ([83.75%] 4496293888/5368709120 bytes copied)
[migrater] timestamp=1779269681.23, migrating=True, epoch=3, total_epochs=3, configured=666666666 B/s, rate=666851963 B/s, pending=805306368 bytes ([85.00%] 4563402752/5368709120 bytes copied)
[migrater] timestamp=1779269681.33, migrating=True, epoch=3, total_epochs=3, configured=666666666 B/s, rate=666606604 B/s, pending=738197504 bytes ([86.25%] 4630511616/5368709120 bytes copied)
[migrater] timestamp=1779269681.43, migrating=True, epoch=3, total_epochs=3, configured=666666666 B/s, rate=666797431 B/s, pending=671088640 bytes ([87.50%] 4697620480/5368709120 bytes copied)
[migrater] timestamp=1779269681.53, migrating=True, epoch=3, total_epochs=3, configured=666666666 B/s, rate=666603227 B/s, pending=603979776 bytes ([88.75%] 4764729344/5368709120 bytes copied)
[migrater] timestamp=1779269681.63, migrating=True, epoch=3, total_epochs=3, configured=666666666 B/s, rate=666662766 B/s, pending=536870912 bytes ([90.00%] 4831838208/5368709120 bytes copied)
[migrater] timestamp=1779269681.73, migrating=True, epoch=3, total_epochs=3, configured=666666666 B/s, rate=666791197 B/s, pending=469762048 bytes ([91.25%] 4898947072/5368709120 bytes copied)
[migrater] timestamp=1779269681.83, migrating=True, epoch=3, total_epochs=3, configured=666666666 B/s, rate=666491945 B/s, pending=402653184 bytes ([92.50%] 4966055936/5368709120 bytes copied)
[migrater] timestamp=1779269681.93, migrating=True, epoch=3, total_epochs=3, configured=666666666 B/s, rate=666477046 B/s, pending=335544320 bytes ([93.75%] 5033164800/5368709120 bytes copied)
[migrater] timestamp=1779269682.11, migrating=True, epoch=3, total_epochs=3, configured=0 B/s, rate=0 B/s, pending=335544320 bytes
[migrater] timestamp=1779269682.21, migrating=True, epoch=3, total_epochs=3, configured=0 B/s, rate=0 B/s, pending=335544320 bytes
[migrater] timestamp=1779269682.31, migrating=True, epoch=3, total_epochs=3, configured=0 B/s, rate=0 B/s, pending=335544320 bytes
[migrater] timestamp=1779269682.36, migrating=True, epoch=3, total_epochs=3, configured=1000000000 B/s, rate=58548007 B/s, pending=310378496 bytes ([94.22%] 5058330624/5368709120 bytes copied)
[migrater] timestamp=1779269682.46, migrating=True, epoch=3, total_epochs=3, configured=2000000000 B/s, rate=2148339302 B/s, pending=92274688 bytes ([98.28%] 5276434432/5368709120 bytes copied)
[migrater] timestamp=1779269682.53, migrating=False, epoch=3, total_epochs=3, configured=2000000000 B/s, rate=0 B/s, pending=0 bytes ([100.00%] 5368709120/5368709120 bytes copied)
[migrater] timestamp=1779269682.71, migrating=False, epoch=3, total_epochs=3, configured=0 B/s, rate=0 B/s, pending=0 bytes
[migrater] timestamp=1779269682.81, migrating=False, epoch=3, total_epochs=3, configured=0 B/s, rate=0 B/s, pending=0 bytes
[migrater] timestamp=1779269682.91, migrating=False, epoch=3, total_epochs=3, configured=0 B/s, rate=0 B/s, pending=0 bytes
[migrater] timestamp=1779269683.01, migrating=False, epoch=3, total_epochs=3, configured=0 B/s, rate=0 B/s, pending=0 bytes
[migrater] timestamp=1779269683.11, migrating=False, epoch=3, total_epochs=3, configured=0 B/s, rate=0 B/s, pending=0 bytes
[migrater] timestamp=1779269683.21, migrating=False, epoch=3, total_epochs=3, configured=0 B/s, rate=0 B/s, pending=0 bytes
[migrater] timestamp=1779269683.31, migrating=False, epoch=3, total_epochs=3, configured=0 B/s, rate=0 B/s, pending=0 bytes
[migrater] timestamp=1779269683.41, migrating=False, epoch=3, total_epochs=3, configured=0 B/s, rate=0 B/s, pending=0 bytes
[migrater] timestamp=1779269683.51, migrating=False, epoch=3, total_epochs=3, configured=0 B/s, rate=0 B/s, pending=0 bytes
[migrater] timestamp=1779269683.61, migrating=False, epoch=3, total_epochs=3, configured=0 B/s, rate=0 B/s, pending=0 bytes
[migrater] timestamp=1779269683.71, migrating=False, epoch=3, total_epochs=3, configured=0 B/s, rate=0 B/s, pending=0 bytes
