[migrater] timestamp=1779269570.71, migrating=False, epoch=0, total_epochs=0, configured=0 B/s, rate=0 B/s, pending=0 bytesMigrater running on 50051

[migrater] timestamp=1779269570.86, migrating=False, epoch=0, total_epochs=0, configured=0 B/s, rate=0 B/s, pending=0 bytes
[migrater] timestamp=1779269570.96, migrating=False, epoch=0, total_epochs=0, configured=0 B/s, rate=0 B/s, pending=0 bytes
[migrater] timestamp=1779269571.06, migrating=False, epoch=0, total_epochs=0, configured=0 B/s, rate=0 B/s, pending=0 bytes
[migrater] timestamp=1779269571.16, migrating=False, epoch=0, total_epochs=0, configured=0 B/s, rate=0 B/s, pending=0 bytes
[migrater] timestamp=1779269571.26, migrating=False, epoch=0, total_epochs=0, configured=0 B/s, rate=0 B/s, pending=0 bytes
[migrater] timestamp=1779269571.36, migrating=False, epoch=0, total_epochs=0, configured=0 B/s, rate=0 B/s, pending=0 bytes
[migrater] timestamp=1779269571.46, migrating=False, epoch=0, total_epochs=0, configured=0 B/s, rate=0 B/s, pending=0 bytes
[migrater] timestamp=1779269571.56, migrating=False, epoch=0, total_epochs=0, configured=0 B/s, rate=0 B/s, pending=0 bytes
[migrater] timestamp=1779269571.66, migrating=False, epoch=0, total_epochs=0, configured=0 B/s, rate=0 B/s, pending=0 bytes
[migrater] timestamp=1779269571.77, migrating=False, epoch=0, total_epochs=0, configured=0 B/s, rate=0 B/s, pending=0 bytes
[migrater] timestamp=1779269571.87, migrating=False, epoch=0, total_epochs=0, configured=0 B/s, rate=0 B/s, pending=0 bytes
[migrater] timestamp=1779269571.97, migrating=False, epoch=0, total_epochs=0, configured=0 B/s, rate=0 B/s, pending=0 bytes
[migrater] timestamp=1779269572.07, migrating=False, epoch=0, total_epochs=0, configured=0 B/s, rate=0 B/s, pending=0 bytes
[migrater] timestamp=1779269572.17, migrating=False, epoch=0, total_epochs=0, configured=0 B/s, rate=0 B/s, pending=0 bytes
[migrater] timestamp=1779269572.27, migrating=False, epoch=0, total_epochs=0, configured=0 B/s, rate=0 B/s, pending=0 bytes
[migrater] timestamp=1779269572.37, migrating=False, epoch=0, total_epochs=0, configured=0 B/s, rate=0 B/s, pending=0 bytes
[migrater] timestamp=1779269572.47, migrating=False, epoch=0, total_epochs=0, configured=0 B/s, rate=0 B/s, pending=0 bytes
[migrater] timestamp=1779269572.57, migrating=False, epoch=0, total_epochs=0, configured=0 B/s, rate=0 B/s, pending=0 bytes
[migrater] timestamp=1779269572.67, migrating=False, epoch=0, total_epochs=0, configured=0 B/s, rate=0 B/s, pending=0 bytes
[migrater] timestamp=1779269572.77, migrating=False, epoch=0, total_epochs=0, configured=0 B/s, rate=0 B/s, pending=0 bytes
[migrater] timestamp=1779269572.87, migrating=False, epoch=0, total_epochs=0, configured=0 B/s, rate=0 B/s, pending=0 bytes
[migrater] timestamp=1779269572.97, migrating=False, epoch=0, total_epochs=0, configured=0 B/s, rate=0 B/s, pending=0 bytes
[migrater] timestamp=1779269573.07, migrating=False, epoch=0, total_epochs=0, configured=0 B/s, rate=0 B/s, pending=0 bytes
[migrater] timestamp=1779269573.17, migrating=False, epoch=0, total_epochs=0, configured=0 B/s, rate=0 B/s, pending=0 bytes
[migrater] timestamp=1779269573.27, migrating=False, epoch=0, total_epochs=0, configured=0 B/s, rate=0 B/s, pending=0 bytes
[migrater] timestamp=1779269573.37, migrating=False, epoch=0, total_epochs=0, configured=0 B/s, rate=0 B/s, pending=0 bytes
[migrater] timestamp=1779269573.47, migrating=False, epoch=0, total_epochs=0, configured=0 B/s, rate=0 B/s, pending=0 bytes
[migrater] timestamp=1779269573.57, migrating=False, epoch=0, total_epochs=0, configured=0 B/s, rate=0 B/s, pending=0 bytes
[migrater] timestamp=1779269573.67, migrating=False, epoch=0, total_epochs=0, configured=0 B/s, rate=0 B/s, pending=0 bytes
[migrater] timestamp=1779269573.77, migrating=False, epoch=0, total_epochs=0, configured=0 B/s, rate=0 B/s, pending=0 bytes
[migrater] timestamp=1779269573.87, migrating=False, epoch=0, total_epochs=0, configured=0 B/s, rate=0 B/s, pending=0 bytes
[migrater] timestamp=1779269573.98, migrating=False, epoch=0, total_epochs=0, configured=0 B/s, rate=0 B/s, pending=0 bytes
[migrater] timestamp=1779269574.08, migrating=False, epoch=0, total_epochs=0, configured=0 B/s, rate=0 B/s, pending=0 bytes
[migrater] timestamp=1779269574.18, migrating=False, epoch=0, total_epochs=0, configured=0 B/s, rate=0 B/s, pending=0 bytes
[migrater] timestamp=1779269574.28, migrating=False, epoch=0, total_epochs=0, configured=0 B/s, rate=0 B/s, pending=0 bytes
[migrater] timestamp=1779269574.38, migrating=False, epoch=0, total_epochs=0, configured=0 B/s, rate=0 B/s, pending=0 bytes
[migrater] timestamp=1779269574.48, migrating=False, epoch=0, total_epochs=0, configured=0 B/s, rate=0 B/s, pending=0 bytes
[migrater] timestamp=1779269574.58, migrating=False, epoch=0, total_epochs=0, configured=0 B/s, rate=0 B/s, pending=0 bytes
[migrater] timestamp=1779269574.68, migrating=False, epoch=0, total_epochs=0, configured=0 B/s, rate=0 B/s, pending=0 bytes
[migrater] timestamp=1779269574.78, migrating=False, epoch=0, total_epochs=0, configured=0 B/s, rate=0 B/s, pending=0 bytes
[migrater] timestamp=1779269574.88, migrating=False, epoch=0, total_epochs=0, configured=0 B/s, rate=0 B/s, pending=0 bytes
[migrater] timestamp=1779269574.98, migrating=False, epoch=0, total_epochs=0, configured=0 B/s, rate=0 B/s, pending=0 bytes
[migrater] timestamp=1779269575.08, migrating=False, epoch=0, total_epochs=0, configured=0 B/s, rate=0 B/s, pending=0 bytes
[migrater] timestamp=1779269575.18, migrating=False, epoch=0, total_epochs=0, configured=0 B/s, rate=0 B/s, pending=0 bytes
[migrater] timestamp=1779269575.28, migrating=False, epoch=0, total_epochs=0, configured=0 B/s, rate=0 B/s, pending=0 bytes
[migrater] timestamp=1779269575.38, migrating=False, epoch=0, total_epochs=0, configured=0 B/s, rate=0 B/s, pending=0 bytes
[migrater] timestamp=1779269575.48, migrating=False, epoch=0, total_epochs=0, configured=0 B/s, rate=0 B/s, pending=0 bytes
[migrater] timestamp=1779269575.58, migrating=False, epoch=0, total_epochs=0, configured=0 B/s, rate=0 B/s, pending=0 bytes
[migrater] timestamp=1779269575.68, migrating=False, epoch=0, total_epochs=0, configured=0 B/s, rate=0 B/s, pending=0 bytes
[migrater] timestamp=1779269575.78, migrating=False, epoch=0, total_epochs=0, configured=0 B/s, rate=0 B/s, pending=0 bytes
[migrater] timestamp=1779269575.89, migrating=False, epoch=0, total_epochs=0, configured=0 B/s, rate=0 B/s, pending=0 bytes
[migrater] timestamp=1779269575.99, migrating=False, epoch=0, total_epochs=0, configured=0 B/s, rate=0 B/s, pending=0 bytes
[migrater] timestamp=1779269576.09, migrating=False, epoch=0, total_epochs=0, configured=0 B/s, rate=0 B/s, pending=0 bytes
[migrater] timestamp=1779269576.19, migrating=False, epoch=0, total_epochs=0, configured=0 B/s, rate=0 B/s, pending=0 bytes
[migrater] timestamp=1779269576.29, migrating=False, epoch=0, total_epochs=0, configured=0 B/s, rate=0 B/s, pending=0 bytes
[migrater] timestamp=1779269576.39, migrating=False, epoch=0, total_epochs=0, configured=0 B/s, rate=0 B/s, pending=0 bytes
[migrater] timestamp=1779269576.49, migrating=False, epoch=0, total_epochs=0, configured=0 B/s, rate=0 B/s, pending=0 bytes
[migrater] timestamp=1779269576.59, migrating=False, epoch=0, total_epochs=0, configured=0 B/s, rate=0 B/s, pending=0 bytes
[migrater] timestamp=1779269576.69, migrating=False, epoch=0, total_epochs=0, configured=0 B/s, rate=0 B/s, pending=0 bytes
[migrater] timestamp=1779269576.79, migrating=False, epoch=0, total_epochs=0, configured=0 B/s, rate=0 B/s, pending=0 bytes
[migrater] timestamp=1779269576.89, migrating=False, epoch=0, total_epochs=0, configured=0 B/s, rate=0 B/s, pending=0 bytes
[migrater] timestamp=1779269576.99, migrating=False, epoch=0, total_epochs=0, configured=0 B/s, rate=0 B/s, pending=0 bytes
[migrater] timestamp=1779269577.09, migrating=False, epoch=0, total_epochs=0, configured=0 B/s, rate=0 B/s, pending=0 bytes
[migrater] timestamp=1779269577.19, migrating=False, epoch=0, total_epochs=0, configured=0 B/s, rate=0 B/s, pending=0 bytes
[migrater] timestamp=1779269577.29, migrating=False, epoch=0, total_epochs=0, configured=0 B/s, rate=0 B/s, pending=0 bytes
[migrater] timestamp=1779269577.39, migrating=False, epoch=0, total_epochs=0, configured=0 B/s, rate=0 B/s, pending=0 bytes
[migrater] timestamp=1779269577.49, migrating=False, epoch=0, total_epochs=0, configured=0 B/s, rate=0 B/s, pending=0 bytes
[migrater] timestamp=1779269577.59, migrating=False, epoch=0, total_epochs=0, configured=0 B/s, rate=0 B/s, pending=0 bytes
[migrater] timestamp=1779269577.70, migrating=False, epoch=0, total_epochs=0, configured=0 B/s, rate=0 B/s, pending=0 bytes
[migrater] timestamp=1779269577.80, migrating=False, epoch=0, total_epochs=0, configured=0 B/s, rate=0 B/s, pending=0 bytes
[migrater] timestamp=1779269577.90, migrating=False, epoch=0, total_epochs=0, configured=0 B/s, rate=0 B/s, pending=0 bytes
[migrater] timestamp=1779269578.00, migrating=False, epoch=0, total_epochs=0, configured=0 B/s, rate=0 B/s, pending=0 bytes
[migrater] timestamp=1779269578.10, migrating=False, epoch=0, total_epochs=0, configured=0 B/s, rate=0 B/s, pending=0 bytes
[migrater] timestamp=1779269578.20, migrating=False, epoch=0, total_epochs=0, configured=0 B/s, rate=0 B/s, pending=0 bytes
[migrater] timestamp=1779269578.30, migrating=False, epoch=0, total_epochs=0, configured=0 B/s, rate=0 B/s, pending=0 bytes
[migrater] timestamp=1779269578.40, migrating=False, epoch=0, total_epochs=0, configured=0 B/s, rate=0 B/s, pending=0 bytes
[migrater] timestamp=1779269578.50, migrating=False, epoch=0, total_epochs=0, configured=0 B/s, rate=0 B/s, pending=0 bytes
[migrater] timestamp=1779269578.60, migrating=False, epoch=0, total_epochs=0, configured=0 B/s, rate=0 B/s, pending=0 bytes
[migrater] timestamp=1779269578.70, migrating=False, epoch=0, total_epochs=0, configured=0 B/s, rate=0 B/s, pending=0 bytes
[migrater] timestamp=1779269578.80, migrating=False, epoch=1, total_epochs=3, configured=0 B/s, rate=0 B/s, pending=5368709120 bytes
[migrater] timestamp=1779269578.90, migrating=True, epoch=1, total_epochs=3, configured=0 B/s, rate=0 B/s, pending=5368709120 bytes
[migrater] timestamp=1779269578.92, migrating=True, epoch=1, total_epochs=3, configured=666666666 B/s, rate=1921319118 B/s, pending=5175771136 bytes ([3.59%] 192937984/5368709120 bytes copied)
[migrater] timestamp=1779269579.02, migrating=True, epoch=1, total_epochs=3, configured=500000000 B/s, rate=668625025 B/s, pending=5108662272 bytes ([4.84%] 260046848/5368709120 bytes copied)
[migrater] timestamp=1779269579.12, migrating=True, epoch=1, total_epochs=3, configured=500000000 B/s, rate=500184813 B/s, pending=5058330624 bytes ([5.78%] 310378496/5368709120 bytes copied)
[migrater] timestamp=1779269579.22, migrating=True, epoch=1, total_epochs=3, configured=500000000 B/s, rate=499967135 B/s, pending=5007998976 bytes ([6.72%] 360710144/5368709120 bytes copied)
[migrater] timestamp=1779269579.32, migrating=True, epoch=1, total_epochs=3, configured=500000000 B/s, rate=499983872 B/s, pending=4957667328 bytes ([7.66%] 411041792/5368709120 bytes copied)
[migrater] timestamp=1779269579.42, migrating=True, epoch=1, total_epochs=3, configured=500000000 B/s, rate=499792622 B/s, pending=4907335680 bytes ([8.59%] 461373440/5368709120 bytes copied)
[migrater] timestamp=1779269579.52, migrating=True, epoch=1, total_epochs=3, configured=500000000 B/s, rate=499969072 B/s, pending=4857004032 bytes ([9.53%] 511705088/5368709120 bytes copied)
[migrater] timestamp=1779269579.62, migrating=True, epoch=1, total_epochs=3, configured=500000000 B/s, rate=500035681 B/s, pending=4806672384 bytes ([10.47%] 562036736/5368709120 bytes copied)
[migrater] timestamp=1779269579.72, migrating=True, epoch=1, total_epochs=3, configured=500000000 B/s, rate=499961176 B/s, pending=4756340736 bytes ([11.41%] 612368384/5368709120 bytes copied)
[migrater] timestamp=1779269579.82, migrating=True, epoch=1, total_epochs=3, configured=500000000 B/s, rate=500050038 B/s, pending=4706009088 bytes ([12.34%] 662700032/5368709120 bytes copied)
[migrater] timestamp=1779269579.92, migrating=True, epoch=1, total_epochs=3, configured=500000000 B/s, rate=500125022 B/s, pending=4655677440 bytes ([13.28%] 713031680/5368709120 bytes copied)
[migrater] timestamp=1779269580.02, migrating=True, epoch=1, total_epochs=3, configured=500000000 B/s, rate=499900148 B/s, pending=4605345792 bytes ([14.22%] 763363328/5368709120 bytes copied)
[migrater] timestamp=1779269580.12, migrating=True, epoch=1, total_epochs=3, configured=500000000 B/s, rate=500148424 B/s, pending=4555014144 bytes ([15.16%] 813694976/5368709120 bytes copied)
[migrater] timestamp=1779269580.22, migrating=True, epoch=1, total_epochs=3, configured=500000000 B/s, rate=499987449 B/s, pending=4504682496 bytes ([16.09%] 864026624/5368709120 bytes copied)
[migrater] timestamp=1779269580.32, migrating=True, epoch=1, total_epochs=3, configured=500000000 B/s, rate=499746571 B/s, pending=4454350848 bytes ([17.03%] 914358272/5368709120 bytes copied)
[migrater] timestamp=1779269580.42, migrating=True, epoch=1, total_epochs=3, configured=500000000 B/s, rate=500252523 B/s, pending=4404019200 bytes ([17.97%] 964689920/5368709120 bytes copied)
[migrater] timestamp=1779269580.53, migrating=True, epoch=1, total_epochs=3, configured=500000000 B/s, rate=499912461 B/s, pending=4353687552 bytes ([18.91%] 1015021568/5368709120 bytes copied)
[migrater] timestamp=1779269580.63, migrating=True, epoch=1, total_epochs=3, configured=500000000 B/s, rate=500051379 B/s, pending=4303355904 bytes ([19.84%] 1065353216/5368709120 bytes copied)
[migrater] timestamp=1779269580.73, migrating=True, epoch=1, total_epochs=3, configured=500000000 B/s, rate=500029223 B/s, pending=4253024256 bytes ([20.78%] 1115684864/5368709120 bytes copied)
[migrater] timestamp=1779269580.83, migrating=True, epoch=1, total_epochs=3, configured=500000000 B/s, rate=500063452 B/s, pending=4202692608 bytes ([21.72%] 1166016512/5368709120 bytes copied)
[migrater] timestamp=1779269580.93, migrating=True, epoch=1, total_epochs=3, configured=500000000 B/s, rate=499767863 B/s, pending=4152360960 bytes ([22.66%] 1216348160/5368709120 bytes copied)
[migrater] timestamp=1779269581.03, migrating=True, epoch=1, total_epochs=3, configured=500000000 B/s, rate=499916831 B/s, pending=4102029312 bytes ([23.59%] 1266679808/5368709120 bytes copied)
[migrater] timestamp=1779269581.13, migrating=True, epoch=1, total_epochs=3, configured=500000000 B/s, rate=500078805 B/s, pending=4051697664 bytes ([24.53%] 1317011456/5368709120 bytes copied)
[migrater] timestamp=1779269581.23, migrating=True, epoch=1, total_epochs=3, configured=500000000 B/s, rate=500090879 B/s, pending=4001366016 bytes ([25.47%] 1367343104/5368709120 bytes copied)
[migrater] timestamp=1779269581.33, migrating=True, epoch=1, total_epochs=3, configured=500000000 B/s, rate=499979204 B/s, pending=3951034368 bytes ([26.41%] 1417674752/5368709120 bytes copied)
[migrater] timestamp=1779269581.43, migrating=True, epoch=1, total_epochs=3, configured=500000000 B/s, rate=500078308 B/s, pending=3900702720 bytes ([27.34%] 1468006400/5368709120 bytes copied)
[migrater] timestamp=1779269581.53, migrating=True, epoch=1, total_epochs=3, configured=500000000 B/s, rate=499954074 B/s, pending=3850371072 bytes ([28.28%] 1518338048/5368709120 bytes copied)
[migrater] timestamp=1779269581.63, migrating=True, epoch=1, total_epochs=3, configured=500000000 B/s, rate=499766523 B/s, pending=3800039424 bytes ([29.22%] 1568669696/5368709120 bytes copied)
[migrater] timestamp=1779269581.73, migrating=True, epoch=1, total_epochs=3, configured=500000000 B/s, rate=500099823 B/s, pending=3749707776 bytes ([30.16%] 1619001344/5368709120 bytes copied)
[migrater] timestamp=1779269581.83, migrating=True, epoch=1, total_epochs=3, configured=500000000 B/s, rate=500025050 B/s, pending=3699376128 bytes ([31.09%] 1669332992/5368709120 bytes copied)
[migrater] timestamp=1779269581.93, migrating=True, epoch=1, total_epochs=3, configured=500000000 B/s, rate=499969916 B/s, pending=3649044480 bytes ([32.03%] 1719664640/5368709120 bytes copied)
[migrater] timestamp=1779269582.04, migrating=True, epoch=1, total_epochs=3, configured=500000000 B/s, rate=499956656 B/s, pending=3598712832 bytes ([32.97%] 1769996288/5368709120 bytes copied)
[migrater] timestamp=1779269582.14, migrating=True, epoch=1, total_epochs=3, configured=500000000 B/s, rate=500043828 B/s, pending=3548381184 bytes ([33.91%] 1820327936/5368709120 bytes copied)
[migrater] timestamp=1779269582.24, migrating=True, epoch=1, total_epochs=3, configured=500000000 B/s, rate=499971356 B/s, pending=3498049536 bytes ([34.84%] 1870659584/5368709120 bytes copied)
[migrater] timestamp=1779269582.34, migrating=True, epoch=1, total_epochs=3, configured=500000000 B/s, rate=499980992 B/s, pending=3447717888 bytes ([35.78%] 1920991232/5368709120 bytes copied)
[migrater] timestamp=1779269582.44, migrating=True, epoch=1, total_epochs=3, configured=500000000 B/s, rate=499937041 B/s, pending=3397386240 bytes ([36.72%] 1971322880/5368709120 bytes copied)
[migrater] timestamp=1779269582.54, migrating=True, epoch=1, total_epochs=3, configured=500000000 B/s, rate=499945284 B/s, pending=3347054592 bytes ([37.66%] 2021654528/5368709120 bytes copied)
[migrater] timestamp=1779269582.64, migrating=True, epoch=1, total_epochs=3, configured=500000000 B/s, rate=499945185 B/s, pending=3296722944 bytes ([38.59%] 2071986176/5368709120 bytes copied)
[migrater] timestamp=1779269582.74, migrating=True, epoch=1, total_epochs=3, configured=500000000 B/s, rate=499965645 B/s, pending=3246391296 bytes ([39.53%] 2122317824/5368709120 bytes copied)
[migrater] timestamp=1779269582.84, migrating=True, epoch=1, total_epochs=3, configured=500000000 B/s, rate=500174469 B/s, pending=3196059648 bytes ([40.47%] 2172649472/5368709120 bytes copied)
[migrater] timestamp=1779269582.94, migrating=True, epoch=1, total_epochs=3, configured=500000000 B/s, rate=500139583 B/s, pending=3145728000 bytes ([41.41%] 2222981120/5368709120 bytes copied)
[migrater] timestamp=1779269583.04, migrating=True, epoch=1, total_epochs=3, configured=500000000 B/s, rate=499845235 B/s, pending=3095396352 bytes ([42.34%] 2273312768/5368709120 bytes copied)
[migrater] timestamp=1779269583.14, migrating=True, epoch=1, total_epochs=3, configured=500000000 B/s, rate=500081145 B/s, pending=3045064704 bytes ([43.28%] 2323644416/5368709120 bytes copied)
[migrater] timestamp=1779269583.24, migrating=True, epoch=1, total_epochs=3, configured=500000000 B/s, rate=500007515 B/s, pending=2994733056 bytes ([44.22%] 2373976064/5368709120 bytes copied)
[migrater] timestamp=1779269583.34, migrating=True, epoch=1, total_epochs=3, configured=500000000 B/s, rate=500086705 B/s, pending=2944401408 bytes ([45.16%] 2424307712/5368709120 bytes copied)
[migrater] timestamp=1779269583.44, migrating=True, epoch=1, total_epochs=3, configured=500000000 B/s, rate=499976422 B/s, pending=2894069760 bytes ([46.09%] 2474639360/5368709120 bytes copied)
[migrater] timestamp=1779269583.55, migrating=True, epoch=1, total_epochs=3, configured=500000000 B/s, rate=499901339 B/s, pending=2843738112 bytes ([47.03%] 2524971008/5368709120 bytes copied)
[migrater] timestamp=1779269583.65, migrating=True, epoch=1, total_epochs=3, configured=500000000 B/s, rate=500086854 B/s, pending=2793406464 bytes ([47.97%] 2575302656/5368709120 bytes copied)
[migrater] timestamp=1779269583.75, migrating=True, epoch=1, total_epochs=3, configured=500000000 B/s, rate=499932919 B/s, pending=2743074816 bytes ([48.91%] 2625634304/5368709120 bytes copied)
[migrater] timestamp=1779269583.85, migrating=True, epoch=1, total_epochs=3, configured=500000000 B/s, rate=500030763 B/s, pending=2692743168 bytes ([49.84%] 2675965952/5368709120 bytes copied)
[migrater] timestamp=1779269583.95, migrating=True, epoch=1, total_epochs=3, configured=500000000 B/s, rate=499914050 B/s, pending=2642411520 bytes ([50.78%] 2726297600/5368709120 bytes copied)
[migrater] timestamp=1779269584.05, migrating=True, epoch=1, total_epochs=3, configured=500000000 B/s, rate=499832031 B/s, pending=2592079872 bytes ([51.72%] 2776629248/5368709120 bytes copied)
[migrater] timestamp=1779269584.15, migrating=True, epoch=1, total_epochs=3, configured=500000000 B/s, rate=500080002 B/s, pending=2541748224 bytes ([52.66%] 2826960896/5368709120 bytes copied)
[migrater] timestamp=1779269584.25, migrating=True, epoch=1, total_epochs=3, configured=500000000 B/s, rate=499998922 B/s, pending=2491416576 bytes ([53.59%] 2877292544/5368709120 bytes copied)
[migrater] timestamp=1779269584.35, migrating=True, epoch=1, total_epochs=3, configured=500000000 B/s, rate=500022467 B/s, pending=2441084928 bytes ([54.53%] 2927624192/5368709120 bytes copied)
[migrater] timestamp=1779269584.45, migrating=True, epoch=1, total_epochs=3, configured=500000000 B/s, rate=500213441 B/s, pending=2390753280 bytes ([55.47%] 2977955840/5368709120 bytes copied)
[migrater] timestamp=1779269584.55, migrating=True, epoch=1, total_epochs=3, configured=500000000 B/s, rate=499986157 B/s, pending=2340421632 bytes ([56.41%] 3028287488/5368709120 bytes copied)
[migrater] timestamp=1779269584.65, migrating=True, epoch=1, total_epochs=3, configured=500000000 B/s, rate=499872047 B/s, pending=2290089984 bytes ([57.34%] 3078619136/5368709120 bytes copied)
[migrater] timestamp=1779269584.75, migrating=True, epoch=1, total_epochs=3, configured=500000000 B/s, rate=500275048 B/s, pending=2239758336 bytes ([58.28%] 3128950784/5368709120 bytes copied)
[migrater] timestamp=1779269584.85, migrating=True, epoch=1, total_epochs=3, configured=500000000 B/s, rate=500041344 B/s, pending=2189426688 bytes ([59.22%] 3179282432/5368709120 bytes copied)
[migrater] timestamp=1779269584.95, migrating=True, epoch=1, total_epochs=3, configured=500000000 B/s, rate=500025001 B/s, pending=2139095040 bytes ([60.16%] 3229614080/5368709120 bytes copied)
[migrater] timestamp=1779269585.06, migrating=True, epoch=1, total_epochs=3, configured=500000000 B/s, rate=499789495 B/s, pending=2088763392 bytes ([61.09%] 3279945728/5368709120 bytes copied)
[migrater] timestamp=1779269585.16, migrating=True, epoch=1, total_epochs=3, configured=500000000 B/s, rate=500110959 B/s, pending=2038431744 bytes ([62.03%] 3330277376/5368709120 bytes copied)
[migrater] timestamp=1779269585.26, migrating=True, epoch=1, total_epochs=3, configured=500000000 B/s, rate=500014469 B/s, pending=1988100096 bytes ([62.97%] 3380609024/5368709120 bytes copied)
[migrater] timestamp=1779269585.36, migrating=True, epoch=1, total_epochs=3, configured=500000000 B/s, rate=500033694 B/s, pending=1937768448 bytes ([63.91%] 3430940672/5368709120 bytes copied)
[migrater] timestamp=1779269585.46, migrating=True, epoch=1, total_epochs=3, configured=500000000 B/s, rate=499835808 B/s, pending=1887436800 bytes ([64.84%] 3481272320/5368709120 bytes copied)
[migrater] timestamp=1779269585.56, migrating=True, epoch=1, total_epochs=3, configured=500000000 B/s, rate=500007168 B/s, pending=1837105152 bytes ([65.78%] 3531603968/5368709120 bytes copied)
[migrater] timestamp=1779269585.66, migrating=True, epoch=1, total_epochs=3, configured=500000000 B/s, rate=499961424 B/s, pending=1786773504 bytes ([66.72%] 3581935616/5368709120 bytes copied)
[migrater] timestamp=1779269585.76, migrating=True, epoch=1, total_epochs=3, configured=500000000 B/s, rate=500025200 B/s, pending=1736441856 bytes ([67.66%] 3632267264/5368709120 bytes copied)
[migrater] timestamp=1779269585.86, migrating=True, epoch=1, total_epochs=3, configured=500000000 B/s, rate=500029173 B/s, pending=1686110208 bytes ([68.59%] 3682598912/5368709120 bytes copied)
[migrater] timestamp=1779269585.96, migrating=True, epoch=1, total_epochs=3, configured=500000000 B/s, rate=499975230 B/s, pending=1635778560 bytes ([69.53%] 3732930560/5368709120 bytes copied)
[migrater] timestamp=1779269586.06, migrating=True, epoch=1, total_epochs=3, configured=500000000 B/s, rate=500222240 B/s, pending=1585446912 bytes ([70.47%] 3783262208/5368709120 bytes copied)
[migrater] timestamp=1779269586.16, migrating=True, epoch=1, total_epochs=3, configured=500000000 B/s, rate=499955266 B/s, pending=1535115264 bytes ([71.41%] 3833593856/5368709120 bytes copied)
[migrater] timestamp=1779269586.26, migrating=True, epoch=1, total_epochs=3, configured=500000000 B/s, rate=499974933 B/s, pending=1484783616 bytes ([72.34%] 3883925504/5368709120 bytes copied)
[migrater] timestamp=1779269586.36, migrating=True, epoch=1, total_epochs=3, configured=500000000 B/s, rate=500001058 B/s, pending=1434451968 bytes ([73.28%] 3934257152/5368709120 bytes copied)
[migrater] timestamp=1779269586.46, migrating=True, epoch=1, total_epochs=3, configured=500000000 B/s, rate=499983773 B/s, pending=1384120320 bytes ([74.22%] 3984588800/5368709120 bytes copied)
[migrater] timestamp=1779269586.57, migrating=True, epoch=1, total_epochs=3, configured=500000000 B/s, rate=500041692 B/s, pending=1333788672 bytes ([75.16%] 4034920448/5368709120 bytes copied)
[migrater] timestamp=1779269586.67, migrating=True, epoch=1, total_epochs=3, configured=500000000 B/s, rate=499966291 B/s, pending=1283457024 bytes ([76.09%] 4085252096/5368709120 bytes copied)
[migrater] timestamp=1779269586.77, migrating=True, epoch=1, total_epochs=3, configured=500000000 B/s, rate=499990577 B/s, pending=1233125376 bytes ([77.03%] 4135583744/5368709120 bytes copied)
[migrater] timestamp=1779269586.87, migrating=True, epoch=1, total_epochs=3, configured=500000000 B/s, rate=500034737 B/s, pending=1182793728 bytes ([77.97%] 4185915392/5368709120 bytes copied)
[migrater] timestamp=1779269586.97, migrating=True, epoch=1, total_epochs=3, configured=500000000 B/s, rate=499803050 B/s, pending=1132462080 bytes ([78.91%] 4236247040/5368709120 bytes copied)
[migrater] timestamp=1779269587.07, migrating=True, epoch=1, total_epochs=3, configured=500000000 B/s, rate=499977962 B/s, pending=1082130432 bytes ([79.84%] 4286578688/5368709120 bytes copied)
[migrater] timestamp=1779269587.17, migrating=True, epoch=1, total_epochs=3, configured=500000000 B/s, rate=500008310 B/s, pending=1031798784 bytes ([80.78%] 4336910336/5368709120 bytes copied)
[migrater] timestamp=1779269587.27, migrating=True, epoch=1, total_epochs=3, configured=500000000 B/s, rate=499750247 B/s, pending=981467136 bytes ([81.72%] 4387241984/5368709120 bytes copied)
[migrater] timestamp=1779269587.48, migrating=True, epoch=1, total_epochs=3, configured=0 B/s, rate=0 B/s, pending=981467136 bytes
[migrater] timestamp=1779269587.58, migrating=True, epoch=1, total_epochs=3, configured=0 B/s, rate=0 B/s, pending=981467136 bytes
[migrater] timestamp=1779269587.64, migrating=True, epoch=1, total_epochs=3, configured=500000000 B/s, rate=91759103 B/s, pending=947912704 bytes ([82.34%] 4420796416/5368709120 bytes copied)
[migrater] timestamp=1779269587.74, migrating=True, epoch=1, total_epochs=3, configured=500000000 B/s, rate=1934259449 B/s, pending=746586112 bytes ([86.09%] 4622123008/5368709120 bytes copied)
[migrater] timestamp=1779269587.84, migrating=True, epoch=1, total_epochs=3, configured=500000000 B/s, rate=499984468 B/s, pending=696254464 bytes ([87.03%] 4672454656/5368709120 bytes copied)
[migrater] timestamp=1779269587.94, migrating=True, epoch=1, total_epochs=3, configured=500000000 B/s, rate=499999170 B/s, pending=645922816 bytes ([87.97%] 4722786304/5368709120 bytes copied)
[migrater] timestamp=1779269588.04, migrating=True, epoch=1, total_epochs=3, configured=500000000 B/s, rate=500155085 B/s, pending=595591168 bytes ([88.91%] 4773117952/5368709120 bytes copied)
[migrater] timestamp=1779269588.14, migrating=True, epoch=1, total_epochs=3, configured=500000000 B/s, rate=500048100 B/s, pending=545259520 bytes ([89.84%] 4823449600/5368709120 bytes copied)
[migrater] timestamp=1779269588.24, migrating=True, epoch=1, total_epochs=3, configured=500000000 B/s, rate=499972450 B/s, pending=494927872 bytes ([90.78%] 4873781248/5368709120 bytes copied)
[migrater] timestamp=1779269588.34, migrating=True, epoch=1, total_epochs=3, configured=500000000 B/s, rate=499983624 B/s, pending=444596224 bytes ([91.72%] 4924112896/5368709120 bytes copied)
[migrater] timestamp=1779269588.44, migrating=True, epoch=1, total_epochs=3, configured=500000000 B/s, rate=499952038 B/s, pending=394264576 bytes ([92.66%] 4974444544/5368709120 bytes copied)
[migrater] timestamp=1779269588.54, migrating=True, epoch=1, total_epochs=3, configured=500000000 B/s, rate=418223161 B/s, pending=352321536 bytes ([93.44%] 5016387584/5368709120 bytes copied)
[migrater] timestamp=1779269588.65, migrating=True, epoch=1, total_epochs=3, configured=500000000 B/s, rate=581191085 B/s, pending=293601280 bytes ([94.53%] 5075107840/5368709120 bytes copied)
[migrater] timestamp=1779269588.75, migrating=True, epoch=1, total_epochs=3, configured=500000000 B/s, rate=500041493 B/s, pending=243269632 bytes ([95.47%] 5125439488/5368709120 bytes copied)
[migrater] timestamp=1779269588.85, migrating=True, epoch=1, total_epochs=3, configured=500000000 B/s, rate=499972996 B/s, pending=192937984 bytes ([96.41%] 5175771136/5368709120 bytes copied)
[migrater] timestamp=1779269588.95, migrating=True, epoch=1, total_epochs=3, configured=500000000 B/s, rate=499839630 B/s, pending=142606336 bytes ([97.34%] 5226102784/5368709120 bytes copied)
[migrater] timestamp=1779269589.05, migrating=True, epoch=1, total_epochs=3, configured=500000000 B/s, rate=500013526 B/s, pending=92274688 bytes ([98.28%] 5276434432/5368709120 bytes copied)
[migrater] timestamp=1779269589.15, migrating=True, epoch=1, total_epochs=3, configured=500000000 B/s, rate=500019188 B/s, pending=41943040 bytes ([99.22%] 5326766080/5368709120 bytes copied)
[migrater] timestamp=1779269589.25, migrating=False, epoch=1, total_epochs=3, configured=500000000 B/s, rate=0 B/s, pending=0 bytes ([100.00%] 5368709120/5368709120 bytes copied)
[migrater] timestamp=1779269589.39, migrating=False, epoch=1, total_epochs=3, configured=0 B/s, rate=0 B/s, pending=0 bytes
[migrater] timestamp=1779269589.50, migrating=False, epoch=1, total_epochs=3, configured=0 B/s, rate=0 B/s, pending=0 bytes
[migrater] timestamp=1779269589.60, migrating=False, epoch=1, total_epochs=3, configured=0 B/s, rate=0 B/s, pending=0 bytes
[migrater] timestamp=1779269589.70, migrating=False, epoch=1, total_epochs=3, configured=0 B/s, rate=0 B/s, pending=0 bytes
[migrater] timestamp=1779269589.80, migrating=False, epoch=1, total_epochs=3, configured=0 B/s, rate=0 B/s, pending=0 bytes
[migrater] timestamp=1779269589.90, migrating=False, epoch=1, total_epochs=3, configured=0 B/s, rate=0 B/s, pending=0 bytes
[migrater] timestamp=1779269590.00, migrating=False, epoch=1, total_epochs=3, configured=0 B/s, rate=0 B/s, pending=0 bytes
[migrater] timestamp=1779269590.10, migrating=False, epoch=1, total_epochs=3, configured=0 B/s, rate=0 B/s, pending=0 bytes
[migrater] timestamp=1779269590.20, migrating=False, epoch=1, total_epochs=3, configured=0 B/s, rate=0 B/s, pending=0 bytes
[migrater] timestamp=1779269590.30, migrating=False, epoch=1, total_epochs=3, configured=0 B/s, rate=0 B/s, pending=0 bytes
[migrater] timestamp=1779269590.40, migrating=False, epoch=1, total_epochs=3, configured=0 B/s, rate=0 B/s, pending=0 bytes
[migrater] timestamp=1779269590.50, migrating=False, epoch=1, total_epochs=3, configured=0 B/s, rate=0 B/s, pending=0 bytes
[migrater] timestamp=1779269590.60, migrating=False, epoch=1, total_epochs=3, configured=0 B/s, rate=0 B/s, pending=0 bytes
[migrater] timestamp=1779269590.70, migrating=False, epoch=1, total_epochs=3, configured=0 B/s, rate=0 B/s, pending=0 bytes
[migrater] timestamp=1779269590.80, migrating=False, epoch=1, total_epochs=3, configured=0 B/s, rate=0 B/s, pending=0 bytes
[migrater] timestamp=1779269590.90, migrating=False, epoch=1, total_epochs=3, configured=0 B/s, rate=0 B/s, pending=0 bytes
[migrater] timestamp=1779269591.00, migrating=False, epoch=1, total_epochs=3, configured=0 B/s, rate=0 B/s, pending=0 bytes
[migrater] timestamp=1779269591.10, migrating=False, epoch=1, total_epochs=3, configured=0 B/s, rate=0 B/s, pending=0 bytes
[migrater] timestamp=1779269591.20, migrating=False, epoch=1, total_epochs=3, configured=0 B/s, rate=0 B/s, pending=0 bytes
[migrater] timestamp=1779269591.30, migrating=False, epoch=1, total_epochs=3, configured=0 B/s, rate=0 B/s, pending=0 bytes
[migrater] timestamp=1779269591.40, migrating=False, epoch=1, total_epochs=3, configured=0 B/s, rate=0 B/s, pending=0 bytes
[migrater] timestamp=1779269591.50, migrating=False, epoch=1, total_epochs=3, configured=0 B/s, rate=0 B/s, pending=0 bytes
[migrater] timestamp=1779269591.60, migrating=False, epoch=1, total_epochs=3, configured=0 B/s, rate=0 B/s, pending=0 bytes
[migrater] timestamp=1779269591.70, migrating=False, epoch=1, total_epochs=3, configured=0 B/s, rate=0 B/s, pending=0 bytes
[migrater] timestamp=1779269591.80, migrating=False, epoch=1, total_epochs=3, configured=0 B/s, rate=0 B/s, pending=0 bytes
[migrater] timestamp=1779269591.90, migrating=False, epoch=1, total_epochs=3, configured=0 B/s, rate=0 B/s, pending=0 bytes
[migrater] timestamp=1779269592.01, migrating=False, epoch=1, total_epochs=3, configured=0 B/s, rate=0 B/s, pending=0 bytes
[migrater] timestamp=1779269592.11, migrating=False, epoch=1, total_epochs=3, configured=0 B/s, rate=0 B/s, pending=0 bytes
[migrater] timestamp=1779269592.21, migrating=False, epoch=1, total_epochs=3, configured=0 B/s, rate=0 B/s, pending=0 bytes
[migrater] timestamp=1779269592.31, migrating=False, epoch=1, total_epochs=3, configured=0 B/s, rate=0 B/s, pending=0 bytes
[migrater] timestamp=1779269592.41, migrating=False, epoch=1, total_epochs=3, configured=0 B/s, rate=0 B/s, pending=0 bytes
[migrater] timestamp=1779269592.51, migrating=False, epoch=1, total_epochs=3, configured=0 B/s, rate=0 B/s, pending=0 bytes
[migrater] timestamp=1779269592.61, migrating=False, epoch=1, total_epochs=3, configured=0 B/s, rate=0 B/s, pending=0 bytes
[migrater] timestamp=1779269592.71, migrating=False, epoch=1, total_epochs=3, configured=0 B/s, rate=0 B/s, pending=0 bytes
[migrater] timestamp=1779269592.81, migrating=False, epoch=1, total_epochs=3, configured=0 B/s, rate=0 B/s, pending=0 bytes
[migrater] timestamp=1779269592.91, migrating=False, epoch=1, total_epochs=3, configured=0 B/s, rate=0 B/s, pending=0 bytes
[migrater] timestamp=1779269593.01, migrating=False, epoch=1, total_epochs=3, configured=0 B/s, rate=0 B/s, pending=0 bytes
[migrater] timestamp=1779269593.11, migrating=False, epoch=1, total_epochs=3, configured=0 B/s, rate=0 B/s, pending=0 bytes
[migrater] timestamp=1779269593.21, migrating=False, epoch=1, total_epochs=3, configured=0 B/s, rate=0 B/s, pending=0 bytes
[migrater] timestamp=1779269593.31, migrating=False, epoch=1, total_epochs=3, configured=0 B/s, rate=0 B/s, pending=0 bytes
[migrater] timestamp=1779269593.41, migrating=False, epoch=1, total_epochs=3, configured=0 B/s, rate=0 B/s, pending=0 bytes
[migrater] timestamp=1779269593.51, migrating=False, epoch=1, total_epochs=3, configured=0 B/s, rate=0 B/s, pending=0 bytes
[migrater] timestamp=1779269593.61, migrating=False, epoch=1, total_epochs=3, configured=0 B/s, rate=0 B/s, pending=0 bytes
[migrater] timestamp=1779269593.71, migrating=False, epoch=1, total_epochs=3, configured=0 B/s, rate=0 B/s, pending=0 bytes
[migrater] timestamp=1779269593.81, migrating=False, epoch=1, total_epochs=3, configured=0 B/s, rate=0 B/s, pending=0 bytes
[migrater] timestamp=1779269593.91, migrating=False, epoch=1, total_epochs=3, configured=0 B/s, rate=0 B/s, pending=0 bytes
[migrater] timestamp=1779269594.01, migrating=False, epoch=1, total_epochs=3, configured=0 B/s, rate=0 B/s, pending=0 bytes
[migrater] timestamp=1779269594.11, migrating=False, epoch=1, total_epochs=3, configured=0 B/s, rate=0 B/s, pending=0 bytes
[migrater] timestamp=1779269594.21, migrating=False, epoch=1, total_epochs=3, configured=0 B/s, rate=0 B/s, pending=0 bytes
[migrater] timestamp=1779269594.31, migrating=False, epoch=1, total_epochs=3, configured=0 B/s, rate=0 B/s, pending=0 bytes
[migrater] timestamp=1779269594.41, migrating=False, epoch=1, total_epochs=3, configured=0 B/s, rate=0 B/s, pending=0 bytes
[migrater] timestamp=1779269594.51, migrating=False, epoch=1, total_epochs=3, configured=0 B/s, rate=0 B/s, pending=0 bytes
[migrater] timestamp=1779269594.62, migrating=False, epoch=1, total_epochs=3, configured=0 B/s, rate=0 B/s, pending=0 bytes
[migrater] timestamp=1779269594.72, migrating=False, epoch=1, total_epochs=3, configured=0 B/s, rate=0 B/s, pending=0 bytes
[migrater] timestamp=1779269594.82, migrating=False, epoch=1, total_epochs=3, configured=0 B/s, rate=0 B/s, pending=0 bytes
[migrater] timestamp=1779269594.92, migrating=False, epoch=1, total_epochs=3, configured=0 B/s, rate=0 B/s, pending=0 bytes
[migrater] timestamp=1779269595.02, migrating=False, epoch=1, total_epochs=3, configured=0 B/s, rate=0 B/s, pending=0 bytes
[migrater] timestamp=1779269595.12, migrating=False, epoch=1, total_epochs=3, configured=0 B/s, rate=0 B/s, pending=0 bytes
[migrater] timestamp=1779269595.22, migrating=False, epoch=1, total_epochs=3, configured=0 B/s, rate=0 B/s, pending=0 bytes
[migrater] timestamp=1779269595.32, migrating=False, epoch=1, total_epochs=3, configured=0 B/s, rate=0 B/s, pending=0 bytes
[migrater] timestamp=1779269595.42, migrating=False, epoch=1, total_epochs=3, configured=0 B/s, rate=0 B/s, pending=0 bytes
[migrater] timestamp=1779269595.52, migrating=False, epoch=1, total_epochs=3, configured=0 B/s, rate=0 B/s, pending=0 bytes
[migrater] timestamp=1779269595.62, migrating=False, epoch=1, total_epochs=3, configured=0 B/s, rate=0 B/s, pending=0 bytes
[migrater] timestamp=1779269595.72, migrating=False, epoch=1, total_epochs=3, configured=0 B/s, rate=0 B/s, pending=0 bytes
[migrater] timestamp=1779269595.82, migrating=False, epoch=1, total_epochs=3, configured=0 B/s, rate=0 B/s, pending=0 bytes
[migrater] timestamp=1779269595.92, migrating=False, epoch=1, total_epochs=3, configured=0 B/s, rate=0 B/s, pending=0 bytes
[migrater] timestamp=1779269596.02, migrating=False, epoch=1, total_epochs=3, configured=0 B/s, rate=0 B/s, pending=0 bytes
[migrater] timestamp=1779269596.12, migrating=False, epoch=1, total_epochs=3, configured=0 B/s, rate=0 B/s, pending=0 bytes
[migrater] timestamp=1779269596.22, migrating=False, epoch=1, total_epochs=3, configured=0 B/s, rate=0 B/s, pending=0 bytes
[migrater] timestamp=1779269596.32, migrating=False, epoch=1, total_epochs=3, configured=0 B/s, rate=0 B/s, pending=0 bytes
[migrater] timestamp=1779269596.42, migrating=False, epoch=1, total_epochs=3, configured=0 B/s, rate=0 B/s, pending=0 bytes
[migrater] timestamp=1779269596.52, migrating=False, epoch=1, total_epochs=3, configured=0 B/s, rate=0 B/s, pending=0 bytes
[migrater] timestamp=1779269596.62, migrating=False, epoch=1, total_epochs=3, configured=0 B/s, rate=0 B/s, pending=0 bytes
[migrater] timestamp=1779269596.72, migrating=False, epoch=1, total_epochs=3, configured=0 B/s, rate=0 B/s, pending=0 bytes
[migrater] timestamp=1779269596.82, migrating=False, epoch=1, total_epochs=3, configured=0 B/s, rate=0 B/s, pending=0 bytes
[migrater] timestamp=1779269596.92, migrating=False, epoch=1, total_epochs=3, configured=0 B/s, rate=0 B/s, pending=0 bytes
[migrater] timestamp=1779269597.02, migrating=False, epoch=1, total_epochs=3, configured=0 B/s, rate=0 B/s, pending=0 bytes
[migrater] timestamp=1779269597.12, migrating=False, epoch=1, total_epochs=3, configured=0 B/s, rate=0 B/s, pending=0 bytes
[migrater] timestamp=1779269597.23, migrating=False, epoch=1, total_epochs=3, configured=0 B/s, rate=0 B/s, pending=0 bytes
[migrater] timestamp=1779269597.33, migrating=False, epoch=1, total_epochs=3, configured=0 B/s, rate=0 B/s, pending=0 bytes
[migrater] timestamp=1779269597.43, migrating=False, epoch=1, total_epochs=3, configured=0 B/s, rate=0 B/s, pending=0 bytes
[migrater] timestamp=1779269597.53, migrating=False, epoch=1, total_epochs=3, configured=0 B/s, rate=0 B/s, pending=0 bytes
[migrater] timestamp=1779269597.63, migrating=False, epoch=1, total_epochs=3, configured=0 B/s, rate=0 B/s, pending=0 bytes
[migrater] timestamp=1779269597.73, migrating=False, epoch=1, total_epochs=3, configured=0 B/s, rate=0 B/s, pending=0 bytes
[migrater] timestamp=1779269597.83, migrating=False, epoch=1, total_epochs=3, configured=0 B/s, rate=0 B/s, pending=0 bytes
[migrater] timestamp=1779269597.93, migrating=False, epoch=1, total_epochs=3, configured=0 B/s, rate=0 B/s, pending=0 bytes
[migrater] timestamp=1779269598.03, migrating=False, epoch=1, total_epochs=3, configured=0 B/s, rate=0 B/s, pending=0 bytes
[migrater] timestamp=1779269598.13, migrating=False, epoch=1, total_epochs=3, configured=0 B/s, rate=0 B/s, pending=0 bytes
[migrater] timestamp=1779269598.23, migrating=False, epoch=1, total_epochs=3, configured=0 B/s, rate=0 B/s, pending=0 bytes
[migrater] timestamp=1779269598.33, migrating=False, epoch=1, total_epochs=3, configured=0 B/s, rate=0 B/s, pending=0 bytes
[migrater] timestamp=1779269598.43, migrating=False, epoch=1, total_epochs=3, configured=0 B/s, rate=0 B/s, pending=0 bytes
[migrater] timestamp=1779269598.53, migrating=False, epoch=1, total_epochs=3, configured=0 B/s, rate=0 B/s, pending=0 bytes
[migrater] timestamp=1779269598.63, migrating=False, epoch=1, total_epochs=3, configured=0 B/s, rate=0 B/s, pending=0 bytes
[migrater] timestamp=1779269598.73, migrating=False, epoch=1, total_epochs=3, configured=0 B/s, rate=0 B/s, pending=0 bytes
[migrater] timestamp=1779269598.83, migrating=False, epoch=1, total_epochs=3, configured=0 B/s, rate=0 B/s, pending=0 bytes
[migrater] timestamp=1779269598.93, migrating=False, epoch=1, total_epochs=3, configured=0 B/s, rate=0 B/s, pending=0 bytes
[migrater] timestamp=1779269599.03, migrating=False, epoch=1, total_epochs=3, configured=0 B/s, rate=0 B/s, pending=0 bytes
[migrater] timestamp=1779269599.13, migrating=False, epoch=1, total_epochs=3, configured=0 B/s, rate=0 B/s, pending=0 bytes
[migrater] timestamp=1779269599.23, migrating=False, epoch=1, total_epochs=3, configured=0 B/s, rate=0 B/s, pending=0 bytes
[migrater] timestamp=1779269599.33, migrating=False, epoch=1, total_epochs=3, configured=0 B/s, rate=0 B/s, pending=0 bytes
[migrater] timestamp=1779269599.43, migrating=False, epoch=1, total_epochs=3, configured=0 B/s, rate=0 B/s, pending=0 bytes
[migrater] timestamp=1779269599.53, migrating=False, epoch=1, total_epochs=3, configured=0 B/s, rate=0 B/s, pending=0 bytes
[migrater] timestamp=1779269599.63, migrating=False, epoch=1, total_epochs=3, configured=0 B/s, rate=0 B/s, pending=0 bytes
[migrater] timestamp=1779269599.73, migrating=False, epoch=1, total_epochs=3, configured=0 B/s, rate=0 B/s, pending=0 bytes
[migrater] timestamp=1779269599.84, migrating=False, epoch=1, total_epochs=3, configured=0 B/s, rate=0 B/s, pending=0 bytes
[migrater] timestamp=1779269599.94, migrating=False, epoch=1, total_epochs=3, configured=0 B/s, rate=0 B/s, pending=0 bytes
[migrater] timestamp=1779269600.04, migrating=False, epoch=1, total_epochs=3, configured=0 B/s, rate=0 B/s, pending=0 bytes
[migrater] timestamp=1779269600.14, migrating=False, epoch=1, total_epochs=3, configured=0 B/s, rate=0 B/s, pending=0 bytes
[migrater] timestamp=1779269600.24, migrating=False, epoch=1, total_epochs=3, configured=0 B/s, rate=0 B/s, pending=0 bytes
[migrater] timestamp=1779269600.34, migrating=False, epoch=1, total_epochs=3, configured=0 B/s, rate=0 B/s, pending=0 bytes
[migrater] timestamp=1779269600.44, migrating=False, epoch=1, total_epochs=3, configured=0 B/s, rate=0 B/s, pending=0 bytes
[migrater] timestamp=1779269600.54, migrating=False, epoch=1, total_epochs=3, configured=0 B/s, rate=0 B/s, pending=0 bytes
[migrater] timestamp=1779269600.64, migrating=False, epoch=1, total_epochs=3, configured=0 B/s, rate=0 B/s, pending=0 bytes
[migrater] timestamp=1779269600.74, migrating=False, epoch=1, total_epochs=3, configured=0 B/s, rate=0 B/s, pending=0 bytes
[migrater] timestamp=1779269600.84, migrating=False, epoch=1, total_epochs=3, configured=0 B/s, rate=0 B/s, pending=0 bytes
[migrater] timestamp=1779269600.94, migrating=False, epoch=1, total_epochs=3, configured=0 B/s, rate=0 B/s, pending=0 bytes
[migrater] timestamp=1779269601.04, migrating=False, epoch=1, total_epochs=3, configured=0 B/s, rate=0 B/s, pending=0 bytes
[migrater] timestamp=1779269601.14, migrating=False, epoch=1, total_epochs=3, configured=0 B/s, rate=0 B/s, pending=0 bytes
[migrater] timestamp=1779269601.24, migrating=False, epoch=1, total_epochs=3, configured=0 B/s, rate=0 B/s, pending=0 bytes
[migrater] timestamp=1779269601.34, migrating=False, epoch=1, total_epochs=3, configured=0 B/s, rate=0 B/s, pending=0 bytes
[migrater] timestamp=1779269601.44, migrating=False, epoch=1, total_epochs=3, configured=0 B/s, rate=0 B/s, pending=0 bytes
[migrater] timestamp=1779269601.54, migrating=False, epoch=1, total_epochs=3, configured=0 B/s, rate=0 B/s, pending=0 bytes
[migrater] timestamp=1779269601.64, migrating=False, epoch=1, total_epochs=3, configured=0 B/s, rate=0 B/s, pending=0 bytes
[migrater] timestamp=1779269601.74, migrating=False, epoch=1, total_epochs=3, configured=0 B/s, rate=0 B/s, pending=0 bytes
[migrater] timestamp=1779269601.84, migrating=False, epoch=1, total_epochs=3, configured=0 B/s, rate=0 B/s, pending=0 bytes
[migrater] timestamp=1779269601.94, migrating=False, epoch=1, total_epochs=3, configured=0 B/s, rate=0 B/s, pending=0 bytes
[migrater] timestamp=1779269602.04, migrating=False, epoch=1, total_epochs=3, configured=0 B/s, rate=0 B/s, pending=0 bytes
[migrater] timestamp=1779269602.14, migrating=False, epoch=1, total_epochs=3, configured=0 B/s, rate=0 B/s, pending=0 bytes
[migrater] timestamp=1779269602.24, migrating=False, epoch=1, total_epochs=3, configured=0 B/s, rate=0 B/s, pending=0 bytes
[migrater] timestamp=1779269602.34, migrating=False, epoch=1, total_epochs=3, configured=0 B/s, rate=0 B/s, pending=0 bytes
[migrater] timestamp=1779269602.45, migrating=False, epoch=1, total_epochs=3, configured=0 B/s, rate=0 B/s, pending=0 bytes
[migrater] timestamp=1779269602.55, migrating=False, epoch=1, total_epochs=3, configured=0 B/s, rate=0 B/s, pending=0 bytes
[migrater] timestamp=1779269602.65, migrating=False, epoch=1, total_epochs=3, configured=0 B/s, rate=0 B/s, pending=0 bytes
[migrater] timestamp=1779269602.75, migrating=False, epoch=1, total_epochs=3, configured=0 B/s, rate=0 B/s, pending=0 bytes
[migrater] timestamp=1779269602.85, migrating=False, epoch=1, total_epochs=3, configured=0 B/s, rate=0 B/s, pending=0 bytes
[migrater] timestamp=1779269602.95, migrating=False, epoch=1, total_epochs=3, configured=0 B/s, rate=0 B/s, pending=0 bytes
[migrater] timestamp=1779269603.05, migrating=False, epoch=1, total_epochs=3, configured=0 B/s, rate=0 B/s, pending=0 bytes
[migrater] timestamp=1779269603.15, migrating=False, epoch=1, total_epochs=3, configured=0 B/s, rate=0 B/s, pending=0 bytes
[migrater] timestamp=1779269603.25, migrating=False, epoch=1, total_epochs=3, configured=0 B/s, rate=0 B/s, pending=0 bytes
[migrater] timestamp=1779269603.35, migrating=False, epoch=1, total_epochs=3, configured=0 B/s, rate=0 B/s, pending=0 bytes
[migrater] timestamp=1779269603.45, migrating=False, epoch=1, total_epochs=3, configured=0 B/s, rate=0 B/s, pending=0 bytes
[migrater] timestamp=1779269603.55, migrating=False, epoch=1, total_epochs=3, configured=0 B/s, rate=0 B/s, pending=0 bytes
[migrater] timestamp=1779269603.65, migrating=False, epoch=1, total_epochs=3, configured=0 B/s, rate=0 B/s, pending=0 bytes
[migrater] timestamp=1779269603.75, migrating=False, epoch=1, total_epochs=3, configured=0 B/s, rate=0 B/s, pending=0 bytes
[migrater] timestamp=1779269603.85, migrating=False, epoch=1, total_epochs=3, configured=0 B/s, rate=0 B/s, pending=0 bytes
[migrater] timestamp=1779269603.95, migrating=False, epoch=1, total_epochs=3, configured=0 B/s, rate=0 B/s, pending=0 bytes
[migrater] timestamp=1779269604.05, migrating=False, epoch=1, total_epochs=3, configured=0 B/s, rate=0 B/s, pending=0 bytes
[migrater] timestamp=1779269604.15, migrating=False, epoch=1, total_epochs=3, configured=0 B/s, rate=0 B/s, pending=0 bytes
[migrater] timestamp=1779269604.25, migrating=False, epoch=1, total_epochs=3, configured=0 B/s, rate=0 B/s, pending=0 bytes
[migrater] timestamp=1779269604.35, migrating=False, epoch=1, total_epochs=3, configured=0 B/s, rate=0 B/s, pending=0 bytes
[migrater] timestamp=1779269604.45, migrating=False, epoch=1, total_epochs=3, configured=0 B/s, rate=0 B/s, pending=0 bytes
[migrater] timestamp=1779269604.55, migrating=False, epoch=1, total_epochs=3, configured=0 B/s, rate=0 B/s, pending=0 bytes
[migrater] timestamp=1779269604.65, migrating=False, epoch=1, total_epochs=3, configured=0 B/s, rate=0 B/s, pending=0 bytes
[migrater] timestamp=1779269604.75, migrating=False, epoch=1, total_epochs=3, configured=0 B/s, rate=0 B/s, pending=0 bytes
[migrater] timestamp=1779269604.85, migrating=False, epoch=1, total_epochs=3, configured=0 B/s, rate=0 B/s, pending=0 bytes
[migrater] timestamp=1779269604.95, migrating=False, epoch=1, total_epochs=3, configured=0 B/s, rate=0 B/s, pending=0 bytes
[migrater] timestamp=1779269605.06, migrating=False, epoch=1, total_epochs=3, configured=0 B/s, rate=0 B/s, pending=0 bytes
[migrater] timestamp=1779269605.16, migrating=False, epoch=1, total_epochs=3, configured=0 B/s, rate=0 B/s, pending=0 bytes
[migrater] timestamp=1779269605.26, migrating=False, epoch=1, total_epochs=3, configured=0 B/s, rate=0 B/s, pending=0 bytes
[migrater] timestamp=1779269605.36, migrating=False, epoch=1, total_epochs=3, configured=0 B/s, rate=0 B/s, pending=0 bytes
[migrater] timestamp=1779269605.46, migrating=False, epoch=1, total_epochs=3, configured=0 B/s, rate=0 B/s, pending=0 bytes
[migrater] timestamp=1779269605.56, migrating=False, epoch=1, total_epochs=3, configured=0 B/s, rate=0 B/s, pending=0 bytes
[migrater] timestamp=1779269605.66, migrating=False, epoch=1, total_epochs=3, configured=0 B/s, rate=0 B/s, pending=0 bytes
[migrater] timestamp=1779269605.76, migrating=False, epoch=1, total_epochs=3, configured=0 B/s, rate=0 B/s, pending=0 bytes
[migrater] timestamp=1779269605.86, migrating=False, epoch=1, total_epochs=3, configured=0 B/s, rate=0 B/s, pending=0 bytes
[migrater] timestamp=1779269605.96, migrating=False, epoch=1, total_epochs=3, configured=0 B/s, rate=0 B/s, pending=0 bytes
[migrater] timestamp=1779269606.06, migrating=False, epoch=1, total_epochs=3, configured=0 B/s, rate=0 B/s, pending=0 bytes
[migrater] timestamp=1779269606.16, migrating=False, epoch=1, total_epochs=3, configured=0 B/s, rate=0 B/s, pending=0 bytes
[migrater] timestamp=1779269606.26, migrating=False, epoch=1, total_epochs=3, configured=0 B/s, rate=0 B/s, pending=0 bytes
[migrater] timestamp=1779269606.36, migrating=False, epoch=1, total_epochs=3, configured=0 B/s, rate=0 B/s, pending=0 bytes
[migrater] timestamp=1779269606.46, migrating=False, epoch=1, total_epochs=3, configured=0 B/s, rate=0 B/s, pending=0 bytes
[migrater] timestamp=1779269606.56, migrating=False, epoch=1, total_epochs=3, configured=0 B/s, rate=0 B/s, pending=0 bytes
[migrater] timestamp=1779269606.66, migrating=False, epoch=1, total_epochs=3, configured=0 B/s, rate=0 B/s, pending=0 bytes
[migrater] timestamp=1779269606.76, migrating=False, epoch=1, total_epochs=3, configured=0 B/s, rate=0 B/s, pending=0 bytes
[migrater] timestamp=1779269606.86, migrating=False, epoch=1, total_epochs=3, configured=0 B/s, rate=0 B/s, pending=0 bytes
[migrater] timestamp=1779269606.96, migrating=False, epoch=1, total_epochs=3, configured=0 B/s, rate=0 B/s, pending=0 bytes
[migrater] timestamp=1779269607.06, migrating=False, epoch=1, total_epochs=3, configured=0 B/s, rate=0 B/s, pending=0 bytes
[migrater] timestamp=1779269607.16, migrating=False, epoch=1, total_epochs=3, configured=0 B/s, rate=0 B/s, pending=0 bytes
[migrater] timestamp=1779269607.26, migrating=False, epoch=1, total_epochs=3, configured=0 B/s, rate=0 B/s, pending=0 bytes
[migrater] timestamp=1779269607.36, migrating=False, epoch=1, total_epochs=3, configured=0 B/s, rate=0 B/s, pending=0 bytes
[migrater] timestamp=1779269607.47, migrating=False, epoch=1, total_epochs=3, configured=0 B/s, rate=0 B/s, pending=0 bytes
[migrater] timestamp=1779269607.57, migrating=False, epoch=1, total_epochs=3, configured=0 B/s, rate=0 B/s, pending=0 bytes
[migrater] timestamp=1779269607.67, migrating=False, epoch=1, total_epochs=3, configured=0 B/s, rate=0 B/s, pending=0 bytes
[migrater] timestamp=1779269607.77, migrating=False, epoch=1, total_epochs=3, configured=0 B/s, rate=0 B/s, pending=0 bytes
[migrater] timestamp=1779269607.87, migrating=False, epoch=1, total_epochs=3, configured=0 B/s, rate=0 B/s, pending=0 bytes
[migrater] timestamp=1779269607.97, migrating=False, epoch=1, total_epochs=3, configured=0 B/s, rate=0 B/s, pending=0 bytes
[migrater] timestamp=1779269608.07, migrating=False, epoch=1, total_epochs=3, configured=0 B/s, rate=0 B/s, pending=0 bytes
[migrater] timestamp=1779269608.17, migrating=False, epoch=1, total_epochs=3, configured=0 B/s, rate=0 B/s, pending=0 bytes
[migrater] timestamp=1779269608.27, migrating=False, epoch=1, total_epochs=3, configured=0 B/s, rate=0 B/s, pending=0 bytes
[migrater] timestamp=1779269608.37, migrating=False, epoch=1, total_epochs=3, configured=0 B/s, rate=0 B/s, pending=0 bytes
[migrater] timestamp=1779269608.47, migrating=False, epoch=1, total_epochs=3, configured=0 B/s, rate=0 B/s, pending=0 bytes
[migrater] timestamp=1779269608.57, migrating=False, epoch=1, total_epochs=3, configured=0 B/s, rate=0 B/s, pending=0 bytes
[migrater] timestamp=1779269608.67, migrating=False, epoch=1, total_epochs=3, configured=0 B/s, rate=0 B/s, pending=0 bytes
[migrater] timestamp=1779269608.77, migrating=False, epoch=1, total_epochs=3, configured=0 B/s, rate=0 B/s, pending=0 bytes
[migrater] timestamp=1779269608.87, migrating=False, epoch=1, total_epochs=3, configured=0 B/s, rate=0 B/s, pending=0 bytes
[migrater] timestamp=1779269608.97, migrating=False, epoch=1, total_epochs=3, configured=0 B/s, rate=0 B/s, pending=0 bytes
[migrater] timestamp=1779269609.07, migrating=False, epoch=1, total_epochs=3, configured=0 B/s, rate=0 B/s, pending=0 bytes
[migrater] timestamp=1779269609.17, migrating=False, epoch=1, total_epochs=3, configured=0 B/s, rate=0 B/s, pending=0 bytes
[migrater] timestamp=1779269609.27, migrating=False, epoch=1, total_epochs=3, configured=0 B/s, rate=0 B/s, pending=0 bytes
[migrater] timestamp=1779269609.37, migrating=False, epoch=1, total_epochs=3, configured=0 B/s, rate=0 B/s, pending=0 bytes
[migrater] timestamp=1779269609.47, migrating=False, epoch=1, total_epochs=3, configured=0 B/s, rate=0 B/s, pending=0 bytes
[migrater] timestamp=1779269609.57, migrating=False, epoch=1, total_epochs=3, configured=0 B/s, rate=0 B/s, pending=0 bytes
[migrater] timestamp=1779269609.67, migrating=False, epoch=1, total_epochs=3, configured=0 B/s, rate=0 B/s, pending=0 bytes
[migrater] timestamp=1779269609.77, migrating=False, epoch=1, total_epochs=3, configured=0 B/s, rate=0 B/s, pending=0 bytes
[migrater] timestamp=1779269609.87, migrating=False, epoch=1, total_epochs=3, configured=0 B/s, rate=0 B/s, pending=0 bytes
[migrater] timestamp=1779269609.97, migrating=False, epoch=1, total_epochs=3, configured=0 B/s, rate=0 B/s, pending=0 bytes
[migrater] timestamp=1779269610.08, migrating=False, epoch=1, total_epochs=3, configured=0 B/s, rate=0 B/s, pending=0 bytes
[migrater] timestamp=1779269610.18, migrating=False, epoch=1, total_epochs=3, configured=0 B/s, rate=0 B/s, pending=0 bytes
[migrater] timestamp=1779269610.28, migrating=False, epoch=1, total_epochs=3, configured=0 B/s, rate=0 B/s, pending=0 bytes
[migrater] timestamp=1779269610.38, migrating=False, epoch=1, total_epochs=3, configured=0 B/s, rate=0 B/s, pending=0 bytes
[migrater] timestamp=1779269610.48, migrating=False, epoch=1, total_epochs=3, configured=0 B/s, rate=0 B/s, pending=0 bytes
[migrater] timestamp=1779269610.58, migrating=False, epoch=1, total_epochs=3, configured=0 B/s, rate=0 B/s, pending=0 bytes
[migrater] timestamp=1779269610.68, migrating=False, epoch=1, total_epochs=3, configured=0 B/s, rate=0 B/s, pending=0 bytes
[migrater] timestamp=1779269610.78, migrating=False, epoch=1, total_epochs=3, configured=0 B/s, rate=0 B/s, pending=0 bytes
[migrater] timestamp=1779269610.88, migrating=False, epoch=1, total_epochs=3, configured=0 B/s, rate=0 B/s, pending=0 bytes
[migrater] timestamp=1779269610.98, migrating=False, epoch=1, total_epochs=3, configured=0 B/s, rate=0 B/s, pending=0 bytes
[migrater] timestamp=1779269611.08, migrating=False, epoch=1, total_epochs=3, configured=0 B/s, rate=0 B/s, pending=0 bytes
[migrater] timestamp=1779269611.18, migrating=False, epoch=1, total_epochs=3, configured=0 B/s, rate=0 B/s, pending=0 bytes
[migrater] timestamp=1779269611.28, migrating=False, epoch=1, total_epochs=3, configured=0 B/s, rate=0 B/s, pending=0 bytes
[migrater] timestamp=1779269611.38, migrating=False, epoch=1, total_epochs=3, configured=0 B/s, rate=0 B/s, pending=0 bytes
[migrater] timestamp=1779269611.48, migrating=False, epoch=1, total_epochs=3, configured=0 B/s, rate=0 B/s, pending=0 bytes
[migrater] timestamp=1779269611.58, migrating=False, epoch=1, total_epochs=3, configured=0 B/s, rate=0 B/s, pending=0 bytes
[migrater] timestamp=1779269611.68, migrating=False, epoch=1, total_epochs=3, configured=0 B/s, rate=0 B/s, pending=0 bytes
[migrater] timestamp=1779269611.78, migrating=False, epoch=1, total_epochs=3, configured=0 B/s, rate=0 B/s, pending=0 bytes
[migrater] timestamp=1779269611.88, migrating=False, epoch=1, total_epochs=3, configured=0 B/s, rate=0 B/s, pending=0 bytes
[migrater] timestamp=1779269611.98, migrating=False, epoch=1, total_epochs=3, configured=0 B/s, rate=0 B/s, pending=0 bytes
[migrater] timestamp=1779269612.08, migrating=False, epoch=1, total_epochs=3, configured=0 B/s, rate=0 B/s, pending=0 bytes
[migrater] timestamp=1779269612.18, migrating=False, epoch=1, total_epochs=3, configured=0 B/s, rate=0 B/s, pending=0 bytes
[migrater] timestamp=1779269612.28, migrating=False, epoch=1, total_epochs=3, configured=0 B/s, rate=0 B/s, pending=0 bytes
[migrater] timestamp=1779269612.38, migrating=False, epoch=1, total_epochs=3, configured=0 B/s, rate=0 B/s, pending=0 bytes
[migrater] timestamp=1779269612.48, migrating=False, epoch=1, total_epochs=3, configured=0 B/s, rate=0 B/s, pending=0 bytes
[migrater] timestamp=1779269612.59, migrating=False, epoch=1, total_epochs=3, configured=0 B/s, rate=0 B/s, pending=0 bytes
[migrater] timestamp=1779269612.69, migrating=False, epoch=1, total_epochs=3, configured=0 B/s, rate=0 B/s, pending=0 bytes
[migrater] timestamp=1779269612.79, migrating=False, epoch=1, total_epochs=3, configured=0 B/s, rate=0 B/s, pending=0 bytes
[migrater] timestamp=1779269612.89, migrating=False, epoch=1, total_epochs=3, configured=0 B/s, rate=0 B/s, pending=0 bytes
[migrater] timestamp=1779269612.99, migrating=False, epoch=1, total_epochs=3, configured=0 B/s, rate=0 B/s, pending=0 bytes
[migrater] timestamp=1779269613.09, migrating=False, epoch=1, total_epochs=3, configured=0 B/s, rate=0 B/s, pending=0 bytes
[migrater] timestamp=1779269613.19, migrating=False, epoch=1, total_epochs=3, configured=0 B/s, rate=0 B/s, pending=0 bytes
[migrater] timestamp=1779269613.29, migrating=False, epoch=1, total_epochs=3, configured=0 B/s, rate=0 B/s, pending=0 bytes
[migrater] timestamp=1779269613.39, migrating=False, epoch=1, total_epochs=3, configured=0 B/s, rate=0 B/s, pending=0 bytes
[migrater] timestamp=1779269613.49, migrating=False, epoch=1, total_epochs=3, configured=0 B/s, rate=0 B/s, pending=0 bytes
[migrater] timestamp=1779269613.59, migrating=False, epoch=1, total_epochs=3, configured=0 B/s, rate=0 B/s, pending=0 bytes
[migrater] timestamp=1779269613.69, migrating=False, epoch=1, total_epochs=3, configured=0 B/s, rate=0 B/s, pending=0 bytes
[migrater] timestamp=1779269613.79, migrating=False, epoch=1, total_epochs=3, configured=0 B/s, rate=0 B/s, pending=0 bytes
[migrater] timestamp=1779269613.89, migrating=False, epoch=1, total_epochs=3, configured=0 B/s, rate=0 B/s, pending=0 bytes
[migrater] timestamp=1779269613.99, migrating=False, epoch=1, total_epochs=3, configured=0 B/s, rate=0 B/s, pending=0 bytes
[migrater] timestamp=1779269614.09, migrating=False, epoch=1, total_epochs=3, configured=0 B/s, rate=0 B/s, pending=0 bytes
[migrater] timestamp=1779269614.19, migrating=False, epoch=1, total_epochs=3, configured=0 B/s, rate=0 B/s, pending=0 bytes
[migrater] timestamp=1779269614.29, migrating=False, epoch=1, total_epochs=3, configured=0 B/s, rate=0 B/s, pending=0 bytes
[migrater] timestamp=1779269614.39, migrating=False, epoch=1, total_epochs=3, configured=0 B/s, rate=0 B/s, pending=0 bytes
[migrater] timestamp=1779269614.49, migrating=False, epoch=1, total_epochs=3, configured=0 B/s, rate=0 B/s, pending=0 bytes
[migrater] timestamp=1779269614.59, migrating=False, epoch=1, total_epochs=3, configured=0 B/s, rate=0 B/s, pending=0 bytes
[migrater] timestamp=1779269614.69, migrating=False, epoch=1, total_epochs=3, configured=0 B/s, rate=0 B/s, pending=0 bytes
[migrater] timestamp=1779269614.79, migrating=False, epoch=1, total_epochs=3, configured=0 B/s, rate=0 B/s, pending=0 bytes
[migrater] timestamp=1779269614.89, migrating=False, epoch=1, total_epochs=3, configured=0 B/s, rate=0 B/s, pending=0 bytes
[migrater] timestamp=1779269614.99, migrating=False, epoch=1, total_epochs=3, configured=0 B/s, rate=0 B/s, pending=0 bytes
[migrater] timestamp=1779269615.09, migrating=False, epoch=1, total_epochs=3, configured=0 B/s, rate=0 B/s, pending=0 bytes
[migrater] timestamp=1779269615.20, migrating=False, epoch=1, total_epochs=3, configured=0 B/s, rate=0 B/s, pending=0 bytes
[migrater] timestamp=1779269615.30, migrating=False, epoch=1, total_epochs=3, configured=0 B/s, rate=0 B/s, pending=0 bytes
[migrater] timestamp=1779269615.40, migrating=False, epoch=1, total_epochs=3, configured=0 B/s, rate=0 B/s, pending=0 bytes
[migrater] timestamp=1779269615.50, migrating=False, epoch=1, total_epochs=3, configured=0 B/s, rate=0 B/s, pending=0 bytes
[migrater] timestamp=1779269615.60, migrating=False, epoch=1, total_epochs=3, configured=0 B/s, rate=0 B/s, pending=0 bytes
[migrater] timestamp=1779269615.70, migrating=False, epoch=1, total_epochs=3, configured=0 B/s, rate=0 B/s, pending=0 bytes
[migrater] timestamp=1779269615.80, migrating=False, epoch=1, total_epochs=3, configured=0 B/s, rate=0 B/s, pending=0 bytes
[migrater] timestamp=1779269615.90, migrating=False, epoch=1, total_epochs=3, configured=0 B/s, rate=0 B/s, pending=0 bytes
[migrater] timestamp=1779269616.00, migrating=False, epoch=1, total_epochs=3, configured=0 B/s, rate=0 B/s, pending=0 bytes
[migrater] timestamp=1779269616.10, migrating=False, epoch=1, total_epochs=3, configured=0 B/s, rate=0 B/s, pending=0 bytes
[migrater] timestamp=1779269616.20, migrating=False, epoch=1, total_epochs=3, configured=0 B/s, rate=0 B/s, pending=0 bytes
[migrater] timestamp=1779269616.30, migrating=False, epoch=1, total_epochs=3, configured=0 B/s, rate=0 B/s, pending=0 bytes
[migrater] timestamp=1779269616.40, migrating=False, epoch=1, total_epochs=3, configured=0 B/s, rate=0 B/s, pending=0 bytes
[migrater] timestamp=1779269616.50, migrating=False, epoch=1, total_epochs=3, configured=0 B/s, rate=0 B/s, pending=0 bytes
[migrater] timestamp=1779269616.60, migrating=False, epoch=1, total_epochs=3, configured=0 B/s, rate=0 B/s, pending=0 bytes
[migrater] timestamp=1779269616.70, migrating=False, epoch=1, total_epochs=3, configured=0 B/s, rate=0 B/s, pending=0 bytes
[migrater] timestamp=1779269616.80, migrating=False, epoch=1, total_epochs=3, configured=0 B/s, rate=0 B/s, pending=0 bytes
[migrater] timestamp=1779269616.90, migrating=False, epoch=1, total_epochs=3, configured=0 B/s, rate=0 B/s, pending=0 bytes
[migrater] timestamp=1779269617.00, migrating=False, epoch=1, total_epochs=3, configured=0 B/s, rate=0 B/s, pending=0 bytes
[migrater] timestamp=1779269617.10, migrating=False, epoch=1, total_epochs=3, configured=0 B/s, rate=0 B/s, pending=0 bytes
[migrater] timestamp=1779269617.20, migrating=False, epoch=1, total_epochs=3, configured=0 B/s, rate=0 B/s, pending=0 bytes
[migrater] timestamp=1779269617.30, migrating=False, epoch=1, total_epochs=3, configured=0 B/s, rate=0 B/s, pending=0 bytes
[migrater] timestamp=1779269617.40, migrating=False, epoch=1, total_epochs=3, configured=0 B/s, rate=0 B/s, pending=0 bytes
[migrater] timestamp=1779269617.50, migrating=False, epoch=1, total_epochs=3, configured=0 B/s, rate=0 B/s, pending=0 bytes
[migrater] timestamp=1779269617.60, migrating=False, epoch=1, total_epochs=3, configured=0 B/s, rate=0 B/s, pending=0 bytes
[migrater] timestamp=1779269617.71, migrating=False, epoch=1, total_epochs=3, configured=0 B/s, rate=0 B/s, pending=0 bytes
[migrater] timestamp=1779269617.81, migrating=False, epoch=1, total_epochs=3, configured=0 B/s, rate=0 B/s, pending=0 bytes
[migrater] timestamp=1779269617.91, migrating=False, epoch=1, total_epochs=3, configured=0 B/s, rate=0 B/s, pending=0 bytes
[migrater] timestamp=1779269618.01, migrating=False, epoch=1, total_epochs=3, configured=0 B/s, rate=0 B/s, pending=0 bytes
[migrater] timestamp=1779269618.11, migrating=False, epoch=1, total_epochs=3, configured=0 B/s, rate=0 B/s, pending=0 bytes
[migrater] timestamp=1779269618.21, migrating=False, epoch=1, total_epochs=3, configured=0 B/s, rate=0 B/s, pending=0 bytes
[migrater] timestamp=1779269618.31, migrating=False, epoch=1, total_epochs=3, configured=0 B/s, rate=0 B/s, pending=0 bytes
[migrater] timestamp=1779269618.41, migrating=False, epoch=1, total_epochs=3, configured=0 B/s, rate=0 B/s, pending=0 bytes
[migrater] timestamp=1779269618.51, migrating=False, epoch=1, total_epochs=3, configured=0 B/s, rate=0 B/s, pending=0 bytes
[migrater] timestamp=1779269618.61, migrating=False, epoch=1, total_epochs=3, configured=0 B/s, rate=0 B/s, pending=0 bytes
[migrater] timestamp=1779269618.71, migrating=False, epoch=1, total_epochs=3, configured=0 B/s, rate=0 B/s, pending=0 bytes
[migrater] timestamp=1779269618.81, migrating=False, epoch=1, total_epochs=3, configured=0 B/s, rate=0 B/s, pending=0 bytes
[migrater] timestamp=1779269618.91, migrating=False, epoch=1, total_epochs=3, configured=0 B/s, rate=0 B/s, pending=0 bytes
[migrater] timestamp=1779269619.01, migrating=False, epoch=1, total_epochs=3, configured=0 B/s, rate=0 B/s, pending=0 bytes
[migrater] timestamp=1779269619.11, migrating=False, epoch=1, total_epochs=3, configured=0 B/s, rate=0 B/s, pending=0 bytes
[migrater] timestamp=1779269619.21, migrating=False, epoch=1, total_epochs=3, configured=0 B/s, rate=0 B/s, pending=0 bytes
[migrater] timestamp=1779269619.31, migrating=False, epoch=1, total_epochs=3, configured=0 B/s, rate=0 B/s, pending=0 bytes
[migrater] timestamp=1779269619.41, migrating=False, epoch=1, total_epochs=3, configured=0 B/s, rate=0 B/s, pending=0 bytes
[migrater] timestamp=1779269619.51, migrating=False, epoch=1, total_epochs=3, configured=0 B/s, rate=0 B/s, pending=0 bytes
[migrater] timestamp=1779269619.61, migrating=False, epoch=1, total_epochs=3, configured=0 B/s, rate=0 B/s, pending=0 bytes
[migrater] timestamp=1779269619.71, migrating=False, epoch=1, total_epochs=3, configured=0 B/s, rate=0 B/s, pending=0 bytes
[migrater] timestamp=1779269619.81, migrating=False, epoch=1, total_epochs=3, configured=0 B/s, rate=0 B/s, pending=0 bytes
[migrater] timestamp=1779269619.91, migrating=False, epoch=1, total_epochs=3, configured=0 B/s, rate=0 B/s, pending=0 bytes
[migrater] timestamp=1779269620.01, migrating=False, epoch=1, total_epochs=3, configured=0 B/s, rate=0 B/s, pending=0 bytes
[migrater] timestamp=1779269620.11, migrating=False, epoch=1, total_epochs=3, configured=0 B/s, rate=0 B/s, pending=0 bytes
[migrater] timestamp=1779269620.22, migrating=False, epoch=1, total_epochs=3, configured=0 B/s, rate=0 B/s, pending=0 bytes
[migrater] timestamp=1779269620.32, migrating=False, epoch=1, total_epochs=3, configured=0 B/s, rate=0 B/s, pending=0 bytes
[migrater] timestamp=1779269620.42, migrating=False, epoch=1, total_epochs=3, configured=0 B/s, rate=0 B/s, pending=0 bytes
[migrater] timestamp=1779269620.52, migrating=False, epoch=1, total_epochs=3, configured=0 B/s, rate=0 B/s, pending=0 bytes
[migrater] timestamp=1779269620.62, migrating=False, epoch=1, total_epochs=3, configured=0 B/s, rate=0 B/s, pending=0 bytes
[migrater] timestamp=1779269620.72, migrating=False, epoch=1, total_epochs=3, configured=0 B/s, rate=0 B/s, pending=0 bytes
[migrater] timestamp=1779269620.82, migrating=False, epoch=1, total_epochs=3, configured=0 B/s, rate=0 B/s, pending=0 bytes
[migrater] timestamp=1779269620.92, migrating=False, epoch=1, total_epochs=3, configured=0 B/s, rate=0 B/s, pending=0 bytes
[migrater] timestamp=1779269621.02, migrating=False, epoch=1, total_epochs=3, configured=0 B/s, rate=0 B/s, pending=0 bytes
[migrater] timestamp=1779269621.12, migrating=False, epoch=1, total_epochs=3, configured=0 B/s, rate=0 B/s, pending=0 bytes
[migrater] timestamp=1779269621.22, migrating=False, epoch=1, total_epochs=3, configured=0 B/s, rate=0 B/s, pending=0 bytes
[migrater] timestamp=1779269621.32, migrating=False, epoch=1, total_epochs=3, configured=0 B/s, rate=0 B/s, pending=0 bytes
[migrater] timestamp=1779269621.42, migrating=False, epoch=1, total_epochs=3, configured=0 B/s, rate=0 B/s, pending=0 bytes
[migrater] timestamp=1779269621.52, migrating=False, epoch=1, total_epochs=3, configured=0 B/s, rate=0 B/s, pending=0 bytes
[migrater] timestamp=1779269621.62, migrating=False, epoch=1, total_epochs=3, configured=0 B/s, rate=0 B/s, pending=0 bytes
[migrater] timestamp=1779269621.72, migrating=False, epoch=1, total_epochs=3, configured=0 B/s, rate=0 B/s, pending=0 bytes
[migrater] timestamp=1779269621.82, migrating=False, epoch=1, total_epochs=3, configured=0 B/s, rate=0 B/s, pending=0 bytes
[migrater] timestamp=1779269621.92, migrating=False, epoch=1, total_epochs=3, configured=0 B/s, rate=0 B/s, pending=0 bytes
[migrater] timestamp=1779269622.02, migrating=False, epoch=1, total_epochs=3, configured=0 B/s, rate=0 B/s, pending=0 bytes
[migrater] timestamp=1779269622.12, migrating=False, epoch=1, total_epochs=3, configured=0 B/s, rate=0 B/s, pending=0 bytes
[migrater] timestamp=1779269622.22, migrating=False, epoch=1, total_epochs=3, configured=0 B/s, rate=0 B/s, pending=0 bytes
[migrater] timestamp=1779269622.32, migrating=False, epoch=1, total_epochs=3, configured=0 B/s, rate=0 B/s, pending=0 bytes
[migrater] timestamp=1779269622.42, migrating=False, epoch=1, total_epochs=3, configured=0 B/s, rate=0 B/s, pending=0 bytes
[migrater] timestamp=1779269622.52, migrating=False, epoch=1, total_epochs=3, configured=0 B/s, rate=0 B/s, pending=0 bytes
[migrater] timestamp=1779269622.62, migrating=False, epoch=1, total_epochs=3, configured=0 B/s, rate=0 B/s, pending=0 bytes
[migrater] timestamp=1779269622.73, migrating=False, epoch=1, total_epochs=3, configured=0 B/s, rate=0 B/s, pending=0 bytes
[migrater] timestamp=1779269622.83, migrating=False, epoch=1, total_epochs=3, configured=0 B/s, rate=0 B/s, pending=0 bytes
[migrater] timestamp=1779269622.93, migrating=False, epoch=1, total_epochs=3, configured=0 B/s, rate=0 B/s, pending=0 bytes
[migrater] timestamp=1779269623.03, migrating=False, epoch=1, total_epochs=3, configured=0 B/s, rate=0 B/s, pending=0 bytes
[migrater] timestamp=1779269623.13, migrating=False, epoch=1, total_epochs=3, configured=0 B/s, rate=0 B/s, pending=0 bytes
[migrater] timestamp=1779269623.23, migrating=False, epoch=1, total_epochs=3, configured=0 B/s, rate=0 B/s, pending=0 bytes
[migrater] timestamp=1779269623.33, migrating=False, epoch=1, total_epochs=3, configured=0 B/s, rate=0 B/s, pending=0 bytes
[migrater] timestamp=1779269623.43, migrating=False, epoch=1, total_epochs=3, configured=0 B/s, rate=0 B/s, pending=0 bytes
[migrater] timestamp=1779269623.53, migrating=False, epoch=1, total_epochs=3, configured=0 B/s, rate=0 B/s, pending=0 bytes
[migrater] timestamp=1779269623.63, migrating=False, epoch=1, total_epochs=3, configured=0 B/s, rate=0 B/s, pending=0 bytes
[migrater] timestamp=1779269623.73, migrating=False, epoch=1, total_epochs=3, configured=0 B/s, rate=0 B/s, pending=0 bytes
[migrater] timestamp=1779269623.83, migrating=False, epoch=1, total_epochs=3, configured=0 B/s, rate=0 B/s, pending=0 bytes
[migrater] timestamp=1779269623.93, migrating=False, epoch=1, total_epochs=3, configured=0 B/s, rate=0 B/s, pending=0 bytes
[migrater] timestamp=1779269624.03, migrating=False, epoch=1, total_epochs=3, configured=0 B/s, rate=0 B/s, pending=0 bytes
[migrater] timestamp=1779269624.13, migrating=False, epoch=1, total_epochs=3, configured=0 B/s, rate=0 B/s, pending=0 bytes
[migrater] timestamp=1779269624.23, migrating=False, epoch=1, total_epochs=3, configured=0 B/s, rate=0 B/s, pending=0 bytes
[migrater] timestamp=1779269624.33, migrating=False, epoch=1, total_epochs=3, configured=0 B/s, rate=0 B/s, pending=0 bytes
[migrater] timestamp=1779269624.43, migrating=False, epoch=1, total_epochs=3, configured=0 B/s, rate=0 B/s, pending=0 bytes
[migrater] timestamp=1779269624.53, migrating=False, epoch=1, total_epochs=3, configured=0 B/s, rate=0 B/s, pending=0 bytes
[migrater] timestamp=1779269624.63, migrating=False, epoch=1, total_epochs=3, configured=0 B/s, rate=0 B/s, pending=0 bytes
[migrater] timestamp=1779269624.74, migrating=False, epoch=1, total_epochs=3, configured=0 B/s, rate=0 B/s, pending=0 bytes
[migrater] timestamp=1779269624.84, migrating=False, epoch=1, total_epochs=3, configured=0 B/s, rate=0 B/s, pending=0 bytes
[migrater] timestamp=1779269624.94, migrating=False, epoch=1, total_epochs=3, configured=0 B/s, rate=0 B/s, pending=0 bytes
[migrater] timestamp=1779269625.04, migrating=False, epoch=1, total_epochs=3, configured=0 B/s, rate=0 B/s, pending=0 bytes
[migrater] timestamp=1779269625.14, migrating=False, epoch=1, total_epochs=3, configured=0 B/s, rate=0 B/s, pending=0 bytes
[migrater] timestamp=1779269625.24, migrating=False, epoch=1, total_epochs=3, configured=0 B/s, rate=0 B/s, pending=0 bytes
[migrater] timestamp=1779269625.34, migrating=False, epoch=1, total_epochs=3, configured=0 B/s, rate=0 B/s, pending=0 bytes
[migrater] timestamp=1779269625.44, migrating=False, epoch=2, total_epochs=3, configured=0 B/s, rate=0 B/s, pending=5368709120 bytes
[migrater] timestamp=1779269625.54, migrating=True, epoch=2, total_epochs=3, configured=0 B/s, rate=0 B/s, pending=5368709120 bytes
[migrater] timestamp=1779269625.55, migrating=True, epoch=2, total_epochs=3, configured=2000000000 B/s, rate=1409870881 B/s, pending=5226102784 bytes ([2.66%] 142606336/5368709120 bytes copied)
[migrater] timestamp=1779269625.65, migrating=True, epoch=2, total_epochs=3, configured=1000000000 B/s, rate=2180922821 B/s, pending=4999610368 bytes ([6.88%] 369098752/5368709120 bytes copied)
[migrater] timestamp=1779269625.76, migrating=True, epoch=2, total_epochs=3, configured=666666666 B/s, rate=1229375309 B/s, pending=4865392640 bytes ([9.38%] 503316480/5368709120 bytes copied)
[migrater] timestamp=1779269625.86, migrating=True, epoch=2, total_epochs=3, configured=666666666 B/s, rate=666711459 B/s, pending=4798283776 bytes ([10.62%] 570425344/5368709120 bytes copied)
[migrater] timestamp=1779269625.96, migrating=True, epoch=2, total_epochs=3, configured=666666666 B/s, rate=666601526 B/s, pending=4731174912 bytes ([11.88%] 637534208/5368709120 bytes copied)
[migrater] timestamp=1779269626.06, migrating=True, epoch=2, total_epochs=3, configured=500000000 B/s, rate=640461997 B/s, pending=4664066048 bytes ([13.12%] 704643072/5368709120 bytes copied)
[migrater] timestamp=1779269626.17, migrating=True, epoch=2, total_epochs=3, configured=500000000 B/s, rate=500035979 B/s, pending=4613734400 bytes ([14.06%] 754974720/5368709120 bytes copied)
[migrater] timestamp=1779269626.27, migrating=True, epoch=2, total_epochs=3, configured=500000000 B/s, rate=499934756 B/s, pending=4563402752 bytes ([15.00%] 805306368/5368709120 bytes copied)
[migrater] timestamp=1779269626.37, migrating=True, epoch=2, total_epochs=3, configured=500000000 B/s, rate=500086009 B/s, pending=4513071104 bytes ([15.94%] 855638016/5368709120 bytes copied)
[migrater] timestamp=1779269626.47, migrating=True, epoch=2, total_epochs=3, configured=500000000 B/s, rate=500031210 B/s, pending=4462739456 bytes ([16.88%] 905969664/5368709120 bytes copied)
[migrater] timestamp=1779269626.57, migrating=True, epoch=2, total_epochs=3, configured=500000000 B/s, rate=499798782 B/s, pending=4412407808 bytes ([17.81%] 956301312/5368709120 bytes copied)
[migrater] timestamp=1779269626.67, migrating=True, epoch=2, total_epochs=3, configured=500000000 B/s, rate=499993260 B/s, pending=4362076160 bytes ([18.75%] 1006632960/5368709120 bytes copied)
[migrater] timestamp=1779269626.77, migrating=True, epoch=2, total_epochs=3, configured=500000000 B/s, rate=499958742 B/s, pending=4311744512 bytes ([19.69%] 1056964608/5368709120 bytes copied)
[migrater] timestamp=1779269626.87, migrating=True, epoch=2, total_epochs=3, configured=500000000 B/s, rate=500055652 B/s, pending=4261412864 bytes ([20.62%] 1107296256/5368709120 bytes copied)
[migrater] timestamp=1779269626.97, migrating=True, epoch=2, total_epochs=3, configured=500000000 B/s, rate=499826923 B/s, pending=4211081216 bytes ([21.56%] 1157627904/5368709120 bytes copied)
[migrater] timestamp=1779269627.07, migrating=True, epoch=2, total_epochs=3, configured=500000000 B/s, rate=500240138 B/s, pending=4160749568 bytes ([22.50%] 1207959552/5368709120 bytes copied)
[migrater] timestamp=1779269627.17, migrating=True, epoch=2, total_epochs=3, configured=500000000 B/s, rate=499944887 B/s, pending=4110417920 bytes ([23.44%] 1258291200/5368709120 bytes copied)
[migrater] timestamp=1779269627.27, migrating=True, epoch=2, total_epochs=3, configured=500000000 B/s, rate=500116271 B/s, pending=4060086272 bytes ([24.38%] 1308622848/5368709120 bytes copied)
[migrater] timestamp=1779269627.37, migrating=True, epoch=2, total_epochs=3, configured=500000000 B/s, rate=500058638 B/s, pending=4009754624 bytes ([25.31%] 1358954496/5368709120 bytes copied)
[migrater] timestamp=1779269627.47, migrating=True, epoch=2, total_epochs=3, configured=500000000 B/s, rate=499958742 B/s, pending=3959422976 bytes ([26.25%] 1409286144/5368709120 bytes copied)
[migrater] timestamp=1779269627.57, migrating=True, epoch=2, total_epochs=3, configured=500000000 B/s, rate=499944336 B/s, pending=3909091328 bytes ([27.19%] 1459617792/5368709120 bytes copied)
[migrater] timestamp=1779269627.68, migrating=True, epoch=2, total_epochs=3, configured=500000000 B/s, rate=500028085 B/s, pending=3858759680 bytes ([28.12%] 1509949440/5368709120 bytes copied)
[migrater] timestamp=1779269627.78, migrating=True, epoch=2, total_epochs=3, configured=500000000 B/s, rate=500007912 B/s, pending=3808428032 bytes ([29.06%] 1560281088/5368709120 bytes copied)
[migrater] timestamp=1779269627.88, migrating=True, epoch=2, total_epochs=3, configured=500000000 B/s, rate=499747265 B/s, pending=3758096384 bytes ([30.00%] 1610612736/5368709120 bytes copied)
[migrater] timestamp=1779269627.98, migrating=True, epoch=2, total_epochs=3, configured=500000000 B/s, rate=500382925 B/s, pending=3707764736 bytes ([30.94%] 1660944384/5368709120 bytes copied)
[migrater] timestamp=1779269628.08, migrating=True, epoch=2, total_epochs=3, configured=500000000 B/s, rate=499759923 B/s, pending=3657433088 bytes ([31.87%] 1711276032/5368709120 bytes copied)
[migrater] timestamp=1779269628.18, migrating=True, epoch=2, total_epochs=3, configured=500000000 B/s, rate=499911066 B/s, pending=3607101440 bytes ([32.81%] 1761607680/5368709120 bytes copied)
[migrater] timestamp=1779269628.28, migrating=True, epoch=2, total_epochs=3, configured=500000000 B/s, rate=500054713 B/s, pending=3556769792 bytes ([33.75%] 1811939328/5368709120 bytes copied)
[migrater] timestamp=1779269628.38, migrating=True, epoch=2, total_epochs=3, configured=500000000 B/s, rate=500009751 B/s, pending=3506438144 bytes ([34.69%] 1862270976/5368709120 bytes copied)
[migrater] timestamp=1779269628.48, migrating=True, epoch=2, total_epochs=3, configured=500000000 B/s, rate=500051429 B/s, pending=3456106496 bytes ([35.62%] 1912602624/5368709120 bytes copied)
[migrater] timestamp=1779269628.58, migrating=True, epoch=2, total_epochs=3, configured=500000000 B/s, rate=500003641 B/s, pending=3405774848 bytes ([36.56%] 1962934272/5368709120 bytes copied)
[migrater] timestamp=1779269628.68, migrating=True, epoch=2, total_epochs=3, configured=500000000 B/s, rate=500074780 B/s, pending=3355443200 bytes ([37.50%] 2013265920/5368709120 bytes copied)
[migrater] timestamp=1779269628.78, migrating=True, epoch=2, total_epochs=3, configured=500000000 B/s, rate=500049740 B/s, pending=3305111552 bytes ([38.44%] 2063597568/5368709120 bytes copied)
[migrater] timestamp=1779269628.88, migrating=True, epoch=2, total_epochs=3, configured=500000000 B/s, rate=499951392 B/s, pending=3254779904 bytes ([39.38%] 2113929216/5368709120 bytes copied)
[migrater] timestamp=1779269628.98, migrating=True, epoch=2, total_epochs=3, configured=500000000 B/s, rate=500135254 B/s, pending=3204448256 bytes ([40.31%] 2164260864/5368709120 bytes copied)
[migrater] timestamp=1779269629.08, migrating=True, epoch=2, total_epochs=3, configured=500000000 B/s, rate=499980396 B/s, pending=3154116608 bytes ([41.25%] 2214592512/5368709120 bytes copied)
[migrater] timestamp=1779269629.19, migrating=True, epoch=2, total_epochs=3, configured=500000000 B/s, rate=499926514 B/s, pending=3103784960 bytes ([42.19%] 2264924160/5368709120 bytes copied)
[migrater] timestamp=1779269629.29, migrating=True, epoch=2, total_epochs=3, configured=500000000 B/s, rate=499966142 B/s, pending=3053453312 bytes ([43.12%] 2315255808/5368709120 bytes copied)
[migrater] timestamp=1779269629.39, migrating=True, epoch=2, total_epochs=3, configured=500000000 B/s, rate=499974584 B/s, pending=3003121664 bytes ([44.06%] 2365587456/5368709120 bytes copied)
[migrater] timestamp=1779269629.49, migrating=True, epoch=2, total_epochs=3, configured=500000000 B/s, rate=500063850 B/s, pending=2952790016 bytes ([45.00%] 2415919104/5368709120 bytes copied)
[migrater] timestamp=1779269629.59, migrating=True, epoch=2, total_epochs=3, configured=500000000 B/s, rate=499917675 B/s, pending=2902458368 bytes ([45.94%] 2466250752/5368709120 bytes copied)
[migrater] timestamp=1779269629.69, migrating=True, epoch=2, total_epochs=3, configured=500000000 B/s, rate=499937239 B/s, pending=2852126720 bytes ([46.88%] 2516582400/5368709120 bytes copied)
[migrater] timestamp=1779269629.79, migrating=True, epoch=2, total_epochs=3, configured=500000000 B/s, rate=499915887 B/s, pending=2801795072 bytes ([47.81%] 2566914048/5368709120 bytes copied)
[migrater] timestamp=1779269629.89, migrating=True, epoch=2, total_epochs=3, configured=500000000 B/s, rate=499853828 B/s, pending=2751463424 bytes ([48.75%] 2617245696/5368709120 bytes copied)
[migrater] timestamp=1779269629.99, migrating=True, epoch=2, total_epochs=3, configured=500000000 B/s, rate=500089189 B/s, pending=2701131776 bytes ([49.69%] 2667577344/5368709120 bytes copied)
[migrater] timestamp=1779269630.09, migrating=True, epoch=2, total_epochs=3, configured=500000000 B/s, rate=500134410 B/s, pending=2650800128 bytes ([50.62%] 2717908992/5368709120 bytes copied)
[migrater] timestamp=1779269630.19, migrating=True, epoch=2, total_epochs=3, configured=500000000 B/s, rate=500041096 B/s, pending=2600468480 bytes ([51.56%] 2768240640/5368709120 bytes copied)
[migrater] timestamp=1779269630.29, migrating=True, epoch=2, total_epochs=3, configured=500000000 B/s, rate=500076971 B/s, pending=2550136832 bytes ([52.50%] 2818572288/5368709120 bytes copied)
[migrater] timestamp=1779269630.39, migrating=True, epoch=2, total_epochs=3, configured=500000000 B/s, rate=499989138 B/s, pending=2499805184 bytes ([53.44%] 2868903936/5368709120 bytes copied)
[migrater] timestamp=1779269630.49, migrating=True, epoch=2, total_epochs=3, configured=500000000 B/s, rate=500050088 B/s, pending=2449473536 bytes ([54.37%] 2919235584/5368709120 bytes copied)
[migrater] timestamp=1779269630.59, migrating=True, epoch=2, total_epochs=3, configured=500000000 B/s, rate=500112891 B/s, pending=2399141888 bytes ([55.31%] 2969567232/5368709120 bytes copied)
[migrater] timestamp=1779269630.70, migrating=True, epoch=2, total_epochs=3, configured=500000000 B/s, rate=500052771 B/s, pending=2348810240 bytes ([56.25%] 3019898880/5368709120 bytes copied)
[migrater] timestamp=1779269630.80, migrating=True, epoch=2, total_epochs=3, configured=500000000 B/s, rate=500056248 B/s, pending=2298478592 bytes ([57.19%] 3070230528/5368709120 bytes copied)
[migrater] timestamp=1779269630.90, migrating=True, epoch=2, total_epochs=3, configured=500000000 B/s, rate=499718690 B/s, pending=2248146944 bytes ([58.13%] 3120562176/5368709120 bytes copied)
[migrater] timestamp=1779269631.00, migrating=True, epoch=2, total_epochs=3, configured=500000000 B/s, rate=500003243 B/s, pending=2197815296 bytes ([59.06%] 3170893824/5368709120 bytes copied)
[migrater] timestamp=1779269631.10, migrating=True, epoch=2, total_epochs=3, configured=500000000 B/s, rate=499883664 B/s, pending=2147483648 bytes ([60.00%] 3221225472/5368709120 bytes copied)
[migrater] timestamp=1779269631.20, migrating=True, epoch=2, total_epochs=3, configured=500000000 B/s, rate=499873680 B/s, pending=2097152000 bytes ([60.94%] 3271557120/5368709120 bytes copied)
[migrater] timestamp=1779269631.30, migrating=True, epoch=2, total_epochs=3, configured=500000000 B/s, rate=500069071 B/s, pending=2046820352 bytes ([61.88%] 3321888768/5368709120 bytes copied)
[migrater] timestamp=1779269631.40, migrating=True, epoch=2, total_epochs=3, configured=500000000 B/s, rate=499931033 B/s, pending=1996488704 bytes ([62.81%] 3372220416/5368709120 bytes copied)
[migrater] timestamp=1779269631.50, migrating=True, epoch=2, total_epochs=3, configured=500000000 B/s, rate=500034091 B/s, pending=1946157056 bytes ([63.75%] 3422552064/5368709120 bytes copied)
[migrater] timestamp=1779269631.60, migrating=True, epoch=2, total_epochs=3, configured=500000000 B/s, rate=500093065 B/s, pending=1895825408 bytes ([64.69%] 3472883712/5368709120 bytes copied)
[migrater] timestamp=1779269631.70, migrating=True, epoch=2, total_epochs=3, configured=500000000 B/s, rate=500133416 B/s, pending=1845493760 bytes ([65.62%] 3523215360/5368709120 bytes copied)
[migrater] timestamp=1779269631.80, migrating=True, epoch=2, total_epochs=3, configured=500000000 B/s, rate=499961573 B/s, pending=1795162112 bytes ([66.56%] 3573547008/5368709120 bytes copied)
[migrater] timestamp=1779269631.90, migrating=True, epoch=2, total_epochs=3, configured=500000000 B/s, rate=500050386 B/s, pending=1744830464 bytes ([67.50%] 3623878656/5368709120 bytes copied)
[migrater] timestamp=1779269632.00, migrating=True, epoch=2, total_epochs=3, configured=500000000 B/s, rate=500026640 B/s, pending=1694498816 bytes ([68.44%] 3674210304/5368709120 bytes copied)
[migrater] timestamp=1779269632.10, migrating=True, epoch=2, total_epochs=3, configured=500000000 B/s, rate=500019338 B/s, pending=1644167168 bytes ([69.38%] 3724541952/5368709120 bytes copied)
[migrater] timestamp=1779269632.21, migrating=True, epoch=2, total_epochs=3, configured=500000000 B/s, rate=499991720 B/s, pending=1593835520 bytes ([70.31%] 3774873600/5368709120 bytes copied)
[migrater] timestamp=1779269632.31, migrating=True, epoch=2, total_epochs=3, configured=500000000 B/s, rate=500023262 B/s, pending=1543503872 bytes ([71.25%] 3825205248/5368709120 bytes copied)
[migrater] timestamp=1779269632.41, migrating=True, epoch=2, total_epochs=3, configured=500000000 B/s, rate=499955465 B/s, pending=1493172224 bytes ([72.19%] 3875536896/5368709120 bytes copied)
[migrater] timestamp=1779269632.51, migrating=True, epoch=2, total_epochs=3, configured=500000000 B/s, rate=499781014 B/s, pending=1442840576 bytes ([73.12%] 3925868544/5368709120 bytes copied)
[migrater] timestamp=1779269632.61, migrating=True, epoch=2, total_epochs=3, configured=500000000 B/s, rate=499805630 B/s, pending=1392508928 bytes ([74.06%] 3976200192/5368709120 bytes copied)
[migrater] timestamp=1779269632.71, migrating=True, epoch=2, total_epochs=3, configured=500000000 B/s, rate=500196539 B/s, pending=1342177280 bytes ([75.00%] 4026531840/5368709120 bytes copied)
[migrater] timestamp=1779269632.81, migrating=True, epoch=2, total_epochs=3, configured=500000000 B/s, rate=500068719 B/s, pending=1291845632 bytes ([75.94%] 4076863488/5368709120 bytes copied)
[migrater] timestamp=1779269632.91, migrating=True, epoch=2, total_epochs=3, configured=500000000 B/s, rate=499940814 B/s, pending=1241513984 bytes ([76.88%] 4127195136/5368709120 bytes copied)
[migrater] timestamp=1779269633.01, migrating=True, epoch=2, total_epochs=3, configured=500000000 B/s, rate=499806425 B/s, pending=1191182336 bytes ([77.81%] 4177526784/5368709120 bytes copied)
[migrater] timestamp=1779269633.11, migrating=True, epoch=2, total_epochs=3, configured=500000000 B/s, rate=500269573 B/s, pending=1140850688 bytes ([78.75%] 4227858432/5368709120 bytes copied)
[migrater] timestamp=1779269633.21, migrating=True, epoch=2, total_epochs=3, configured=500000000 B/s, rate=500073742 B/s, pending=1090519040 bytes ([79.69%] 4278190080/5368709120 bytes copied)
[migrater] timestamp=1779269633.31, migrating=True, epoch=2, total_epochs=3, configured=500000000 B/s, rate=500064048 B/s, pending=1040187392 bytes ([80.62%] 4328521728/5368709120 bytes copied)
[migrater] timestamp=1779269633.41, migrating=True, epoch=2, total_epochs=3, configured=500000000 B/s, rate=499997979 B/s, pending=989855744 bytes ([81.56%] 4378853376/5368709120 bytes copied)
[migrater] timestamp=1779269633.51, migrating=True, epoch=2, total_epochs=3, configured=500000000 B/s, rate=499954233 B/s, pending=939524096 bytes ([82.50%] 4429185024/5368709120 bytes copied)
[migrater] timestamp=1779269633.61, migrating=True, epoch=2, total_epochs=3, configured=500000000 B/s, rate=500017112 B/s, pending=889192448 bytes ([83.44%] 4479516672/5368709120 bytes copied)
[migrater] timestamp=1779269633.72, migrating=True, epoch=2, total_epochs=3, configured=500000000 B/s, rate=499970716 B/s, pending=838860800 bytes ([84.38%] 4529848320/5368709120 bytes copied)
[migrater] timestamp=1779269633.82, migrating=True, epoch=2, total_epochs=3, configured=500000000 B/s, rate=500307177 B/s, pending=788529152 bytes ([85.31%] 4580179968/5368709120 bytes copied)
[migrater] timestamp=1779269633.92, migrating=True, epoch=2, total_epochs=3, configured=500000000 B/s, rate=499983232 B/s, pending=738197504 bytes ([86.25%] 4630511616/5368709120 bytes copied)
[migrater] timestamp=1779269634.02, migrating=True, epoch=2, total_epochs=3, configured=500000000 B/s, rate=499999970 B/s, pending=687865856 bytes ([87.19%] 4680843264/5368709120 bytes copied)
[migrater] timestamp=1779269634.12, migrating=True, epoch=2, total_epochs=3, configured=500000000 B/s, rate=499925630 B/s, pending=637534208 bytes ([88.12%] 4731174912/5368709120 bytes copied)
[migrater] timestamp=1779269634.22, migrating=True, epoch=2, total_epochs=3, configured=500000000 B/s, rate=499786726 B/s, pending=587202560 bytes ([89.06%] 4781506560/5368709120 bytes copied)
[migrater] timestamp=1779269634.32, migrating=True, epoch=2, total_epochs=3, configured=500000000 B/s, rate=500031860 B/s, pending=536870912 bytes ([90.00%] 4831838208/5368709120 bytes copied)
[migrater] timestamp=1779269634.42, migrating=True, epoch=2, total_epochs=3, configured=500000000 B/s, rate=500044380 B/s, pending=486539264 bytes ([90.94%] 4882169856/5368709120 bytes copied)
[migrater] timestamp=1779269634.52, migrating=True, epoch=2, total_epochs=3, configured=500000000 B/s, rate=500130046 B/s, pending=436207616 bytes ([91.88%] 4932501504/5368709120 bytes copied)
[migrater] timestamp=1779269634.62, migrating=True, epoch=2, total_epochs=3, configured=500000000 B/s, rate=499962968 B/s, pending=385875968 bytes ([92.81%] 4982833152/5368709120 bytes copied)
[migrater] timestamp=1779269634.72, migrating=True, epoch=2, total_epochs=3, configured=500000000 B/s, rate=500029531 B/s, pending=335544320 bytes ([93.75%] 5033164800/5368709120 bytes copied)
[migrater] timestamp=1779269634.82, migrating=True, epoch=2, total_epochs=3, configured=500000000 B/s, rate=499940124 B/s, pending=285212672 bytes ([94.69%] 5083496448/5368709120 bytes copied)
[migrater] timestamp=1779269634.92, migrating=True, epoch=2, total_epochs=3, configured=500000000 B/s, rate=500163495 B/s, pending=234881024 bytes ([95.62%] 5133828096/5368709120 bytes copied)
[migrater] timestamp=1779269635.02, migrating=True, epoch=2, total_epochs=3, configured=500000000 B/s, rate=500083530 B/s, pending=184549376 bytes ([96.56%] 5184159744/5368709120 bytes copied)
[migrater] timestamp=1779269635.12, migrating=True, epoch=2, total_epochs=3, configured=500000000 B/s, rate=499937940 B/s, pending=134217728 bytes ([97.50%] 5234491392/5368709120 bytes copied)
[migrater] timestamp=1779269635.23, migrating=True, epoch=2, total_epochs=3, configured=500000000 B/s, rate=500016367 B/s, pending=83886080 bytes ([98.44%] 5284823040/5368709120 bytes copied)
[migrater] timestamp=1779269635.33, migrating=True, epoch=2, total_epochs=3, configured=500000000 B/s, rate=499989191 B/s, pending=33554432 bytes ([99.38%] 5335154688/5368709120 bytes copied)
[migrater] timestamp=1779269635.41, migrating=False, epoch=2, total_epochs=3, configured=500000000 B/s, rate=0 B/s, pending=0 bytes ([100.00%] 5368709120/5368709120 bytes copied)
[migrater] timestamp=1779269635.60, migrating=False, epoch=2, total_epochs=3, configured=0 B/s, rate=0 B/s, pending=0 bytes
[migrater] timestamp=1779269635.70, migrating=False, epoch=2, total_epochs=3, configured=0 B/s, rate=0 B/s, pending=0 bytes
[migrater] timestamp=1779269635.80, migrating=False, epoch=2, total_epochs=3, configured=0 B/s, rate=0 B/s, pending=0 bytes
[migrater] timestamp=1779269635.90, migrating=False, epoch=2, total_epochs=3, configured=0 B/s, rate=0 B/s, pending=0 bytes
[migrater] timestamp=1779269636.00, migrating=False, epoch=2, total_epochs=3, configured=0 B/s, rate=0 B/s, pending=0 bytes
[migrater] timestamp=1779269636.10, migrating=False, epoch=2, total_epochs=3, configured=0 B/s, rate=0 B/s, pending=0 bytes
[migrater] timestamp=1779269636.20, migrating=False, epoch=2, total_epochs=3, configured=0 B/s, rate=0 B/s, pending=0 bytes
[migrater] timestamp=1779269636.30, migrating=False, epoch=2, total_epochs=3, configured=0 B/s, rate=0 B/s, pending=0 bytes
[migrater] timestamp=1779269636.40, migrating=False, epoch=2, total_epochs=3, configured=0 B/s, rate=0 B/s, pending=0 bytes
[migrater] timestamp=1779269636.50, migrating=False, epoch=2, total_epochs=3, configured=0 B/s, rate=0 B/s, pending=0 bytes
[migrater] timestamp=1779269636.60, migrating=False, epoch=2, total_epochs=3, configured=0 B/s, rate=0 B/s, pending=0 bytes
[migrater] timestamp=1779269636.70, migrating=False, epoch=2, total_epochs=3, configured=0 B/s, rate=0 B/s, pending=0 bytes
[migrater] timestamp=1779269636.80, migrating=False, epoch=2, total_epochs=3, configured=0 B/s, rate=0 B/s, pending=0 bytes
[migrater] timestamp=1779269636.90, migrating=False, epoch=2, total_epochs=3, configured=0 B/s, rate=0 B/s, pending=0 bytes
[migrater] timestamp=1779269637.00, migrating=False, epoch=2, total_epochs=3, configured=0 B/s, rate=0 B/s, pending=0 bytes
[migrater] timestamp=1779269637.11, migrating=False, epoch=2, total_epochs=3, configured=0 B/s, rate=0 B/s, pending=0 bytes
[migrater] timestamp=1779269637.21, migrating=False, epoch=2, total_epochs=3, configured=0 B/s, rate=0 B/s, pending=0 bytes
[migrater] timestamp=1779269637.31, migrating=False, epoch=2, total_epochs=3, configured=0 B/s, rate=0 B/s, pending=0 bytes
[migrater] timestamp=1779269637.41, migrating=False, epoch=2, total_epochs=3, configured=0 B/s, rate=0 B/s, pending=0 bytes
[migrater] timestamp=1779269637.51, migrating=False, epoch=2, total_epochs=3, configured=0 B/s, rate=0 B/s, pending=0 bytes
[migrater] timestamp=1779269637.61, migrating=False, epoch=2, total_epochs=3, configured=0 B/s, rate=0 B/s, pending=0 bytes
[migrater] timestamp=1779269637.71, migrating=False, epoch=2, total_epochs=3, configured=0 B/s, rate=0 B/s, pending=0 bytes
[migrater] timestamp=1779269637.81, migrating=False, epoch=2, total_epochs=3, configured=0 B/s, rate=0 B/s, pending=0 bytes
[migrater] timestamp=1779269637.91, migrating=False, epoch=2, total_epochs=3, configured=0 B/s, rate=0 B/s, pending=0 bytes
[migrater] timestamp=1779269638.01, migrating=False, epoch=2, total_epochs=3, configured=0 B/s, rate=0 B/s, pending=0 bytes
[migrater] timestamp=1779269638.11, migrating=False, epoch=2, total_epochs=3, configured=0 B/s, rate=0 B/s, pending=0 bytes
[migrater] timestamp=1779269638.21, migrating=False, epoch=2, total_epochs=3, configured=0 B/s, rate=0 B/s, pending=0 bytes
[migrater] timestamp=1779269638.31, migrating=False, epoch=2, total_epochs=3, configured=0 B/s, rate=0 B/s, pending=0 bytes
[migrater] timestamp=1779269638.41, migrating=False, epoch=2, total_epochs=3, configured=0 B/s, rate=0 B/s, pending=0 bytes
[migrater] timestamp=1779269638.51, migrating=False, epoch=2, total_epochs=3, configured=0 B/s, rate=0 B/s, pending=0 bytes
[migrater] timestamp=1779269638.61, migrating=False, epoch=2, total_epochs=3, configured=0 B/s, rate=0 B/s, pending=0 bytes
[migrater] timestamp=1779269638.71, migrating=False, epoch=2, total_epochs=3, configured=0 B/s, rate=0 B/s, pending=0 bytes
[migrater] timestamp=1779269638.81, migrating=False, epoch=2, total_epochs=3, configured=0 B/s, rate=0 B/s, pending=0 bytes
[migrater] timestamp=1779269638.91, migrating=False, epoch=2, total_epochs=3, configured=0 B/s, rate=0 B/s, pending=0 bytes
[migrater] timestamp=1779269639.01, migrating=False, epoch=2, total_epochs=3, configured=0 B/s, rate=0 B/s, pending=0 bytes
[migrater] timestamp=1779269639.11, migrating=False, epoch=2, total_epochs=3, configured=0 B/s, rate=0 B/s, pending=0 bytes
[migrater] timestamp=1779269639.21, migrating=False, epoch=2, total_epochs=3, configured=0 B/s, rate=0 B/s, pending=0 bytes
[migrater] timestamp=1779269639.31, migrating=False, epoch=2, total_epochs=3, configured=0 B/s, rate=0 B/s, pending=0 bytes
[migrater] timestamp=1779269639.41, migrating=False, epoch=2, total_epochs=3, configured=0 B/s, rate=0 B/s, pending=0 bytes
[migrater] timestamp=1779269639.51, migrating=False, epoch=2, total_epochs=3, configured=0 B/s, rate=0 B/s, pending=0 bytes
[migrater] timestamp=1779269639.61, migrating=False, epoch=2, total_epochs=3, configured=0 B/s, rate=0 B/s, pending=0 bytes
[migrater] timestamp=1779269639.72, migrating=False, epoch=2, total_epochs=3, configured=0 B/s, rate=0 B/s, pending=0 bytes
[migrater] timestamp=1779269639.82, migrating=False, epoch=2, total_epochs=3, configured=0 B/s, rate=0 B/s, pending=0 bytes
[migrater] timestamp=1779269639.92, migrating=False, epoch=2, total_epochs=3, configured=0 B/s, rate=0 B/s, pending=0 bytes
[migrater] timestamp=1779269640.02, migrating=False, epoch=2, total_epochs=3, configured=0 B/s, rate=0 B/s, pending=0 bytes
[migrater] timestamp=1779269640.12, migrating=False, epoch=2, total_epochs=3, configured=0 B/s, rate=0 B/s, pending=0 bytes
[migrater] timestamp=1779269640.22, migrating=False, epoch=2, total_epochs=3, configured=0 B/s, rate=0 B/s, pending=0 bytes
[migrater] timestamp=1779269640.32, migrating=False, epoch=2, total_epochs=3, configured=0 B/s, rate=0 B/s, pending=0 bytes
[migrater] timestamp=1779269640.42, migrating=False, epoch=2, total_epochs=3, configured=0 B/s, rate=0 B/s, pending=0 bytes
[migrater] timestamp=1779269640.52, migrating=False, epoch=2, total_epochs=3, configured=0 B/s, rate=0 B/s, pending=0 bytes
[migrater] timestamp=1779269640.62, migrating=False, epoch=2, total_epochs=3, configured=0 B/s, rate=0 B/s, pending=0 bytes
[migrater] timestamp=1779269640.72, migrating=False, epoch=2, total_epochs=3, configured=0 B/s, rate=0 B/s, pending=0 bytes
[migrater] timestamp=1779269640.82, migrating=False, epoch=2, total_epochs=3, configured=0 B/s, rate=0 B/s, pending=0 bytes
[migrater] timestamp=1779269640.92, migrating=False, epoch=2, total_epochs=3, configured=0 B/s, rate=0 B/s, pending=0 bytes
[migrater] timestamp=1779269641.02, migrating=False, epoch=2, total_epochs=3, configured=0 B/s, rate=0 B/s, pending=0 bytes
[migrater] timestamp=1779269641.12, migrating=False, epoch=2, total_epochs=3, configured=0 B/s, rate=0 B/s, pending=0 bytes
[migrater] timestamp=1779269641.22, migrating=False, epoch=2, total_epochs=3, configured=0 B/s, rate=0 B/s, pending=0 bytes
[migrater] timestamp=1779269641.32, migrating=False, epoch=2, total_epochs=3, configured=0 B/s, rate=0 B/s, pending=0 bytes
[migrater] timestamp=1779269641.42, migrating=False, epoch=2, total_epochs=3, configured=0 B/s, rate=0 B/s, pending=0 bytes
[migrater] timestamp=1779269641.52, migrating=False, epoch=2, total_epochs=3, configured=0 B/s, rate=0 B/s, pending=0 bytes
[migrater] timestamp=1779269641.62, migrating=False, epoch=2, total_epochs=3, configured=0 B/s, rate=0 B/s, pending=0 bytes
[migrater] timestamp=1779269641.72, migrating=False, epoch=2, total_epochs=3, configured=0 B/s, rate=0 B/s, pending=0 bytes
[migrater] timestamp=1779269641.82, migrating=False, epoch=2, total_epochs=3, configured=0 B/s, rate=0 B/s, pending=0 bytes
[migrater] timestamp=1779269641.92, migrating=False, epoch=2, total_epochs=3, configured=0 B/s, rate=0 B/s, pending=0 bytes
[migrater] timestamp=1779269642.02, migrating=False, epoch=2, total_epochs=3, configured=0 B/s, rate=0 B/s, pending=0 bytes
[migrater] timestamp=1779269642.12, migrating=False, epoch=2, total_epochs=3, configured=0 B/s, rate=0 B/s, pending=0 bytes
[migrater] timestamp=1779269642.22, migrating=False, epoch=2, total_epochs=3, configured=0 B/s, rate=0 B/s, pending=0 bytes
[migrater] timestamp=1779269642.33, migrating=False, epoch=2, total_epochs=3, configured=0 B/s, rate=0 B/s, pending=0 bytes
[migrater] timestamp=1779269642.43, migrating=False, epoch=2, total_epochs=3, configured=0 B/s, rate=0 B/s, pending=0 bytes
[migrater] timestamp=1779269642.53, migrating=False, epoch=2, total_epochs=3, configured=0 B/s, rate=0 B/s, pending=0 bytes
[migrater] timestamp=1779269642.63, migrating=False, epoch=2, total_epochs=3, configured=0 B/s, rate=0 B/s, pending=0 bytes
[migrater] timestamp=1779269642.73, migrating=False, epoch=2, total_epochs=3, configured=0 B/s, rate=0 B/s, pending=0 bytes
[migrater] timestamp=1779269642.83, migrating=False, epoch=2, total_epochs=3, configured=0 B/s, rate=0 B/s, pending=0 bytes
[migrater] timestamp=1779269642.93, migrating=False, epoch=2, total_epochs=3, configured=0 B/s, rate=0 B/s, pending=0 bytes
[migrater] timestamp=1779269643.03, migrating=False, epoch=2, total_epochs=3, configured=0 B/s, rate=0 B/s, pending=0 bytes
[migrater] timestamp=1779269643.13, migrating=False, epoch=2, total_epochs=3, configured=0 B/s, rate=0 B/s, pending=0 bytes
[migrater] timestamp=1779269643.23, migrating=False, epoch=2, total_epochs=3, configured=0 B/s, rate=0 B/s, pending=0 bytes
[migrater] timestamp=1779269643.33, migrating=False, epoch=2, total_epochs=3, configured=0 B/s, rate=0 B/s, pending=0 bytes
[migrater] timestamp=1779269643.43, migrating=False, epoch=2, total_epochs=3, configured=0 B/s, rate=0 B/s, pending=0 bytes
[migrater] timestamp=1779269643.53, migrating=False, epoch=2, total_epochs=3, configured=0 B/s, rate=0 B/s, pending=0 bytes
[migrater] timestamp=1779269643.63, migrating=False, epoch=2, total_epochs=3, configured=0 B/s, rate=0 B/s, pending=0 bytes
[migrater] timestamp=1779269643.73, migrating=False, epoch=2, total_epochs=3, configured=0 B/s, rate=0 B/s, pending=0 bytes
[migrater] timestamp=1779269643.83, migrating=False, epoch=2, total_epochs=3, configured=0 B/s, rate=0 B/s, pending=0 bytes
[migrater] timestamp=1779269643.93, migrating=False, epoch=2, total_epochs=3, configured=0 B/s, rate=0 B/s, pending=0 bytes
[migrater] timestamp=1779269644.03, migrating=False, epoch=2, total_epochs=3, configured=0 B/s, rate=0 B/s, pending=0 bytes
[migrater] timestamp=1779269644.13, migrating=False, epoch=2, total_epochs=3, configured=0 B/s, rate=0 B/s, pending=0 bytes
[migrater] timestamp=1779269644.23, migrating=False, epoch=2, total_epochs=3, configured=0 B/s, rate=0 B/s, pending=0 bytes
[migrater] timestamp=1779269644.33, migrating=False, epoch=2, total_epochs=3, configured=0 B/s, rate=0 B/s, pending=0 bytes
[migrater] timestamp=1779269644.43, migrating=False, epoch=2, total_epochs=3, configured=0 B/s, rate=0 B/s, pending=0 bytes
[migrater] timestamp=1779269644.53, migrating=False, epoch=2, total_epochs=3, configured=0 B/s, rate=0 B/s, pending=0 bytes
[migrater] timestamp=1779269644.63, migrating=False, epoch=2, total_epochs=3, configured=0 B/s, rate=0 B/s, pending=0 bytes
[migrater] timestamp=1779269644.73, migrating=False, epoch=2, total_epochs=3, configured=0 B/s, rate=0 B/s, pending=0 bytes
[migrater] timestamp=1779269644.83, migrating=False, epoch=2, total_epochs=3, configured=0 B/s, rate=0 B/s, pending=0 bytes
[migrater] timestamp=1779269644.94, migrating=False, epoch=2, total_epochs=3, configured=0 B/s, rate=0 B/s, pending=0 bytes
[migrater] timestamp=1779269645.04, migrating=False, epoch=2, total_epochs=3, configured=0 B/s, rate=0 B/s, pending=0 bytes
[migrater] timestamp=1779269645.14, migrating=False, epoch=2, total_epochs=3, configured=0 B/s, rate=0 B/s, pending=0 bytes
[migrater] timestamp=1779269645.24, migrating=False, epoch=2, total_epochs=3, configured=0 B/s, rate=0 B/s, pending=0 bytes
[migrater] timestamp=1779269645.34, migrating=False, epoch=2, total_epochs=3, configured=0 B/s, rate=0 B/s, pending=0 bytes
[migrater] timestamp=1779269645.44, migrating=False, epoch=2, total_epochs=3, configured=0 B/s, rate=0 B/s, pending=0 bytes
[migrater] timestamp=1779269645.54, migrating=False, epoch=2, total_epochs=3, configured=0 B/s, rate=0 B/s, pending=0 bytes
[migrater] timestamp=1779269645.64, migrating=False, epoch=2, total_epochs=3, configured=0 B/s, rate=0 B/s, pending=0 bytes
[migrater] timestamp=1779269645.74, migrating=False, epoch=2, total_epochs=3, configured=0 B/s, rate=0 B/s, pending=0 bytes
[migrater] timestamp=1779269645.84, migrating=False, epoch=2, total_epochs=3, configured=0 B/s, rate=0 B/s, pending=0 bytes
[migrater] timestamp=1779269645.94, migrating=False, epoch=2, total_epochs=3, configured=0 B/s, rate=0 B/s, pending=0 bytes
[migrater] timestamp=1779269646.04, migrating=False, epoch=2, total_epochs=3, configured=0 B/s, rate=0 B/s, pending=0 bytes
[migrater] timestamp=1779269646.14, migrating=False, epoch=2, total_epochs=3, configured=0 B/s, rate=0 B/s, pending=0 bytes
[migrater] timestamp=1779269646.24, migrating=False, epoch=2, total_epochs=3, configured=0 B/s, rate=0 B/s, pending=0 bytes
[migrater] timestamp=1779269646.34, migrating=False, epoch=2, total_epochs=3, configured=0 B/s, rate=0 B/s, pending=0 bytes
[migrater] timestamp=1779269646.44, migrating=False, epoch=2, total_epochs=3, configured=0 B/s, rate=0 B/s, pending=0 bytes
[migrater] timestamp=1779269646.54, migrating=False, epoch=2, total_epochs=3, configured=0 B/s, rate=0 B/s, pending=0 bytes
[migrater] timestamp=1779269646.64, migrating=False, epoch=2, total_epochs=3, configured=0 B/s, rate=0 B/s, pending=0 bytes
[migrater] timestamp=1779269646.74, migrating=False, epoch=2, total_epochs=3, configured=0 B/s, rate=0 B/s, pending=0 bytes
[migrater] timestamp=1779269646.84, migrating=False, epoch=2, total_epochs=3, configured=0 B/s, rate=0 B/s, pending=0 bytes
[migrater] timestamp=1779269646.94, migrating=False, epoch=2, total_epochs=3, configured=0 B/s, rate=0 B/s, pending=0 bytes
[migrater] timestamp=1779269647.04, migrating=False, epoch=2, total_epochs=3, configured=0 B/s, rate=0 B/s, pending=0 bytes
[migrater] timestamp=1779269647.14, migrating=False, epoch=2, total_epochs=3, configured=0 B/s, rate=0 B/s, pending=0 bytes
[migrater] timestamp=1779269647.24, migrating=False, epoch=2, total_epochs=3, configured=0 B/s, rate=0 B/s, pending=0 bytes
[migrater] timestamp=1779269647.34, migrating=False, epoch=2, total_epochs=3, configured=0 B/s, rate=0 B/s, pending=0 bytes
[migrater] timestamp=1779269647.44, migrating=False, epoch=2, total_epochs=3, configured=0 B/s, rate=0 B/s, pending=0 bytes
[migrater] timestamp=1779269647.55, migrating=False, epoch=2, total_epochs=3, configured=0 B/s, rate=0 B/s, pending=0 bytes
[migrater] timestamp=1779269647.65, migrating=False, epoch=2, total_epochs=3, configured=0 B/s, rate=0 B/s, pending=0 bytes
[migrater] timestamp=1779269647.75, migrating=False, epoch=2, total_epochs=3, configured=0 B/s, rate=0 B/s, pending=0 bytes
[migrater] timestamp=1779269647.85, migrating=False, epoch=2, total_epochs=3, configured=0 B/s, rate=0 B/s, pending=0 bytes
[migrater] timestamp=1779269647.95, migrating=False, epoch=2, total_epochs=3, configured=0 B/s, rate=0 B/s, pending=0 bytes
[migrater] timestamp=1779269648.05, migrating=False, epoch=2, total_epochs=3, configured=0 B/s, rate=0 B/s, pending=0 bytes
[migrater] timestamp=1779269648.15, migrating=False, epoch=2, total_epochs=3, configured=0 B/s, rate=0 B/s, pending=0 bytes
[migrater] timestamp=1779269648.25, migrating=False, epoch=2, total_epochs=3, configured=0 B/s, rate=0 B/s, pending=0 bytes
[migrater] timestamp=1779269648.35, migrating=False, epoch=2, total_epochs=3, configured=0 B/s, rate=0 B/s, pending=0 bytes
[migrater] timestamp=1779269648.45, migrating=False, epoch=2, total_epochs=3, configured=0 B/s, rate=0 B/s, pending=0 bytes
[migrater] timestamp=1779269648.55, migrating=False, epoch=2, total_epochs=3, configured=0 B/s, rate=0 B/s, pending=0 bytes
[migrater] timestamp=1779269648.65, migrating=False, epoch=2, total_epochs=3, configured=0 B/s, rate=0 B/s, pending=0 bytes
[migrater] timestamp=1779269648.75, migrating=False, epoch=2, total_epochs=3, configured=0 B/s, rate=0 B/s, pending=0 bytes
[migrater] timestamp=1779269648.85, migrating=False, epoch=2, total_epochs=3, configured=0 B/s, rate=0 B/s, pending=0 bytes
[migrater] timestamp=1779269648.95, migrating=False, epoch=2, total_epochs=3, configured=0 B/s, rate=0 B/s, pending=0 bytes
[migrater] timestamp=1779269649.05, migrating=False, epoch=2, total_epochs=3, configured=0 B/s, rate=0 B/s, pending=0 bytes
[migrater] timestamp=1779269649.15, migrating=False, epoch=2, total_epochs=3, configured=0 B/s, rate=0 B/s, pending=0 bytes
[migrater] timestamp=1779269649.25, migrating=False, epoch=2, total_epochs=3, configured=0 B/s, rate=0 B/s, pending=0 bytes
[migrater] timestamp=1779269649.35, migrating=False, epoch=2, total_epochs=3, configured=0 B/s, rate=0 B/s, pending=0 bytes
[migrater] timestamp=1779269649.45, migrating=False, epoch=2, total_epochs=3, configured=0 B/s, rate=0 B/s, pending=0 bytes
[migrater] timestamp=1779269649.55, migrating=False, epoch=2, total_epochs=3, configured=0 B/s, rate=0 B/s, pending=0 bytes
[migrater] timestamp=1779269649.65, migrating=False, epoch=2, total_epochs=3, configured=0 B/s, rate=0 B/s, pending=0 bytes
[migrater] timestamp=1779269649.75, migrating=False, epoch=2, total_epochs=3, configured=0 B/s, rate=0 B/s, pending=0 bytes
[migrater] timestamp=1779269649.85, migrating=False, epoch=2, total_epochs=3, configured=0 B/s, rate=0 B/s, pending=0 bytes
[migrater] timestamp=1779269649.95, migrating=False, epoch=2, total_epochs=3, configured=0 B/s, rate=0 B/s, pending=0 bytes
[migrater] timestamp=1779269650.06, migrating=False, epoch=2, total_epochs=3, configured=0 B/s, rate=0 B/s, pending=0 bytes
[migrater] timestamp=1779269650.16, migrating=False, epoch=2, total_epochs=3, configured=0 B/s, rate=0 B/s, pending=0 bytes
[migrater] timestamp=1779269650.26, migrating=False, epoch=2, total_epochs=3, configured=0 B/s, rate=0 B/s, pending=0 bytes
[migrater] timestamp=1779269650.36, migrating=False, epoch=2, total_epochs=3, configured=0 B/s, rate=0 B/s, pending=0 bytes
[migrater] timestamp=1779269650.46, migrating=False, epoch=2, total_epochs=3, configured=0 B/s, rate=0 B/s, pending=0 bytes
[migrater] timestamp=1779269650.56, migrating=False, epoch=2, total_epochs=3, configured=0 B/s, rate=0 B/s, pending=0 bytes
[migrater] timestamp=1779269650.66, migrating=False, epoch=2, total_epochs=3, configured=0 B/s, rate=0 B/s, pending=0 bytes
[migrater] timestamp=1779269650.76, migrating=False, epoch=2, total_epochs=3, configured=0 B/s, rate=0 B/s, pending=0 bytes
[migrater] timestamp=1779269650.86, migrating=False, epoch=2, total_epochs=3, configured=0 B/s, rate=0 B/s, pending=0 bytes
[migrater] timestamp=1779269650.96, migrating=False, epoch=2, total_epochs=3, configured=0 B/s, rate=0 B/s, pending=0 bytes
[migrater] timestamp=1779269651.06, migrating=False, epoch=2, total_epochs=3, configured=0 B/s, rate=0 B/s, pending=0 bytes
[migrater] timestamp=1779269651.16, migrating=False, epoch=2, total_epochs=3, configured=0 B/s, rate=0 B/s, pending=0 bytes
[migrater] timestamp=1779269651.26, migrating=False, epoch=2, total_epochs=3, configured=0 B/s, rate=0 B/s, pending=0 bytes
[migrater] timestamp=1779269651.36, migrating=False, epoch=2, total_epochs=3, configured=0 B/s, rate=0 B/s, pending=0 bytes
[migrater] timestamp=1779269651.46, migrating=False, epoch=2, total_epochs=3, configured=0 B/s, rate=0 B/s, pending=0 bytes
[migrater] timestamp=1779269651.56, migrating=False, epoch=2, total_epochs=3, configured=0 B/s, rate=0 B/s, pending=0 bytes
[migrater] timestamp=1779269651.66, migrating=False, epoch=2, total_epochs=3, configured=0 B/s, rate=0 B/s, pending=0 bytes
[migrater] timestamp=1779269651.76, migrating=False, epoch=2, total_epochs=3, configured=0 B/s, rate=0 B/s, pending=0 bytes
[migrater] timestamp=1779269651.86, migrating=False, epoch=2, total_epochs=3, configured=0 B/s, rate=0 B/s, pending=0 bytes
[migrater] timestamp=1779269651.96, migrating=False, epoch=2, total_epochs=3, configured=0 B/s, rate=0 B/s, pending=0 bytes
[migrater] timestamp=1779269652.06, migrating=False, epoch=2, total_epochs=3, configured=0 B/s, rate=0 B/s, pending=0 bytes
[migrater] timestamp=1779269652.16, migrating=False, epoch=2, total_epochs=3, configured=0 B/s, rate=0 B/s, pending=0 bytes
[migrater] timestamp=1779269652.26, migrating=False, epoch=2, total_epochs=3, configured=0 B/s, rate=0 B/s, pending=0 bytes
[migrater] timestamp=1779269652.36, migrating=False, epoch=2, total_epochs=3, configured=0 B/s, rate=0 B/s, pending=0 bytes
[migrater] timestamp=1779269652.47, migrating=False, epoch=2, total_epochs=3, configured=0 B/s, rate=0 B/s, pending=0 bytes
[migrater] timestamp=1779269652.57, migrating=False, epoch=2, total_epochs=3, configured=0 B/s, rate=0 B/s, pending=0 bytes
[migrater] timestamp=1779269652.67, migrating=False, epoch=2, total_epochs=3, configured=0 B/s, rate=0 B/s, pending=0 bytes
[migrater] timestamp=1779269652.77, migrating=False, epoch=2, total_epochs=3, configured=0 B/s, rate=0 B/s, pending=0 bytes
[migrater] timestamp=1779269652.87, migrating=False, epoch=2, total_epochs=3, configured=0 B/s, rate=0 B/s, pending=0 bytes
[migrater] timestamp=1779269652.97, migrating=False, epoch=2, total_epochs=3, configured=0 B/s, rate=0 B/s, pending=0 bytes
[migrater] timestamp=1779269653.07, migrating=False, epoch=2, total_epochs=3, configured=0 B/s, rate=0 B/s, pending=0 bytes
[migrater] timestamp=1779269653.17, migrating=False, epoch=2, total_epochs=3, configured=0 B/s, rate=0 B/s, pending=0 bytes
[migrater] timestamp=1779269653.27, migrating=False, epoch=2, total_epochs=3, configured=0 B/s, rate=0 B/s, pending=0 bytes
[migrater] timestamp=1779269653.37, migrating=False, epoch=2, total_epochs=3, configured=0 B/s, rate=0 B/s, pending=0 bytes
[migrater] timestamp=1779269653.47, migrating=False, epoch=2, total_epochs=3, configured=0 B/s, rate=0 B/s, pending=0 bytes
[migrater] timestamp=1779269653.57, migrating=False, epoch=2, total_epochs=3, configured=0 B/s, rate=0 B/s, pending=0 bytes
[migrater] timestamp=1779269653.67, migrating=False, epoch=2, total_epochs=3, configured=0 B/s, rate=0 B/s, pending=0 bytes
[migrater] timestamp=1779269653.77, migrating=False, epoch=2, total_epochs=3, configured=0 B/s, rate=0 B/s, pending=0 bytes
[migrater] timestamp=1779269653.87, migrating=False, epoch=2, total_epochs=3, configured=0 B/s, rate=0 B/s, pending=0 bytes
[migrater] timestamp=1779269653.97, migrating=False, epoch=2, total_epochs=3, configured=0 B/s, rate=0 B/s, pending=0 bytes
[migrater] timestamp=1779269654.07, migrating=False, epoch=2, total_epochs=3, configured=0 B/s, rate=0 B/s, pending=0 bytes
[migrater] timestamp=1779269654.17, migrating=False, epoch=2, total_epochs=3, configured=0 B/s, rate=0 B/s, pending=0 bytes
[migrater] timestamp=1779269654.27, migrating=False, epoch=2, total_epochs=3, configured=0 B/s, rate=0 B/s, pending=0 bytes
[migrater] timestamp=1779269654.37, migrating=False, epoch=2, total_epochs=3, configured=0 B/s, rate=0 B/s, pending=0 bytes
[migrater] timestamp=1779269654.47, migrating=False, epoch=2, total_epochs=3, configured=0 B/s, rate=0 B/s, pending=0 bytes
[migrater] timestamp=1779269654.57, migrating=False, epoch=2, total_epochs=3, configured=0 B/s, rate=0 B/s, pending=0 bytes
[migrater] timestamp=1779269654.67, migrating=False, epoch=2, total_epochs=3, configured=0 B/s, rate=0 B/s, pending=0 bytes
[migrater] timestamp=1779269654.77, migrating=False, epoch=2, total_epochs=3, configured=0 B/s, rate=0 B/s, pending=0 bytes
[migrater] timestamp=1779269654.87, migrating=False, epoch=2, total_epochs=3, configured=0 B/s, rate=0 B/s, pending=0 bytes
[migrater] timestamp=1779269654.97, migrating=False, epoch=2, total_epochs=3, configured=0 B/s, rate=0 B/s, pending=0 bytes
[migrater] timestamp=1779269655.08, migrating=False, epoch=2, total_epochs=3, configured=0 B/s, rate=0 B/s, pending=0 bytes
[migrater] timestamp=1779269655.18, migrating=False, epoch=2, total_epochs=3, configured=0 B/s, rate=0 B/s, pending=0 bytes
[migrater] timestamp=1779269655.28, migrating=False, epoch=2, total_epochs=3, configured=0 B/s, rate=0 B/s, pending=0 bytes
[migrater] timestamp=1779269655.38, migrating=False, epoch=2, total_epochs=3, configured=0 B/s, rate=0 B/s, pending=0 bytes
[migrater] timestamp=1779269655.48, migrating=False, epoch=2, total_epochs=3, configured=0 B/s, rate=0 B/s, pending=0 bytes
[migrater] timestamp=1779269655.58, migrating=False, epoch=2, total_epochs=3, configured=0 B/s, rate=0 B/s, pending=0 bytes
[migrater] timestamp=1779269655.68, migrating=False, epoch=2, total_epochs=3, configured=0 B/s, rate=0 B/s, pending=0 bytes
[migrater] timestamp=1779269655.78, migrating=False, epoch=2, total_epochs=3, configured=0 B/s, rate=0 B/s, pending=0 bytes
[migrater] timestamp=1779269655.88, migrating=False, epoch=2, total_epochs=3, configured=0 B/s, rate=0 B/s, pending=0 bytes
[migrater] timestamp=1779269655.98, migrating=False, epoch=2, total_epochs=3, configured=0 B/s, rate=0 B/s, pending=0 bytes
[migrater] timestamp=1779269656.08, migrating=False, epoch=2, total_epochs=3, configured=0 B/s, rate=0 B/s, pending=0 bytes
[migrater] timestamp=1779269656.18, migrating=False, epoch=2, total_epochs=3, configured=0 B/s, rate=0 B/s, pending=0 bytes
[migrater] timestamp=1779269656.28, migrating=False, epoch=2, total_epochs=3, configured=0 B/s, rate=0 B/s, pending=0 bytes
[migrater] timestamp=1779269656.38, migrating=False, epoch=2, total_epochs=3, configured=0 B/s, rate=0 B/s, pending=0 bytes
[migrater] timestamp=1779269656.48, migrating=False, epoch=2, total_epochs=3, configured=0 B/s, rate=0 B/s, pending=0 bytes
[migrater] timestamp=1779269656.58, migrating=False, epoch=2, total_epochs=3, configured=0 B/s, rate=0 B/s, pending=0 bytes
[migrater] timestamp=1779269656.68, migrating=False, epoch=2, total_epochs=3, configured=0 B/s, rate=0 B/s, pending=0 bytes
[migrater] timestamp=1779269656.78, migrating=False, epoch=2, total_epochs=3, configured=0 B/s, rate=0 B/s, pending=0 bytes
[migrater] timestamp=1779269656.88, migrating=False, epoch=2, total_epochs=3, configured=0 B/s, rate=0 B/s, pending=0 bytes
[migrater] timestamp=1779269656.98, migrating=False, epoch=2, total_epochs=3, configured=0 B/s, rate=0 B/s, pending=0 bytes
[migrater] timestamp=1779269657.08, migrating=False, epoch=2, total_epochs=3, configured=0 B/s, rate=0 B/s, pending=0 bytes
[migrater] timestamp=1779269657.18, migrating=False, epoch=2, total_epochs=3, configured=0 B/s, rate=0 B/s, pending=0 bytes
[migrater] timestamp=1779269657.28, migrating=False, epoch=2, total_epochs=3, configured=0 B/s, rate=0 B/s, pending=0 bytes
[migrater] timestamp=1779269657.38, migrating=False, epoch=2, total_epochs=3, configured=0 B/s, rate=0 B/s, pending=0 bytes
[migrater] timestamp=1779269657.48, migrating=False, epoch=2, total_epochs=3, configured=0 B/s, rate=0 B/s, pending=0 bytes
[migrater] timestamp=1779269657.58, migrating=False, epoch=2, total_epochs=3, configured=0 B/s, rate=0 B/s, pending=0 bytes
[migrater] timestamp=1779269657.69, migrating=False, epoch=2, total_epochs=3, configured=0 B/s, rate=0 B/s, pending=0 bytes
[migrater] timestamp=1779269657.79, migrating=False, epoch=2, total_epochs=3, configured=0 B/s, rate=0 B/s, pending=0 bytes
[migrater] timestamp=1779269657.89, migrating=False, epoch=2, total_epochs=3, configured=0 B/s, rate=0 B/s, pending=0 bytes
[migrater] timestamp=1779269657.99, migrating=False, epoch=2, total_epochs=3, configured=0 B/s, rate=0 B/s, pending=0 bytes
[migrater] timestamp=1779269658.09, migrating=False, epoch=2, total_epochs=3, configured=0 B/s, rate=0 B/s, pending=0 bytes
[migrater] timestamp=1779269658.19, migrating=False, epoch=2, total_epochs=3, configured=0 B/s, rate=0 B/s, pending=0 bytes
[migrater] timestamp=1779269658.29, migrating=False, epoch=2, total_epochs=3, configured=0 B/s, rate=0 B/s, pending=0 bytes
[migrater] timestamp=1779269658.39, migrating=False, epoch=2, total_epochs=3, configured=0 B/s, rate=0 B/s, pending=0 bytes
[migrater] timestamp=1779269658.49, migrating=False, epoch=2, total_epochs=3, configured=0 B/s, rate=0 B/s, pending=0 bytes
[migrater] timestamp=1779269658.59, migrating=False, epoch=2, total_epochs=3, configured=0 B/s, rate=0 B/s, pending=0 bytes
[migrater] timestamp=1779269658.69, migrating=False, epoch=2, total_epochs=3, configured=0 B/s, rate=0 B/s, pending=0 bytes
[migrater] timestamp=1779269658.79, migrating=False, epoch=2, total_epochs=3, configured=0 B/s, rate=0 B/s, pending=0 bytes
[migrater] timestamp=1779269658.89, migrating=False, epoch=2, total_epochs=3, configured=0 B/s, rate=0 B/s, pending=0 bytes
[migrater] timestamp=1779269658.99, migrating=False, epoch=2, total_epochs=3, configured=0 B/s, rate=0 B/s, pending=0 bytes
[migrater] timestamp=1779269659.09, migrating=False, epoch=2, total_epochs=3, configured=0 B/s, rate=0 B/s, pending=0 bytes
[migrater] timestamp=1779269659.19, migrating=False, epoch=2, total_epochs=3, configured=0 B/s, rate=0 B/s, pending=0 bytes
[migrater] timestamp=1779269659.29, migrating=False, epoch=2, total_epochs=3, configured=0 B/s, rate=0 B/s, pending=0 bytes
[migrater] timestamp=1779269659.39, migrating=False, epoch=2, total_epochs=3, configured=0 B/s, rate=0 B/s, pending=0 bytes
[migrater] timestamp=1779269659.49, migrating=False, epoch=2, total_epochs=3, configured=0 B/s, rate=0 B/s, pending=0 bytes
[migrater] timestamp=1779269659.59, migrating=False, epoch=2, total_epochs=3, configured=0 B/s, rate=0 B/s, pending=0 bytes
[migrater] timestamp=1779269659.69, migrating=False, epoch=2, total_epochs=3, configured=0 B/s, rate=0 B/s, pending=0 bytes
[migrater] timestamp=1779269659.79, migrating=False, epoch=2, total_epochs=3, configured=0 B/s, rate=0 B/s, pending=0 bytes
[migrater] timestamp=1779269659.89, migrating=False, epoch=2, total_epochs=3, configured=0 B/s, rate=0 B/s, pending=0 bytes
[migrater] timestamp=1779269659.99, migrating=False, epoch=2, total_epochs=3, configured=0 B/s, rate=0 B/s, pending=0 bytes
[migrater] timestamp=1779269660.09, migrating=False, epoch=2, total_epochs=3, configured=0 B/s, rate=0 B/s, pending=0 bytes
[migrater] timestamp=1779269660.19, migrating=False, epoch=2, total_epochs=3, configured=0 B/s, rate=0 B/s, pending=0 bytes
[migrater] timestamp=1779269660.30, migrating=False, epoch=2, total_epochs=3, configured=0 B/s, rate=0 B/s, pending=0 bytes
[migrater] timestamp=1779269660.40, migrating=False, epoch=2, total_epochs=3, configured=0 B/s, rate=0 B/s, pending=0 bytes
[migrater] timestamp=1779269660.50, migrating=False, epoch=2, total_epochs=3, configured=0 B/s, rate=0 B/s, pending=0 bytes
[migrater] timestamp=1779269660.60, migrating=False, epoch=2, total_epochs=3, configured=0 B/s, rate=0 B/s, pending=0 bytes
[migrater] timestamp=1779269660.70, migrating=False, epoch=2, total_epochs=3, configured=0 B/s, rate=0 B/s, pending=0 bytes
[migrater] timestamp=1779269660.80, migrating=False, epoch=2, total_epochs=3, configured=0 B/s, rate=0 B/s, pending=0 bytes
[migrater] timestamp=1779269660.90, migrating=False, epoch=2, total_epochs=3, configured=0 B/s, rate=0 B/s, pending=0 bytes
[migrater] timestamp=1779269661.00, migrating=False, epoch=2, total_epochs=3, configured=0 B/s, rate=0 B/s, pending=0 bytes
[migrater] timestamp=1779269661.10, migrating=False, epoch=2, total_epochs=3, configured=0 B/s, rate=0 B/s, pending=0 bytes
[migrater] timestamp=1779269661.20, migrating=False, epoch=2, total_epochs=3, configured=0 B/s, rate=0 B/s, pending=0 bytes
[migrater] timestamp=1779269661.30, migrating=False, epoch=2, total_epochs=3, configured=0 B/s, rate=0 B/s, pending=0 bytes
[migrater] timestamp=1779269661.40, migrating=False, epoch=2, total_epochs=3, configured=0 B/s, rate=0 B/s, pending=0 bytes
[migrater] timestamp=1779269661.50, migrating=False, epoch=2, total_epochs=3, configured=0 B/s, rate=0 B/s, pending=0 bytes
[migrater] timestamp=1779269661.60, migrating=False, epoch=2, total_epochs=3, configured=0 B/s, rate=0 B/s, pending=0 bytes
[migrater] timestamp=1779269661.70, migrating=False, epoch=2, total_epochs=3, configured=0 B/s, rate=0 B/s, pending=0 bytes
[migrater] timestamp=1779269661.80, migrating=False, epoch=2, total_epochs=3, configured=0 B/s, rate=0 B/s, pending=0 bytes
[migrater] timestamp=1779269661.90, migrating=False, epoch=2, total_epochs=3, configured=0 B/s, rate=0 B/s, pending=0 bytes
[migrater] timestamp=1779269662.00, migrating=False, epoch=2, total_epochs=3, configured=0 B/s, rate=0 B/s, pending=0 bytes
[migrater] timestamp=1779269662.10, migrating=False, epoch=2, total_epochs=3, configured=0 B/s, rate=0 B/s, pending=0 bytes
[migrater] timestamp=1779269662.20, migrating=False, epoch=2, total_epochs=3, configured=0 B/s, rate=0 B/s, pending=0 bytes
[migrater] timestamp=1779269662.30, migrating=False, epoch=2, total_epochs=3, configured=0 B/s, rate=0 B/s, pending=0 bytes
[migrater] timestamp=1779269662.40, migrating=False, epoch=2, total_epochs=3, configured=0 B/s, rate=0 B/s, pending=0 bytes
[migrater] timestamp=1779269662.50, migrating=False, epoch=2, total_epochs=3, configured=0 B/s, rate=0 B/s, pending=0 bytes
[migrater] timestamp=1779269662.60, migrating=False, epoch=2, total_epochs=3, configured=0 B/s, rate=0 B/s, pending=0 bytes
[migrater] timestamp=1779269662.70, migrating=False, epoch=2, total_epochs=3, configured=0 B/s, rate=0 B/s, pending=0 bytes
[migrater] timestamp=1779269662.81, migrating=False, epoch=2, total_epochs=3, configured=0 B/s, rate=0 B/s, pending=0 bytes
[migrater] timestamp=1779269662.91, migrating=False, epoch=2, total_epochs=3, configured=0 B/s, rate=0 B/s, pending=0 bytes
[migrater] timestamp=1779269663.01, migrating=False, epoch=2, total_epochs=3, configured=0 B/s, rate=0 B/s, pending=0 bytes
[migrater] timestamp=1779269663.11, migrating=False, epoch=2, total_epochs=3, configured=0 B/s, rate=0 B/s, pending=0 bytes
[migrater] timestamp=1779269663.21, migrating=False, epoch=2, total_epochs=3, configured=0 B/s, rate=0 B/s, pending=0 bytes
[migrater] timestamp=1779269663.31, migrating=False, epoch=2, total_epochs=3, configured=0 B/s, rate=0 B/s, pending=0 bytes
[migrater] timestamp=1779269663.41, migrating=False, epoch=2, total_epochs=3, configured=0 B/s, rate=0 B/s, pending=0 bytes
[migrater] timestamp=1779269663.51, migrating=False, epoch=2, total_epochs=3, configured=0 B/s, rate=0 B/s, pending=0 bytes
[migrater] timestamp=1779269663.61, migrating=False, epoch=2, total_epochs=3, configured=0 B/s, rate=0 B/s, pending=0 bytes
[migrater] timestamp=1779269663.71, migrating=False, epoch=2, total_epochs=3, configured=0 B/s, rate=0 B/s, pending=0 bytes
[migrater] timestamp=1779269663.81, migrating=False, epoch=2, total_epochs=3, configured=0 B/s, rate=0 B/s, pending=0 bytes
[migrater] timestamp=1779269663.91, migrating=False, epoch=2, total_epochs=3, configured=0 B/s, rate=0 B/s, pending=0 bytes
[migrater] timestamp=1779269664.01, migrating=False, epoch=2, total_epochs=3, configured=0 B/s, rate=0 B/s, pending=0 bytes
[migrater] timestamp=1779269664.11, migrating=False, epoch=2, total_epochs=3, configured=0 B/s, rate=0 B/s, pending=0 bytes
[migrater] timestamp=1779269664.21, migrating=False, epoch=2, total_epochs=3, configured=0 B/s, rate=0 B/s, pending=0 bytes
[migrater] timestamp=1779269664.31, migrating=False, epoch=2, total_epochs=3, configured=0 B/s, rate=0 B/s, pending=0 bytes
[migrater] timestamp=1779269664.41, migrating=False, epoch=2, total_epochs=3, configured=0 B/s, rate=0 B/s, pending=0 bytes
[migrater] timestamp=1779269664.51, migrating=False, epoch=2, total_epochs=3, configured=0 B/s, rate=0 B/s, pending=0 bytes
[migrater] timestamp=1779269664.61, migrating=False, epoch=2, total_epochs=3, configured=0 B/s, rate=0 B/s, pending=0 bytes
[migrater] timestamp=1779269664.71, migrating=False, epoch=2, total_epochs=3, configured=0 B/s, rate=0 B/s, pending=0 bytes
[migrater] timestamp=1779269664.81, migrating=False, epoch=2, total_epochs=3, configured=0 B/s, rate=0 B/s, pending=0 bytes
[migrater] timestamp=1779269664.91, migrating=False, epoch=2, total_epochs=3, configured=0 B/s, rate=0 B/s, pending=0 bytes
[migrater] timestamp=1779269665.01, migrating=False, epoch=2, total_epochs=3, configured=0 B/s, rate=0 B/s, pending=0 bytes
[migrater] timestamp=1779269665.11, migrating=False, epoch=2, total_epochs=3, configured=0 B/s, rate=0 B/s, pending=0 bytes
[migrater] timestamp=1779269665.21, migrating=False, epoch=2, total_epochs=3, configured=0 B/s, rate=0 B/s, pending=0 bytes
[migrater] timestamp=1779269665.31, migrating=False, epoch=2, total_epochs=3, configured=0 B/s, rate=0 B/s, pending=0 bytes
[migrater] timestamp=1779269665.42, migrating=False, epoch=2, total_epochs=3, configured=0 B/s, rate=0 B/s, pending=0 bytes
[migrater] timestamp=1779269665.52, migrating=False, epoch=2, total_epochs=3, configured=0 B/s, rate=0 B/s, pending=0 bytes
[migrater] timestamp=1779269665.62, migrating=False, epoch=2, total_epochs=3, configured=0 B/s, rate=0 B/s, pending=0 bytes
[migrater] timestamp=1779269665.72, migrating=False, epoch=2, total_epochs=3, configured=0 B/s, rate=0 B/s, pending=0 bytes
[migrater] timestamp=1779269665.82, migrating=False, epoch=2, total_epochs=3, configured=0 B/s, rate=0 B/s, pending=0 bytes
[migrater] timestamp=1779269665.92, migrating=False, epoch=2, total_epochs=3, configured=0 B/s, rate=0 B/s, pending=0 bytes
[migrater] timestamp=1779269666.02, migrating=False, epoch=2, total_epochs=3, configured=0 B/s, rate=0 B/s, pending=0 bytes
[migrater] timestamp=1779269666.12, migrating=False, epoch=2, total_epochs=3, configured=0 B/s, rate=0 B/s, pending=0 bytes
[migrater] timestamp=1779269666.22, migrating=False, epoch=2, total_epochs=3, configured=0 B/s, rate=0 B/s, pending=0 bytes
[migrater] timestamp=1779269666.32, migrating=False, epoch=2, total_epochs=3, configured=0 B/s, rate=0 B/s, pending=0 bytes
[migrater] timestamp=1779269666.42, migrating=False, epoch=2, total_epochs=3, configured=0 B/s, rate=0 B/s, pending=0 bytes
[migrater] timestamp=1779269666.52, migrating=False, epoch=2, total_epochs=3, configured=0 B/s, rate=0 B/s, pending=0 bytes
[migrater] timestamp=1779269666.62, migrating=False, epoch=2, total_epochs=3, configured=0 B/s, rate=0 B/s, pending=0 bytes
[migrater] timestamp=1779269666.72, migrating=False, epoch=2, total_epochs=3, configured=0 B/s, rate=0 B/s, pending=0 bytes
[migrater] timestamp=1779269666.82, migrating=False, epoch=2, total_epochs=3, configured=0 B/s, rate=0 B/s, pending=0 bytes
[migrater] timestamp=1779269666.92, migrating=False, epoch=2, total_epochs=3, configured=0 B/s, rate=0 B/s, pending=0 bytes
[migrater] timestamp=1779269667.02, migrating=False, epoch=2, total_epochs=3, configured=0 B/s, rate=0 B/s, pending=0 bytes
[migrater] timestamp=1779269667.12, migrating=False, epoch=2, total_epochs=3, configured=0 B/s, rate=0 B/s, pending=0 bytes
[migrater] timestamp=1779269667.22, migrating=False, epoch=2, total_epochs=3, configured=0 B/s, rate=0 B/s, pending=0 bytes
[migrater] timestamp=1779269667.32, migrating=False, epoch=2, total_epochs=3, configured=0 B/s, rate=0 B/s, pending=0 bytes
[migrater] timestamp=1779269667.42, migrating=False, epoch=2, total_epochs=3, configured=0 B/s, rate=0 B/s, pending=0 bytes
[migrater] timestamp=1779269667.52, migrating=False, epoch=2, total_epochs=3, configured=0 B/s, rate=0 B/s, pending=0 bytes
[migrater] timestamp=1779269667.62, migrating=False, epoch=2, total_epochs=3, configured=0 B/s, rate=0 B/s, pending=0 bytes
[migrater] timestamp=1779269667.72, migrating=False, epoch=2, total_epochs=3, configured=0 B/s, rate=0 B/s, pending=0 bytes
[migrater] timestamp=1779269667.83, migrating=False, epoch=2, total_epochs=3, configured=0 B/s, rate=0 B/s, pending=0 bytes
[migrater] timestamp=1779269667.93, migrating=False, epoch=2, total_epochs=3, configured=0 B/s, rate=0 B/s, pending=0 bytes
[migrater] timestamp=1779269668.03, migrating=False, epoch=2, total_epochs=3, configured=0 B/s, rate=0 B/s, pending=0 bytes
[migrater] timestamp=1779269668.13, migrating=False, epoch=2, total_epochs=3, configured=0 B/s, rate=0 B/s, pending=0 bytes
[migrater] timestamp=1779269668.23, migrating=False, epoch=2, total_epochs=3, configured=0 B/s, rate=0 B/s, pending=0 bytes
[migrater] timestamp=1779269668.33, migrating=False, epoch=2, total_epochs=3, configured=0 B/s, rate=0 B/s, pending=0 bytes
[migrater] timestamp=1779269668.43, migrating=False, epoch=2, total_epochs=3, configured=0 B/s, rate=0 B/s, pending=0 bytes
[migrater] timestamp=1779269668.53, migrating=False, epoch=2, total_epochs=3, configured=0 B/s, rate=0 B/s, pending=0 bytes
[migrater] timestamp=1779269668.63, migrating=False, epoch=2, total_epochs=3, configured=0 B/s, rate=0 B/s, pending=0 bytes
[migrater] timestamp=1779269668.73, migrating=False, epoch=2, total_epochs=3, configured=0 B/s, rate=0 B/s, pending=0 bytes
[migrater] timestamp=1779269668.83, migrating=False, epoch=2, total_epochs=3, configured=0 B/s, rate=0 B/s, pending=0 bytes
[migrater] timestamp=1779269668.93, migrating=False, epoch=2, total_epochs=3, configured=0 B/s, rate=0 B/s, pending=0 bytes
[migrater] timestamp=1779269669.03, migrating=False, epoch=2, total_epochs=3, configured=0 B/s, rate=0 B/s, pending=0 bytes
[migrater] timestamp=1779269669.13, migrating=False, epoch=2, total_epochs=3, configured=0 B/s, rate=0 B/s, pending=0 bytes
[migrater] timestamp=1779269669.23, migrating=False, epoch=2, total_epochs=3, configured=0 B/s, rate=0 B/s, pending=0 bytes
[migrater] timestamp=1779269669.33, migrating=False, epoch=2, total_epochs=3, configured=0 B/s, rate=0 B/s, pending=0 bytes
[migrater] timestamp=1779269669.43, migrating=False, epoch=2, total_epochs=3, configured=0 B/s, rate=0 B/s, pending=0 bytes
[migrater] timestamp=1779269669.53, migrating=False, epoch=2, total_epochs=3, configured=0 B/s, rate=0 B/s, pending=0 bytes
[migrater] timestamp=1779269669.63, migrating=False, epoch=2, total_epochs=3, configured=0 B/s, rate=0 B/s, pending=0 bytes
[migrater] timestamp=1779269669.73, migrating=False, epoch=2, total_epochs=3, configured=0 B/s, rate=0 B/s, pending=0 bytes
[migrater] timestamp=1779269669.83, migrating=False, epoch=2, total_epochs=3, configured=0 B/s, rate=0 B/s, pending=0 bytes
[migrater] timestamp=1779269669.93, migrating=False, epoch=2, total_epochs=3, configured=0 B/s, rate=0 B/s, pending=0 bytes
[migrater] timestamp=1779269670.03, migrating=False, epoch=2, total_epochs=3, configured=0 B/s, rate=0 B/s, pending=0 bytes
[migrater] timestamp=1779269670.14, migrating=False, epoch=2, total_epochs=3, configured=0 B/s, rate=0 B/s, pending=0 bytes
[migrater] timestamp=1779269670.24, migrating=False, epoch=2, total_epochs=3, configured=0 B/s, rate=0 B/s, pending=0 bytes
[migrater] timestamp=1779269670.34, migrating=False, epoch=2, total_epochs=3, configured=0 B/s, rate=0 B/s, pending=0 bytes
[migrater] timestamp=1779269670.44, migrating=False, epoch=2, total_epochs=3, configured=0 B/s, rate=0 B/s, pending=0 bytes
[migrater] timestamp=1779269670.54, migrating=False, epoch=2, total_epochs=3, configured=0 B/s, rate=0 B/s, pending=0 bytes
[migrater] timestamp=1779269670.64, migrating=False, epoch=2, total_epochs=3, configured=0 B/s, rate=0 B/s, pending=0 bytes
[migrater] timestamp=1779269670.74, migrating=False, epoch=2, total_epochs=3, configured=0 B/s, rate=0 B/s, pending=0 bytes
[migrater] timestamp=1779269670.84, migrating=False, epoch=2, total_epochs=3, configured=0 B/s, rate=0 B/s, pending=0 bytes
[migrater] timestamp=1779269670.94, migrating=False, epoch=2, total_epochs=3, configured=0 B/s, rate=0 B/s, pending=0 bytes
[migrater] timestamp=1779269671.04, migrating=False, epoch=2, total_epochs=3, configured=0 B/s, rate=0 B/s, pending=0 bytes
[migrater] timestamp=1779269671.14, migrating=False, epoch=2, total_epochs=3, configured=0 B/s, rate=0 B/s, pending=0 bytes
[migrater] timestamp=1779269671.24, migrating=False, epoch=2, total_epochs=3, configured=0 B/s, rate=0 B/s, pending=0 bytes
[migrater] timestamp=1779269671.34, migrating=False, epoch=2, total_epochs=3, configured=0 B/s, rate=0 B/s, pending=0 bytes
[migrater] timestamp=1779269671.44, migrating=False, epoch=2, total_epochs=3, configured=0 B/s, rate=0 B/s, pending=0 bytes
[migrater] timestamp=1779269671.54, migrating=False, epoch=3, total_epochs=3, configured=0 B/s, rate=0 B/s, pending=5368709120 bytes
[migrater] timestamp=1779269671.64, migrating=True, epoch=3, total_epochs=3, configured=0 B/s, rate=0 B/s, pending=5368709120 bytes
[migrater] timestamp=1779269671.65, migrating=True, epoch=3, total_epochs=3, configured=2000000000 B/s, rate=1919994903 B/s, pending=5175771136 bytes ([3.59%] 192937984/5368709120 bytes copied)
[migrater] timestamp=1779269671.75, migrating=True, epoch=3, total_epochs=3, configured=2000000000 B/s, rate=2000391383 B/s, pending=4974444544 bytes ([7.34%] 394264576/5368709120 bytes copied)
[migrater] timestamp=1779269671.85, migrating=True, epoch=3, total_epochs=3, configured=2000000000 B/s, rate=2002279989 B/s, pending=4773117952 bytes ([11.09%] 595591168/5368709120 bytes copied)
[migrater] timestamp=1779269671.95, migrating=True, epoch=3, total_epochs=3, configured=2000000000 B/s, rate=1997624462 B/s, pending=4571791360 bytes ([14.84%] 796917760/5368709120 bytes copied)
[migrater] timestamp=1779269672.05, migrating=True, epoch=3, total_epochs=3, configured=2000000000 B/s, rate=1999928972 B/s, pending=4370464768 bytes ([18.59%] 998244352/5368709120 bytes copied)
[migrater] timestamp=1779269672.15, migrating=True, epoch=3, total_epochs=3, configured=2000000000 B/s, rate=2001384681 B/s, pending=4169138176 bytes ([22.34%] 1199570944/5368709120 bytes copied)
[migrater] timestamp=1779269672.25, migrating=True, epoch=3, total_epochs=3, configured=1000000000 B/s, rate=1996407378 B/s, pending=3967811584 bytes ([26.09%] 1400897536/5368709120 bytes copied)
[migrater] timestamp=1779269672.35, migrating=True, epoch=3, total_epochs=3, configured=1000000000 B/s, rate=1001942665 B/s, pending=3867148288 bytes ([27.97%] 1501560832/5368709120 bytes copied)
[migrater] timestamp=1779269672.45, migrating=True, epoch=3, total_epochs=3, configured=500000000 B/s, rate=1000001342 B/s, pending=3766484992 bytes ([29.84%] 1602224128/5368709120 bytes copied)
[migrater] timestamp=1779269672.55, migrating=True, epoch=3, total_epochs=3, configured=500000000 B/s, rate=500891563 B/s, pending=3716153344 bytes ([30.78%] 1652555776/5368709120 bytes copied)
[migrater] timestamp=1779269672.65, migrating=True, epoch=3, total_epochs=3, configured=500000000 B/s, rate=500149175 B/s, pending=3665821696 bytes ([31.72%] 1702887424/5368709120 bytes copied)
[migrater] timestamp=1779269672.75, migrating=True, epoch=3, total_epochs=3, configured=500000000 B/s, rate=500151516 B/s, pending=3615490048 bytes ([32.66%] 1753219072/5368709120 bytes copied)
[migrater] timestamp=1779269672.86, migrating=True, epoch=3, total_epochs=3, configured=500000000 B/s, rate=499785337 B/s, pending=3565158400 bytes ([33.59%] 1803550720/5368709120 bytes copied)
[migrater] timestamp=1779269672.96, migrating=True, epoch=3, total_epochs=3, configured=500000000 B/s, rate=500027290 B/s, pending=3514826752 bytes ([34.53%] 1853882368/5368709120 bytes copied)
[migrater] timestamp=1779269673.06, migrating=True, epoch=3, total_epochs=3, configured=500000000 B/s, rate=500035790 B/s, pending=3464495104 bytes ([35.47%] 1904214016/5368709120 bytes copied)
[migrater] timestamp=1779269673.16, migrating=True, epoch=3, total_epochs=3, configured=500000000 B/s, rate=500054813 B/s, pending=3414163456 bytes ([36.41%] 1954545664/5368709120 bytes copied)
[migrater] timestamp=1779269673.26, migrating=True, epoch=3, total_epochs=3, configured=500000000 B/s, rate=499813676 B/s, pending=3363831808 bytes ([37.34%] 2004877312/5368709120 bytes copied)
[migrater] timestamp=1779269673.36, migrating=True, epoch=3, total_epochs=3, configured=500000000 B/s, rate=499952341 B/s, pending=3313500160 bytes ([38.28%] 2055208960/5368709120 bytes copied)
[migrater] timestamp=1779269673.46, migrating=True, epoch=3, total_epochs=3, configured=500000000 B/s, rate=500005339 B/s, pending=3263168512 bytes ([39.22%] 2105540608/5368709120 bytes copied)
[migrater] timestamp=1779269673.56, migrating=True, epoch=3, total_epochs=3, configured=500000000 B/s, rate=500060924 B/s, pending=3212836864 bytes ([40.16%] 2155872256/5368709120 bytes copied)
[migrater] timestamp=1779269673.66, migrating=True, epoch=3, total_epochs=3, configured=500000000 B/s, rate=499757199 B/s, pending=3162505216 bytes ([41.09%] 2206203904/5368709120 bytes copied)
[migrater] timestamp=1779269673.76, migrating=True, epoch=3, total_epochs=3, configured=500000000 B/s, rate=500261031 B/s, pending=3112173568 bytes ([42.03%] 2256535552/5368709120 bytes copied)
[migrater] timestamp=1779269673.86, migrating=True, epoch=3, total_epochs=3, configured=500000000 B/s, rate=499741618 B/s, pending=3061841920 bytes ([42.97%] 2306867200/5368709120 bytes copied)
[migrater] timestamp=1779269673.96, migrating=True, epoch=3, total_epochs=3, configured=500000000 B/s, rate=500267494 B/s, pending=3011510272 bytes ([43.91%] 2357198848/5368709120 bytes copied)
[migrater] timestamp=1779269674.06, migrating=True, epoch=3, total_epochs=3, configured=500000000 B/s, rate=499976775 B/s, pending=2961178624 bytes ([44.84%] 2407530496/5368709120 bytes copied)
[migrater] timestamp=1779269674.16, migrating=True, epoch=3, total_epochs=3, configured=500000000 B/s, rate=500081195 B/s, pending=2910846976 bytes ([45.78%] 2457862144/5368709120 bytes copied)
[migrater] timestamp=1779269674.26, migrating=True, epoch=3, total_epochs=3, configured=500000000 B/s, rate=500032462 B/s, pending=2860515328 bytes ([46.72%] 2508193792/5368709120 bytes copied)
[migrater] timestamp=1779269674.37, migrating=True, epoch=3, total_epochs=3, configured=500000000 B/s, rate=499680792 B/s, pending=2810183680 bytes ([47.66%] 2558525440/5368709120 bytes copied)
[migrater] timestamp=1779269674.47, migrating=True, epoch=3, total_epochs=3, configured=500000000 B/s, rate=500038169 B/s, pending=2759852032 bytes ([48.59%] 2608857088/5368709120 bytes copied)
[migrater] timestamp=1779269674.57, migrating=True, epoch=3, total_epochs=3, configured=500000000 B/s, rate=500249943 B/s, pending=2709520384 bytes ([49.53%] 2659188736/5368709120 bytes copied)
[migrater] timestamp=1779269674.67, migrating=True, epoch=3, total_epochs=3, configured=500000000 B/s, rate=500048006 B/s, pending=2659188736 bytes ([50.47%] 2709520384/5368709120 bytes copied)
[migrater] timestamp=1779269674.77, migrating=True, epoch=3, total_epochs=3, configured=500000000 B/s, rate=499484772 B/s, pending=2608857088 bytes ([51.41%] 2759852032/5368709120 bytes copied)
[migrater] timestamp=1779269674.87, migrating=True, epoch=3, total_epochs=3, configured=500000000 B/s, rate=500280120 B/s, pending=2558525440 bytes ([52.34%] 2810183680/5368709120 bytes copied)
[migrater] timestamp=1779269674.97, migrating=True, epoch=3, total_epochs=3, configured=500000000 B/s, rate=500009711 B/s, pending=2508193792 bytes ([53.28%] 2860515328/5368709120 bytes copied)
[migrater] timestamp=1779269675.07, migrating=True, epoch=3, total_epochs=3, configured=500000000 B/s, rate=500063805 B/s, pending=2457862144 bytes ([54.22%] 2910846976/5368709120 bytes copied)
[migrater] timestamp=1779269675.17, migrating=True, epoch=3, total_epochs=3, configured=500000000 B/s, rate=500069921 B/s, pending=2407530496 bytes ([55.16%] 2961178624/5368709120 bytes copied)
[migrater] timestamp=1779269675.27, migrating=True, epoch=3, total_epochs=3, configured=500000000 B/s, rate=500044628 B/s, pending=2357198848 bytes ([56.09%] 3011510272/5368709120 bytes copied)
[migrater] timestamp=1779269675.37, migrating=True, epoch=3, total_epochs=3, configured=500000000 B/s, rate=499997193 B/s, pending=2306867200 bytes ([57.03%] 3061841920/5368709120 bytes copied)
[migrater] timestamp=1779269675.47, migrating=True, epoch=3, total_epochs=3, configured=500000000 B/s, rate=499953582 B/s, pending=2256535552 bytes ([57.97%] 3112173568/5368709120 bytes copied)
[migrater] timestamp=1779269675.57, migrating=True, epoch=3, total_epochs=3, configured=500000000 B/s, rate=499990980 B/s, pending=2206203904 bytes ([58.91%] 3162505216/5368709120 bytes copied)
[migrater] timestamp=1779269675.67, migrating=True, epoch=3, total_epochs=3, configured=500000000 B/s, rate=500033853 B/s, pending=2155872256 bytes ([59.84%] 3212836864/5368709120 bytes copied)
[migrater] timestamp=1779269675.77, migrating=True, epoch=3, total_epochs=3, configured=500000000 B/s, rate=500075531 B/s, pending=2105540608 bytes ([60.78%] 3263168512/5368709120 bytes copied)
[migrater] timestamp=1779269675.88, migrating=True, epoch=3, total_epochs=3, configured=500000000 B/s, rate=499971263 B/s, pending=2055208960 bytes ([61.72%] 3313500160/5368709120 bytes copied)
[migrater] timestamp=1779269675.98, migrating=True, epoch=3, total_epochs=3, configured=500000000 B/s, rate=499767174 B/s, pending=2004877312 bytes ([62.66%] 3363831808/5368709120 bytes copied)
[migrater] timestamp=1779269676.08, migrating=True, epoch=3, total_epochs=3, configured=500000000 B/s, rate=500112454 B/s, pending=1954545664 bytes ([63.59%] 3414163456/5368709120 bytes copied)
[migrater] timestamp=1779269676.18, migrating=True, epoch=3, total_epochs=3, configured=500000000 B/s, rate=500277887 B/s, pending=1904214016 bytes ([64.53%] 3464495104/5368709120 bytes copied)
[migrater] timestamp=1779269676.28, migrating=True, epoch=3, total_epochs=3, configured=500000000 B/s, rate=499920361 B/s, pending=1853882368 bytes ([65.47%] 3514826752/5368709120 bytes copied)
[migrater] timestamp=1779269676.38, migrating=True, epoch=3, total_epochs=3, configured=500000000 B/s, rate=499859045 B/s, pending=1803550720 bytes ([66.41%] 3565158400/5368709120 bytes copied)
[migrater] timestamp=1779269676.48, migrating=True, epoch=3, total_epochs=3, configured=500000000 B/s, rate=500060278 B/s, pending=1753219072 bytes ([67.34%] 3615490048/5368709120 bytes copied)
[migrater] timestamp=1779269676.58, migrating=True, epoch=3, total_epochs=3, configured=500000000 B/s, rate=499893003 B/s, pending=1702887424 bytes ([68.28%] 3665821696/5368709120 bytes copied)
[migrater] timestamp=1779269676.68, migrating=True, epoch=3, total_epochs=3, configured=500000000 B/s, rate=499798538 B/s, pending=1652555776 bytes ([69.22%] 3716153344/5368709120 bytes copied)
[migrater] timestamp=1779269676.78, migrating=True, epoch=3, total_epochs=3, configured=500000000 B/s, rate=500185812 B/s, pending=1602224128 bytes ([70.16%] 3766484992/5368709120 bytes copied)
[migrater] timestamp=1779269676.88, migrating=True, epoch=3, total_epochs=3, configured=500000000 B/s, rate=500083784 B/s, pending=1551892480 bytes ([71.09%] 3816816640/5368709120 bytes copied)
[migrater] timestamp=1779269676.98, migrating=True, epoch=3, total_epochs=3, configured=500000000 B/s, rate=499980302 B/s, pending=1501560832 bytes ([72.03%] 3867148288/5368709120 bytes copied)
[migrater] timestamp=1779269677.08, migrating=True, epoch=3, total_epochs=3, configured=500000000 B/s, rate=499795759 B/s, pending=1451229184 bytes ([72.97%] 3917479936/5368709120 bytes copied)
[migrater] timestamp=1779269677.18, migrating=True, epoch=3, total_epochs=3, configured=500000000 B/s, rate=500205347 B/s, pending=1400897536 bytes ([73.91%] 3967811584/5368709120 bytes copied)
[migrater] timestamp=1779269677.28, migrating=True, epoch=3, total_epochs=3, configured=500000000 B/s, rate=499997934 B/s, pending=1350565888 bytes ([74.84%] 4018143232/5368709120 bytes copied)
[migrater] timestamp=1779269677.39, migrating=True, epoch=3, total_epochs=3, configured=500000000 B/s, rate=500028334 B/s, pending=1300234240 bytes ([75.78%] 4068474880/5368709120 bytes copied)
[migrater] timestamp=1779269677.49, migrating=True, epoch=3, total_epochs=3, configured=500000000 B/s, rate=499708921 B/s, pending=1249902592 bytes ([76.72%] 4118806528/5368709120 bytes copied)
[migrater] timestamp=1779269677.59, migrating=True, epoch=3, total_epochs=3, configured=500000000 B/s, rate=499929945 B/s, pending=1199570944 bytes ([77.66%] 4169138176/5368709120 bytes copied)
[migrater] timestamp=1779269677.69, migrating=True, epoch=3, total_epochs=3, configured=500000000 B/s, rate=500053278 B/s, pending=1149239296 bytes ([78.59%] 4219469824/5368709120 bytes copied)
[migrater] timestamp=1779269677.79, migrating=True, epoch=3, total_epochs=3, configured=500000000 B/s, rate=499839139 B/s, pending=1098907648 bytes ([79.53%] 4269801472/5368709120 bytes copied)
[migrater] timestamp=1779269677.89, migrating=True, epoch=3, total_epochs=3, configured=500000000 B/s, rate=500054862 B/s, pending=1048576000 bytes ([80.47%] 4320133120/5368709120 bytes copied)
[migrater] timestamp=1779269677.99, migrating=True, epoch=3, total_epochs=3, configured=500000000 B/s, rate=499948274 B/s, pending=998244352 bytes ([81.41%] 4370464768/5368709120 bytes copied)
[migrater] timestamp=1779269678.09, migrating=True, epoch=3, total_epochs=3, configured=500000000 B/s, rate=499968580 B/s, pending=947912704 bytes ([82.34%] 4420796416/5368709120 bytes copied)
[migrater] timestamp=1779269678.19, migrating=True, epoch=3, total_epochs=3, configured=500000000 B/s, rate=500002702 B/s, pending=897581056 bytes ([83.28%] 4471128064/5368709120 bytes copied)
[migrater] timestamp=1779269678.29, migrating=True, epoch=3, total_epochs=3, configured=500000000 B/s, rate=500140234 B/s, pending=847249408 bytes ([84.22%] 4521459712/5368709120 bytes copied)
[migrater] timestamp=1779269678.39, migrating=True, epoch=3, total_epochs=3, configured=500000000 B/s, rate=500114189 B/s, pending=796917760 bytes ([85.16%] 4571791360/5368709120 bytes copied)
[migrater] timestamp=1779269678.49, migrating=True, epoch=3, total_epochs=3, configured=500000000 B/s, rate=499957610 B/s, pending=746586112 bytes ([86.09%] 4622123008/5368709120 bytes copied)
[migrater] timestamp=1779269678.59, migrating=True, epoch=3, total_epochs=3, configured=500000000 B/s, rate=499994656 B/s, pending=696254464 bytes ([87.03%] 4672454656/5368709120 bytes copied)
[migrater] timestamp=1779269678.69, migrating=True, epoch=3, total_epochs=3, configured=500000000 B/s, rate=499695378 B/s, pending=645922816 bytes ([87.97%] 4722786304/5368709120 bytes copied)
[migrater] timestamp=1779269678.79, migrating=True, epoch=3, total_epochs=3, configured=500000000 B/s, rate=500235420 B/s, pending=595591168 bytes ([88.91%] 4773117952/5368709120 bytes copied)
[migrater] timestamp=1779269678.90, migrating=True, epoch=3, total_epochs=3, configured=500000000 B/s, rate=500019099 B/s, pending=545259520 bytes ([89.84%] 4823449600/5368709120 bytes copied)
[migrater] timestamp=1779269679.00, migrating=True, epoch=3, total_epochs=3, configured=500000000 B/s, rate=500024856 B/s, pending=494927872 bytes ([90.78%] 4873781248/5368709120 bytes copied)
[migrater] timestamp=1779269679.10, migrating=True, epoch=3, total_epochs=3, configured=500000000 B/s, rate=499986366 B/s, pending=444596224 bytes ([91.72%] 4924112896/5368709120 bytes copied)
[migrater] timestamp=1779269679.20, migrating=True, epoch=3, total_epochs=3, configured=500000000 B/s, rate=500015766 B/s, pending=394264576 bytes ([92.66%] 4974444544/5368709120 bytes copied)
[migrater] timestamp=1779269679.30, migrating=True, epoch=3, total_epochs=3, configured=500000000 B/s, rate=499798687 B/s, pending=343932928 bytes ([93.59%] 5024776192/5368709120 bytes copied)
[migrater] timestamp=1779269679.40, migrating=True, epoch=3, total_epochs=3, configured=500000000 B/s, rate=499878406 B/s, pending=293601280 bytes ([94.53%] 5075107840/5368709120 bytes copied)
[migrater] timestamp=1779269679.50, migrating=True, epoch=3, total_epochs=3, configured=500000000 B/s, rate=500196897 B/s, pending=243269632 bytes ([95.47%] 5125439488/5368709120 bytes copied)
[migrater] timestamp=1779269679.60, migrating=True, epoch=3, total_epochs=3, configured=500000000 B/s, rate=499663723 B/s, pending=192937984 bytes ([96.41%] 5175771136/5368709120 bytes copied)
[migrater] timestamp=1779269679.70, migrating=True, epoch=3, total_epochs=3, configured=500000000 B/s, rate=500578715 B/s, pending=142606336 bytes ([97.34%] 5226102784/5368709120 bytes copied)
[migrater] timestamp=1779269679.80, migrating=True, epoch=3, total_epochs=3, configured=500000000 B/s, rate=500033997 B/s, pending=92274688 bytes ([98.28%] 5276434432/5368709120 bytes copied)
[migrater] timestamp=1779269679.90, migrating=True, epoch=3, total_epochs=3, configured=500000000 B/s, rate=500128754 B/s, pending=41943040 bytes ([99.22%] 5326766080/5368709120 bytes copied)
[migrater] timestamp=1779269680.00, migrating=False, epoch=3, total_epochs=3, configured=500000000 B/s, rate=0 B/s, pending=0 bytes ([100.00%] 5368709120/5368709120 bytes copied)
[migrater] timestamp=1779269680.18, migrating=False, epoch=3, total_epochs=3, configured=0 B/s, rate=0 B/s, pending=0 bytes
[migrater] timestamp=1779269680.28, migrating=False, epoch=3, total_epochs=3, configured=0 B/s, rate=0 B/s, pending=0 bytes
[migrater] timestamp=1779269680.38, migrating=False, epoch=3, total_epochs=3, configured=0 B/s, rate=0 B/s, pending=0 bytes
[migrater] timestamp=1779269680.48, migrating=False, epoch=3, total_epochs=3, configured=0 B/s, rate=0 B/s, pending=0 bytes
[migrater] timestamp=1779269680.58, migrating=False, epoch=3, total_epochs=3, configured=0 B/s, rate=0 B/s, pending=0 bytes
[migrater] timestamp=1779269680.68, migrating=False, epoch=3, total_epochs=3, configured=0 B/s, rate=0 B/s, pending=0 bytes
[migrater] timestamp=1779269680.79, migrating=False, epoch=3, total_epochs=3, configured=0 B/s, rate=0 B/s, pending=0 bytes
[migrater] timestamp=1779269680.89, migrating=False, epoch=3, total_epochs=3, configured=0 B/s, rate=0 B/s, pending=0 bytes
[migrater] timestamp=1779269680.99, migrating=False, epoch=3, total_epochs=3, configured=0 B/s, rate=0 B/s, pending=0 bytes
[migrater] timestamp=1779269681.09, migrating=False, epoch=3, total_epochs=3, configured=0 B/s, rate=0 B/s, pending=0 bytes
[migrater] timestamp=1779269681.19, migrating=False, epoch=3, total_epochs=3, configured=0 B/s, rate=0 B/s, pending=0 bytes
[migrater] timestamp=1779269681.29, migrating=False, epoch=3, total_epochs=3, configured=0 B/s, rate=0 B/s, pending=0 bytes
[migrater] timestamp=1779269681.39, migrating=False, epoch=3, total_epochs=3, configured=0 B/s, rate=0 B/s, pending=0 bytes
[migrater] timestamp=1779269681.49, migrating=False, epoch=3, total_epochs=3, configured=0 B/s, rate=0 B/s, pending=0 bytes
[migrater] timestamp=1779269681.59, migrating=False, epoch=3, total_epochs=3, configured=0 B/s, rate=0 B/s, pending=0 bytes
[migrater] timestamp=1779269681.69, migrating=False, epoch=3, total_epochs=3, configured=0 B/s, rate=0 B/s, pending=0 bytes
