[migrater] timestamp=1779269570.71, migrating=False, epoch=0, total_epochs=0, configured=0 B/s, rate=0 B/s, pending=0 bytesMigrater running on 50051

[migrater] timestamp=1779269570.86, migrating=False, epoch=0, total_epochs=0, configured=0 B/s, rate=0 B/s, pending=0 bytes
[migrater] timestamp=1779269570.96, migrating=False, epoch=0, total_epochs=0, configured=0 B/s, rate=0 B/s, pending=0 bytes
[migrater] timestamp=1779269571.06, migrating=False, epoch=0, total_epochs=0, configured=0 B/s, rate=0 B/s, pending=0 bytes
[migrater] timestamp=1779269571.16, migrating=False, epoch=0, total_epochs=0, configured=0 B/s, rate=0 B/s, pending=0 bytes
[migrater] timestamp=1779269571.27, migrating=False, epoch=0, total_epochs=0, configured=0 B/s, rate=0 B/s, pending=0 bytes
[migrater] timestamp=1779269571.37, migrating=False, epoch=0, total_epochs=0, configured=0 B/s, rate=0 B/s, pending=0 bytes
[migrater] timestamp=1779269571.47, migrating=False, epoch=0, total_epochs=0, configured=0 B/s, rate=0 B/s, pending=0 bytes
[migrater] timestamp=1779269571.57, migrating=False, epoch=0, total_epochs=0, configured=0 B/s, rate=0 B/s, pending=0 bytes
[migrater] timestamp=1779269571.67, migrating=False, epoch=0, total_epochs=0, configured=0 B/s, rate=0 B/s, pending=0 bytes
[migrater] timestamp=1779269571.77, migrating=False, epoch=0, total_epochs=0, configured=0 B/s, rate=0 B/s, pending=0 bytes
[migrater] timestamp=1779269571.87, migrating=False, epoch=0, total_epochs=0, configured=0 B/s, rate=0 B/s, pending=0 bytes
[migrater] timestamp=1779269571.97, migrating=False, epoch=0, total_epochs=0, configured=0 B/s, rate=0 B/s, pending=0 bytes
[migrater] timestamp=1779269572.07, migrating=False, epoch=0, total_epochs=0, configured=0 B/s, rate=0 B/s, pending=0 bytes
[migrater] timestamp=1779269572.17, migrating=False, epoch=0, total_epochs=0, configured=0 B/s, rate=0 B/s, pending=0 bytes
[migrater] timestamp=1779269572.27, migrating=False, epoch=0, total_epochs=0, configured=0 B/s, rate=0 B/s, pending=0 bytes
[migrater] timestamp=1779269572.37, migrating=False, epoch=0, total_epochs=0, configured=0 B/s, rate=0 B/s, pending=0 bytes
[migrater] timestamp=1779269572.47, migrating=False, epoch=0, total_epochs=0, configured=0 B/s, rate=0 B/s, pending=0 bytes
[migrater] timestamp=1779269572.57, migrating=False, epoch=0, total_epochs=0, configured=0 B/s, rate=0 B/s, pending=0 bytes
[migrater] timestamp=1779269572.67, migrating=False, epoch=0, total_epochs=0, configured=0 B/s, rate=0 B/s, pending=0 bytes
[migrater] timestamp=1779269572.77, migrating=False, epoch=0, total_epochs=0, configured=0 B/s, rate=0 B/s, pending=0 bytes
[migrater] timestamp=1779269572.87, migrating=False, epoch=0, total_epochs=0, configured=0 B/s, rate=0 B/s, pending=0 bytes
[migrater] timestamp=1779269572.97, migrating=False, epoch=0, total_epochs=0, configured=0 B/s, rate=0 B/s, pending=0 bytes
[migrater] timestamp=1779269573.07, migrating=False, epoch=0, total_epochs=0, configured=0 B/s, rate=0 B/s, pending=0 bytes
[migrater] timestamp=1779269573.17, migrating=False, epoch=0, total_epochs=0, configured=0 B/s, rate=0 B/s, pending=0 bytes
[migrater] timestamp=1779269573.27, migrating=False, epoch=0, total_epochs=0, configured=0 B/s, rate=0 B/s, pending=0 bytes
[migrater] timestamp=1779269573.37, migrating=False, epoch=0, total_epochs=0, configured=0 B/s, rate=0 B/s, pending=0 bytes
[migrater] timestamp=1779269573.47, migrating=False, epoch=0, total_epochs=0, configured=0 B/s, rate=0 B/s, pending=0 bytes
[migrater] timestamp=1779269573.58, migrating=False, epoch=0, total_epochs=0, configured=0 B/s, rate=0 B/s, pending=0 bytes
[migrater] timestamp=1779269573.68, migrating=False, epoch=0, total_epochs=0, configured=0 B/s, rate=0 B/s, pending=0 bytes
[migrater] timestamp=1779269573.78, migrating=False, epoch=0, total_epochs=0, configured=0 B/s, rate=0 B/s, pending=0 bytes
[migrater] timestamp=1779269573.88, migrating=False, epoch=0, total_epochs=0, configured=0 B/s, rate=0 B/s, pending=0 bytes
[migrater] timestamp=1779269573.98, migrating=False, epoch=0, total_epochs=0, configured=0 B/s, rate=0 B/s, pending=0 bytes
[migrater] timestamp=1779269574.08, migrating=False, epoch=0, total_epochs=0, configured=0 B/s, rate=0 B/s, pending=0 bytes
[migrater] timestamp=1779269574.18, migrating=False, epoch=0, total_epochs=0, configured=0 B/s, rate=0 B/s, pending=0 bytes
[migrater] timestamp=1779269574.28, migrating=False, epoch=0, total_epochs=0, configured=0 B/s, rate=0 B/s, pending=0 bytes
[migrater] timestamp=1779269574.38, migrating=False, epoch=0, total_epochs=0, configured=0 B/s, rate=0 B/s, pending=0 bytes
[migrater] timestamp=1779269574.48, migrating=False, epoch=0, total_epochs=0, configured=0 B/s, rate=0 B/s, pending=0 bytes
[migrater] timestamp=1779269574.58, migrating=False, epoch=0, total_epochs=0, configured=0 B/s, rate=0 B/s, pending=0 bytes
[migrater] timestamp=1779269574.68, migrating=False, epoch=0, total_epochs=0, configured=0 B/s, rate=0 B/s, pending=0 bytes
[migrater] timestamp=1779269574.78, migrating=False, epoch=0, total_epochs=0, configured=0 B/s, rate=0 B/s, pending=0 bytes
[migrater] timestamp=1779269574.88, migrating=False, epoch=0, total_epochs=0, configured=0 B/s, rate=0 B/s, pending=0 bytes
[migrater] timestamp=1779269574.98, migrating=False, epoch=0, total_epochs=0, configured=0 B/s, rate=0 B/s, pending=0 bytes
[migrater] timestamp=1779269575.08, migrating=False, epoch=0, total_epochs=0, configured=0 B/s, rate=0 B/s, pending=0 bytes
[migrater] timestamp=1779269575.18, migrating=False, epoch=0, total_epochs=0, configured=0 B/s, rate=0 B/s, pending=0 bytes
[migrater] timestamp=1779269575.28, migrating=False, epoch=0, total_epochs=0, configured=0 B/s, rate=0 B/s, pending=0 bytes
[migrater] timestamp=1779269575.38, migrating=False, epoch=0, total_epochs=0, configured=0 B/s, rate=0 B/s, pending=0 bytes
[migrater] timestamp=1779269575.48, migrating=False, epoch=0, total_epochs=0, configured=0 B/s, rate=0 B/s, pending=0 bytes
[migrater] timestamp=1779269575.59, migrating=False, epoch=0, total_epochs=0, configured=0 B/s, rate=0 B/s, pending=0 bytes
[migrater] timestamp=1779269575.69, migrating=False, epoch=0, total_epochs=0, configured=0 B/s, rate=0 B/s, pending=0 bytes
[migrater] timestamp=1779269575.79, migrating=False, epoch=0, total_epochs=0, configured=0 B/s, rate=0 B/s, pending=0 bytes
[migrater] timestamp=1779269575.89, migrating=False, epoch=0, total_epochs=0, configured=0 B/s, rate=0 B/s, pending=0 bytes
[migrater] timestamp=1779269575.99, migrating=False, epoch=0, total_epochs=0, configured=0 B/s, rate=0 B/s, pending=0 bytes
[migrater] timestamp=1779269576.09, migrating=False, epoch=0, total_epochs=0, configured=0 B/s, rate=0 B/s, pending=0 bytes
[migrater] timestamp=1779269576.19, migrating=False, epoch=0, total_epochs=0, configured=0 B/s, rate=0 B/s, pending=0 bytes
[migrater] timestamp=1779269576.29, migrating=False, epoch=0, total_epochs=0, configured=0 B/s, rate=0 B/s, pending=0 bytes
[migrater] timestamp=1779269576.39, migrating=False, epoch=0, total_epochs=0, configured=0 B/s, rate=0 B/s, pending=0 bytes
[migrater] timestamp=1779269576.49, migrating=False, epoch=0, total_epochs=0, configured=0 B/s, rate=0 B/s, pending=0 bytes
[migrater] timestamp=1779269576.59, migrating=False, epoch=0, total_epochs=0, configured=0 B/s, rate=0 B/s, pending=0 bytes
[migrater] timestamp=1779269576.69, migrating=False, epoch=0, total_epochs=0, configured=0 B/s, rate=0 B/s, pending=0 bytes
[migrater] timestamp=1779269576.79, migrating=False, epoch=0, total_epochs=0, configured=0 B/s, rate=0 B/s, pending=0 bytes
[migrater] timestamp=1779269576.89, migrating=False, epoch=0, total_epochs=0, configured=0 B/s, rate=0 B/s, pending=0 bytes
[migrater] timestamp=1779269576.99, migrating=False, epoch=0, total_epochs=0, configured=0 B/s, rate=0 B/s, pending=0 bytes
[migrater] timestamp=1779269577.09, migrating=False, epoch=0, total_epochs=0, configured=0 B/s, rate=0 B/s, pending=0 bytes
[migrater] timestamp=1779269577.19, migrating=False, epoch=0, total_epochs=0, configured=0 B/s, rate=0 B/s, pending=0 bytes
[migrater] timestamp=1779269577.29, migrating=False, epoch=0, total_epochs=0, configured=0 B/s, rate=0 B/s, pending=0 bytes
[migrater] timestamp=1779269577.39, migrating=False, epoch=0, total_epochs=0, configured=0 B/s, rate=0 B/s, pending=0 bytes
[migrater] timestamp=1779269577.49, migrating=False, epoch=0, total_epochs=0, configured=0 B/s, rate=0 B/s, pending=0 bytes
[migrater] timestamp=1779269577.60, migrating=False, epoch=0, total_epochs=0, configured=0 B/s, rate=0 B/s, pending=0 bytes
[migrater] timestamp=1779269577.70, migrating=False, epoch=0, total_epochs=0, configured=0 B/s, rate=0 B/s, pending=0 bytes
[migrater] timestamp=1779269577.80, migrating=False, epoch=0, total_epochs=0, configured=0 B/s, rate=0 B/s, pending=0 bytes
[migrater] timestamp=1779269577.90, migrating=False, epoch=0, total_epochs=0, configured=0 B/s, rate=0 B/s, pending=0 bytes
[migrater] timestamp=1779269578.00, migrating=False, epoch=0, total_epochs=0, configured=0 B/s, rate=0 B/s, pending=0 bytes
[migrater] timestamp=1779269578.10, migrating=False, epoch=0, total_epochs=0, configured=0 B/s, rate=0 B/s, pending=0 bytes
[migrater] timestamp=1779269578.20, migrating=False, epoch=0, total_epochs=0, configured=0 B/s, rate=0 B/s, pending=0 bytes
[migrater] timestamp=1779269578.30, migrating=False, epoch=0, total_epochs=0, configured=0 B/s, rate=0 B/s, pending=0 bytes
[migrater] timestamp=1779269578.40, migrating=False, epoch=0, total_epochs=0, configured=0 B/s, rate=0 B/s, pending=0 bytes
[migrater] timestamp=1779269578.50, migrating=False, epoch=0, total_epochs=0, configured=0 B/s, rate=0 B/s, pending=0 bytes
[migrater] timestamp=1779269578.60, migrating=False, epoch=0, total_epochs=0, configured=0 B/s, rate=0 B/s, pending=0 bytes
[migrater] timestamp=1779269578.70, migrating=False, epoch=0, total_epochs=0, configured=0 B/s, rate=0 B/s, pending=0 bytes
[migrater] timestamp=1779269578.80, migrating=False, epoch=1, total_epochs=3, configured=0 B/s, rate=0 B/s, pending=5368709120 bytes
[migrater] timestamp=1779269578.90, migrating=True, epoch=1, total_epochs=3, configured=0 B/s, rate=0 B/s, pending=5368709120 bytes
[migrater] timestamp=1779269578.93, migrating=True, epoch=1, total_epochs=3, configured=567673521 B/s, rate=646761053 B/s, pending=5301600256 bytes ([1.25%] 67108864/5368709120 bytes copied)
[migrater] timestamp=1779269579.03, migrating=True, epoch=1, total_epochs=3, configured=531965938 B/s, rate=563792904 B/s, pending=5242880000 bytes ([2.34%] 125829120/5368709120 bytes copied)
[migrater] timestamp=1779269579.14, migrating=True, epoch=1, total_epochs=3, configured=520290282 B/s, rate=480698564 B/s, pending=5192548352 bytes ([3.28%] 176160768/5368709120 bytes copied)
[migrater] timestamp=1779269579.24, migrating=True, epoch=1, total_epochs=3, configured=514903743 B/s, rate=571021129 B/s, pending=5133828096 bytes ([4.38%] 234881024/5368709120 bytes copied)
[migrater] timestamp=1779269579.35, migrating=True, epoch=1, total_epochs=3, configured=511504436 B/s, rate=466274392 B/s, pending=5083496448 bytes ([5.31%] 285212672/5368709120 bytes copied)
[migrater] timestamp=1779269579.46, migrating=True, epoch=1, total_epochs=3, configured=509397763 B/s, rate=560133979 B/s, pending=5024776192 bytes ([6.41%] 343932928/5368709120 bytes copied)
[migrater] timestamp=1779269579.56, migrating=True, epoch=1, total_epochs=3, configured=507686064 B/s, rate=461841590 B/s, pending=4974444544 bytes ([7.34%] 394264576/5368709120 bytes copied)
[migrater] timestamp=1779269579.67, migrating=True, epoch=1, total_epochs=3, configured=506557920 B/s, rate=555848023 B/s, pending=4915724288 bytes ([8.44%] 452984832/5368709120 bytes copied)
[migrater] timestamp=1779269579.78, migrating=True, epoch=1, total_epochs=3, configured=505470489 B/s, rate=459566096 B/s, pending=4865392640 bytes ([9.38%] 503316480/5368709120 bytes copied)
[migrater] timestamp=1779269579.89, migrating=True, epoch=1, total_epochs=3, configured=504766080 B/s, rate=553320630 B/s, pending=4806672384 bytes ([10.47%] 562036736/5368709120 bytes copied)
[migrater] timestamp=1779269580.00, migrating=True, epoch=1, total_epochs=3, configured=503973520 B/s, rate=457779642 B/s, pending=4756340736 bytes ([11.41%] 612368384/5368709120 bytes copied)
[migrater] timestamp=1779269580.10, migrating=True, epoch=1, total_epochs=3, configured=503488024 B/s, rate=551531670 B/s, pending=4697620480 bytes ([12.50%] 671088640/5368709120 bytes copied)
[migrater] timestamp=1779269580.20, migrating=True, epoch=1, total_epochs=3, configured=502855381 B/s, rate=503141619 B/s, pending=4647288832 bytes ([13.44%] 721420288/5368709120 bytes copied)
[migrater] timestamp=1779269580.30, migrating=True, epoch=1, total_epochs=3, configured=502496682 B/s, rate=502467832 B/s, pending=4596957184 bytes ([14.37%] 771751936/5368709120 bytes copied)
[migrater] timestamp=1779269580.40, migrating=True, epoch=1, total_epochs=3, configured=502296284 B/s, rate=502562757 B/s, pending=4546625536 bytes ([15.31%] 822083584/5368709120 bytes copied)
[migrater] timestamp=1779269580.50, migrating=True, epoch=1, total_epochs=3, configured=501335289 B/s, rate=501669114 B/s, pending=4496293888 bytes ([16.25%] 872415232/5368709120 bytes copied)
[migrater] timestamp=1779269580.60, migrating=True, epoch=1, total_epochs=3, configured=501082488 B/s, rate=500971842 B/s, pending=4445962240 bytes ([17.19%] 922746880/5368709120 bytes copied)
[migrater] timestamp=1779269580.70, migrating=True, epoch=1, total_epochs=3, configured=500970630 B/s, rate=500920283 B/s, pending=4395630592 bytes ([18.12%] 973078528/5368709120 bytes copied)
[migrater] timestamp=1779269580.80, migrating=True, epoch=1, total_epochs=3, configured=500764180 B/s, rate=501070342 B/s, pending=4345298944 bytes ([19.06%] 1023410176/5368709120 bytes copied)
[migrater] timestamp=1779269580.90, migrating=True, epoch=1, total_epochs=3, configured=500694055 B/s, rate=500690016 B/s, pending=4294967296 bytes ([20.00%] 1073741824/5368709120 bytes copied)
[migrater] timestamp=1779269581.00, migrating=True, epoch=1, total_epochs=3, configured=500521209 B/s, rate=500750141 B/s, pending=4244635648 bytes ([20.94%] 1124073472/5368709120 bytes copied)
[migrater] timestamp=1779269581.11, migrating=True, epoch=1, total_epochs=3, configured=500482403 B/s, rate=500549746 B/s, pending=4194304000 bytes ([21.88%] 1174405120/5368709120 bytes copied)
[migrater] timestamp=1779269581.21, migrating=True, epoch=1, total_epochs=3, configured=500334732 B/s, rate=500297634 B/s, pending=4143972352 bytes ([22.81%] 1224736768/5368709120 bytes copied)
[migrater] timestamp=1779269581.31, migrating=True, epoch=1, total_epochs=3, configured=500320700 B/s, rate=500387716 B/s, pending=4093640704 bytes ([23.75%] 1275068416/5368709120 bytes copied)
[migrater] timestamp=1779269581.41, migrating=True, epoch=1, total_epochs=3, configured=500947555 B/s, rate=500570351 B/s, pending=4043309056 bytes ([24.69%] 1325400064/5368709120 bytes copied)
[migrater] timestamp=1779269581.51, migrating=True, epoch=1, total_epochs=3, configured=500834948 B/s, rate=501121628 B/s, pending=3992977408 bytes ([25.62%] 1375731712/5368709120 bytes copied)
[migrater] timestamp=1779269581.61, migrating=True, epoch=1, total_epochs=3, configured=500729203 B/s, rate=500372991 B/s, pending=3942645760 bytes ([26.56%] 1426063360/5368709120 bytes copied)
[migrater] timestamp=1779269581.71, migrating=True, epoch=1, total_epochs=3, configured=500628968 B/s, rate=500688073 B/s, pending=3892314112 bytes ([27.50%] 1476395008/5368709120 bytes copied)
[migrater] timestamp=1779269581.81, migrating=True, epoch=1, total_epochs=3, configured=500628968 B/s, rate=500667254 B/s, pending=3841982464 bytes ([28.44%] 1526726656/5368709120 bytes copied)
[migrater] timestamp=1779269581.91, migrating=True, epoch=1, total_epochs=3, configured=500443399 B/s, rate=500503102 B/s, pending=3791650816 bytes ([29.38%] 1577058304/5368709120 bytes copied)
[migrater] timestamp=1779269582.01, migrating=True, epoch=1, total_epochs=3, configured=500356918 B/s, rate=499849325 B/s, pending=3741319168 bytes ([30.31%] 1627389952/5368709120 bytes copied)
[migrater] timestamp=1779269582.11, migrating=True, epoch=1, total_epochs=3, configured=500273896 B/s, rate=500633640 B/s, pending=3690987520 bytes ([31.25%] 1677721600/5368709120 bytes copied)
[migrater] timestamp=1779269582.21, migrating=True, epoch=1, total_epochs=3, configured=500194293 B/s, rate=500076827 B/s, pending=3640655872 bytes ([32.19%] 1728053248/5368709120 bytes copied)
[migrater] timestamp=1779269582.31, migrating=True, epoch=1, total_epochs=3, configured=500117530 B/s, rate=500151769 B/s, pending=3590324224 bytes ([33.12%] 1778384896/5368709120 bytes copied)
[migrater] timestamp=1779269582.41, migrating=True, epoch=1, total_epochs=3, configured=500043229 B/s, rate=499943561 B/s, pending=3539992576 bytes ([34.06%] 1828716544/5368709120 bytes copied)
[migrater] timestamp=1779269582.51, migrating=True, epoch=1, total_epochs=3, configured=499971147 B/s, rate=500029436 B/s, pending=3489660928 bytes ([35.00%] 1879048192/5368709120 bytes copied)
[migrater] timestamp=1779269582.61, migrating=True, epoch=1, total_epochs=3, configured=499901037 B/s, rate=500044887 B/s, pending=3439329280 bytes ([35.94%] 1929379840/5368709120 bytes copied)
[migrater] timestamp=1779269582.71, migrating=True, epoch=1, total_epochs=3, configured=499832653 B/s, rate=499823012 B/s, pending=3388997632 bytes ([36.88%] 1979711488/5368709120 bytes copied)
[migrater] timestamp=1779269582.82, migrating=True, epoch=1, total_epochs=3, configured=499765758 B/s, rate=499882333 B/s, pending=3338665984 bytes ([37.81%] 2030043136/5368709120 bytes copied)
[migrater] timestamp=1779269582.92, migrating=True, epoch=1, total_epochs=3, configured=499700162 B/s, rate=499675738 B/s, pending=3288334336 bytes ([38.75%] 2080374784/5368709120 bytes copied)
[migrater] timestamp=1779269583.02, migrating=True, epoch=1, total_epochs=3, configured=499635674 B/s, rate=499695388 B/s, pending=3238002688 bytes ([39.69%] 2130706432/5368709120 bytes copied)
[migrater] timestamp=1779269583.12, migrating=True, epoch=1, total_epochs=3, configured=499572160 B/s, rate=499663584 B/s, pending=3187671040 bytes ([40.62%] 2181038080/5368709120 bytes copied)
[migrater] timestamp=1779269583.22, migrating=True, epoch=1, total_epochs=3, configured=499509486 B/s, rate=499455430 B/s, pending=3137339392 bytes ([41.56%] 2231369728/5368709120 bytes copied)
[migrater] timestamp=1779269583.32, migrating=True, epoch=1, total_epochs=3, configured=499447449 B/s, rate=499547638 B/s, pending=3087007744 bytes ([42.50%] 2281701376/5368709120 bytes copied)
[migrater] timestamp=1779269583.42, migrating=True, epoch=1, total_epochs=3, configured=499385898 B/s, rate=499283215 B/s, pending=3036676096 bytes ([43.44%] 2332033024/5368709120 bytes copied)
[migrater] timestamp=1779269583.52, migrating=True, epoch=1, total_epochs=3, configured=499488368 B/s, rate=499564789 B/s, pending=2986344448 bytes ([44.38%] 2382364672/5368709120 bytes copied)
[migrater] timestamp=1779269583.62, migrating=True, epoch=1, total_epochs=3, configured=498406850 B/s, rate=498713395 B/s, pending=2936012800 bytes ([45.31%] 2432696320/5368709120 bytes copied)
[migrater] timestamp=1779269583.72, migrating=True, epoch=1, total_epochs=3, configured=498331888 B/s, rate=498280390 B/s, pending=2885681152 bytes ([46.25%] 2483027968/5368709120 bytes copied)
[migrater] timestamp=1779269583.82, migrating=True, epoch=1, total_epochs=3, configured=498256404 B/s, rate=498254745 B/s, pending=2835349504 bytes ([47.19%] 2533359616/5368709120 bytes copied)
[migrater] timestamp=1779269583.92, migrating=True, epoch=1, total_epochs=3, configured=498180252 B/s, rate=498287691 B/s, pending=2785017856 bytes ([48.12%] 2583691264/5368709120 bytes copied)
[migrater] timestamp=1779269584.03, migrating=True, epoch=1, total_epochs=3, configured=498103282 B/s, rate=498197925 B/s, pending=2734686208 bytes ([49.06%] 2634022912/5368709120 bytes copied)
[migrater] timestamp=1779269584.13, migrating=True, epoch=1, total_epochs=3, configured=498025306 B/s, rate=497996611 B/s, pending=2684354560 bytes ([50.00%] 2684354560/5368709120 bytes copied)
[migrater] timestamp=1779269584.23, migrating=True, epoch=1, total_epochs=3, configured=497946204 B/s, rate=498059147 B/s, pending=2634022912 bytes ([50.94%] 2734686208/5368709120 bytes copied)
[migrater] timestamp=1779269584.33, migrating=True, epoch=1, total_epochs=3, configured=0 B/s, rate=0 B/s, pending=2634022912 bytes
[migrater] timestamp=1779269584.33, migrating=True, epoch=1, total_epochs=3, configured=496900132 B/s, rate=497047935 B/s, pending=2583691264 bytes ([51.88%] 2785017856/5368709120 bytes copied)
[migrater] timestamp=1779269584.43, migrating=True, epoch=1, total_epochs=3, configured=500332031 B/s, rate=499775664 B/s, pending=2533359616 bytes ([52.81%] 2835349504/5368709120 bytes copied)
[migrater] timestamp=1779269584.53, migrating=True, epoch=1, total_epochs=3, configured=500297491 B/s, rate=500262329 B/s, pending=2483027968 bytes ([53.75%] 2885681152/5368709120 bytes copied)
[migrater] timestamp=1779269584.63, migrating=True, epoch=1, total_epochs=3, configured=500263067 B/s, rate=500228718 B/s, pending=2432696320 bytes ([54.69%] 2936012800/5368709120 bytes copied)
[migrater] timestamp=1779269584.73, migrating=True, epoch=1, total_epochs=3, configured=500228690 B/s, rate=500193721 B/s, pending=2382364672 bytes ([55.62%] 2986344448/5368709120 bytes copied)
[migrater] timestamp=1779269584.83, migrating=True, epoch=1, total_epochs=3, configured=500194292 B/s, rate=500410451 B/s, pending=2332033024 bytes ([56.56%] 3036676096/5368709120 bytes copied)
[migrater] timestamp=1779269584.93, migrating=True, epoch=1, total_epochs=3, configured=500159800 B/s, rate=499929354 B/s, pending=2281701376 bytes ([57.50%] 3087007744/5368709120 bytes copied)
[migrater] timestamp=1779269585.03, migrating=True, epoch=1, total_epochs=3, configured=500125140 B/s, rate=500163400 B/s, pending=2231369728 bytes ([58.44%] 3137339392/5368709120 bytes copied)
[migrater] timestamp=1779269585.13, migrating=True, epoch=1, total_epochs=3, configured=500090240 B/s, rate=500043247 B/s, pending=2181038080 bytes ([59.38%] 3187671040/5368709120 bytes copied)
[migrater] timestamp=1779269585.24, migrating=True, epoch=1, total_epochs=3, configured=500055024 B/s, rate=500146501 B/s, pending=2130706432 bytes ([60.31%] 3238002688/5368709120 bytes copied)
[migrater] timestamp=1779269585.34, migrating=True, epoch=1, total_epochs=3, configured=500019405 B/s, rate=500142675 B/s, pending=2080374784 bytes ([61.25%] 3288334336/5368709120 bytes copied)
[migrater] timestamp=1779269585.44, migrating=True, epoch=1, total_epochs=3, configured=500221142 B/s, rate=499790851 B/s, pending=2030043136 bytes ([62.19%] 3338665984/5368709120 bytes copied)
[migrater] timestamp=1779269585.54, migrating=True, epoch=1, total_epochs=3, configured=500190053 B/s, rate=500445280 B/s, pending=1979711488 bytes ([63.12%] 3388997632/5368709120 bytes copied)
[migrater] timestamp=1779269585.64, migrating=True, epoch=1, total_epochs=3, configured=498681450 B/s, rate=498930373 B/s, pending=1929379840 bytes ([64.06%] 3439329280/5368709120 bytes copied)
[migrater] timestamp=1779269585.74, migrating=True, epoch=1, total_epochs=3, configured=498613545 B/s, rate=498602132 B/s, pending=1879048192 bytes ([65.00%] 3489660928/5368709120 bytes copied)
[migrater] timestamp=1779269585.84, migrating=True, epoch=1, total_epochs=3, configured=498798376 B/s, rate=498881360 B/s, pending=1828716544 bytes ([65.94%] 3539992576/5368709120 bytes copied)
[migrater] timestamp=1779269585.94, migrating=True, epoch=1, total_epochs=3, configured=498731982 B/s, rate=498786491 B/s, pending=1778384896 bytes ([66.88%] 3590324224/5368709120 bytes copied)
[migrater] timestamp=1779269586.04, migrating=True, epoch=1, total_epochs=3, configured=498932857 B/s, rate=498504649 B/s, pending=1728053248 bytes ([67.81%] 3640655872/5368709120 bytes copied)
[migrater] timestamp=1779269586.14, migrating=True, epoch=1, total_epochs=3, configured=498868436 B/s, rate=499215465 B/s, pending=1677721600 bytes ([68.75%] 3690987520/5368709120 bytes copied)
[migrater] timestamp=1779269586.24, migrating=True, epoch=1, total_epochs=3, configured=499087632 B/s, rate=499065925 B/s, pending=1627389952 bytes ([69.69%] 3741319168/5368709120 bytes copied)
[migrater] timestamp=1779269586.34, migrating=True, epoch=1, total_epochs=3, configured=499025820 B/s, rate=499203334 B/s, pending=1577058304 bytes ([70.62%] 3791650816/5368709120 bytes copied)
[migrater] timestamp=1779269586.44, migrating=True, epoch=1, total_epochs=3, configured=499266138 B/s, rate=498955944 B/s, pending=1526726656 bytes ([71.56%] 3841982464/5368709120 bytes copied)
[migrater] timestamp=1779269586.55, migrating=True, epoch=1, total_epochs=3, configured=499207843 B/s, rate=499484178 B/s, pending=1476395008 bytes ([72.50%] 3892314112/5368709120 bytes copied)
[migrater] timestamp=1779269586.65, migrating=True, epoch=1, total_epochs=3, configured=499472814 B/s, rate=499433529 B/s, pending=1426063360 bytes ([73.44%] 3942645760/5368709120 bytes copied)
[migrater] timestamp=1779269586.75, migrating=True, epoch=1, total_epochs=3, configured=499472814 B/s, rate=499459152 B/s, pending=1375731712 bytes ([74.38%] 3992977408/5368709120 bytes copied)
[migrater] timestamp=1779269586.85, migrating=True, epoch=1, total_epochs=3, configured=499711418 B/s, rate=499633824 B/s, pending=1325400064 bytes ([75.31%] 4043309056/5368709120 bytes copied)
[migrater] timestamp=1779269586.95, migrating=True, epoch=1, total_epochs=3, configured=499666354 B/s, rate=499670380 B/s, pending=1275068416 bytes ([76.25%] 4093640704/5368709120 bytes copied)
[migrater] timestamp=1779269587.05, migrating=True, epoch=1, total_epochs=3, configured=497404565 B/s, rate=497573610 B/s, pending=1224736768 bytes ([77.19%] 4143972352/5368709120 bytes copied)
[migrater] timestamp=1779269587.15, migrating=True, epoch=1, total_epochs=3, configured=497645610 B/s, rate=497605241 B/s, pending=1174405120 bytes ([78.12%] 4194304000/5368709120 bytes copied)
[migrater] timestamp=1779269587.25, migrating=True, epoch=1, total_epochs=3, configured=497516394 B/s, rate=497347145 B/s, pending=1124073472 bytes ([79.06%] 4244635648/5368709120 bytes copied)
[migrater] timestamp=1779269587.35, migrating=True, epoch=1, total_epochs=3, configured=497785078 B/s, rate=497672255 B/s, pending=1073741824 bytes ([80.00%] 4294967296/5368709120 bytes copied)
[migrater] timestamp=1779269587.45, migrating=True, epoch=1, total_epochs=3, configured=495162590 B/s, rate=495488656 B/s, pending=1023410176 bytes ([80.94%] 4345298944/5368709120 bytes copied)
[migrater] timestamp=1779269587.56, migrating=True, epoch=1, total_epochs=3, configured=492306922 B/s, rate=493008206 B/s, pending=973078528 bytes ([81.88%] 4395630592/5368709120 bytes copied)
[migrater] timestamp=1779269587.66, migrating=True, epoch=1, total_epochs=3, configured=491904803 B/s, rate=492260482 B/s, pending=922746880 bytes ([82.81%] 4445962240/5368709120 bytes copied)
[migrater] timestamp=1779269587.76, migrating=True, epoch=1, total_epochs=3, configured=488899234 B/s, rate=491350968 B/s, pending=872415232 bytes ([83.75%] 4496293888/5368709120 bytes copied)
[migrater] timestamp=1779269587.86, migrating=True, epoch=1, total_epochs=3, configured=488281542 B/s, rate=488810149 B/s, pending=822083584 bytes ([84.69%] 4546625536/5368709120 bytes copied)
[migrater] timestamp=1779269587.97, migrating=True, epoch=1, total_epochs=3, configured=488093362 B/s, rate=488508792 B/s, pending=771751936 bytes ([85.62%] 4596957184/5368709120 bytes copied)
[migrater] timestamp=1779269588.07, migrating=True, epoch=1, total_epochs=3, configured=487355447 B/s, rate=487909499 B/s, pending=721420288 bytes ([86.56%] 4647288832/5368709120 bytes copied)
[migrater] timestamp=1779269588.17, migrating=True, epoch=1, total_epochs=3, configured=487081523 B/s, rate=487231152 B/s, pending=671088640 bytes ([87.50%] 4697620480/5368709120 bytes copied)
[migrater] timestamp=1779269588.28, migrating=True, epoch=1, total_epochs=3, configured=486176093 B/s, rate=487058586 B/s, pending=620756992 bytes ([88.44%] 4747952128/5368709120 bytes copied)
[migrater] timestamp=1779269588.38, migrating=True, epoch=1, total_epochs=3, configured=485770507 B/s, rate=486047236 B/s, pending=570425344 bytes ([89.38%] 4798283776/5368709120 bytes copied)
[migrater] timestamp=1779269588.48, migrating=True, epoch=1, total_epochs=3, configured=484620150 B/s, rate=485380229 B/s, pending=520093696 bytes ([90.31%] 4848615424/5368709120 bytes copied)
[migrater] timestamp=1779269588.59, migrating=True, epoch=1, total_epochs=3, configured=484001187 B/s, rate=484549118 B/s, pending=469762048 bytes ([91.25%] 4898947072/5368709120 bytes copied)
[migrater] timestamp=1779269588.69, migrating=True, epoch=1, total_epochs=3, configured=482469050 B/s, rate=483341972 B/s, pending=419430400 bytes ([92.19%] 4949278720/5368709120 bytes copied)
[migrater] timestamp=1779269588.80, migrating=True, epoch=1, total_epochs=3, configured=481477680 B/s, rate=482103515 B/s, pending=369098752 bytes ([93.12%] 4999610368/5368709120 bytes copied)
[migrater] timestamp=1779269588.90, migrating=True, epoch=1, total_epochs=3, configured=479295002 B/s, rate=480480542 B/s, pending=318767104 bytes ([94.06%] 5049942016/5368709120 bytes copied)
[migrater] timestamp=1779269589.01, migrating=True, epoch=1, total_epochs=3, configured=477580179 B/s, rate=478610956 B/s, pending=268435456 bytes ([95.00%] 5100273664/5368709120 bytes copied)
[migrater] timestamp=1779269589.11, migrating=True, epoch=1, total_epochs=3, configured=474131823 B/s, rate=475462737 B/s, pending=218103808 bytes ([95.94%] 5150605312/5368709120 bytes copied)
[migrater] timestamp=1779269589.22, migrating=True, epoch=1, total_epochs=3, configured=470754505 B/s, rate=472067119 B/s, pending=167772160 bytes ([96.88%] 5200936960/5368709120 bytes copied)
[migrater] timestamp=1779269589.33, migrating=True, epoch=1, total_epochs=3, configured=464238898 B/s, rate=466686461 B/s, pending=117440512 bytes ([97.81%] 5251268608/5368709120 bytes copied)
[migrater] timestamp=1779269589.43, migrating=True, epoch=1, total_epochs=3, configured=443965556 B/s, rate=406968721 B/s, pending=75497472 bytes ([98.59%] 5293211648/5368709120 bytes copied)
[migrater] timestamp=1779269589.53, migrating=True, epoch=1, total_epochs=3, configured=437711127 B/s, rate=483208377 B/s, pending=25165824 bytes ([99.53%] 5343543296/5368709120 bytes copied)
[migrater] timestamp=1779269589.63, migrating=False, epoch=1, total_epochs=3, configured=404463926 B/s, rate=0 B/s, pending=0 bytes ([100.00%] 5368709120/5368709120 bytes copied)
[migrater] timestamp=1779269589.75, migrating=False, epoch=1, total_epochs=3, configured=0 B/s, rate=0 B/s, pending=0 bytes
[migrater] timestamp=1779269589.85, migrating=False, epoch=1, total_epochs=3, configured=0 B/s, rate=0 B/s, pending=0 bytes
[migrater] timestamp=1779269589.95, migrating=False, epoch=1, total_epochs=3, configured=0 B/s, rate=0 B/s, pending=0 bytes
[migrater] timestamp=1779269590.05, migrating=False, epoch=1, total_epochs=3, configured=0 B/s, rate=0 B/s, pending=0 bytes
[migrater] timestamp=1779269590.15, migrating=False, epoch=1, total_epochs=3, configured=0 B/s, rate=0 B/s, pending=0 bytes
[migrater] timestamp=1779269590.25, migrating=False, epoch=1, total_epochs=3, configured=0 B/s, rate=0 B/s, pending=0 bytes
[migrater] timestamp=1779269590.35, migrating=False, epoch=1, total_epochs=3, configured=0 B/s, rate=0 B/s, pending=0 bytes
[migrater] timestamp=1779269590.45, migrating=False, epoch=1, total_epochs=3, configured=0 B/s, rate=0 B/s, pending=0 bytes
[migrater] timestamp=1779269590.56, migrating=False, epoch=1, total_epochs=3, configured=0 B/s, rate=0 B/s, pending=0 bytes
[migrater] timestamp=1779269590.66, migrating=False, epoch=1, total_epochs=3, configured=0 B/s, rate=0 B/s, pending=0 bytes
[migrater] timestamp=1779269590.76, migrating=False, epoch=1, total_epochs=3, configured=0 B/s, rate=0 B/s, pending=0 bytes
[migrater] timestamp=1779269590.86, migrating=False, epoch=1, total_epochs=3, configured=0 B/s, rate=0 B/s, pending=0 bytes
[migrater] timestamp=1779269590.96, migrating=False, epoch=1, total_epochs=3, configured=0 B/s, rate=0 B/s, pending=0 bytes
[migrater] timestamp=1779269591.06, migrating=False, epoch=1, total_epochs=3, configured=0 B/s, rate=0 B/s, pending=0 bytes
[migrater] timestamp=1779269591.16, migrating=False, epoch=1, total_epochs=3, configured=0 B/s, rate=0 B/s, pending=0 bytes
[migrater] timestamp=1779269591.26, migrating=False, epoch=1, total_epochs=3, configured=0 B/s, rate=0 B/s, pending=0 bytes
[migrater] timestamp=1779269591.36, migrating=False, epoch=1, total_epochs=3, configured=0 B/s, rate=0 B/s, pending=0 bytes
[migrater] timestamp=1779269591.46, migrating=False, epoch=1, total_epochs=3, configured=0 B/s, rate=0 B/s, pending=0 bytes
[migrater] timestamp=1779269591.56, migrating=False, epoch=1, total_epochs=3, configured=0 B/s, rate=0 B/s, pending=0 bytes
[migrater] timestamp=1779269591.66, migrating=False, epoch=1, total_epochs=3, configured=0 B/s, rate=0 B/s, pending=0 bytes
[migrater] timestamp=1779269591.76, migrating=False, epoch=1, total_epochs=3, configured=0 B/s, rate=0 B/s, pending=0 bytes
[migrater] timestamp=1779269591.86, migrating=False, epoch=1, total_epochs=3, configured=0 B/s, rate=0 B/s, pending=0 bytes
[migrater] timestamp=1779269591.96, migrating=False, epoch=1, total_epochs=3, configured=0 B/s, rate=0 B/s, pending=0 bytes
[migrater] timestamp=1779269592.06, migrating=False, epoch=1, total_epochs=3, configured=0 B/s, rate=0 B/s, pending=0 bytes
[migrater] timestamp=1779269592.16, migrating=False, epoch=1, total_epochs=3, configured=0 B/s, rate=0 B/s, pending=0 bytes
[migrater] timestamp=1779269592.26, migrating=False, epoch=1, total_epochs=3, configured=0 B/s, rate=0 B/s, pending=0 bytes
[migrater] timestamp=1779269592.36, migrating=False, epoch=1, total_epochs=3, configured=0 B/s, rate=0 B/s, pending=0 bytes
[migrater] timestamp=1779269592.46, migrating=False, epoch=1, total_epochs=3, configured=0 B/s, rate=0 B/s, pending=0 bytes
[migrater] timestamp=1779269592.56, migrating=False, epoch=1, total_epochs=3, configured=0 B/s, rate=0 B/s, pending=0 bytes
[migrater] timestamp=1779269592.66, migrating=False, epoch=1, total_epochs=3, configured=0 B/s, rate=0 B/s, pending=0 bytes
[migrater] timestamp=1779269592.76, migrating=False, epoch=1, total_epochs=3, configured=0 B/s, rate=0 B/s, pending=0 bytes
[migrater] timestamp=1779269592.86, migrating=False, epoch=1, total_epochs=3, configured=0 B/s, rate=0 B/s, pending=0 bytes
[migrater] timestamp=1779269592.96, migrating=False, epoch=1, total_epochs=3, configured=0 B/s, rate=0 B/s, pending=0 bytes
[migrater] timestamp=1779269593.06, migrating=False, epoch=1, total_epochs=3, configured=0 B/s, rate=0 B/s, pending=0 bytes
[migrater] timestamp=1779269593.17, migrating=False, epoch=1, total_epochs=3, configured=0 B/s, rate=0 B/s, pending=0 bytes
[migrater] timestamp=1779269593.27, migrating=False, epoch=1, total_epochs=3, configured=0 B/s, rate=0 B/s, pending=0 bytes
[migrater] timestamp=1779269593.37, migrating=False, epoch=1, total_epochs=3, configured=0 B/s, rate=0 B/s, pending=0 bytes
[migrater] timestamp=1779269593.47, migrating=False, epoch=1, total_epochs=3, configured=0 B/s, rate=0 B/s, pending=0 bytes
[migrater] timestamp=1779269593.57, migrating=False, epoch=1, total_epochs=3, configured=0 B/s, rate=0 B/s, pending=0 bytes
[migrater] timestamp=1779269593.67, migrating=False, epoch=1, total_epochs=3, configured=0 B/s, rate=0 B/s, pending=0 bytes
[migrater] timestamp=1779269593.77, migrating=False, epoch=1, total_epochs=3, configured=0 B/s, rate=0 B/s, pending=0 bytes
[migrater] timestamp=1779269593.87, migrating=False, epoch=1, total_epochs=3, configured=0 B/s, rate=0 B/s, pending=0 bytes
[migrater] timestamp=1779269593.97, migrating=False, epoch=1, total_epochs=3, configured=0 B/s, rate=0 B/s, pending=0 bytes
[migrater] timestamp=1779269594.07, migrating=False, epoch=1, total_epochs=3, configured=0 B/s, rate=0 B/s, pending=0 bytes
[migrater] timestamp=1779269594.17, migrating=False, epoch=1, total_epochs=3, configured=0 B/s, rate=0 B/s, pending=0 bytes
[migrater] timestamp=1779269594.27, migrating=False, epoch=1, total_epochs=3, configured=0 B/s, rate=0 B/s, pending=0 bytes
[migrater] timestamp=1779269594.37, migrating=False, epoch=1, total_epochs=3, configured=0 B/s, rate=0 B/s, pending=0 bytes
[migrater] timestamp=1779269594.47, migrating=False, epoch=1, total_epochs=3, configured=0 B/s, rate=0 B/s, pending=0 bytes
[migrater] timestamp=1779269594.57, migrating=False, epoch=1, total_epochs=3, configured=0 B/s, rate=0 B/s, pending=0 bytes
[migrater] timestamp=1779269594.67, migrating=False, epoch=1, total_epochs=3, configured=0 B/s, rate=0 B/s, pending=0 bytes
[migrater] timestamp=1779269594.77, migrating=False, epoch=1, total_epochs=3, configured=0 B/s, rate=0 B/s, pending=0 bytes
[migrater] timestamp=1779269594.87, migrating=False, epoch=1, total_epochs=3, configured=0 B/s, rate=0 B/s, pending=0 bytes
[migrater] timestamp=1779269594.97, migrating=False, epoch=1, total_epochs=3, configured=0 B/s, rate=0 B/s, pending=0 bytes
[migrater] timestamp=1779269595.07, migrating=False, epoch=1, total_epochs=3, configured=0 B/s, rate=0 B/s, pending=0 bytes
[migrater] timestamp=1779269595.17, migrating=False, epoch=1, total_epochs=3, configured=0 B/s, rate=0 B/s, pending=0 bytes
[migrater] timestamp=1779269595.27, migrating=False, epoch=1, total_epochs=3, configured=0 B/s, rate=0 B/s, pending=0 bytes
[migrater] timestamp=1779269595.37, migrating=False, epoch=1, total_epochs=3, configured=0 B/s, rate=0 B/s, pending=0 bytes
[migrater] timestamp=1779269595.47, migrating=False, epoch=1, total_epochs=3, configured=0 B/s, rate=0 B/s, pending=0 bytes
[migrater] timestamp=1779269595.57, migrating=False, epoch=1, total_epochs=3, configured=0 B/s, rate=0 B/s, pending=0 bytes
[migrater] timestamp=1779269595.67, migrating=False, epoch=1, total_epochs=3, configured=0 B/s, rate=0 B/s, pending=0 bytes
[migrater] timestamp=1779269595.78, migrating=False, epoch=1, total_epochs=3, configured=0 B/s, rate=0 B/s, pending=0 bytes
[migrater] timestamp=1779269595.88, migrating=False, epoch=1, total_epochs=3, configured=0 B/s, rate=0 B/s, pending=0 bytes
[migrater] timestamp=1779269595.98, migrating=False, epoch=1, total_epochs=3, configured=0 B/s, rate=0 B/s, pending=0 bytes
[migrater] timestamp=1779269596.08, migrating=False, epoch=1, total_epochs=3, configured=0 B/s, rate=0 B/s, pending=0 bytes
[migrater] timestamp=1779269596.18, migrating=False, epoch=1, total_epochs=3, configured=0 B/s, rate=0 B/s, pending=0 bytes
[migrater] timestamp=1779269596.28, migrating=False, epoch=1, total_epochs=3, configured=0 B/s, rate=0 B/s, pending=0 bytes
[migrater] timestamp=1779269596.38, migrating=False, epoch=1, total_epochs=3, configured=0 B/s, rate=0 B/s, pending=0 bytes
[migrater] timestamp=1779269596.48, migrating=False, epoch=1, total_epochs=3, configured=0 B/s, rate=0 B/s, pending=0 bytes
[migrater] timestamp=1779269596.58, migrating=False, epoch=1, total_epochs=3, configured=0 B/s, rate=0 B/s, pending=0 bytes
[migrater] timestamp=1779269596.68, migrating=False, epoch=1, total_epochs=3, configured=0 B/s, rate=0 B/s, pending=0 bytes
[migrater] timestamp=1779269596.78, migrating=False, epoch=1, total_epochs=3, configured=0 B/s, rate=0 B/s, pending=0 bytes
[migrater] timestamp=1779269596.88, migrating=False, epoch=1, total_epochs=3, configured=0 B/s, rate=0 B/s, pending=0 bytes
[migrater] timestamp=1779269596.98, migrating=False, epoch=1, total_epochs=3, configured=0 B/s, rate=0 B/s, pending=0 bytes
[migrater] timestamp=1779269597.08, migrating=False, epoch=1, total_epochs=3, configured=0 B/s, rate=0 B/s, pending=0 bytes
[migrater] timestamp=1779269597.18, migrating=False, epoch=1, total_epochs=3, configured=0 B/s, rate=0 B/s, pending=0 bytes
[migrater] timestamp=1779269597.28, migrating=False, epoch=1, total_epochs=3, configured=0 B/s, rate=0 B/s, pending=0 bytes
[migrater] timestamp=1779269597.38, migrating=False, epoch=1, total_epochs=3, configured=0 B/s, rate=0 B/s, pending=0 bytes
[migrater] timestamp=1779269597.48, migrating=False, epoch=1, total_epochs=3, configured=0 B/s, rate=0 B/s, pending=0 bytes
[migrater] timestamp=1779269597.58, migrating=False, epoch=1, total_epochs=3, configured=0 B/s, rate=0 B/s, pending=0 bytes
[migrater] timestamp=1779269597.68, migrating=False, epoch=1, total_epochs=3, configured=0 B/s, rate=0 B/s, pending=0 bytes
[migrater] timestamp=1779269597.78, migrating=False, epoch=1, total_epochs=3, configured=0 B/s, rate=0 B/s, pending=0 bytes
[migrater] timestamp=1779269597.88, migrating=False, epoch=1, total_epochs=3, configured=0 B/s, rate=0 B/s, pending=0 bytes
[migrater] timestamp=1779269597.98, migrating=False, epoch=1, total_epochs=3, configured=0 B/s, rate=0 B/s, pending=0 bytes
[migrater] timestamp=1779269598.08, migrating=False, epoch=1, total_epochs=3, configured=0 B/s, rate=0 B/s, pending=0 bytes
[migrater] timestamp=1779269598.18, migrating=False, epoch=1, total_epochs=3, configured=0 B/s, rate=0 B/s, pending=0 bytes
[migrater] timestamp=1779269598.29, migrating=False, epoch=1, total_epochs=3, configured=0 B/s, rate=0 B/s, pending=0 bytes
[migrater] timestamp=1779269598.39, migrating=False, epoch=1, total_epochs=3, configured=0 B/s, rate=0 B/s, pending=0 bytes
[migrater] timestamp=1779269598.49, migrating=False, epoch=1, total_epochs=3, configured=0 B/s, rate=0 B/s, pending=0 bytes
[migrater] timestamp=1779269598.59, migrating=False, epoch=1, total_epochs=3, configured=0 B/s, rate=0 B/s, pending=0 bytes
[migrater] timestamp=1779269598.69, migrating=False, epoch=1, total_epochs=3, configured=0 B/s, rate=0 B/s, pending=0 bytes
[migrater] timestamp=1779269598.79, migrating=False, epoch=1, total_epochs=3, configured=0 B/s, rate=0 B/s, pending=0 bytes
[migrater] timestamp=1779269598.89, migrating=False, epoch=1, total_epochs=3, configured=0 B/s, rate=0 B/s, pending=0 bytes
[migrater] timestamp=1779269598.99, migrating=False, epoch=1, total_epochs=3, configured=0 B/s, rate=0 B/s, pending=0 bytes
[migrater] timestamp=1779269599.09, migrating=False, epoch=1, total_epochs=3, configured=0 B/s, rate=0 B/s, pending=0 bytes
[migrater] timestamp=1779269599.19, migrating=False, epoch=1, total_epochs=3, configured=0 B/s, rate=0 B/s, pending=0 bytes
[migrater] timestamp=1779269599.29, migrating=False, epoch=1, total_epochs=3, configured=0 B/s, rate=0 B/s, pending=0 bytes
[migrater] timestamp=1779269599.39, migrating=False, epoch=1, total_epochs=3, configured=0 B/s, rate=0 B/s, pending=0 bytes
[migrater] timestamp=1779269599.49, migrating=False, epoch=1, total_epochs=3, configured=0 B/s, rate=0 B/s, pending=0 bytes
[migrater] timestamp=1779269599.59, migrating=False, epoch=1, total_epochs=3, configured=0 B/s, rate=0 B/s, pending=0 bytes
[migrater] timestamp=1779269599.69, migrating=False, epoch=1, total_epochs=3, configured=0 B/s, rate=0 B/s, pending=0 bytes
[migrater] timestamp=1779269599.79, migrating=False, epoch=1, total_epochs=3, configured=0 B/s, rate=0 B/s, pending=0 bytes
[migrater] timestamp=1779269599.89, migrating=False, epoch=1, total_epochs=3, configured=0 B/s, rate=0 B/s, pending=0 bytes
[migrater] timestamp=1779269599.99, migrating=False, epoch=1, total_epochs=3, configured=0 B/s, rate=0 B/s, pending=0 bytes
[migrater] timestamp=1779269600.09, migrating=False, epoch=1, total_epochs=3, configured=0 B/s, rate=0 B/s, pending=0 bytes
[migrater] timestamp=1779269600.19, migrating=False, epoch=1, total_epochs=3, configured=0 B/s, rate=0 B/s, pending=0 bytes
[migrater] timestamp=1779269600.29, migrating=False, epoch=1, total_epochs=3, configured=0 B/s, rate=0 B/s, pending=0 bytes
[migrater] timestamp=1779269600.39, migrating=False, epoch=1, total_epochs=3, configured=0 B/s, rate=0 B/s, pending=0 bytes
[migrater] timestamp=1779269600.49, migrating=False, epoch=1, total_epochs=3, configured=0 B/s, rate=0 B/s, pending=0 bytes
[migrater] timestamp=1779269600.59, migrating=False, epoch=1, total_epochs=3, configured=0 B/s, rate=0 B/s, pending=0 bytes
[migrater] timestamp=1779269600.69, migrating=False, epoch=1, total_epochs=3, configured=0 B/s, rate=0 B/s, pending=0 bytes
[migrater] timestamp=1779269600.79, migrating=False, epoch=1, total_epochs=3, configured=0 B/s, rate=0 B/s, pending=0 bytes
[migrater] timestamp=1779269600.90, migrating=False, epoch=1, total_epochs=3, configured=0 B/s, rate=0 B/s, pending=0 bytes
[migrater] timestamp=1779269601.00, migrating=False, epoch=1, total_epochs=3, configured=0 B/s, rate=0 B/s, pending=0 bytes
[migrater] timestamp=1779269601.10, migrating=False, epoch=1, total_epochs=3, configured=0 B/s, rate=0 B/s, pending=0 bytes
[migrater] timestamp=1779269601.20, migrating=False, epoch=1, total_epochs=3, configured=0 B/s, rate=0 B/s, pending=0 bytes
[migrater] timestamp=1779269601.30, migrating=False, epoch=1, total_epochs=3, configured=0 B/s, rate=0 B/s, pending=0 bytes
[migrater] timestamp=1779269601.40, migrating=False, epoch=1, total_epochs=3, configured=0 B/s, rate=0 B/s, pending=0 bytes
[migrater] timestamp=1779269601.50, migrating=False, epoch=1, total_epochs=3, configured=0 B/s, rate=0 B/s, pending=0 bytes
[migrater] timestamp=1779269601.60, migrating=False, epoch=1, total_epochs=3, configured=0 B/s, rate=0 B/s, pending=0 bytes
[migrater] timestamp=1779269601.70, migrating=False, epoch=1, total_epochs=3, configured=0 B/s, rate=0 B/s, pending=0 bytes
[migrater] timestamp=1779269601.80, migrating=False, epoch=1, total_epochs=3, configured=0 B/s, rate=0 B/s, pending=0 bytes
[migrater] timestamp=1779269601.90, migrating=False, epoch=1, total_epochs=3, configured=0 B/s, rate=0 B/s, pending=0 bytes
[migrater] timestamp=1779269602.00, migrating=False, epoch=1, total_epochs=3, configured=0 B/s, rate=0 B/s, pending=0 bytes
[migrater] timestamp=1779269602.10, migrating=False, epoch=1, total_epochs=3, configured=0 B/s, rate=0 B/s, pending=0 bytes
[migrater] timestamp=1779269602.20, migrating=False, epoch=1, total_epochs=3, configured=0 B/s, rate=0 B/s, pending=0 bytes
[migrater] timestamp=1779269602.30, migrating=False, epoch=1, total_epochs=3, configured=0 B/s, rate=0 B/s, pending=0 bytes
[migrater] timestamp=1779269602.40, migrating=False, epoch=1, total_epochs=3, configured=0 B/s, rate=0 B/s, pending=0 bytes
[migrater] timestamp=1779269602.50, migrating=False, epoch=1, total_epochs=3, configured=0 B/s, rate=0 B/s, pending=0 bytes
[migrater] timestamp=1779269602.60, migrating=False, epoch=1, total_epochs=3, configured=0 B/s, rate=0 B/s, pending=0 bytes
[migrater] timestamp=1779269602.70, migrating=False, epoch=1, total_epochs=3, configured=0 B/s, rate=0 B/s, pending=0 bytes
[migrater] timestamp=1779269602.80, migrating=False, epoch=1, total_epochs=3, configured=0 B/s, rate=0 B/s, pending=0 bytes
[migrater] timestamp=1779269602.90, migrating=False, epoch=1, total_epochs=3, configured=0 B/s, rate=0 B/s, pending=0 bytes
[migrater] timestamp=1779269603.00, migrating=False, epoch=1, total_epochs=3, configured=0 B/s, rate=0 B/s, pending=0 bytes
[migrater] timestamp=1779269603.10, migrating=False, epoch=1, total_epochs=3, configured=0 B/s, rate=0 B/s, pending=0 bytes
[migrater] timestamp=1779269603.20, migrating=False, epoch=1, total_epochs=3, configured=0 B/s, rate=0 B/s, pending=0 bytes
[migrater] timestamp=1779269603.30, migrating=False, epoch=1, total_epochs=3, configured=0 B/s, rate=0 B/s, pending=0 bytes
[migrater] timestamp=1779269603.40, migrating=False, epoch=1, total_epochs=3, configured=0 B/s, rate=0 B/s, pending=0 bytes
[migrater] timestamp=1779269603.51, migrating=False, epoch=1, total_epochs=3, configured=0 B/s, rate=0 B/s, pending=0 bytes
[migrater] timestamp=1779269603.61, migrating=False, epoch=1, total_epochs=3, configured=0 B/s, rate=0 B/s, pending=0 bytes
[migrater] timestamp=1779269603.71, migrating=False, epoch=1, total_epochs=3, configured=0 B/s, rate=0 B/s, pending=0 bytes
[migrater] timestamp=1779269603.81, migrating=False, epoch=1, total_epochs=3, configured=0 B/s, rate=0 B/s, pending=0 bytes
[migrater] timestamp=1779269603.91, migrating=False, epoch=1, total_epochs=3, configured=0 B/s, rate=0 B/s, pending=0 bytes
[migrater] timestamp=1779269604.01, migrating=False, epoch=1, total_epochs=3, configured=0 B/s, rate=0 B/s, pending=0 bytes
[migrater] timestamp=1779269604.11, migrating=False, epoch=1, total_epochs=3, configured=0 B/s, rate=0 B/s, pending=0 bytes
[migrater] timestamp=1779269604.21, migrating=False, epoch=1, total_epochs=3, configured=0 B/s, rate=0 B/s, pending=0 bytes
[migrater] timestamp=1779269604.31, migrating=False, epoch=1, total_epochs=3, configured=0 B/s, rate=0 B/s, pending=0 bytes
[migrater] timestamp=1779269604.41, migrating=False, epoch=1, total_epochs=3, configured=0 B/s, rate=0 B/s, pending=0 bytes
[migrater] timestamp=1779269604.51, migrating=False, epoch=1, total_epochs=3, configured=0 B/s, rate=0 B/s, pending=0 bytes
[migrater] timestamp=1779269604.61, migrating=False, epoch=1, total_epochs=3, configured=0 B/s, rate=0 B/s, pending=0 bytes
[migrater] timestamp=1779269604.71, migrating=False, epoch=1, total_epochs=3, configured=0 B/s, rate=0 B/s, pending=0 bytes
[migrater] timestamp=1779269604.81, migrating=False, epoch=1, total_epochs=3, configured=0 B/s, rate=0 B/s, pending=0 bytes
[migrater] timestamp=1779269604.91, migrating=False, epoch=1, total_epochs=3, configured=0 B/s, rate=0 B/s, pending=0 bytes
[migrater] timestamp=1779269605.01, migrating=False, epoch=1, total_epochs=3, configured=0 B/s, rate=0 B/s, pending=0 bytes
[migrater] timestamp=1779269605.11, migrating=False, epoch=1, total_epochs=3, configured=0 B/s, rate=0 B/s, pending=0 bytes
[migrater] timestamp=1779269605.21, migrating=False, epoch=1, total_epochs=3, configured=0 B/s, rate=0 B/s, pending=0 bytes
[migrater] timestamp=1779269605.31, migrating=False, epoch=1, total_epochs=3, configured=0 B/s, rate=0 B/s, pending=0 bytes
[migrater] timestamp=1779269605.41, migrating=False, epoch=1, total_epochs=3, configured=0 B/s, rate=0 B/s, pending=0 bytes
[migrater] timestamp=1779269605.51, migrating=False, epoch=1, total_epochs=3, configured=0 B/s, rate=0 B/s, pending=0 bytes
[migrater] timestamp=1779269605.61, migrating=False, epoch=1, total_epochs=3, configured=0 B/s, rate=0 B/s, pending=0 bytes
[migrater] timestamp=1779269605.71, migrating=False, epoch=1, total_epochs=3, configured=0 B/s, rate=0 B/s, pending=0 bytes
[migrater] timestamp=1779269605.81, migrating=False, epoch=1, total_epochs=3, configured=0 B/s, rate=0 B/s, pending=0 bytes
[migrater] timestamp=1779269605.91, migrating=False, epoch=1, total_epochs=3, configured=0 B/s, rate=0 B/s, pending=0 bytes
[migrater] timestamp=1779269606.02, migrating=False, epoch=1, total_epochs=3, configured=0 B/s, rate=0 B/s, pending=0 bytes
[migrater] timestamp=1779269606.12, migrating=False, epoch=1, total_epochs=3, configured=0 B/s, rate=0 B/s, pending=0 bytes
[migrater] timestamp=1779269606.22, migrating=False, epoch=1, total_epochs=3, configured=0 B/s, rate=0 B/s, pending=0 bytes
[migrater] timestamp=1779269606.32, migrating=False, epoch=1, total_epochs=3, configured=0 B/s, rate=0 B/s, pending=0 bytes
[migrater] timestamp=1779269606.42, migrating=False, epoch=1, total_epochs=3, configured=0 B/s, rate=0 B/s, pending=0 bytes
[migrater] timestamp=1779269606.52, migrating=False, epoch=1, total_epochs=3, configured=0 B/s, rate=0 B/s, pending=0 bytes
[migrater] timestamp=1779269606.62, migrating=False, epoch=1, total_epochs=3, configured=0 B/s, rate=0 B/s, pending=0 bytes
[migrater] timestamp=1779269606.72, migrating=False, epoch=1, total_epochs=3, configured=0 B/s, rate=0 B/s, pending=0 bytes
[migrater] timestamp=1779269606.82, migrating=False, epoch=1, total_epochs=3, configured=0 B/s, rate=0 B/s, pending=0 bytes
[migrater] timestamp=1779269606.92, migrating=False, epoch=1, total_epochs=3, configured=0 B/s, rate=0 B/s, pending=0 bytes
[migrater] timestamp=1779269607.02, migrating=False, epoch=1, total_epochs=3, configured=0 B/s, rate=0 B/s, pending=0 bytes
[migrater] timestamp=1779269607.12, migrating=False, epoch=1, total_epochs=3, configured=0 B/s, rate=0 B/s, pending=0 bytes
[migrater] timestamp=1779269607.22, migrating=False, epoch=1, total_epochs=3, configured=0 B/s, rate=0 B/s, pending=0 bytes
[migrater] timestamp=1779269607.32, migrating=False, epoch=1, total_epochs=3, configured=0 B/s, rate=0 B/s, pending=0 bytes
[migrater] timestamp=1779269607.42, migrating=False, epoch=1, total_epochs=3, configured=0 B/s, rate=0 B/s, pending=0 bytes
[migrater] timestamp=1779269607.52, migrating=False, epoch=1, total_epochs=3, configured=0 B/s, rate=0 B/s, pending=0 bytes
[migrater] timestamp=1779269607.62, migrating=False, epoch=1, total_epochs=3, configured=0 B/s, rate=0 B/s, pending=0 bytes
[migrater] timestamp=1779269607.72, migrating=False, epoch=1, total_epochs=3, configured=0 B/s, rate=0 B/s, pending=0 bytes
[migrater] timestamp=1779269607.82, migrating=False, epoch=1, total_epochs=3, configured=0 B/s, rate=0 B/s, pending=0 bytes
[migrater] timestamp=1779269607.92, migrating=False, epoch=1, total_epochs=3, configured=0 B/s, rate=0 B/s, pending=0 bytes
[migrater] timestamp=1779269608.02, migrating=False, epoch=1, total_epochs=3, configured=0 B/s, rate=0 B/s, pending=0 bytes
[migrater] timestamp=1779269608.12, migrating=False, epoch=1, total_epochs=3, configured=0 B/s, rate=0 B/s, pending=0 bytes
[migrater] timestamp=1779269608.22, migrating=False, epoch=1, total_epochs=3, configured=0 B/s, rate=0 B/s, pending=0 bytes
[migrater] timestamp=1779269608.32, migrating=False, epoch=1, total_epochs=3, configured=0 B/s, rate=0 B/s, pending=0 bytes
[migrater] timestamp=1779269608.42, migrating=False, epoch=1, total_epochs=3, configured=0 B/s, rate=0 B/s, pending=0 bytes
[migrater] timestamp=1779269608.53, migrating=False, epoch=1, total_epochs=3, configured=0 B/s, rate=0 B/s, pending=0 bytes
[migrater] timestamp=1779269608.63, migrating=False, epoch=1, total_epochs=3, configured=0 B/s, rate=0 B/s, pending=0 bytes
[migrater] timestamp=1779269608.73, migrating=False, epoch=1, total_epochs=3, configured=0 B/s, rate=0 B/s, pending=0 bytes
[migrater] timestamp=1779269608.83, migrating=False, epoch=1, total_epochs=3, configured=0 B/s, rate=0 B/s, pending=0 bytes
[migrater] timestamp=1779269608.93, migrating=False, epoch=1, total_epochs=3, configured=0 B/s, rate=0 B/s, pending=0 bytes
[migrater] timestamp=1779269609.03, migrating=False, epoch=1, total_epochs=3, configured=0 B/s, rate=0 B/s, pending=0 bytes
[migrater] timestamp=1779269609.13, migrating=False, epoch=1, total_epochs=3, configured=0 B/s, rate=0 B/s, pending=0 bytes
[migrater] timestamp=1779269609.23, migrating=False, epoch=1, total_epochs=3, configured=0 B/s, rate=0 B/s, pending=0 bytes
[migrater] timestamp=1779269609.33, migrating=False, epoch=1, total_epochs=3, configured=0 B/s, rate=0 B/s, pending=0 bytes
[migrater] timestamp=1779269609.43, migrating=False, epoch=1, total_epochs=3, configured=0 B/s, rate=0 B/s, pending=0 bytes
[migrater] timestamp=1779269609.53, migrating=False, epoch=1, total_epochs=3, configured=0 B/s, rate=0 B/s, pending=0 bytes
[migrater] timestamp=1779269609.63, migrating=False, epoch=1, total_epochs=3, configured=0 B/s, rate=0 B/s, pending=0 bytes
[migrater] timestamp=1779269609.73, migrating=False, epoch=1, total_epochs=3, configured=0 B/s, rate=0 B/s, pending=0 bytes
[migrater] timestamp=1779269609.83, migrating=False, epoch=1, total_epochs=3, configured=0 B/s, rate=0 B/s, pending=0 bytes
[migrater] timestamp=1779269609.93, migrating=False, epoch=1, total_epochs=3, configured=0 B/s, rate=0 B/s, pending=0 bytes
[migrater] timestamp=1779269610.03, migrating=False, epoch=1, total_epochs=3, configured=0 B/s, rate=0 B/s, pending=0 bytes
[migrater] timestamp=1779269610.13, migrating=False, epoch=1, total_epochs=3, configured=0 B/s, rate=0 B/s, pending=0 bytes
[migrater] timestamp=1779269610.23, migrating=False, epoch=1, total_epochs=3, configured=0 B/s, rate=0 B/s, pending=0 bytes
[migrater] timestamp=1779269610.33, migrating=False, epoch=1, total_epochs=3, configured=0 B/s, rate=0 B/s, pending=0 bytes
[migrater] timestamp=1779269610.43, migrating=False, epoch=1, total_epochs=3, configured=0 B/s, rate=0 B/s, pending=0 bytes
[migrater] timestamp=1779269610.53, migrating=False, epoch=1, total_epochs=3, configured=0 B/s, rate=0 B/s, pending=0 bytes
[migrater] timestamp=1779269610.63, migrating=False, epoch=1, total_epochs=3, configured=0 B/s, rate=0 B/s, pending=0 bytes
[migrater] timestamp=1779269610.73, migrating=False, epoch=1, total_epochs=3, configured=0 B/s, rate=0 B/s, pending=0 bytes
[migrater] timestamp=1779269610.83, migrating=False, epoch=1, total_epochs=3, configured=0 B/s, rate=0 B/s, pending=0 bytes
[migrater] timestamp=1779269610.93, migrating=False, epoch=1, total_epochs=3, configured=0 B/s, rate=0 B/s, pending=0 bytes
[migrater] timestamp=1779269611.03, migrating=False, epoch=1, total_epochs=3, configured=0 B/s, rate=0 B/s, pending=0 bytes
[migrater] timestamp=1779269611.14, migrating=False, epoch=1, total_epochs=3, configured=0 B/s, rate=0 B/s, pending=0 bytes
[migrater] timestamp=1779269611.24, migrating=False, epoch=1, total_epochs=3, configured=0 B/s, rate=0 B/s, pending=0 bytes
[migrater] timestamp=1779269611.34, migrating=False, epoch=1, total_epochs=3, configured=0 B/s, rate=0 B/s, pending=0 bytes
[migrater] timestamp=1779269611.44, migrating=False, epoch=1, total_epochs=3, configured=0 B/s, rate=0 B/s, pending=0 bytes
[migrater] timestamp=1779269611.54, migrating=False, epoch=1, total_epochs=3, configured=0 B/s, rate=0 B/s, pending=0 bytes
[migrater] timestamp=1779269611.64, migrating=False, epoch=1, total_epochs=3, configured=0 B/s, rate=0 B/s, pending=0 bytes
[migrater] timestamp=1779269611.74, migrating=False, epoch=1, total_epochs=3, configured=0 B/s, rate=0 B/s, pending=0 bytes
[migrater] timestamp=1779269611.84, migrating=False, epoch=1, total_epochs=3, configured=0 B/s, rate=0 B/s, pending=0 bytes
[migrater] timestamp=1779269611.94, migrating=False, epoch=1, total_epochs=3, configured=0 B/s, rate=0 B/s, pending=0 bytes
[migrater] timestamp=1779269612.04, migrating=False, epoch=1, total_epochs=3, configured=0 B/s, rate=0 B/s, pending=0 bytes
[migrater] timestamp=1779269612.14, migrating=False, epoch=1, total_epochs=3, configured=0 B/s, rate=0 B/s, pending=0 bytes
[migrater] timestamp=1779269612.24, migrating=False, epoch=1, total_epochs=3, configured=0 B/s, rate=0 B/s, pending=0 bytes
[migrater] timestamp=1779269612.34, migrating=False, epoch=1, total_epochs=3, configured=0 B/s, rate=0 B/s, pending=0 bytes
[migrater] timestamp=1779269612.44, migrating=False, epoch=1, total_epochs=3, configured=0 B/s, rate=0 B/s, pending=0 bytes
[migrater] timestamp=1779269612.54, migrating=False, epoch=1, total_epochs=3, configured=0 B/s, rate=0 B/s, pending=0 bytes
[migrater] timestamp=1779269612.64, migrating=False, epoch=1, total_epochs=3, configured=0 B/s, rate=0 B/s, pending=0 bytes
[migrater] timestamp=1779269612.74, migrating=False, epoch=1, total_epochs=3, configured=0 B/s, rate=0 B/s, pending=0 bytes
[migrater] timestamp=1779269612.84, migrating=False, epoch=1, total_epochs=3, configured=0 B/s, rate=0 B/s, pending=0 bytes
[migrater] timestamp=1779269612.94, migrating=False, epoch=1, total_epochs=3, configured=0 B/s, rate=0 B/s, pending=0 bytes
[migrater] timestamp=1779269613.04, migrating=False, epoch=1, total_epochs=3, configured=0 B/s, rate=0 B/s, pending=0 bytes
[migrater] timestamp=1779269613.14, migrating=False, epoch=1, total_epochs=3, configured=0 B/s, rate=0 B/s, pending=0 bytes
[migrater] timestamp=1779269613.24, migrating=False, epoch=1, total_epochs=3, configured=0 B/s, rate=0 B/s, pending=0 bytes
[migrater] timestamp=1779269613.34, migrating=False, epoch=1, total_epochs=3, configured=0 B/s, rate=0 B/s, pending=0 bytes
[migrater] timestamp=1779269613.44, migrating=False, epoch=1, total_epochs=3, configured=0 B/s, rate=0 B/s, pending=0 bytes
[migrater] timestamp=1779269613.54, migrating=False, epoch=1, total_epochs=3, configured=0 B/s, rate=0 B/s, pending=0 bytes
[migrater] timestamp=1779269613.65, migrating=False, epoch=1, total_epochs=3, configured=0 B/s, rate=0 B/s, pending=0 bytes
[migrater] timestamp=1779269613.75, migrating=False, epoch=1, total_epochs=3, configured=0 B/s, rate=0 B/s, pending=0 bytes
[migrater] timestamp=1779269613.85, migrating=False, epoch=1, total_epochs=3, configured=0 B/s, rate=0 B/s, pending=0 bytes
[migrater] timestamp=1779269613.95, migrating=False, epoch=1, total_epochs=3, configured=0 B/s, rate=0 B/s, pending=0 bytes
[migrater] timestamp=1779269614.05, migrating=False, epoch=1, total_epochs=3, configured=0 B/s, rate=0 B/s, pending=0 bytes
[migrater] timestamp=1779269614.15, migrating=False, epoch=1, total_epochs=3, configured=0 B/s, rate=0 B/s, pending=0 bytes
[migrater] timestamp=1779269614.25, migrating=False, epoch=1, total_epochs=3, configured=0 B/s, rate=0 B/s, pending=0 bytes
[migrater] timestamp=1779269614.35, migrating=False, epoch=1, total_epochs=3, configured=0 B/s, rate=0 B/s, pending=0 bytes
[migrater] timestamp=1779269614.45, migrating=False, epoch=1, total_epochs=3, configured=0 B/s, rate=0 B/s, pending=0 bytes
[migrater] timestamp=1779269614.55, migrating=False, epoch=1, total_epochs=3, configured=0 B/s, rate=0 B/s, pending=0 bytes
[migrater] timestamp=1779269614.65, migrating=False, epoch=1, total_epochs=3, configured=0 B/s, rate=0 B/s, pending=0 bytes
[migrater] timestamp=1779269614.75, migrating=False, epoch=1, total_epochs=3, configured=0 B/s, rate=0 B/s, pending=0 bytes
[migrater] timestamp=1779269614.85, migrating=False, epoch=1, total_epochs=3, configured=0 B/s, rate=0 B/s, pending=0 bytes
[migrater] timestamp=1779269614.95, migrating=False, epoch=1, total_epochs=3, configured=0 B/s, rate=0 B/s, pending=0 bytes
[migrater] timestamp=1779269615.05, migrating=False, epoch=1, total_epochs=3, configured=0 B/s, rate=0 B/s, pending=0 bytes
[migrater] timestamp=1779269615.15, migrating=False, epoch=1, total_epochs=3, configured=0 B/s, rate=0 B/s, pending=0 bytes
[migrater] timestamp=1779269615.25, migrating=False, epoch=1, total_epochs=3, configured=0 B/s, rate=0 B/s, pending=0 bytes
[migrater] timestamp=1779269615.35, migrating=False, epoch=1, total_epochs=3, configured=0 B/s, rate=0 B/s, pending=0 bytes
[migrater] timestamp=1779269615.45, migrating=False, epoch=1, total_epochs=3, configured=0 B/s, rate=0 B/s, pending=0 bytes
[migrater] timestamp=1779269615.55, migrating=False, epoch=1, total_epochs=3, configured=0 B/s, rate=0 B/s, pending=0 bytes
[migrater] timestamp=1779269615.65, migrating=False, epoch=1, total_epochs=3, configured=0 B/s, rate=0 B/s, pending=0 bytes
[migrater] timestamp=1779269615.75, migrating=False, epoch=1, total_epochs=3, configured=0 B/s, rate=0 B/s, pending=0 bytes
[migrater] timestamp=1779269615.85, migrating=False, epoch=1, total_epochs=3, configured=0 B/s, rate=0 B/s, pending=0 bytes
[migrater] timestamp=1779269615.95, migrating=False, epoch=1, total_epochs=3, configured=0 B/s, rate=0 B/s, pending=0 bytes
[migrater] timestamp=1779269616.05, migrating=False, epoch=1, total_epochs=3, configured=0 B/s, rate=0 B/s, pending=0 bytes
[migrater] timestamp=1779269616.16, migrating=False, epoch=1, total_epochs=3, configured=0 B/s, rate=0 B/s, pending=0 bytes
[migrater] timestamp=1779269616.26, migrating=False, epoch=1, total_epochs=3, configured=0 B/s, rate=0 B/s, pending=0 bytes
[migrater] timestamp=1779269616.36, migrating=False, epoch=1, total_epochs=3, configured=0 B/s, rate=0 B/s, pending=0 bytes
[migrater] timestamp=1779269616.46, migrating=False, epoch=1, total_epochs=3, configured=0 B/s, rate=0 B/s, pending=0 bytes
[migrater] timestamp=1779269616.56, migrating=False, epoch=1, total_epochs=3, configured=0 B/s, rate=0 B/s, pending=0 bytes
[migrater] timestamp=1779269616.66, migrating=False, epoch=1, total_epochs=3, configured=0 B/s, rate=0 B/s, pending=0 bytes
[migrater] timestamp=1779269616.76, migrating=False, epoch=1, total_epochs=3, configured=0 B/s, rate=0 B/s, pending=0 bytes
[migrater] timestamp=1779269616.86, migrating=False, epoch=1, total_epochs=3, configured=0 B/s, rate=0 B/s, pending=0 bytes
[migrater] timestamp=1779269616.96, migrating=False, epoch=1, total_epochs=3, configured=0 B/s, rate=0 B/s, pending=0 bytes
[migrater] timestamp=1779269617.06, migrating=False, epoch=1, total_epochs=3, configured=0 B/s, rate=0 B/s, pending=0 bytes
[migrater] timestamp=1779269617.16, migrating=False, epoch=1, total_epochs=3, configured=0 B/s, rate=0 B/s, pending=0 bytes
[migrater] timestamp=1779269617.26, migrating=False, epoch=1, total_epochs=3, configured=0 B/s, rate=0 B/s, pending=0 bytes
[migrater] timestamp=1779269617.36, migrating=False, epoch=1, total_epochs=3, configured=0 B/s, rate=0 B/s, pending=0 bytes
[migrater] timestamp=1779269617.46, migrating=False, epoch=1, total_epochs=3, configured=0 B/s, rate=0 B/s, pending=0 bytes
[migrater] timestamp=1779269617.56, migrating=False, epoch=1, total_epochs=3, configured=0 B/s, rate=0 B/s, pending=0 bytes
[migrater] timestamp=1779269617.66, migrating=False, epoch=1, total_epochs=3, configured=0 B/s, rate=0 B/s, pending=0 bytes
[migrater] timestamp=1779269617.76, migrating=False, epoch=1, total_epochs=3, configured=0 B/s, rate=0 B/s, pending=0 bytes
[migrater] timestamp=1779269617.86, migrating=False, epoch=1, total_epochs=3, configured=0 B/s, rate=0 B/s, pending=0 bytes
[migrater] timestamp=1779269617.96, migrating=False, epoch=1, total_epochs=3, configured=0 B/s, rate=0 B/s, pending=0 bytes
[migrater] timestamp=1779269618.06, migrating=False, epoch=1, total_epochs=3, configured=0 B/s, rate=0 B/s, pending=0 bytes
[migrater] timestamp=1779269618.16, migrating=False, epoch=1, total_epochs=3, configured=0 B/s, rate=0 B/s, pending=0 bytes
[migrater] timestamp=1779269618.26, migrating=False, epoch=1, total_epochs=3, configured=0 B/s, rate=0 B/s, pending=0 bytes
[migrater] timestamp=1779269618.36, migrating=False, epoch=1, total_epochs=3, configured=0 B/s, rate=0 B/s, pending=0 bytes
[migrater] timestamp=1779269618.46, migrating=False, epoch=1, total_epochs=3, configured=0 B/s, rate=0 B/s, pending=0 bytes
[migrater] timestamp=1779269618.56, migrating=False, epoch=1, total_epochs=3, configured=0 B/s, rate=0 B/s, pending=0 bytes
[migrater] timestamp=1779269618.66, migrating=False, epoch=1, total_epochs=3, configured=0 B/s, rate=0 B/s, pending=0 bytes
[migrater] timestamp=1779269618.77, migrating=False, epoch=1, total_epochs=3, configured=0 B/s, rate=0 B/s, pending=0 bytes
[migrater] timestamp=1779269618.87, migrating=False, epoch=1, total_epochs=3, configured=0 B/s, rate=0 B/s, pending=0 bytes
[migrater] timestamp=1779269618.97, migrating=False, epoch=1, total_epochs=3, configured=0 B/s, rate=0 B/s, pending=0 bytes
[migrater] timestamp=1779269619.07, migrating=False, epoch=1, total_epochs=3, configured=0 B/s, rate=0 B/s, pending=0 bytes
[migrater] timestamp=1779269619.17, migrating=False, epoch=1, total_epochs=3, configured=0 B/s, rate=0 B/s, pending=0 bytes
[migrater] timestamp=1779269619.27, migrating=False, epoch=1, total_epochs=3, configured=0 B/s, rate=0 B/s, pending=0 bytes
[migrater] timestamp=1779269619.37, migrating=False, epoch=1, total_epochs=3, configured=0 B/s, rate=0 B/s, pending=0 bytes
[migrater] timestamp=1779269619.47, migrating=False, epoch=1, total_epochs=3, configured=0 B/s, rate=0 B/s, pending=0 bytes
[migrater] timestamp=1779269619.57, migrating=False, epoch=1, total_epochs=3, configured=0 B/s, rate=0 B/s, pending=0 bytes
[migrater] timestamp=1779269619.67, migrating=False, epoch=1, total_epochs=3, configured=0 B/s, rate=0 B/s, pending=0 bytes
[migrater] timestamp=1779269619.77, migrating=False, epoch=1, total_epochs=3, configured=0 B/s, rate=0 B/s, pending=0 bytes
[migrater] timestamp=1779269619.87, migrating=False, epoch=1, total_epochs=3, configured=0 B/s, rate=0 B/s, pending=0 bytes
[migrater] timestamp=1779269619.97, migrating=False, epoch=1, total_epochs=3, configured=0 B/s, rate=0 B/s, pending=0 bytes
[migrater] timestamp=1779269620.07, migrating=False, epoch=1, total_epochs=3, configured=0 B/s, rate=0 B/s, pending=0 bytes
[migrater] timestamp=1779269620.17, migrating=False, epoch=1, total_epochs=3, configured=0 B/s, rate=0 B/s, pending=0 bytes
[migrater] timestamp=1779269620.27, migrating=False, epoch=1, total_epochs=3, configured=0 B/s, rate=0 B/s, pending=0 bytes
[migrater] timestamp=1779269620.37, migrating=False, epoch=1, total_epochs=3, configured=0 B/s, rate=0 B/s, pending=0 bytes
[migrater] timestamp=1779269620.47, migrating=False, epoch=1, total_epochs=3, configured=0 B/s, rate=0 B/s, pending=0 bytes
[migrater] timestamp=1779269620.57, migrating=False, epoch=1, total_epochs=3, configured=0 B/s, rate=0 B/s, pending=0 bytes
[migrater] timestamp=1779269620.67, migrating=False, epoch=1, total_epochs=3, configured=0 B/s, rate=0 B/s, pending=0 bytes
[migrater] timestamp=1779269620.77, migrating=False, epoch=1, total_epochs=3, configured=0 B/s, rate=0 B/s, pending=0 bytes
[migrater] timestamp=1779269620.87, migrating=False, epoch=1, total_epochs=3, configured=0 B/s, rate=0 B/s, pending=0 bytes
[migrater] timestamp=1779269620.97, migrating=False, epoch=1, total_epochs=3, configured=0 B/s, rate=0 B/s, pending=0 bytes
[migrater] timestamp=1779269621.07, migrating=False, epoch=1, total_epochs=3, configured=0 B/s, rate=0 B/s, pending=0 bytes
[migrater] timestamp=1779269621.17, migrating=False, epoch=1, total_epochs=3, configured=0 B/s, rate=0 B/s, pending=0 bytes
[migrater] timestamp=1779269621.27, migrating=False, epoch=1, total_epochs=3, configured=0 B/s, rate=0 B/s, pending=0 bytes
[migrater] timestamp=1779269621.38, migrating=False, epoch=1, total_epochs=3, configured=0 B/s, rate=0 B/s, pending=0 bytes
[migrater] timestamp=1779269621.48, migrating=False, epoch=1, total_epochs=3, configured=0 B/s, rate=0 B/s, pending=0 bytes
[migrater] timestamp=1779269621.58, migrating=False, epoch=1, total_epochs=3, configured=0 B/s, rate=0 B/s, pending=0 bytes
[migrater] timestamp=1779269621.68, migrating=False, epoch=1, total_epochs=3, configured=0 B/s, rate=0 B/s, pending=0 bytes
[migrater] timestamp=1779269621.78, migrating=False, epoch=1, total_epochs=3, configured=0 B/s, rate=0 B/s, pending=0 bytes
[migrater] timestamp=1779269621.88, migrating=False, epoch=1, total_epochs=3, configured=0 B/s, rate=0 B/s, pending=0 bytes
[migrater] timestamp=1779269621.98, migrating=False, epoch=1, total_epochs=3, configured=0 B/s, rate=0 B/s, pending=0 bytes
[migrater] timestamp=1779269622.08, migrating=False, epoch=1, total_epochs=3, configured=0 B/s, rate=0 B/s, pending=0 bytes
[migrater] timestamp=1779269622.18, migrating=False, epoch=1, total_epochs=3, configured=0 B/s, rate=0 B/s, pending=0 bytes
[migrater] timestamp=1779269622.28, migrating=False, epoch=1, total_epochs=3, configured=0 B/s, rate=0 B/s, pending=0 bytes
[migrater] timestamp=1779269622.38, migrating=False, epoch=1, total_epochs=3, configured=0 B/s, rate=0 B/s, pending=0 bytes
[migrater] timestamp=1779269622.48, migrating=False, epoch=1, total_epochs=3, configured=0 B/s, rate=0 B/s, pending=0 bytes
[migrater] timestamp=1779269622.58, migrating=False, epoch=1, total_epochs=3, configured=0 B/s, rate=0 B/s, pending=0 bytes
[migrater] timestamp=1779269622.68, migrating=False, epoch=1, total_epochs=3, configured=0 B/s, rate=0 B/s, pending=0 bytes
[migrater] timestamp=1779269622.78, migrating=False, epoch=1, total_epochs=3, configured=0 B/s, rate=0 B/s, pending=0 bytes
[migrater] timestamp=1779269622.88, migrating=False, epoch=1, total_epochs=3, configured=0 B/s, rate=0 B/s, pending=0 bytes
[migrater] timestamp=1779269622.98, migrating=False, epoch=1, total_epochs=3, configured=0 B/s, rate=0 B/s, pending=0 bytes
[migrater] timestamp=1779269623.08, migrating=False, epoch=1, total_epochs=3, configured=0 B/s, rate=0 B/s, pending=0 bytes
[migrater] timestamp=1779269623.18, migrating=False, epoch=1, total_epochs=3, configured=0 B/s, rate=0 B/s, pending=0 bytes
[migrater] timestamp=1779269623.28, migrating=False, epoch=1, total_epochs=3, configured=0 B/s, rate=0 B/s, pending=0 bytes
[migrater] timestamp=1779269623.38, migrating=False, epoch=1, total_epochs=3, configured=0 B/s, rate=0 B/s, pending=0 bytes
[migrater] timestamp=1779269623.48, migrating=False, epoch=1, total_epochs=3, configured=0 B/s, rate=0 B/s, pending=0 bytes
[migrater] timestamp=1779269623.58, migrating=False, epoch=1, total_epochs=3, configured=0 B/s, rate=0 B/s, pending=0 bytes
[migrater] timestamp=1779269623.68, migrating=False, epoch=1, total_epochs=3, configured=0 B/s, rate=0 B/s, pending=0 bytes
[migrater] timestamp=1779269623.78, migrating=False, epoch=1, total_epochs=3, configured=0 B/s, rate=0 B/s, pending=0 bytes
[migrater] timestamp=1779269623.89, migrating=False, epoch=1, total_epochs=3, configured=0 B/s, rate=0 B/s, pending=0 bytes
[migrater] timestamp=1779269623.99, migrating=False, epoch=1, total_epochs=3, configured=0 B/s, rate=0 B/s, pending=0 bytes
[migrater] timestamp=1779269624.09, migrating=False, epoch=1, total_epochs=3, configured=0 B/s, rate=0 B/s, pending=0 bytes
[migrater] timestamp=1779269624.19, migrating=False, epoch=1, total_epochs=3, configured=0 B/s, rate=0 B/s, pending=0 bytes
[migrater] timestamp=1779269624.29, migrating=False, epoch=1, total_epochs=3, configured=0 B/s, rate=0 B/s, pending=0 bytes
[migrater] timestamp=1779269624.39, migrating=False, epoch=1, total_epochs=3, configured=0 B/s, rate=0 B/s, pending=0 bytes
[migrater] timestamp=1779269624.49, migrating=False, epoch=1, total_epochs=3, configured=0 B/s, rate=0 B/s, pending=0 bytes
[migrater] timestamp=1779269624.59, migrating=False, epoch=1, total_epochs=3, configured=0 B/s, rate=0 B/s, pending=0 bytes
[migrater] timestamp=1779269624.69, migrating=False, epoch=1, total_epochs=3, configured=0 B/s, rate=0 B/s, pending=0 bytes
[migrater] timestamp=1779269624.79, migrating=False, epoch=1, total_epochs=3, configured=0 B/s, rate=0 B/s, pending=0 bytes
[migrater] timestamp=1779269624.89, migrating=False, epoch=1, total_epochs=3, configured=0 B/s, rate=0 B/s, pending=0 bytes
[migrater] timestamp=1779269624.99, migrating=False, epoch=1, total_epochs=3, configured=0 B/s, rate=0 B/s, pending=0 bytes
[migrater] timestamp=1779269625.09, migrating=False, epoch=1, total_epochs=3, configured=0 B/s, rate=0 B/s, pending=0 bytes
[migrater] timestamp=1779269625.19, migrating=False, epoch=1, total_epochs=3, configured=0 B/s, rate=0 B/s, pending=0 bytes
[migrater] timestamp=1779269625.29, migrating=False, epoch=1, total_epochs=3, configured=0 B/s, rate=0 B/s, pending=0 bytes
[migrater] timestamp=1779269625.39, migrating=False, epoch=1, total_epochs=3, configured=0 B/s, rate=0 B/s, pending=0 bytes
[migrater] timestamp=1779269625.49, migrating=False, epoch=1, total_epochs=3, configured=0 B/s, rate=0 B/s, pending=0 bytes
[migrater] timestamp=1779269625.59, migrating=False, epoch=1, total_epochs=3, configured=0 B/s, rate=0 B/s, pending=0 bytes
[migrater] timestamp=1779269625.69, migrating=False, epoch=1, total_epochs=3, configured=0 B/s, rate=0 B/s, pending=0 bytes
[migrater] timestamp=1779269625.79, migrating=False, epoch=1, total_epochs=3, configured=0 B/s, rate=0 B/s, pending=0 bytes
[migrater] timestamp=1779269625.89, migrating=False, epoch=1, total_epochs=3, configured=0 B/s, rate=0 B/s, pending=0 bytes
[migrater] timestamp=1779269625.99, migrating=False, epoch=2, total_epochs=3, configured=0 B/s, rate=0 B/s, pending=5368709120 bytes
[migrater] timestamp=1779269626.09, migrating=True, epoch=2, total_epochs=3, configured=0 B/s, rate=0 B/s, pending=5368709120 bytes
[migrater] timestamp=1779269626.11, migrating=True, epoch=2, total_epochs=3, configured=360194412 B/s, rate=240043656 B/s, pending=5343543296 bytes ([0.47%] 25165824/5368709120 bytes copied)
[migrater] timestamp=1779269626.22, migrating=True, epoch=2, total_epochs=3, configured=390121579 B/s, rate=387425526 B/s, pending=5301600256 bytes ([1.25%] 67108864/5368709120 bytes copied)
[migrater] timestamp=1779269626.32, migrating=True, epoch=2, total_epochs=3, configured=409964750 B/s, rate=392678888 B/s, pending=5259657216 bytes ([2.03%] 109051904/5368709120 bytes copied)
[migrater] timestamp=1779269626.42, migrating=True, epoch=2, total_epochs=3, configured=424528788 B/s, rate=413755985 B/s, pending=5217714176 bytes ([2.81%] 150994944/5368709120 bytes copied)
[migrater] timestamp=1779269626.53, migrating=True, epoch=2, total_epochs=3, configured=435512124 B/s, rate=468140657 B/s, pending=5167382528 bytes ([3.75%] 201326592/5368709120 bytes copied)
[migrater] timestamp=1779269626.64, migrating=True, epoch=2, total_epochs=3, configured=444124301 B/s, rate=395966233 B/s, pending=5125439488 bytes ([4.53%] 243269632/5368709120 bytes copied)
[migrater] timestamp=1779269626.74, migrating=True, epoch=2, total_epochs=3, configured=451218738 B/s, rate=490255051 B/s, pending=5075107840 bytes ([5.47%] 293601280/5368709120 bytes copied)
[migrater] timestamp=1779269626.84, migrating=True, epoch=2, total_epochs=3, configured=457059935 B/s, rate=408373281 B/s, pending=5033164800 bytes ([6.25%] 335544320/5368709120 bytes copied)
[migrater] timestamp=1779269626.95, migrating=True, epoch=2, total_epochs=3, configured=462001160 B/s, rate=458635089 B/s, pending=4982833152 bytes ([7.19%] 385875968/5368709120 bytes copied)
[migrater] timestamp=1779269627.06, migrating=True, epoch=2, total_epochs=3, configured=466286064 B/s, rate=464186864 B/s, pending=4932501504 bytes ([8.12%] 436207616/5368709120 bytes copied)
[migrater] timestamp=1779269627.17, migrating=True, epoch=2, total_epochs=3, configured=469717029 B/s, rate=467902859 B/s, pending=4882169856 bytes ([9.06%] 486539264/5368709120 bytes copied)
[migrater] timestamp=1779269627.27, migrating=True, epoch=2, total_epochs=3, configured=473043602 B/s, rate=471437292 B/s, pending=4831838208 bytes ([10.00%] 536870912/5368709120 bytes copied)
[migrater] timestamp=1779269627.38, migrating=True, epoch=2, total_epochs=3, configured=475694987 B/s, rate=474790363 B/s, pending=4781506560 bytes ([10.94%] 587202560/5368709120 bytes copied)
[migrater] timestamp=1779269627.49, migrating=True, epoch=2, total_epochs=3, configured=478394577 B/s, rate=477558072 B/s, pending=4731174912 bytes ([11.88%] 637534208/5368709120 bytes copied)
[migrater] timestamp=1779269627.59, migrating=True, epoch=2, total_epochs=3, configured=480520182 B/s, rate=479810744 B/s, pending=4680843264 bytes ([12.81%] 687865856/5368709120 bytes copied)
[migrater] timestamp=1779269627.70, migrating=True, epoch=2, total_epochs=3, configured=481981352 B/s, rate=481468554 B/s, pending=4630511616 bytes ([13.75%] 738197504/5368709120 bytes copied)
[migrater] timestamp=1779269627.80, migrating=True, epoch=2, total_epochs=3, configured=482444819 B/s, rate=481979415 B/s, pending=4580179968 bytes ([14.69%] 788529152/5368709120 bytes copied)
[migrater] timestamp=1779269627.90, migrating=True, epoch=2, total_epochs=3, configured=484027083 B/s, rate=483638980 B/s, pending=4529848320 bytes ([15.62%] 838860800/5368709120 bytes copied)
[migrater] timestamp=1779269628.01, migrating=True, epoch=2, total_epochs=3, configured=0 B/s, rate=0 B/s, pending=4529848320 bytes
[migrater] timestamp=1779269628.01, migrating=True, epoch=2, total_epochs=3, configured=485840980 B/s, rate=485683925 B/s, pending=4479516672 bytes ([16.56%] 889192448/5368709120 bytes copied)
[migrater] timestamp=1779269628.11, migrating=True, epoch=2, total_epochs=3, configured=490723778 B/s, rate=488754129 B/s, pending=4429185024 bytes ([17.50%] 939524096/5368709120 bytes copied)
[migrater] timestamp=1779269628.21, migrating=True, epoch=2, total_epochs=3, configured=491923296 B/s, rate=490559051 B/s, pending=4378853376 bytes ([18.44%] 989855744/5368709120 bytes copied)
[migrater] timestamp=1779269628.32, migrating=True, epoch=2, total_epochs=3, configured=493175760 B/s, rate=492065655 B/s, pending=4328521728 bytes ([19.38%] 1040187392/5368709120 bytes copied)
[migrater] timestamp=1779269628.42, migrating=True, epoch=2, total_epochs=3, configured=494240463 B/s, rate=492934462 B/s, pending=4278190080 bytes ([20.31%] 1090519040/5368709120 bytes copied)
[migrater] timestamp=1779269628.52, migrating=True, epoch=2, total_epochs=3, configured=495377442 B/s, rate=494421622 B/s, pending=4227858432 bytes ([21.25%] 1140850688/5368709120 bytes copied)
[migrater] timestamp=1779269628.62, migrating=True, epoch=2, total_epochs=3, configured=496336944 B/s, rate=495184793 B/s, pending=4177526784 bytes ([22.19%] 1191182336/5368709120 bytes copied)
[migrater] timestamp=1779269628.72, migrating=True, epoch=2, total_epochs=3, configured=497252098 B/s, rate=495838145 B/s, pending=4127195136 bytes ([23.12%] 1241513984/5368709120 bytes copied)
[migrater] timestamp=1779269628.82, migrating=True, epoch=2, total_epochs=3, configured=498128490 B/s, rate=497384533 B/s, pending=4076863488 bytes ([24.06%] 1291845632/5368709120 bytes copied)
[migrater] timestamp=1779269628.93, migrating=True, epoch=2, total_epochs=3, configured=498968892 B/s, rate=497769250 B/s, pending=4026531840 bytes ([25.00%] 1342177280/5368709120 bytes copied)
[migrater] timestamp=1779269629.03, migrating=True, epoch=2, total_epochs=3, configured=498968892 B/s, rate=499760321 B/s, pending=3976200192 bytes ([25.94%] 1392508928/5368709120 bytes copied)
[migrater] timestamp=1779269629.13, migrating=True, epoch=2, total_epochs=3, configured=498968892 B/s, rate=498871851 B/s, pending=3925868544 bytes ([26.88%] 1442840576/5368709120 bytes copied)
[migrater] timestamp=1779269629.23, migrating=True, epoch=2, total_epochs=3, configured=498968892 B/s, rate=498940349 B/s, pending=3875536896 bytes ([27.81%] 1493172224/5368709120 bytes copied)
[migrater] timestamp=1779269629.33, migrating=True, epoch=2, total_epochs=3, configured=498968892 B/s, rate=499007723 B/s, pending=3825205248 bytes ([28.75%] 1543503872/5368709120 bytes copied)
[migrater] timestamp=1779269629.43, migrating=True, epoch=2, total_epochs=3, configured=498968892 B/s, rate=498653146 B/s, pending=3774873600 bytes ([29.69%] 1593835520/5368709120 bytes copied)
[migrater] timestamp=1779269629.53, migrating=True, epoch=2, total_epochs=3, configured=499778800 B/s, rate=499311626 B/s, pending=3724541952 bytes ([30.63%] 1644167168/5368709120 bytes copied)
[migrater] timestamp=1779269629.63, migrating=True, epoch=2, total_epochs=3, configured=502471171 B/s, rate=500107475 B/s, pending=3674210304 bytes ([31.56%] 1694498816/5368709120 bytes copied)
[migrater] timestamp=1779269629.73, migrating=True, epoch=2, total_epochs=3, configured=503047376 B/s, rate=502770532 B/s, pending=3623878656 bytes ([32.50%] 1744830464/5368709120 bytes copied)
[migrater] timestamp=1779269629.84, migrating=True, epoch=2, total_epochs=3, configured=504179494 B/s, rate=551365744 B/s, pending=3565158400 bytes ([33.59%] 1803550720/5368709120 bytes copied)
[migrater] timestamp=1779269629.95, migrating=True, epoch=2, total_epochs=3, configured=504691070 B/s, rate=458006476 B/s, pending=3514826752 bytes ([34.53%] 1853882368/5368709120 bytes copied)
[migrater] timestamp=1779269630.05, migrating=True, epoch=2, total_epochs=3, configured=505680823 B/s, rate=553278916 B/s, pending=3456106496 bytes ([35.62%] 1912602624/5368709120 bytes copied)
[migrater] timestamp=1779269630.16, migrating=True, epoch=2, total_epochs=3, configured=506267411 B/s, rate=459160812 B/s, pending=3405774848 bytes ([36.56%] 1962934272/5368709120 bytes copied)
[migrater] timestamp=1779269630.27, migrating=True, epoch=2, total_epochs=3, configured=506821981 B/s, rate=554943170 B/s, pending=3347054592 bytes ([37.66%] 2021654528/5368709120 bytes copied)
[migrater] timestamp=1779269630.38, migrating=True, epoch=2, total_epochs=3, configured=507330480 B/s, rate=460396226 B/s, pending=3296722944 bytes ([38.59%] 2071986176/5368709120 bytes copied)
[migrater] timestamp=1779269630.48, migrating=True, epoch=2, total_epochs=3, configured=507960595 B/s, rate=555878175 B/s, pending=3238002688 bytes ([39.69%] 2130706432/5368709120 bytes copied)
[migrater] timestamp=1779269630.59, migrating=True, epoch=2, total_epochs=3, configured=508103932 B/s, rate=460972141 B/s, pending=3187671040 bytes ([40.62%] 2181038080/5368709120 bytes copied)
[migrater] timestamp=1779269630.70, migrating=True, epoch=2, total_epochs=3, configured=508705962 B/s, rate=557607625 B/s, pending=3128950784 bytes ([41.72%] 2239758336/5368709120 bytes copied)
[migrater] timestamp=1779269630.81, migrating=True, epoch=2, total_epochs=3, configured=508827257 B/s, rate=461492914 B/s, pending=3078619136 bytes ([42.66%] 2290089984/5368709120 bytes copied)
[migrater] timestamp=1779269630.91, migrating=True, epoch=2, total_epochs=3, configured=509425082 B/s, rate=557734682 B/s, pending=3019898880 bytes ([43.75%] 2348810240/5368709120 bytes copied)
[migrater] timestamp=1779269631.02, migrating=True, epoch=2, total_epochs=3, configured=509526980 B/s, rate=462222344 B/s, pending=2969567232 bytes ([44.69%] 2399141888/5368709120 bytes copied)
[migrater] timestamp=1779269631.12, migrating=True, epoch=2, total_epochs=3, configured=0 B/s, rate=0 B/s, pending=2969567232 bytes
[migrater] timestamp=1779269631.13, migrating=True, epoch=2, total_epochs=3, configured=510124385 B/s, rate=559173316 B/s, pending=2910846976 bytes ([45.78%] 2457862144/5368709120 bytes copied)
[migrater] timestamp=1779269631.23, migrating=True, epoch=2, total_epochs=3, configured=513794713 B/s, rate=465641009 B/s, pending=2860515328 bytes ([46.72%] 2508193792/5368709120 bytes copied)
[migrater] timestamp=1779269631.34, migrating=True, epoch=2, total_epochs=3, configured=513940929 B/s, rate=563854939 B/s, pending=2801795072 bytes ([47.81%] 2566914048/5368709120 bytes copied)
[migrater] timestamp=1779269631.45, migrating=True, epoch=2, total_epochs=3, configured=513940929 B/s, rate=465907646 B/s, pending=2751463424 bytes ([48.75%] 2617245696/5368709120 bytes copied)
[migrater] timestamp=1779269631.55, migrating=True, epoch=2, total_epochs=3, configured=514828996 B/s, rate=564511767 B/s, pending=2692743168 bytes ([49.84%] 2675965952/5368709120 bytes copied)
[migrater] timestamp=1779269631.66, migrating=True, epoch=2, total_epochs=3, configured=515452290 B/s, rate=466801684 B/s, pending=2642411520 bytes ([50.78%] 2726297600/5368709120 bytes copied)
[migrater] timestamp=1779269631.76, migrating=True, epoch=2, total_epochs=3, configured=516239130 B/s, rate=565582540 B/s, pending=2583691264 bytes ([51.88%] 2785017856/5368709120 bytes copied)
[migrater] timestamp=1779269631.87, migrating=True, epoch=2, total_epochs=3, configured=515030602 B/s, rate=467729187 B/s, pending=2533359616 bytes ([52.81%] 2835349504/5368709120 bytes copied)
[migrater] timestamp=1779269631.97, migrating=True, epoch=2, total_epochs=3, configured=515715190 B/s, rate=565285965 B/s, pending=2474639360 bytes ([53.91%] 2894069760/5368709120 bytes copied)
[migrater] timestamp=1779269632.08, migrating=True, epoch=2, total_epochs=3, configured=517211082 B/s, rate=467680902 B/s, pending=2424307712 bytes ([54.84%] 2944401408/5368709120 bytes copied)
[migrater] timestamp=1779269632.19, migrating=True, epoch=2, total_epochs=3, configured=517951939 B/s, rate=567915321 B/s, pending=2365587456 bytes ([55.94%] 3003121664/5368709120 bytes copied)
[migrater] timestamp=1779269632.29, migrating=True, epoch=2, total_epochs=3, configured=518083110 B/s, rate=469137198 B/s, pending=2315255808 bytes ([56.88%] 3053453312/5368709120 bytes copied)
[migrater] timestamp=1779269632.40, migrating=True, epoch=2, total_epochs=3, configured=518856905 B/s, rate=569445126 B/s, pending=2256535552 bytes ([57.97%] 3112173568/5368709120 bytes copied)
[migrater] timestamp=1779269632.50, migrating=True, epoch=2, total_epochs=3, configured=518994676 B/s, rate=469734503 B/s, pending=2206203904 bytes ([58.91%] 3162505216/5368709120 bytes copied)
[migrater] timestamp=1779269632.61, migrating=True, epoch=2, total_epochs=3, configured=519807328 B/s, rate=570488097 B/s, pending=2147483648 bytes ([60.00%] 3221225472/5368709120 bytes copied)
[migrater] timestamp=1779269632.71, migrating=True, epoch=2, total_epochs=3, configured=519807328 B/s, rate=470543946 B/s, pending=2097152000 bytes ([60.94%] 3271557120/5368709120 bytes copied)
[migrater] timestamp=1779269632.82, migrating=True, epoch=2, total_epochs=3, configured=519807328 B/s, rate=571221985 B/s, pending=2038431744 bytes ([62.03%] 3330277376/5368709120 bytes copied)
[migrater] timestamp=1779269632.92, migrating=True, epoch=2, total_epochs=3, configured=519807328 B/s, rate=470565018 B/s, pending=1988100096 bytes ([62.97%] 3380609024/5368709120 bytes copied)
[migrater] timestamp=1779269633.03, migrating=True, epoch=2, total_epochs=3, configured=521065736 B/s, rate=570157452 B/s, pending=1929379840 bytes ([64.06%] 3439329280/5368709120 bytes copied)
[migrater] timestamp=1779269633.13, migrating=True, epoch=2, total_epochs=3, configured=522063318 B/s, rate=472267202 B/s, pending=1879048192 bytes ([65.00%] 3489660928/5368709120 bytes copied)
[migrater] timestamp=1779269633.23, migrating=True, epoch=2, total_epochs=3, configured=523085856 B/s, rate=574247159 B/s, pending=1820327936 bytes ([66.09%] 3548381184/5368709120 bytes copied)
[migrater] timestamp=1779269633.34, migrating=True, epoch=2, total_epochs=3, configured=0 B/s, rate=0 B/s, pending=1820327936 bytes
[migrater] timestamp=1779269633.34, migrating=True, epoch=2, total_epochs=3, configured=529271703 B/s, rate=473390605 B/s, pending=1769996288 bytes ([67.03%] 3598712832/5368709120 bytes copied)
[migrater] timestamp=1779269633.44, migrating=True, epoch=2, total_epochs=3, configured=530519611 B/s, rate=582001296 B/s, pending=1711276032 bytes ([68.12%] 3657433088/5368709120 bytes copied)
[migrater] timestamp=1779269633.55, migrating=True, epoch=2, total_epochs=3, configured=530982235 B/s, rate=479525764 B/s, pending=1660944384 bytes ([69.06%] 3707764736/5368709120 bytes copied)
[migrater] timestamp=1779269633.65, migrating=True, epoch=2, total_epochs=3, configured=532353069 B/s, rate=584666795 B/s, pending=1602224128 bytes ([70.16%] 3766484992/5368709120 bytes copied)
[migrater] timestamp=1779269633.75, migrating=True, epoch=2, total_epochs=3, configured=532516916 B/s, rate=480963375 B/s, pending=1551892480 bytes ([71.09%] 3816816640/5368709120 bytes copied)
[migrater] timestamp=1779269633.85, migrating=True, epoch=2, total_epochs=3, configured=534023028 B/s, rate=585734598 B/s, pending=1493172224 bytes ([72.19%] 3875536896/5368709120 bytes copied)
[migrater] timestamp=1779269633.96, migrating=True, epoch=2, total_epochs=3, configured=532200810 B/s, rate=482467533 B/s, pending=1442840576 bytes ([73.12%] 3925868544/5368709120 bytes copied)
[migrater] timestamp=1779269634.06, migrating=True, epoch=2, total_epochs=3, configured=533788697 B/s, rate=586570477 B/s, pending=1384120320 bytes ([74.22%] 3984588800/5368709120 bytes copied)
[migrater] timestamp=1779269634.16, migrating=True, epoch=2, total_epochs=3, configured=534441428 B/s, rate=482185769 B/s, pending=1333788672 bytes ([75.16%] 4034920448/5368709120 bytes copied)
[migrater] timestamp=1779269634.27, migrating=True, epoch=2, total_epochs=3, configured=536239170 B/s, rate=534559591 B/s, pending=1275068416 bytes ([76.25%] 4093640704/5368709120 bytes copied)
[migrater] timestamp=1779269634.38, migrating=True, epoch=2, total_epochs=3, configured=539974549 B/s, rate=536699708 B/s, pending=1216348160 bytes ([77.34%] 4152360960/5368709120 bytes copied)
[migrater] timestamp=1779269634.49, migrating=True, epoch=2, total_epochs=3, configured=541003641 B/s, rate=540091392 B/s, pending=1157627904 bytes ([78.44%] 4211081216/5368709120 bytes copied)
[migrater] timestamp=1779269634.60, migrating=True, epoch=2, total_epochs=3, configured=542130707 B/s, rate=541512088 B/s, pending=1098907648 bytes ([79.53%] 4269801472/5368709120 bytes copied)
[migrater] timestamp=1779269634.71, migrating=True, epoch=2, total_epochs=3, configured=539938767 B/s, rate=541120610 B/s, pending=1040187392 bytes ([80.62%] 4328521728/5368709120 bytes copied)
[migrater] timestamp=1779269634.81, migrating=True, epoch=2, total_epochs=3, configured=541105963 B/s, rate=540371367 B/s, pending=981467136 bytes ([81.72%] 4387241984/5368709120 bytes copied)
[migrater] timestamp=1779269634.92, migrating=True, epoch=2, total_epochs=3, configured=542407139 B/s, rate=541237415 B/s, pending=922746880 bytes ([82.81%] 4445962240/5368709120 bytes copied)
[migrater] timestamp=1779269635.03, migrating=True, epoch=2, total_epochs=3, configured=543183518 B/s, rate=543330532 B/s, pending=864026624 bytes ([83.91%] 4504682496/5368709120 bytes copied)
[migrater] timestamp=1779269635.14, migrating=True, epoch=2, total_epochs=3, configured=543183518 B/s, rate=543085955 B/s, pending=805306368 bytes ([85.00%] 4563402752/5368709120 bytes copied)
[migrater] timestamp=1779269635.25, migrating=True, epoch=2, total_epochs=3, configured=543183518 B/s, rate=543255081 B/s, pending=746586112 bytes ([86.09%] 4622123008/5368709120 bytes copied)
[migrater] timestamp=1779269635.35, migrating=True, epoch=2, total_epochs=3, configured=0 B/s, rate=0 B/s, pending=746586112 bytes
[migrater] timestamp=1779269635.35, migrating=True, epoch=2, total_epochs=3, configured=543183518 B/s, rate=542911815 B/s, pending=687865856 bytes ([87.19%] 4680843264/5368709120 bytes copied)
[migrater] timestamp=1779269635.46, migrating=True, epoch=2, total_epochs=3, configured=545986783 B/s, rate=545042210 B/s, pending=629145600 bytes ([88.28%] 4739563520/5368709120 bytes copied)
[migrater] timestamp=1779269635.57, migrating=True, epoch=2, total_epochs=3, configured=563087501 B/s, rate=551849513 B/s, pending=570425344 bytes ([89.38%] 4798283776/5368709120 bytes copied)
[migrater] timestamp=1779269635.67, migrating=True, epoch=2, total_epochs=3, configured=570458124 B/s, rate=567160202 B/s, pending=511705088 bytes ([90.47%] 4857004032/5368709120 bytes copied)
[migrater] timestamp=1779269635.77, migrating=True, epoch=2, total_epochs=3, configured=581570657 B/s, rate=574813231 B/s, pending=452984832 bytes ([91.56%] 4915724288/5368709120 bytes copied)
[migrater] timestamp=1779269635.88, migrating=True, epoch=2, total_epochs=3, configured=590348052 B/s, rate=581881740 B/s, pending=394264576 bytes ([92.66%] 4974444544/5368709120 bytes copied)
[migrater] timestamp=1779269635.98, migrating=True, epoch=2, total_epochs=3, configured=600158215 B/s, rate=649061586 B/s, pending=327155712 bytes ([93.91%] 5041553408/5368709120 bytes copied)
[migrater] timestamp=1779269636.09, migrating=True, epoch=2, total_epochs=3, configured=598422027 B/s, rate=600126282 B/s, pending=260046848 bytes ([95.16%] 5108662272/5368709120 bytes copied)
[migrater] timestamp=1779269636.20, migrating=True, epoch=2, total_epochs=3, configured=610726613 B/s, rate=602196796 B/s, pending=192937984 bytes ([96.41%] 5175771136/5368709120 bytes copied)
[migrater] timestamp=1779269636.31, migrating=True, epoch=2, total_epochs=3, configured=607208696 B/s, rate=609090715 B/s, pending=125829120 bytes ([97.66%] 5242880000/5368709120 bytes copied)
[migrater] timestamp=1779269636.42, migrating=True, epoch=2, total_epochs=3, configured=772656295 B/s, rate=702634538 B/s, pending=50331648 bytes ([99.06%] 5318377472/5368709120 bytes copied)
[migrater] timestamp=1779269636.50, migrating=False, epoch=2, total_epochs=3, configured=2000000000 B/s, rate=0 B/s, pending=0 bytes ([100.00%] 5368709120/5368709120 bytes copied)
[migrater] timestamp=1779269636.66, migrating=False, epoch=2, total_epochs=3, configured=0 B/s, rate=0 B/s, pending=0 bytes
[migrater] timestamp=1779269636.76, migrating=False, epoch=2, total_epochs=3, configured=0 B/s, rate=0 B/s, pending=0 bytes
[migrater] timestamp=1779269636.86, migrating=False, epoch=2, total_epochs=3, configured=0 B/s, rate=0 B/s, pending=0 bytes
[migrater] timestamp=1779269636.96, migrating=False, epoch=2, total_epochs=3, configured=0 B/s, rate=0 B/s, pending=0 bytes
[migrater] timestamp=1779269637.06, migrating=False, epoch=2, total_epochs=3, configured=0 B/s, rate=0 B/s, pending=0 bytes
[migrater] timestamp=1779269637.16, migrating=False, epoch=2, total_epochs=3, configured=0 B/s, rate=0 B/s, pending=0 bytes
[migrater] timestamp=1779269637.26, migrating=False, epoch=2, total_epochs=3, configured=0 B/s, rate=0 B/s, pending=0 bytes
[migrater] timestamp=1779269637.36, migrating=False, epoch=2, total_epochs=3, configured=0 B/s, rate=0 B/s, pending=0 bytes
[migrater] timestamp=1779269637.46, migrating=False, epoch=2, total_epochs=3, configured=0 B/s, rate=0 B/s, pending=0 bytes
[migrater] timestamp=1779269637.56, migrating=False, epoch=2, total_epochs=3, configured=0 B/s, rate=0 B/s, pending=0 bytes
[migrater] timestamp=1779269637.66, migrating=False, epoch=2, total_epochs=3, configured=0 B/s, rate=0 B/s, pending=0 bytes
[migrater] timestamp=1779269637.76, migrating=False, epoch=2, total_epochs=3, configured=0 B/s, rate=0 B/s, pending=0 bytes
[migrater] timestamp=1779269637.86, migrating=False, epoch=2, total_epochs=3, configured=0 B/s, rate=0 B/s, pending=0 bytes
[migrater] timestamp=1779269637.96, migrating=False, epoch=2, total_epochs=3, configured=0 B/s, rate=0 B/s, pending=0 bytes
[migrater] timestamp=1779269638.06, migrating=False, epoch=2, total_epochs=3, configured=0 B/s, rate=0 B/s, pending=0 bytes
[migrater] timestamp=1779269638.16, migrating=False, epoch=2, total_epochs=3, configured=0 B/s, rate=0 B/s, pending=0 bytes
[migrater] timestamp=1779269638.26, migrating=False, epoch=2, total_epochs=3, configured=0 B/s, rate=0 B/s, pending=0 bytes
[migrater] timestamp=1779269638.36, migrating=False, epoch=2, total_epochs=3, configured=0 B/s, rate=0 B/s, pending=0 bytes
[migrater] timestamp=1779269638.46, migrating=False, epoch=2, total_epochs=3, configured=0 B/s, rate=0 B/s, pending=0 bytes
[migrater] timestamp=1779269638.56, migrating=False, epoch=2, total_epochs=3, configured=0 B/s, rate=0 B/s, pending=0 bytes
[migrater] timestamp=1779269638.66, migrating=False, epoch=2, total_epochs=3, configured=0 B/s, rate=0 B/s, pending=0 bytes
[migrater] timestamp=1779269638.77, migrating=False, epoch=2, total_epochs=3, configured=0 B/s, rate=0 B/s, pending=0 bytes
[migrater] timestamp=1779269638.87, migrating=False, epoch=2, total_epochs=3, configured=0 B/s, rate=0 B/s, pending=0 bytes
[migrater] timestamp=1779269638.97, migrating=False, epoch=2, total_epochs=3, configured=0 B/s, rate=0 B/s, pending=0 bytes
[migrater] timestamp=1779269639.07, migrating=False, epoch=2, total_epochs=3, configured=0 B/s, rate=0 B/s, pending=0 bytes
[migrater] timestamp=1779269639.17, migrating=False, epoch=2, total_epochs=3, configured=0 B/s, rate=0 B/s, pending=0 bytes
[migrater] timestamp=1779269639.27, migrating=False, epoch=2, total_epochs=3, configured=0 B/s, rate=0 B/s, pending=0 bytes
[migrater] timestamp=1779269639.37, migrating=False, epoch=2, total_epochs=3, configured=0 B/s, rate=0 B/s, pending=0 bytes
[migrater] timestamp=1779269639.47, migrating=False, epoch=2, total_epochs=3, configured=0 B/s, rate=0 B/s, pending=0 bytes
[migrater] timestamp=1779269639.57, migrating=False, epoch=2, total_epochs=3, configured=0 B/s, rate=0 B/s, pending=0 bytes
[migrater] timestamp=1779269639.67, migrating=False, epoch=2, total_epochs=3, configured=0 B/s, rate=0 B/s, pending=0 bytes
[migrater] timestamp=1779269639.77, migrating=False, epoch=2, total_epochs=3, configured=0 B/s, rate=0 B/s, pending=0 bytes
[migrater] timestamp=1779269639.87, migrating=False, epoch=2, total_epochs=3, configured=0 B/s, rate=0 B/s, pending=0 bytes
[migrater] timestamp=1779269639.97, migrating=False, epoch=2, total_epochs=3, configured=0 B/s, rate=0 B/s, pending=0 bytes
[migrater] timestamp=1779269640.07, migrating=False, epoch=2, total_epochs=3, configured=0 B/s, rate=0 B/s, pending=0 bytes
[migrater] timestamp=1779269640.17, migrating=False, epoch=2, total_epochs=3, configured=0 B/s, rate=0 B/s, pending=0 bytes
[migrater] timestamp=1779269640.27, migrating=False, epoch=2, total_epochs=3, configured=0 B/s, rate=0 B/s, pending=0 bytes
[migrater] timestamp=1779269640.37, migrating=False, epoch=2, total_epochs=3, configured=0 B/s, rate=0 B/s, pending=0 bytes
[migrater] timestamp=1779269640.47, migrating=False, epoch=2, total_epochs=3, configured=0 B/s, rate=0 B/s, pending=0 bytes
[migrater] timestamp=1779269640.57, migrating=False, epoch=2, total_epochs=3, configured=0 B/s, rate=0 B/s, pending=0 bytes
[migrater] timestamp=1779269640.67, migrating=False, epoch=2, total_epochs=3, configured=0 B/s, rate=0 B/s, pending=0 bytes
[migrater] timestamp=1779269640.77, migrating=False, epoch=2, total_epochs=3, configured=0 B/s, rate=0 B/s, pending=0 bytes
[migrater] timestamp=1779269640.87, migrating=False, epoch=2, total_epochs=3, configured=0 B/s, rate=0 B/s, pending=0 bytes
[migrater] timestamp=1779269640.97, migrating=False, epoch=2, total_epochs=3, configured=0 B/s, rate=0 B/s, pending=0 bytes
[migrater] timestamp=1779269641.07, migrating=False, epoch=2, total_epochs=3, configured=0 B/s, rate=0 B/s, pending=0 bytes
[migrater] timestamp=1779269641.17, migrating=False, epoch=2, total_epochs=3, configured=0 B/s, rate=0 B/s, pending=0 bytes
[migrater] timestamp=1779269641.27, migrating=False, epoch=2, total_epochs=3, configured=0 B/s, rate=0 B/s, pending=0 bytes
[migrater] timestamp=1779269641.38, migrating=False, epoch=2, total_epochs=3, configured=0 B/s, rate=0 B/s, pending=0 bytes
[migrater] timestamp=1779269641.48, migrating=False, epoch=2, total_epochs=3, configured=0 B/s, rate=0 B/s, pending=0 bytes
[migrater] timestamp=1779269641.58, migrating=False, epoch=2, total_epochs=3, configured=0 B/s, rate=0 B/s, pending=0 bytes
[migrater] timestamp=1779269641.68, migrating=False, epoch=2, total_epochs=3, configured=0 B/s, rate=0 B/s, pending=0 bytes
[migrater] timestamp=1779269641.78, migrating=False, epoch=2, total_epochs=3, configured=0 B/s, rate=0 B/s, pending=0 bytes
[migrater] timestamp=1779269641.88, migrating=False, epoch=2, total_epochs=3, configured=0 B/s, rate=0 B/s, pending=0 bytes
[migrater] timestamp=1779269641.98, migrating=False, epoch=2, total_epochs=3, configured=0 B/s, rate=0 B/s, pending=0 bytes
[migrater] timestamp=1779269642.08, migrating=False, epoch=2, total_epochs=3, configured=0 B/s, rate=0 B/s, pending=0 bytes
[migrater] timestamp=1779269642.18, migrating=False, epoch=2, total_epochs=3, configured=0 B/s, rate=0 B/s, pending=0 bytes
[migrater] timestamp=1779269642.28, migrating=False, epoch=2, total_epochs=3, configured=0 B/s, rate=0 B/s, pending=0 bytes
[migrater] timestamp=1779269642.38, migrating=False, epoch=2, total_epochs=3, configured=0 B/s, rate=0 B/s, pending=0 bytes
[migrater] timestamp=1779269642.48, migrating=False, epoch=2, total_epochs=3, configured=0 B/s, rate=0 B/s, pending=0 bytes
[migrater] timestamp=1779269642.58, migrating=False, epoch=2, total_epochs=3, configured=0 B/s, rate=0 B/s, pending=0 bytes
[migrater] timestamp=1779269642.68, migrating=False, epoch=2, total_epochs=3, configured=0 B/s, rate=0 B/s, pending=0 bytes
[migrater] timestamp=1779269642.78, migrating=False, epoch=2, total_epochs=3, configured=0 B/s, rate=0 B/s, pending=0 bytes
[migrater] timestamp=1779269642.88, migrating=False, epoch=2, total_epochs=3, configured=0 B/s, rate=0 B/s, pending=0 bytes
[migrater] timestamp=1779269642.98, migrating=False, epoch=2, total_epochs=3, configured=0 B/s, rate=0 B/s, pending=0 bytes
[migrater] timestamp=1779269643.08, migrating=False, epoch=2, total_epochs=3, configured=0 B/s, rate=0 B/s, pending=0 bytes
[migrater] timestamp=1779269643.18, migrating=False, epoch=2, total_epochs=3, configured=0 B/s, rate=0 B/s, pending=0 bytes
[migrater] timestamp=1779269643.28, migrating=False, epoch=2, total_epochs=3, configured=0 B/s, rate=0 B/s, pending=0 bytes
[migrater] timestamp=1779269643.38, migrating=False, epoch=2, total_epochs=3, configured=0 B/s, rate=0 B/s, pending=0 bytes
[migrater] timestamp=1779269643.48, migrating=False, epoch=2, total_epochs=3, configured=0 B/s, rate=0 B/s, pending=0 bytes
[migrater] timestamp=1779269643.58, migrating=False, epoch=2, total_epochs=3, configured=0 B/s, rate=0 B/s, pending=0 bytes
[migrater] timestamp=1779269643.68, migrating=False, epoch=2, total_epochs=3, configured=0 B/s, rate=0 B/s, pending=0 bytes
[migrater] timestamp=1779269643.78, migrating=False, epoch=2, total_epochs=3, configured=0 B/s, rate=0 B/s, pending=0 bytes
[migrater] timestamp=1779269643.89, migrating=False, epoch=2, total_epochs=3, configured=0 B/s, rate=0 B/s, pending=0 bytes
[migrater] timestamp=1779269643.99, migrating=False, epoch=2, total_epochs=3, configured=0 B/s, rate=0 B/s, pending=0 bytes
[migrater] timestamp=1779269644.09, migrating=False, epoch=2, total_epochs=3, configured=0 B/s, rate=0 B/s, pending=0 bytes
[migrater] timestamp=1779269644.19, migrating=False, epoch=2, total_epochs=3, configured=0 B/s, rate=0 B/s, pending=0 bytes
[migrater] timestamp=1779269644.29, migrating=False, epoch=2, total_epochs=3, configured=0 B/s, rate=0 B/s, pending=0 bytes
[migrater] timestamp=1779269644.39, migrating=False, epoch=2, total_epochs=3, configured=0 B/s, rate=0 B/s, pending=0 bytes
[migrater] timestamp=1779269644.49, migrating=False, epoch=2, total_epochs=3, configured=0 B/s, rate=0 B/s, pending=0 bytes
[migrater] timestamp=1779269644.59, migrating=False, epoch=2, total_epochs=3, configured=0 B/s, rate=0 B/s, pending=0 bytes
[migrater] timestamp=1779269644.69, migrating=False, epoch=2, total_epochs=3, configured=0 B/s, rate=0 B/s, pending=0 bytes
[migrater] timestamp=1779269644.79, migrating=False, epoch=2, total_epochs=3, configured=0 B/s, rate=0 B/s, pending=0 bytes
[migrater] timestamp=1779269644.89, migrating=False, epoch=2, total_epochs=3, configured=0 B/s, rate=0 B/s, pending=0 bytes
[migrater] timestamp=1779269644.99, migrating=False, epoch=2, total_epochs=3, configured=0 B/s, rate=0 B/s, pending=0 bytes
[migrater] timestamp=1779269645.09, migrating=False, epoch=2, total_epochs=3, configured=0 B/s, rate=0 B/s, pending=0 bytes
[migrater] timestamp=1779269645.19, migrating=False, epoch=2, total_epochs=3, configured=0 B/s, rate=0 B/s, pending=0 bytes
[migrater] timestamp=1779269645.29, migrating=False, epoch=2, total_epochs=3, configured=0 B/s, rate=0 B/s, pending=0 bytes
[migrater] timestamp=1779269645.39, migrating=False, epoch=2, total_epochs=3, configured=0 B/s, rate=0 B/s, pending=0 bytes
[migrater] timestamp=1779269645.49, migrating=False, epoch=2, total_epochs=3, configured=0 B/s, rate=0 B/s, pending=0 bytes
[migrater] timestamp=1779269645.59, migrating=False, epoch=2, total_epochs=3, configured=0 B/s, rate=0 B/s, pending=0 bytes
[migrater] timestamp=1779269645.69, migrating=False, epoch=2, total_epochs=3, configured=0 B/s, rate=0 B/s, pending=0 bytes
[migrater] timestamp=1779269645.79, migrating=False, epoch=2, total_epochs=3, configured=0 B/s, rate=0 B/s, pending=0 bytes
[migrater] timestamp=1779269645.89, migrating=False, epoch=2, total_epochs=3, configured=0 B/s, rate=0 B/s, pending=0 bytes
[migrater] timestamp=1779269645.99, migrating=False, epoch=2, total_epochs=3, configured=0 B/s, rate=0 B/s, pending=0 bytes
[migrater] timestamp=1779269646.09, migrating=False, epoch=2, total_epochs=3, configured=0 B/s, rate=0 B/s, pending=0 bytes
[migrater] timestamp=1779269646.19, migrating=False, epoch=2, total_epochs=3, configured=0 B/s, rate=0 B/s, pending=0 bytes
[migrater] timestamp=1779269646.29, migrating=False, epoch=2, total_epochs=3, configured=0 B/s, rate=0 B/s, pending=0 bytes
[migrater] timestamp=1779269646.39, migrating=False, epoch=2, total_epochs=3, configured=0 B/s, rate=0 B/s, pending=0 bytes
[migrater] timestamp=1779269646.50, migrating=False, epoch=2, total_epochs=3, configured=0 B/s, rate=0 B/s, pending=0 bytes
[migrater] timestamp=1779269646.60, migrating=False, epoch=2, total_epochs=3, configured=0 B/s, rate=0 B/s, pending=0 bytes
[migrater] timestamp=1779269646.70, migrating=False, epoch=2, total_epochs=3, configured=0 B/s, rate=0 B/s, pending=0 bytes
[migrater] timestamp=1779269646.80, migrating=False, epoch=2, total_epochs=3, configured=0 B/s, rate=0 B/s, pending=0 bytes
[migrater] timestamp=1779269646.90, migrating=False, epoch=2, total_epochs=3, configured=0 B/s, rate=0 B/s, pending=0 bytes
[migrater] timestamp=1779269647.00, migrating=False, epoch=2, total_epochs=3, configured=0 B/s, rate=0 B/s, pending=0 bytes
[migrater] timestamp=1779269647.10, migrating=False, epoch=2, total_epochs=3, configured=0 B/s, rate=0 B/s, pending=0 bytes
[migrater] timestamp=1779269647.20, migrating=False, epoch=2, total_epochs=3, configured=0 B/s, rate=0 B/s, pending=0 bytes
[migrater] timestamp=1779269647.30, migrating=False, epoch=2, total_epochs=3, configured=0 B/s, rate=0 B/s, pending=0 bytes
[migrater] timestamp=1779269647.40, migrating=False, epoch=2, total_epochs=3, configured=0 B/s, rate=0 B/s, pending=0 bytes
[migrater] timestamp=1779269647.50, migrating=False, epoch=2, total_epochs=3, configured=0 B/s, rate=0 B/s, pending=0 bytes
[migrater] timestamp=1779269647.60, migrating=False, epoch=2, total_epochs=3, configured=0 B/s, rate=0 B/s, pending=0 bytes
[migrater] timestamp=1779269647.70, migrating=False, epoch=2, total_epochs=3, configured=0 B/s, rate=0 B/s, pending=0 bytes
[migrater] timestamp=1779269647.80, migrating=False, epoch=2, total_epochs=3, configured=0 B/s, rate=0 B/s, pending=0 bytes
[migrater] timestamp=1779269647.90, migrating=False, epoch=2, total_epochs=3, configured=0 B/s, rate=0 B/s, pending=0 bytes
[migrater] timestamp=1779269648.00, migrating=False, epoch=2, total_epochs=3, configured=0 B/s, rate=0 B/s, pending=0 bytes
[migrater] timestamp=1779269648.10, migrating=False, epoch=2, total_epochs=3, configured=0 B/s, rate=0 B/s, pending=0 bytes
[migrater] timestamp=1779269648.20, migrating=False, epoch=2, total_epochs=3, configured=0 B/s, rate=0 B/s, pending=0 bytes
[migrater] timestamp=1779269648.30, migrating=False, epoch=2, total_epochs=3, configured=0 B/s, rate=0 B/s, pending=0 bytes
[migrater] timestamp=1779269648.40, migrating=False, epoch=2, total_epochs=3, configured=0 B/s, rate=0 B/s, pending=0 bytes
[migrater] timestamp=1779269648.50, migrating=False, epoch=2, total_epochs=3, configured=0 B/s, rate=0 B/s, pending=0 bytes
[migrater] timestamp=1779269648.60, migrating=False, epoch=2, total_epochs=3, configured=0 B/s, rate=0 B/s, pending=0 bytes
[migrater] timestamp=1779269648.70, migrating=False, epoch=2, total_epochs=3, configured=0 B/s, rate=0 B/s, pending=0 bytes
[migrater] timestamp=1779269648.80, migrating=False, epoch=2, total_epochs=3, configured=0 B/s, rate=0 B/s, pending=0 bytes
[migrater] timestamp=1779269648.90, migrating=False, epoch=2, total_epochs=3, configured=0 B/s, rate=0 B/s, pending=0 bytes
[migrater] timestamp=1779269649.00, migrating=False, epoch=2, total_epochs=3, configured=0 B/s, rate=0 B/s, pending=0 bytes
[migrater] timestamp=1779269649.11, migrating=False, epoch=2, total_epochs=3, configured=0 B/s, rate=0 B/s, pending=0 bytes
[migrater] timestamp=1779269649.21, migrating=False, epoch=2, total_epochs=3, configured=0 B/s, rate=0 B/s, pending=0 bytes
[migrater] timestamp=1779269649.31, migrating=False, epoch=2, total_epochs=3, configured=0 B/s, rate=0 B/s, pending=0 bytes
[migrater] timestamp=1779269649.41, migrating=False, epoch=2, total_epochs=3, configured=0 B/s, rate=0 B/s, pending=0 bytes
[migrater] timestamp=1779269649.51, migrating=False, epoch=2, total_epochs=3, configured=0 B/s, rate=0 B/s, pending=0 bytes
[migrater] timestamp=1779269649.61, migrating=False, epoch=2, total_epochs=3, configured=0 B/s, rate=0 B/s, pending=0 bytes
[migrater] timestamp=1779269649.71, migrating=False, epoch=2, total_epochs=3, configured=0 B/s, rate=0 B/s, pending=0 bytes
[migrater] timestamp=1779269649.81, migrating=False, epoch=2, total_epochs=3, configured=0 B/s, rate=0 B/s, pending=0 bytes
[migrater] timestamp=1779269649.91, migrating=False, epoch=2, total_epochs=3, configured=0 B/s, rate=0 B/s, pending=0 bytes
[migrater] timestamp=1779269650.01, migrating=False, epoch=2, total_epochs=3, configured=0 B/s, rate=0 B/s, pending=0 bytes
[migrater] timestamp=1779269650.11, migrating=False, epoch=2, total_epochs=3, configured=0 B/s, rate=0 B/s, pending=0 bytes
[migrater] timestamp=1779269650.21, migrating=False, epoch=2, total_epochs=3, configured=0 B/s, rate=0 B/s, pending=0 bytes
[migrater] timestamp=1779269650.31, migrating=False, epoch=2, total_epochs=3, configured=0 B/s, rate=0 B/s, pending=0 bytes
[migrater] timestamp=1779269650.41, migrating=False, epoch=2, total_epochs=3, configured=0 B/s, rate=0 B/s, pending=0 bytes
[migrater] timestamp=1779269650.51, migrating=False, epoch=2, total_epochs=3, configured=0 B/s, rate=0 B/s, pending=0 bytes
[migrater] timestamp=1779269650.61, migrating=False, epoch=2, total_epochs=3, configured=0 B/s, rate=0 B/s, pending=0 bytes
[migrater] timestamp=1779269650.71, migrating=False, epoch=2, total_epochs=3, configured=0 B/s, rate=0 B/s, pending=0 bytes
[migrater] timestamp=1779269650.81, migrating=False, epoch=2, total_epochs=3, configured=0 B/s, rate=0 B/s, pending=0 bytes
[migrater] timestamp=1779269650.91, migrating=False, epoch=2, total_epochs=3, configured=0 B/s, rate=0 B/s, pending=0 bytes
[migrater] timestamp=1779269651.01, migrating=False, epoch=2, total_epochs=3, configured=0 B/s, rate=0 B/s, pending=0 bytes
[migrater] timestamp=1779269651.11, migrating=False, epoch=2, total_epochs=3, configured=0 B/s, rate=0 B/s, pending=0 bytes
[migrater] timestamp=1779269651.21, migrating=False, epoch=2, total_epochs=3, configured=0 B/s, rate=0 B/s, pending=0 bytes
[migrater] timestamp=1779269651.31, migrating=False, epoch=2, total_epochs=3, configured=0 B/s, rate=0 B/s, pending=0 bytes
[migrater] timestamp=1779269651.41, migrating=False, epoch=2, total_epochs=3, configured=0 B/s, rate=0 B/s, pending=0 bytes
[migrater] timestamp=1779269651.51, migrating=False, epoch=2, total_epochs=3, configured=0 B/s, rate=0 B/s, pending=0 bytes
[migrater] timestamp=1779269651.61, migrating=False, epoch=2, total_epochs=3, configured=0 B/s, rate=0 B/s, pending=0 bytes
[migrater] timestamp=1779269651.72, migrating=False, epoch=2, total_epochs=3, configured=0 B/s, rate=0 B/s, pending=0 bytes
[migrater] timestamp=1779269651.82, migrating=False, epoch=2, total_epochs=3, configured=0 B/s, rate=0 B/s, pending=0 bytes
[migrater] timestamp=1779269651.92, migrating=False, epoch=2, total_epochs=3, configured=0 B/s, rate=0 B/s, pending=0 bytes
[migrater] timestamp=1779269652.02, migrating=False, epoch=2, total_epochs=3, configured=0 B/s, rate=0 B/s, pending=0 bytes
[migrater] timestamp=1779269652.12, migrating=False, epoch=2, total_epochs=3, configured=0 B/s, rate=0 B/s, pending=0 bytes
[migrater] timestamp=1779269652.22, migrating=False, epoch=2, total_epochs=3, configured=0 B/s, rate=0 B/s, pending=0 bytes
[migrater] timestamp=1779269652.32, migrating=False, epoch=2, total_epochs=3, configured=0 B/s, rate=0 B/s, pending=0 bytes
[migrater] timestamp=1779269652.42, migrating=False, epoch=2, total_epochs=3, configured=0 B/s, rate=0 B/s, pending=0 bytes
[migrater] timestamp=1779269652.52, migrating=False, epoch=2, total_epochs=3, configured=0 B/s, rate=0 B/s, pending=0 bytes
[migrater] timestamp=1779269652.62, migrating=False, epoch=2, total_epochs=3, configured=0 B/s, rate=0 B/s, pending=0 bytes
[migrater] timestamp=1779269652.72, migrating=False, epoch=2, total_epochs=3, configured=0 B/s, rate=0 B/s, pending=0 bytes
[migrater] timestamp=1779269652.82, migrating=False, epoch=2, total_epochs=3, configured=0 B/s, rate=0 B/s, pending=0 bytes
[migrater] timestamp=1779269652.92, migrating=False, epoch=2, total_epochs=3, configured=0 B/s, rate=0 B/s, pending=0 bytes
[migrater] timestamp=1779269653.02, migrating=False, epoch=2, total_epochs=3, configured=0 B/s, rate=0 B/s, pending=0 bytes
[migrater] timestamp=1779269653.12, migrating=False, epoch=2, total_epochs=3, configured=0 B/s, rate=0 B/s, pending=0 bytes
[migrater] timestamp=1779269653.22, migrating=False, epoch=2, total_epochs=3, configured=0 B/s, rate=0 B/s, pending=0 bytes
[migrater] timestamp=1779269653.32, migrating=False, epoch=2, total_epochs=3, configured=0 B/s, rate=0 B/s, pending=0 bytes
[migrater] timestamp=1779269653.42, migrating=False, epoch=2, total_epochs=3, configured=0 B/s, rate=0 B/s, pending=0 bytes
[migrater] timestamp=1779269653.52, migrating=False, epoch=2, total_epochs=3, configured=0 B/s, rate=0 B/s, pending=0 bytes
[migrater] timestamp=1779269653.62, migrating=False, epoch=2, total_epochs=3, configured=0 B/s, rate=0 B/s, pending=0 bytes
[migrater] timestamp=1779269653.72, migrating=False, epoch=2, total_epochs=3, configured=0 B/s, rate=0 B/s, pending=0 bytes
[migrater] timestamp=1779269653.82, migrating=False, epoch=2, total_epochs=3, configured=0 B/s, rate=0 B/s, pending=0 bytes
[migrater] timestamp=1779269653.92, migrating=False, epoch=2, total_epochs=3, configured=0 B/s, rate=0 B/s, pending=0 bytes
[migrater] timestamp=1779269654.02, migrating=False, epoch=2, total_epochs=3, configured=0 B/s, rate=0 B/s, pending=0 bytes
[migrater] timestamp=1779269654.12, migrating=False, epoch=2, total_epochs=3, configured=0 B/s, rate=0 B/s, pending=0 bytes
[migrater] timestamp=1779269654.23, migrating=False, epoch=2, total_epochs=3, configured=0 B/s, rate=0 B/s, pending=0 bytes
[migrater] timestamp=1779269654.33, migrating=False, epoch=2, total_epochs=3, configured=0 B/s, rate=0 B/s, pending=0 bytes
[migrater] timestamp=1779269654.43, migrating=False, epoch=2, total_epochs=3, configured=0 B/s, rate=0 B/s, pending=0 bytes
[migrater] timestamp=1779269654.53, migrating=False, epoch=2, total_epochs=3, configured=0 B/s, rate=0 B/s, pending=0 bytes
[migrater] timestamp=1779269654.63, migrating=False, epoch=2, total_epochs=3, configured=0 B/s, rate=0 B/s, pending=0 bytes
[migrater] timestamp=1779269654.73, migrating=False, epoch=2, total_epochs=3, configured=0 B/s, rate=0 B/s, pending=0 bytes
[migrater] timestamp=1779269654.83, migrating=False, epoch=2, total_epochs=3, configured=0 B/s, rate=0 B/s, pending=0 bytes
[migrater] timestamp=1779269654.93, migrating=False, epoch=2, total_epochs=3, configured=0 B/s, rate=0 B/s, pending=0 bytes
[migrater] timestamp=1779269655.03, migrating=False, epoch=2, total_epochs=3, configured=0 B/s, rate=0 B/s, pending=0 bytes
[migrater] timestamp=1779269655.13, migrating=False, epoch=2, total_epochs=3, configured=0 B/s, rate=0 B/s, pending=0 bytes
[migrater] timestamp=1779269655.23, migrating=False, epoch=2, total_epochs=3, configured=0 B/s, rate=0 B/s, pending=0 bytes
[migrater] timestamp=1779269655.33, migrating=False, epoch=2, total_epochs=3, configured=0 B/s, rate=0 B/s, pending=0 bytes
[migrater] timestamp=1779269655.43, migrating=False, epoch=2, total_epochs=3, configured=0 B/s, rate=0 B/s, pending=0 bytes
[migrater] timestamp=1779269655.53, migrating=False, epoch=2, total_epochs=3, configured=0 B/s, rate=0 B/s, pending=0 bytes
[migrater] timestamp=1779269655.63, migrating=False, epoch=2, total_epochs=3, configured=0 B/s, rate=0 B/s, pending=0 bytes
[migrater] timestamp=1779269655.73, migrating=False, epoch=2, total_epochs=3, configured=0 B/s, rate=0 B/s, pending=0 bytes
[migrater] timestamp=1779269655.83, migrating=False, epoch=2, total_epochs=3, configured=0 B/s, rate=0 B/s, pending=0 bytes
[migrater] timestamp=1779269655.93, migrating=False, epoch=2, total_epochs=3, configured=0 B/s, rate=0 B/s, pending=0 bytes
[migrater] timestamp=1779269656.03, migrating=False, epoch=2, total_epochs=3, configured=0 B/s, rate=0 B/s, pending=0 bytes
[migrater] timestamp=1779269656.13, migrating=False, epoch=2, total_epochs=3, configured=0 B/s, rate=0 B/s, pending=0 bytes
[migrater] timestamp=1779269656.23, migrating=False, epoch=2, total_epochs=3, configured=0 B/s, rate=0 B/s, pending=0 bytes
[migrater] timestamp=1779269656.33, migrating=False, epoch=2, total_epochs=3, configured=0 B/s, rate=0 B/s, pending=0 bytes
[migrater] timestamp=1779269656.43, migrating=False, epoch=2, total_epochs=3, configured=0 B/s, rate=0 B/s, pending=0 bytes
[migrater] timestamp=1779269656.53, migrating=False, epoch=2, total_epochs=3, configured=0 B/s, rate=0 B/s, pending=0 bytes
[migrater] timestamp=1779269656.63, migrating=False, epoch=2, total_epochs=3, configured=0 B/s, rate=0 B/s, pending=0 bytes
[migrater] timestamp=1779269656.73, migrating=False, epoch=2, total_epochs=3, configured=0 B/s, rate=0 B/s, pending=0 bytes
[migrater] timestamp=1779269656.84, migrating=False, epoch=2, total_epochs=3, configured=0 B/s, rate=0 B/s, pending=0 bytes
[migrater] timestamp=1779269656.94, migrating=False, epoch=2, total_epochs=3, configured=0 B/s, rate=0 B/s, pending=0 bytes
[migrater] timestamp=1779269657.04, migrating=False, epoch=2, total_epochs=3, configured=0 B/s, rate=0 B/s, pending=0 bytes
[migrater] timestamp=1779269657.14, migrating=False, epoch=2, total_epochs=3, configured=0 B/s, rate=0 B/s, pending=0 bytes
[migrater] timestamp=1779269657.24, migrating=False, epoch=2, total_epochs=3, configured=0 B/s, rate=0 B/s, pending=0 bytes
[migrater] timestamp=1779269657.34, migrating=False, epoch=2, total_epochs=3, configured=0 B/s, rate=0 B/s, pending=0 bytes
[migrater] timestamp=1779269657.44, migrating=False, epoch=2, total_epochs=3, configured=0 B/s, rate=0 B/s, pending=0 bytes
[migrater] timestamp=1779269657.54, migrating=False, epoch=2, total_epochs=3, configured=0 B/s, rate=0 B/s, pending=0 bytes
[migrater] timestamp=1779269657.64, migrating=False, epoch=2, total_epochs=3, configured=0 B/s, rate=0 B/s, pending=0 bytes
[migrater] timestamp=1779269657.74, migrating=False, epoch=2, total_epochs=3, configured=0 B/s, rate=0 B/s, pending=0 bytes
[migrater] timestamp=1779269657.84, migrating=False, epoch=2, total_epochs=3, configured=0 B/s, rate=0 B/s, pending=0 bytes
[migrater] timestamp=1779269657.94, migrating=False, epoch=2, total_epochs=3, configured=0 B/s, rate=0 B/s, pending=0 bytes
[migrater] timestamp=1779269658.04, migrating=False, epoch=2, total_epochs=3, configured=0 B/s, rate=0 B/s, pending=0 bytes
[migrater] timestamp=1779269658.14, migrating=False, epoch=2, total_epochs=3, configured=0 B/s, rate=0 B/s, pending=0 bytes
[migrater] timestamp=1779269658.24, migrating=False, epoch=2, total_epochs=3, configured=0 B/s, rate=0 B/s, pending=0 bytes
[migrater] timestamp=1779269658.34, migrating=False, epoch=2, total_epochs=3, configured=0 B/s, rate=0 B/s, pending=0 bytes
[migrater] timestamp=1779269658.44, migrating=False, epoch=2, total_epochs=3, configured=0 B/s, rate=0 B/s, pending=0 bytes
[migrater] timestamp=1779269658.54, migrating=False, epoch=2, total_epochs=3, configured=0 B/s, rate=0 B/s, pending=0 bytes
[migrater] timestamp=1779269658.64, migrating=False, epoch=2, total_epochs=3, configured=0 B/s, rate=0 B/s, pending=0 bytes
[migrater] timestamp=1779269658.74, migrating=False, epoch=2, total_epochs=3, configured=0 B/s, rate=0 B/s, pending=0 bytes
[migrater] timestamp=1779269658.84, migrating=False, epoch=2, total_epochs=3, configured=0 B/s, rate=0 B/s, pending=0 bytes
[migrater] timestamp=1779269658.94, migrating=False, epoch=2, total_epochs=3, configured=0 B/s, rate=0 B/s, pending=0 bytes
[migrater] timestamp=1779269659.04, migrating=False, epoch=2, total_epochs=3, configured=0 B/s, rate=0 B/s, pending=0 bytes
[migrater] timestamp=1779269659.14, migrating=False, epoch=2, total_epochs=3, configured=0 B/s, rate=0 B/s, pending=0 bytes
[migrater] timestamp=1779269659.24, migrating=False, epoch=2, total_epochs=3, configured=0 B/s, rate=0 B/s, pending=0 bytes
[migrater] timestamp=1779269659.35, migrating=False, epoch=2, total_epochs=3, configured=0 B/s, rate=0 B/s, pending=0 bytes
[migrater] timestamp=1779269659.45, migrating=False, epoch=2, total_epochs=3, configured=0 B/s, rate=0 B/s, pending=0 bytes
[migrater] timestamp=1779269659.55, migrating=False, epoch=2, total_epochs=3, configured=0 B/s, rate=0 B/s, pending=0 bytes
[migrater] timestamp=1779269659.65, migrating=False, epoch=2, total_epochs=3, configured=0 B/s, rate=0 B/s, pending=0 bytes
[migrater] timestamp=1779269659.75, migrating=False, epoch=2, total_epochs=3, configured=0 B/s, rate=0 B/s, pending=0 bytes
[migrater] timestamp=1779269659.85, migrating=False, epoch=2, total_epochs=3, configured=0 B/s, rate=0 B/s, pending=0 bytes
[migrater] timestamp=1779269659.95, migrating=False, epoch=2, total_epochs=3, configured=0 B/s, rate=0 B/s, pending=0 bytes
[migrater] timestamp=1779269660.05, migrating=False, epoch=2, total_epochs=3, configured=0 B/s, rate=0 B/s, pending=0 bytes
[migrater] timestamp=1779269660.15, migrating=False, epoch=2, total_epochs=3, configured=0 B/s, rate=0 B/s, pending=0 bytes
[migrater] timestamp=1779269660.25, migrating=False, epoch=2, total_epochs=3, configured=0 B/s, rate=0 B/s, pending=0 bytes
[migrater] timestamp=1779269660.35, migrating=False, epoch=2, total_epochs=3, configured=0 B/s, rate=0 B/s, pending=0 bytes
[migrater] timestamp=1779269660.45, migrating=False, epoch=2, total_epochs=3, configured=0 B/s, rate=0 B/s, pending=0 bytes
[migrater] timestamp=1779269660.55, migrating=False, epoch=2, total_epochs=3, configured=0 B/s, rate=0 B/s, pending=0 bytes
[migrater] timestamp=1779269660.65, migrating=False, epoch=2, total_epochs=3, configured=0 B/s, rate=0 B/s, pending=0 bytes
[migrater] timestamp=1779269660.75, migrating=False, epoch=2, total_epochs=3, configured=0 B/s, rate=0 B/s, pending=0 bytes
[migrater] timestamp=1779269660.85, migrating=False, epoch=2, total_epochs=3, configured=0 B/s, rate=0 B/s, pending=0 bytes
[migrater] timestamp=1779269660.95, migrating=False, epoch=2, total_epochs=3, configured=0 B/s, rate=0 B/s, pending=0 bytes
[migrater] timestamp=1779269661.05, migrating=False, epoch=2, total_epochs=3, configured=0 B/s, rate=0 B/s, pending=0 bytes
[migrater] timestamp=1779269661.15, migrating=False, epoch=2, total_epochs=3, configured=0 B/s, rate=0 B/s, pending=0 bytes
[migrater] timestamp=1779269661.25, migrating=False, epoch=2, total_epochs=3, configured=0 B/s, rate=0 B/s, pending=0 bytes
[migrater] timestamp=1779269661.35, migrating=False, epoch=2, total_epochs=3, configured=0 B/s, rate=0 B/s, pending=0 bytes
[migrater] timestamp=1779269661.45, migrating=False, epoch=2, total_epochs=3, configured=0 B/s, rate=0 B/s, pending=0 bytes
[migrater] timestamp=1779269661.55, migrating=False, epoch=2, total_epochs=3, configured=0 B/s, rate=0 B/s, pending=0 bytes
[migrater] timestamp=1779269661.65, migrating=False, epoch=2, total_epochs=3, configured=0 B/s, rate=0 B/s, pending=0 bytes
[migrater] timestamp=1779269661.75, migrating=False, epoch=2, total_epochs=3, configured=0 B/s, rate=0 B/s, pending=0 bytes
[migrater] timestamp=1779269661.85, migrating=False, epoch=2, total_epochs=3, configured=0 B/s, rate=0 B/s, pending=0 bytes
[migrater] timestamp=1779269661.96, migrating=False, epoch=2, total_epochs=3, configured=0 B/s, rate=0 B/s, pending=0 bytes
[migrater] timestamp=1779269662.06, migrating=False, epoch=2, total_epochs=3, configured=0 B/s, rate=0 B/s, pending=0 bytes
[migrater] timestamp=1779269662.16, migrating=False, epoch=2, total_epochs=3, configured=0 B/s, rate=0 B/s, pending=0 bytes
[migrater] timestamp=1779269662.26, migrating=False, epoch=2, total_epochs=3, configured=0 B/s, rate=0 B/s, pending=0 bytes
[migrater] timestamp=1779269662.36, migrating=False, epoch=2, total_epochs=3, configured=0 B/s, rate=0 B/s, pending=0 bytes
[migrater] timestamp=1779269662.46, migrating=False, epoch=2, total_epochs=3, configured=0 B/s, rate=0 B/s, pending=0 bytes
[migrater] timestamp=1779269662.56, migrating=False, epoch=2, total_epochs=3, configured=0 B/s, rate=0 B/s, pending=0 bytes
[migrater] timestamp=1779269662.66, migrating=False, epoch=2, total_epochs=3, configured=0 B/s, rate=0 B/s, pending=0 bytes
[migrater] timestamp=1779269662.76, migrating=False, epoch=2, total_epochs=3, configured=0 B/s, rate=0 B/s, pending=0 bytes
[migrater] timestamp=1779269662.86, migrating=False, epoch=2, total_epochs=3, configured=0 B/s, rate=0 B/s, pending=0 bytes
[migrater] timestamp=1779269662.96, migrating=False, epoch=2, total_epochs=3, configured=0 B/s, rate=0 B/s, pending=0 bytes
[migrater] timestamp=1779269663.06, migrating=False, epoch=2, total_epochs=3, configured=0 B/s, rate=0 B/s, pending=0 bytes
[migrater] timestamp=1779269663.16, migrating=False, epoch=2, total_epochs=3, configured=0 B/s, rate=0 B/s, pending=0 bytes
[migrater] timestamp=1779269663.26, migrating=False, epoch=2, total_epochs=3, configured=0 B/s, rate=0 B/s, pending=0 bytes
[migrater] timestamp=1779269663.36, migrating=False, epoch=2, total_epochs=3, configured=0 B/s, rate=0 B/s, pending=0 bytes
[migrater] timestamp=1779269663.46, migrating=False, epoch=2, total_epochs=3, configured=0 B/s, rate=0 B/s, pending=0 bytes
[migrater] timestamp=1779269663.56, migrating=False, epoch=2, total_epochs=3, configured=0 B/s, rate=0 B/s, pending=0 bytes
[migrater] timestamp=1779269663.66, migrating=False, epoch=2, total_epochs=3, configured=0 B/s, rate=0 B/s, pending=0 bytes
[migrater] timestamp=1779269663.76, migrating=False, epoch=2, total_epochs=3, configured=0 B/s, rate=0 B/s, pending=0 bytes
[migrater] timestamp=1779269663.86, migrating=False, epoch=2, total_epochs=3, configured=0 B/s, rate=0 B/s, pending=0 bytes
[migrater] timestamp=1779269663.96, migrating=False, epoch=2, total_epochs=3, configured=0 B/s, rate=0 B/s, pending=0 bytes
[migrater] timestamp=1779269664.06, migrating=False, epoch=2, total_epochs=3, configured=0 B/s, rate=0 B/s, pending=0 bytes
[migrater] timestamp=1779269664.16, migrating=False, epoch=2, total_epochs=3, configured=0 B/s, rate=0 B/s, pending=0 bytes
[migrater] timestamp=1779269664.26, migrating=False, epoch=2, total_epochs=3, configured=0 B/s, rate=0 B/s, pending=0 bytes
[migrater] timestamp=1779269664.36, migrating=False, epoch=2, total_epochs=3, configured=0 B/s, rate=0 B/s, pending=0 bytes
[migrater] timestamp=1779269664.46, migrating=False, epoch=2, total_epochs=3, configured=0 B/s, rate=0 B/s, pending=0 bytes
[migrater] timestamp=1779269664.57, migrating=False, epoch=2, total_epochs=3, configured=0 B/s, rate=0 B/s, pending=0 bytes
[migrater] timestamp=1779269664.67, migrating=False, epoch=2, total_epochs=3, configured=0 B/s, rate=0 B/s, pending=0 bytes
[migrater] timestamp=1779269664.77, migrating=False, epoch=2, total_epochs=3, configured=0 B/s, rate=0 B/s, pending=0 bytes
[migrater] timestamp=1779269664.87, migrating=False, epoch=2, total_epochs=3, configured=0 B/s, rate=0 B/s, pending=0 bytes
[migrater] timestamp=1779269664.97, migrating=False, epoch=2, total_epochs=3, configured=0 B/s, rate=0 B/s, pending=0 bytes
[migrater] timestamp=1779269665.07, migrating=False, epoch=2, total_epochs=3, configured=0 B/s, rate=0 B/s, pending=0 bytes
[migrater] timestamp=1779269665.17, migrating=False, epoch=2, total_epochs=3, configured=0 B/s, rate=0 B/s, pending=0 bytes
[migrater] timestamp=1779269665.27, migrating=False, epoch=2, total_epochs=3, configured=0 B/s, rate=0 B/s, pending=0 bytes
[migrater] timestamp=1779269665.37, migrating=False, epoch=2, total_epochs=3, configured=0 B/s, rate=0 B/s, pending=0 bytes
[migrater] timestamp=1779269665.47, migrating=False, epoch=2, total_epochs=3, configured=0 B/s, rate=0 B/s, pending=0 bytes
[migrater] timestamp=1779269665.57, migrating=False, epoch=2, total_epochs=3, configured=0 B/s, rate=0 B/s, pending=0 bytes
[migrater] timestamp=1779269665.67, migrating=False, epoch=2, total_epochs=3, configured=0 B/s, rate=0 B/s, pending=0 bytes
[migrater] timestamp=1779269665.77, migrating=False, epoch=2, total_epochs=3, configured=0 B/s, rate=0 B/s, pending=0 bytes
[migrater] timestamp=1779269665.87, migrating=False, epoch=2, total_epochs=3, configured=0 B/s, rate=0 B/s, pending=0 bytes
[migrater] timestamp=1779269665.97, migrating=False, epoch=2, total_epochs=3, configured=0 B/s, rate=0 B/s, pending=0 bytes
[migrater] timestamp=1779269666.07, migrating=False, epoch=2, total_epochs=3, configured=0 B/s, rate=0 B/s, pending=0 bytes
[migrater] timestamp=1779269666.17, migrating=False, epoch=2, total_epochs=3, configured=0 B/s, rate=0 B/s, pending=0 bytes
[migrater] timestamp=1779269666.27, migrating=False, epoch=2, total_epochs=3, configured=0 B/s, rate=0 B/s, pending=0 bytes
[migrater] timestamp=1779269666.37, migrating=False, epoch=2, total_epochs=3, configured=0 B/s, rate=0 B/s, pending=0 bytes
[migrater] timestamp=1779269666.47, migrating=False, epoch=2, total_epochs=3, configured=0 B/s, rate=0 B/s, pending=0 bytes
[migrater] timestamp=1779269666.57, migrating=False, epoch=2, total_epochs=3, configured=0 B/s, rate=0 B/s, pending=0 bytes
[migrater] timestamp=1779269666.67, migrating=False, epoch=2, total_epochs=3, configured=0 B/s, rate=0 B/s, pending=0 bytes
[migrater] timestamp=1779269666.77, migrating=False, epoch=2, total_epochs=3, configured=0 B/s, rate=0 B/s, pending=0 bytes
[migrater] timestamp=1779269666.87, migrating=False, epoch=2, total_epochs=3, configured=0 B/s, rate=0 B/s, pending=0 bytes
[migrater] timestamp=1779269666.97, migrating=False, epoch=2, total_epochs=3, configured=0 B/s, rate=0 B/s, pending=0 bytes
[migrater] timestamp=1779269667.08, migrating=False, epoch=2, total_epochs=3, configured=0 B/s, rate=0 B/s, pending=0 bytes
[migrater] timestamp=1779269667.18, migrating=False, epoch=2, total_epochs=3, configured=0 B/s, rate=0 B/s, pending=0 bytes
[migrater] timestamp=1779269667.28, migrating=False, epoch=2, total_epochs=3, configured=0 B/s, rate=0 B/s, pending=0 bytes
[migrater] timestamp=1779269667.38, migrating=False, epoch=2, total_epochs=3, configured=0 B/s, rate=0 B/s, pending=0 bytes
[migrater] timestamp=1779269667.48, migrating=False, epoch=2, total_epochs=3, configured=0 B/s, rate=0 B/s, pending=0 bytes
[migrater] timestamp=1779269667.58, migrating=False, epoch=2, total_epochs=3, configured=0 B/s, rate=0 B/s, pending=0 bytes
[migrater] timestamp=1779269667.68, migrating=False, epoch=2, total_epochs=3, configured=0 B/s, rate=0 B/s, pending=0 bytes
[migrater] timestamp=1779269667.78, migrating=False, epoch=2, total_epochs=3, configured=0 B/s, rate=0 B/s, pending=0 bytes
[migrater] timestamp=1779269667.88, migrating=False, epoch=2, total_epochs=3, configured=0 B/s, rate=0 B/s, pending=0 bytes
[migrater] timestamp=1779269667.98, migrating=False, epoch=2, total_epochs=3, configured=0 B/s, rate=0 B/s, pending=0 bytes
[migrater] timestamp=1779269668.08, migrating=False, epoch=2, total_epochs=3, configured=0 B/s, rate=0 B/s, pending=0 bytes
[migrater] timestamp=1779269668.18, migrating=False, epoch=2, total_epochs=3, configured=0 B/s, rate=0 B/s, pending=0 bytes
[migrater] timestamp=1779269668.28, migrating=False, epoch=2, total_epochs=3, configured=0 B/s, rate=0 B/s, pending=0 bytes
[migrater] timestamp=1779269668.38, migrating=False, epoch=2, total_epochs=3, configured=0 B/s, rate=0 B/s, pending=0 bytes
[migrater] timestamp=1779269668.48, migrating=False, epoch=2, total_epochs=3, configured=0 B/s, rate=0 B/s, pending=0 bytes
[migrater] timestamp=1779269668.58, migrating=False, epoch=2, total_epochs=3, configured=0 B/s, rate=0 B/s, pending=0 bytes
[migrater] timestamp=1779269668.68, migrating=False, epoch=2, total_epochs=3, configured=0 B/s, rate=0 B/s, pending=0 bytes
[migrater] timestamp=1779269668.78, migrating=False, epoch=2, total_epochs=3, configured=0 B/s, rate=0 B/s, pending=0 bytes
[migrater] timestamp=1779269668.88, migrating=False, epoch=2, total_epochs=3, configured=0 B/s, rate=0 B/s, pending=0 bytes
[migrater] timestamp=1779269668.98, migrating=False, epoch=2, total_epochs=3, configured=0 B/s, rate=0 B/s, pending=0 bytes
[migrater] timestamp=1779269669.08, migrating=False, epoch=2, total_epochs=3, configured=0 B/s, rate=0 B/s, pending=0 bytes
[migrater] timestamp=1779269669.18, migrating=False, epoch=2, total_epochs=3, configured=0 B/s, rate=0 B/s, pending=0 bytes
[migrater] timestamp=1779269669.28, migrating=False, epoch=2, total_epochs=3, configured=0 B/s, rate=0 B/s, pending=0 bytes
[migrater] timestamp=1779269669.38, migrating=False, epoch=2, total_epochs=3, configured=0 B/s, rate=0 B/s, pending=0 bytes
[migrater] timestamp=1779269669.48, migrating=False, epoch=2, total_epochs=3, configured=0 B/s, rate=0 B/s, pending=0 bytes
[migrater] timestamp=1779269669.58, migrating=False, epoch=2, total_epochs=3, configured=0 B/s, rate=0 B/s, pending=0 bytes
[migrater] timestamp=1779269669.69, migrating=False, epoch=2, total_epochs=3, configured=0 B/s, rate=0 B/s, pending=0 bytes
[migrater] timestamp=1779269669.79, migrating=False, epoch=2, total_epochs=3, configured=0 B/s, rate=0 B/s, pending=0 bytes
[migrater] timestamp=1779269669.89, migrating=False, epoch=2, total_epochs=3, configured=0 B/s, rate=0 B/s, pending=0 bytes
[migrater] timestamp=1779269669.99, migrating=False, epoch=2, total_epochs=3, configured=0 B/s, rate=0 B/s, pending=0 bytes
[migrater] timestamp=1779269670.09, migrating=False, epoch=2, total_epochs=3, configured=0 B/s, rate=0 B/s, pending=0 bytes
[migrater] timestamp=1779269670.19, migrating=False, epoch=2, total_epochs=3, configured=0 B/s, rate=0 B/s, pending=0 bytes
[migrater] timestamp=1779269670.29, migrating=False, epoch=2, total_epochs=3, configured=0 B/s, rate=0 B/s, pending=0 bytes
[migrater] timestamp=1779269670.39, migrating=False, epoch=2, total_epochs=3, configured=0 B/s, rate=0 B/s, pending=0 bytes
[migrater] timestamp=1779269670.49, migrating=False, epoch=2, total_epochs=3, configured=0 B/s, rate=0 B/s, pending=0 bytes
[migrater] timestamp=1779269670.59, migrating=False, epoch=2, total_epochs=3, configured=0 B/s, rate=0 B/s, pending=0 bytes
[migrater] timestamp=1779269670.69, migrating=False, epoch=2, total_epochs=3, configured=0 B/s, rate=0 B/s, pending=0 bytes
[migrater] timestamp=1779269670.79, migrating=False, epoch=2, total_epochs=3, configured=0 B/s, rate=0 B/s, pending=0 bytes
[migrater] timestamp=1779269670.89, migrating=False, epoch=2, total_epochs=3, configured=0 B/s, rate=0 B/s, pending=0 bytes
[migrater] timestamp=1779269670.99, migrating=False, epoch=2, total_epochs=3, configured=0 B/s, rate=0 B/s, pending=0 bytes
[migrater] timestamp=1779269671.09, migrating=False, epoch=2, total_epochs=3, configured=0 B/s, rate=0 B/s, pending=0 bytes
[migrater] timestamp=1779269671.19, migrating=False, epoch=2, total_epochs=3, configured=0 B/s, rate=0 B/s, pending=0 bytes
[migrater] timestamp=1779269671.29, migrating=False, epoch=2, total_epochs=3, configured=0 B/s, rate=0 B/s, pending=0 bytes
[migrater] timestamp=1779269671.39, migrating=False, epoch=2, total_epochs=3, configured=0 B/s, rate=0 B/s, pending=0 bytes
[migrater] timestamp=1779269671.49, migrating=False, epoch=2, total_epochs=3, configured=0 B/s, rate=0 B/s, pending=0 bytes
[migrater] timestamp=1779269671.59, migrating=False, epoch=2, total_epochs=3, configured=0 B/s, rate=0 B/s, pending=0 bytes
[migrater] timestamp=1779269671.69, migrating=False, epoch=2, total_epochs=3, configured=0 B/s, rate=0 B/s, pending=0 bytes
[migrater] timestamp=1779269671.79, migrating=False, epoch=2, total_epochs=3, configured=0 B/s, rate=0 B/s, pending=0 bytes
[migrater] timestamp=1779269671.89, migrating=False, epoch=2, total_epochs=3, configured=0 B/s, rate=0 B/s, pending=0 bytes
[migrater] timestamp=1779269671.99, migrating=False, epoch=2, total_epochs=3, configured=0 B/s, rate=0 B/s, pending=0 bytes
[migrater] timestamp=1779269672.09, migrating=False, epoch=2, total_epochs=3, configured=0 B/s, rate=0 B/s, pending=0 bytes
[migrater] timestamp=1779269672.19, migrating=False, epoch=2, total_epochs=3, configured=0 B/s, rate=0 B/s, pending=0 bytes
[migrater] timestamp=1779269672.30, migrating=False, epoch=2, total_epochs=3, configured=0 B/s, rate=0 B/s, pending=0 bytes
[migrater] timestamp=1779269672.40, migrating=False, epoch=2, total_epochs=3, configured=0 B/s, rate=0 B/s, pending=0 bytes
[migrater] timestamp=1779269672.50, migrating=False, epoch=2, total_epochs=3, configured=0 B/s, rate=0 B/s, pending=0 bytes
[migrater] timestamp=1779269672.60, migrating=False, epoch=2, total_epochs=3, configured=0 B/s, rate=0 B/s, pending=0 bytes
[migrater] timestamp=1779269672.70, migrating=False, epoch=3, total_epochs=3, configured=0 B/s, rate=0 B/s, pending=5368709120 bytes
[migrater] timestamp=1779269672.80, migrating=True, epoch=3, total_epochs=3, configured=0 B/s, rate=0 B/s, pending=5368709120 bytes
[migrater] timestamp=1779269672.81, migrating=True, epoch=3, total_epochs=3, configured=354961696 B/s, rate=244541926 B/s, pending=5343543296 bytes ([0.47%] 25165824/5368709120 bytes copied)
[migrater] timestamp=1779269672.91, migrating=True, epoch=3, total_epochs=3, configured=379708981 B/s, rate=383185451 B/s, pending=5301600256 bytes ([1.25%] 67108864/5368709120 bytes copied)
[migrater] timestamp=1779269673.02, migrating=True, epoch=3, total_epochs=3, configured=397739557 B/s, rate=382631556 B/s, pending=5259657216 bytes ([2.03%] 109051904/5368709120 bytes copied)
[migrater] timestamp=1779269673.13, migrating=True, epoch=3, total_epochs=3, configured=411898410 B/s, rate=400040421 B/s, pending=5217714176 bytes ([2.81%] 150994944/5368709120 bytes copied)
[migrater] timestamp=1779269673.23, migrating=True, epoch=3, total_epochs=3, configured=423239191 B/s, rate=413751222 B/s, pending=5175771136 bytes ([3.59%] 192937984/5368709120 bytes copied)
[migrater] timestamp=1779269673.34, migrating=True, epoch=3, total_epochs=3, configured=432711646 B/s, rate=465948954 B/s, pending=5125439488 bytes ([4.53%] 243269632/5368709120 bytes copied)
[migrater] timestamp=1779269673.45, migrating=True, epoch=3, total_epochs=3, configured=440980630 B/s, rate=393340590 B/s, pending=5083496448 bytes ([5.31%] 285212672/5368709120 bytes copied)
[migrater] timestamp=1779269673.55, migrating=True, epoch=3, total_epochs=3, configured=447876692 B/s, rate=487142553 B/s, pending=5033164800 bytes ([6.25%] 335544320/5368709120 bytes copied)
[migrater] timestamp=1779269673.65, migrating=True, epoch=3, total_epochs=3, configured=453418012 B/s, rate=405776888 B/s, pending=4991221760 bytes ([7.03%] 377487360/5368709120 bytes copied)
[migrater] timestamp=1779269673.75, migrating=True, epoch=3, total_epochs=3, configured=458659778 B/s, rate=501791595 B/s, pending=4940890112 bytes ([7.97%] 427819008/5368709120 bytes copied)
[migrater] timestamp=1779269673.85, migrating=True, epoch=3, total_epochs=3, configured=463612895 B/s, rate=414342416 B/s, pending=4898947072 bytes ([8.75%] 469762048/5368709120 bytes copied)
[migrater] timestamp=1779269673.96, migrating=True, epoch=3, total_epochs=3, configured=467959219 B/s, rate=465211938 B/s, pending=4848615424 bytes ([9.69%] 520093696/5368709120 bytes copied)
[migrater] timestamp=1779269674.07, migrating=True, epoch=3, total_epochs=3, configured=470610514 B/s, rate=469289320 B/s, pending=4798283776 bytes ([10.62%] 570425344/5368709120 bytes copied)
[migrater] timestamp=1779269674.18, migrating=True, epoch=3, total_epochs=3, configured=473038637 B/s, rate=471808491 B/s, pending=4747952128 bytes ([11.56%] 620756992/5368709120 bytes copied)
[migrater] timestamp=1779269674.28, migrating=True, epoch=3, total_epochs=3, configured=475993905 B/s, rate=474902297 B/s, pending=4697620480 bytes ([12.50%] 671088640/5368709120 bytes copied)
[migrater] timestamp=1779269674.39, migrating=True, epoch=3, total_epochs=3, configured=478488824 B/s, rate=477591855 B/s, pending=4647288832 bytes ([13.44%] 721420288/5368709120 bytes copied)
[migrater] timestamp=1779269674.49, migrating=True, epoch=3, total_epochs=3, configured=481020081 B/s, rate=479885289 B/s, pending=4596957184 bytes ([14.37%] 771751936/5368709120 bytes copied)
[migrater] timestamp=1779269674.60, migrating=True, epoch=3, total_epochs=3, configured=483141277 B/s, rate=482860570 B/s, pending=4546625536 bytes ([15.31%] 822083584/5368709120 bytes copied)
[migrater] timestamp=1779269674.70, migrating=True, epoch=3, total_epochs=3, configured=485359314 B/s, rate=484866967 B/s, pending=4496293888 bytes ([16.25%] 872415232/5368709120 bytes copied)
[migrater] timestamp=1779269674.80, migrating=True, epoch=3, total_epochs=3, configured=487204309 B/s, rate=486666109 B/s, pending=4445962240 bytes ([17.19%] 922746880/5368709120 bytes copied)
[migrater] timestamp=1779269674.91, migrating=True, epoch=3, total_epochs=3, configured=489188891 B/s, rate=488963827 B/s, pending=4395630592 bytes ([18.12%] 973078528/5368709120 bytes copied)
[migrater] timestamp=1779269675.01, migrating=True, epoch=3, total_epochs=3, configured=490822821 B/s, rate=490353031 B/s, pending=4345298944 bytes ([19.06%] 1023410176/5368709120 bytes copied)
[migrater] timestamp=1779269675.11, migrating=True, epoch=3, total_epochs=3, configured=492628392 B/s, rate=492203052 B/s, pending=4294967296 bytes ([20.00%] 1073741824/5368709120 bytes copied)
[migrater] timestamp=1779269675.21, migrating=True, epoch=3, total_epochs=3, configured=0 B/s, rate=0 B/s, pending=4294967296 bytes
[migrater] timestamp=1779269675.21, migrating=True, epoch=3, total_epochs=3, configured=494099251 B/s, rate=493840467 B/s, pending=4244635648 bytes ([20.94%] 1124073472/5368709120 bytes copied)
[migrater] timestamp=1779269675.31, migrating=True, epoch=3, total_epochs=3, configured=497842728 B/s, rate=496161010 B/s, pending=4194304000 bytes ([21.88%] 1174405120/5368709120 bytes copied)
[migrater] timestamp=1779269675.42, migrating=True, epoch=3, total_epochs=3, configured=498396400 B/s, rate=498294745 B/s, pending=4143972352 bytes ([22.81%] 1224736768/5368709120 bytes copied)
[migrater] timestamp=1779269675.52, migrating=True, epoch=3, total_epochs=3, configured=499972810 B/s, rate=499761566 B/s, pending=4093640704 bytes ([23.75%] 1275068416/5368709120 bytes copied)
[migrater] timestamp=1779269675.62, migrating=True, epoch=3, total_epochs=3, configured=500395183 B/s, rate=500336670 B/s, pending=4043309056 bytes ([24.69%] 1325400064/5368709120 bytes copied)
[migrater] timestamp=1779269675.72, migrating=True, epoch=3, total_epochs=3, configured=501597836 B/s, rate=501530889 B/s, pending=3992977408 bytes ([25.62%] 1375731712/5368709120 bytes copied)
[migrater] timestamp=1779269675.82, migrating=True, epoch=3, total_epochs=3, configured=502905447 B/s, rate=502749344 B/s, pending=3942645760 bytes ([26.56%] 1426063360/5368709120 bytes copied)
[migrater] timestamp=1779269675.92, migrating=True, epoch=3, total_epochs=3, configured=505289139 B/s, rate=551487258 B/s, pending=3883925504 bytes ([27.66%] 1484783616/5368709120 bytes copied)
[migrater] timestamp=1779269676.03, migrating=True, epoch=3, total_epochs=3, configured=505988962 B/s, rate=458954850 B/s, pending=3833593856 bytes ([28.59%] 1535115264/5368709120 bytes copied)
[migrater] timestamp=1779269676.14, migrating=True, epoch=3, total_epochs=3, configured=507193114 B/s, rate=554381804 B/s, pending=3774873600 bytes ([29.69%] 1593835520/5368709120 bytes copied)
[migrater] timestamp=1779269676.25, migrating=True, epoch=3, total_epochs=3, configured=507837371 B/s, rate=460465168 B/s, pending=3724541952 bytes ([30.63%] 1644167168/5368709120 bytes copied)
[migrater] timestamp=1779269676.35, migrating=True, epoch=3, total_epochs=3, configured=509007542 B/s, rate=556656587 B/s, pending=3665821696 bytes ([31.72%] 1702887424/5368709120 bytes copied)
[migrater] timestamp=1779269676.46, migrating=True, epoch=3, total_epochs=3, configured=509007542 B/s, rate=461802978 B/s, pending=3615490048 bytes ([32.66%] 1753219072/5368709120 bytes copied)
[migrater] timestamp=1779269676.57, migrating=True, epoch=3, total_epochs=3, configured=509007542 B/s, rate=557943405 B/s, pending=3556769792 bytes ([33.75%] 1811939328/5368709120 bytes copied)
[migrater] timestamp=1779269676.68, migrating=True, epoch=3, total_epochs=3, configured=509007542 B/s, rate=461800525 B/s, pending=3506438144 bytes ([34.69%] 1862270976/5368709120 bytes copied)
[migrater] timestamp=1779269676.78, migrating=True, epoch=3, total_epochs=3, configured=509007542 B/s, rate=557748959 B/s, pending=3447717888 bytes ([35.78%] 1920991232/5368709120 bytes copied)
[migrater] timestamp=1779269676.89, migrating=True, epoch=3, total_epochs=3, configured=509007542 B/s, rate=462008617 B/s, pending=3397386240 bytes ([36.72%] 1971322880/5368709120 bytes copied)
[migrater] timestamp=1779269677.00, migrating=True, epoch=3, total_epochs=3, configured=509007542 B/s, rate=557759607 B/s, pending=3338665984 bytes ([37.81%] 2030043136/5368709120 bytes copied)
[migrater] timestamp=1779269677.11, migrating=True, epoch=3, total_epochs=3, configured=509007542 B/s, rate=461800567 B/s, pending=3288334336 bytes ([38.75%] 2080374784/5368709120 bytes copied)
[migrater] timestamp=1779269677.21, migrating=True, epoch=3, total_epochs=3, configured=509007542 B/s, rate=558037680 B/s, pending=3229614080 bytes ([39.84%] 2139095040/5368709120 bytes copied)
[migrater] timestamp=1779269677.32, migrating=True, epoch=3, total_epochs=3, configured=509007542 B/s, rate=461871168 B/s, pending=3179282432 bytes ([40.78%] 2189426688/5368709120 bytes copied)
[migrater] timestamp=1779269677.43, migrating=True, epoch=3, total_epochs=3, configured=509007542 B/s, rate=557608339 B/s, pending=3120562176 bytes ([41.88%] 2248146944/5368709120 bytes copied)
[migrater] timestamp=1779269677.53, migrating=True, epoch=3, total_epochs=3, configured=0 B/s, rate=0 B/s, pending=3120562176 bytes
[migrater] timestamp=1779269677.53, migrating=True, epoch=3, total_epochs=3, configured=509007542 B/s, rate=461625934 B/s, pending=3070230528 bytes ([42.81%] 2298478592/5368709120 bytes copied)
[migrater] timestamp=1779269677.64, migrating=True, epoch=3, total_epochs=3, configured=509007542 B/s, rate=558365351 B/s, pending=3011510272 bytes ([43.91%] 2357198848/5368709120 bytes copied)
[migrater] timestamp=1779269677.75, migrating=True, epoch=3, total_epochs=3, configured=509007542 B/s, rate=461701437 B/s, pending=2961178624 bytes ([44.84%] 2407530496/5368709120 bytes copied)
[migrater] timestamp=1779269677.85, migrating=True, epoch=3, total_epochs=3, configured=509606966 B/s, rate=557855839 B/s, pending=2902458368 bytes ([45.94%] 2466250752/5368709120 bytes copied)
[migrater] timestamp=1779269677.96, migrating=True, epoch=3, total_epochs=3, configured=516040376 B/s, rate=465566866 B/s, pending=2852126720 bytes ([46.88%] 2516582400/5368709120 bytes copied)
[migrater] timestamp=1779269678.07, migrating=True, epoch=3, total_epochs=3, configured=517125685 B/s, rate=567419124 B/s, pending=2793406464 bytes ([47.97%] 2575302656/5368709120 bytes copied)
[migrater] timestamp=1779269678.17, migrating=True, epoch=3, total_epochs=3, configured=517105933 B/s, rate=468558021 B/s, pending=2743074816 bytes ([48.91%] 2625634304/5368709120 bytes copied)
[migrater] timestamp=1779269678.28, migrating=True, epoch=3, total_epochs=3, configured=518846317 B/s, rate=568661621 B/s, pending=2684354560 bytes ([50.00%] 2684354560/5368709120 bytes copied)
[migrater] timestamp=1779269678.38, migrating=True, epoch=3, total_epochs=3, configured=523724607 B/s, rate=471488061 B/s, pending=2634022912 bytes ([50.94%] 2734686208/5368709120 bytes copied)
[migrater] timestamp=1779269678.48, migrating=True, epoch=3, total_epochs=3, configured=525339662 B/s, rate=576676705 B/s, pending=2575302656 bytes ([52.03%] 2793406464/5368709120 bytes copied)
[migrater] timestamp=1779269678.59, migrating=True, epoch=3, total_epochs=3, configured=526552396 B/s, rate=475961174 B/s, pending=2524971008 bytes ([52.97%] 2843738112/5368709120 bytes copied)
[migrater] timestamp=1779269678.69, migrating=True, epoch=3, total_epochs=3, configured=526582682 B/s, rate=578772176 B/s, pending=2466250752 bytes ([54.06%] 2902458368/5368709120 bytes copied)
[migrater] timestamp=1779269678.80, migrating=True, epoch=3, total_epochs=3, configured=527306378 B/s, rate=476493868 B/s, pending=2415919104 bytes ([55.00%] 2952790016/5368709120 bytes copied)
[migrater] timestamp=1779269678.90, migrating=True, epoch=3, total_epochs=3, configured=528207262 B/s, rate=580844267 B/s, pending=2357198848 bytes ([56.09%] 3011510272/5368709120 bytes copied)
[migrater] timestamp=1779269679.00, migrating=True, epoch=3, total_epochs=3, configured=529037495 B/s, rate=477875216 B/s, pending=2306867200 bytes ([57.03%] 3061841920/5368709120 bytes copied)
[migrater] timestamp=1779269679.10, migrating=True, epoch=3, total_epochs=3, configured=530257290 B/s, rate=582586425 B/s, pending=2248146944 bytes ([58.13%] 3120562176/5368709120 bytes copied)
[migrater] timestamp=1779269679.21, migrating=True, epoch=3, total_epochs=3, configured=531152599 B/s, rate=479849146 B/s, pending=2197815296 bytes ([59.06%] 3170893824/5368709120 bytes copied)
[migrater] timestamp=1779269679.31, migrating=True, epoch=3, total_epochs=3, configured=532457673 B/s, rate=585971971 B/s, pending=2139095040 bytes ([60.16%] 3229614080/5368709120 bytes copied)
[migrater] timestamp=1779269679.41, migrating=True, epoch=3, total_epochs=3, configured=533432303 B/s, rate=481351069 B/s, pending=2088763392 bytes ([61.09%] 3279945728/5368709120 bytes copied)
[migrater] timestamp=1779269679.52, migrating=True, epoch=3, total_epochs=3, configured=534839550 B/s, rate=533938669 B/s, pending=2030043136 bytes ([62.19%] 3338665984/5368709120 bytes copied)
[migrater] timestamp=1779269679.63, migrating=True, epoch=3, total_epochs=3, configured=535602133 B/s, rate=535767860 B/s, pending=1971322880 bytes ([63.28%] 3397386240/5368709120 bytes copied)
[migrater] timestamp=1779269679.74, migrating=True, epoch=3, total_epochs=3, configured=0 B/s, rate=0 B/s, pending=1971322880 bytes
[migrater] timestamp=1779269679.74, migrating=True, epoch=3, total_epochs=3, configured=536396161 B/s, rate=536128865 B/s, pending=1912602624 bytes ([64.38%] 3456106496/5368709120 bytes copied)
[migrater] timestamp=1779269679.85, migrating=True, epoch=3, total_epochs=3, configured=543386684 B/s, rate=541953742 B/s, pending=1853882368 bytes ([65.47%] 3514826752/5368709120 bytes copied)
[migrater] timestamp=1779269679.96, migrating=True, epoch=3, total_epochs=3, configured=544459551 B/s, rate=543168880 B/s, pending=1795162112 bytes ([66.56%] 3573547008/5368709120 bytes copied)
[migrater] timestamp=1779269680.07, migrating=True, epoch=3, total_epochs=3, configured=545591547 B/s, rate=544722385 B/s, pending=1736441856 bytes ([67.66%] 3632267264/5368709120 bytes copied)
[migrater] timestamp=1779269680.18, migrating=True, epoch=3, total_epochs=3, configured=544176165 B/s, rate=545158174 B/s, pending=1677721600 bytes ([68.75%] 3690987520/5368709120 bytes copied)
[migrater] timestamp=1779269680.28, migrating=True, epoch=3, total_epochs=3, configured=545731804 B/s, rate=544417547 B/s, pending=1619001344 bytes ([69.84%] 3749707776/5368709120 bytes copied)
[migrater] timestamp=1779269680.39, migrating=True, epoch=3, total_epochs=3, configured=546589524 B/s, rate=546221439 B/s, pending=1560281088 bytes ([70.94%] 3808428032/5368709120 bytes copied)
[migrater] timestamp=1779269680.50, migrating=True, epoch=3, total_epochs=3, configured=545832689 B/s, rate=546406908 B/s, pending=1501560832 bytes ([72.03%] 3867148288/5368709120 bytes copied)
[migrater] timestamp=1779269680.61, migrating=True, epoch=3, total_epochs=3, configured=547164648 B/s, rate=546264325 B/s, pending=1442840576 bytes ([73.12%] 3925868544/5368709120 bytes copied)
[migrater] timestamp=1779269680.71, migrating=True, epoch=3, total_epochs=3, configured=548596439 B/s, rate=547857802 B/s, pending=1384120320 bytes ([74.22%] 3984588800/5368709120 bytes copied)
[migrater] timestamp=1779269680.82, migrating=True, epoch=3, total_epochs=3, configured=550142168 B/s, rate=549630984 B/s, pending=1325400064 bytes ([75.31%] 4043309056/5368709120 bytes copied)
[migrater] timestamp=1779269680.93, migrating=True, epoch=3, total_epochs=3, configured=551818488 B/s, rate=551245846 B/s, pending=1266679808 bytes ([76.41%] 4102029312/5368709120 bytes copied)
[migrater] timestamp=1779269681.03, migrating=True, epoch=3, total_epochs=3, configured=553645413 B/s, rate=552690176 B/s, pending=1207959552 bytes ([77.50%] 4160749568/5368709120 bytes copied)
[migrater] timestamp=1779269681.14, migrating=True, epoch=3, total_epochs=3, configured=555647056 B/s, rate=555331092 B/s, pending=1149239296 bytes ([78.59%] 4219469824/5368709120 bytes copied)
[migrater] timestamp=1779269681.24, migrating=True, epoch=3, total_epochs=3, configured=557852815 B/s, rate=557179817 B/s, pending=1090519040 bytes ([79.69%] 4278190080/5368709120 bytes copied)
[migrater] timestamp=1779269681.35, migrating=True, epoch=3, total_epochs=3, configured=560298950 B/s, rate=560245159 B/s, pending=1031798784 bytes ([80.78%] 4336910336/5368709120 bytes copied)
[migrater] timestamp=1779269681.45, migrating=True, epoch=3, total_epochs=3, configured=0 B/s, rate=0 B/s, pending=1031798784 bytes
[migrater] timestamp=1779269681.45, migrating=True, epoch=3, total_epochs=3, configured=563030595 B/s, rate=562300778 B/s, pending=973078528 bytes ([81.88%] 4395630592/5368709120 bytes copied)
[migrater] timestamp=1779269681.56, migrating=True, epoch=3, total_epochs=3, configured=579360002 B/s, rate=573493849 B/s, pending=914358272 bytes ([82.97%] 4454350848/5368709120 bytes copied)
[migrater] timestamp=1779269681.66, migrating=True, epoch=3, total_epochs=3, configured=583883012 B/s, rate=579211143 B/s, pending=855638016 bytes ([84.06%] 4513071104/5368709120 bytes copied)
[migrater] timestamp=1779269681.76, migrating=True, epoch=3, total_epochs=3, configured=589092126 B/s, rate=583992877 B/s, pending=796917760 bytes ([85.16%] 4571791360/5368709120 bytes copied)
[migrater] timestamp=1779269681.86, migrating=True, epoch=3, total_epochs=3, configured=582915817 B/s, rate=645601904 B/s, pending=729808896 bytes ([86.41%] 4638900224/5368709120 bytes copied)
[migrater] timestamp=1779269681.96, migrating=True, epoch=3, total_epochs=3, configured=587097971 B/s, rate=582874125 B/s, pending=671088640 bytes ([87.50%] 4697620480/5368709120 bytes copied)
[migrater] timestamp=1779269682.07, migrating=True, epoch=3, total_epochs=3, configured=592911145 B/s, rate=533769524 B/s, pending=612368384 bytes ([88.59%] 4756340736/5368709120 bytes copied)
[migrater] timestamp=1779269682.17, migrating=True, epoch=3, total_epochs=3, configured=601238407 B/s, rate=653112706 B/s, pending=545259520 bytes ([89.84%] 4823449600/5368709120 bytes copied)
[migrater] timestamp=1779269682.29, migrating=True, epoch=3, total_epochs=3, configured=608025501 B/s, rate=603084105 B/s, pending=478150656 bytes ([91.09%] 4890558464/5368709120 bytes copied)
[migrater] timestamp=1779269682.40, migrating=True, epoch=3, total_epochs=3, configured=606760916 B/s, rate=607466317 B/s, pending=411041792 bytes ([92.34%] 4957667328/5368709120 bytes copied)
[migrater] timestamp=1779269682.51, migrating=True, epoch=3, total_epochs=3, configured=605059924 B/s, rate=605983013 B/s, pending=343932928 bytes ([93.59%] 5024776192/5368709120 bytes copied)
[migrater] timestamp=1779269682.61, migrating=True, epoch=3, total_epochs=3, configured=709833690 B/s, rate=653284240 B/s, pending=276824064 bytes ([94.84%] 5091885056/5368709120 bytes copied)
[migrater] timestamp=1779269682.72, migrating=True, epoch=3, total_epochs=3, configured=700325480 B/s, rate=704674465 B/s, pending=201326592 bytes ([96.25%] 5167382528/5368709120 bytes copied)
[migrater] timestamp=1779269682.83, migrating=True, epoch=3, total_epochs=3, configured=818271237 B/s, rate=774632223 B/s, pending=117440512 bytes ([97.81%] 5251268608/5368709120 bytes copied)
[migrater] timestamp=1779269682.93, migrating=True, epoch=3, total_epochs=3, configured=802350442 B/s, rate=807796291 B/s, pending=33554432 bytes ([99.38%] 5335154688/5368709120 bytes copied)
[migrater] timestamp=1779269683.00, migrating=False, epoch=3, total_epochs=3, configured=1134508413 B/s, rate=0 B/s, pending=0 bytes ([100.00%] 5368709120/5368709120 bytes copied)
[migrater] timestamp=1779269683.16, migrating=False, epoch=3, total_epochs=3, configured=0 B/s, rate=0 B/s, pending=0 bytes
[migrater] timestamp=1779269683.26, migrating=False, epoch=3, total_epochs=3, configured=0 B/s, rate=0 B/s, pending=0 bytes
[migrater] timestamp=1779269683.36, migrating=False, epoch=3, total_epochs=3, configured=0 B/s, rate=0 B/s, pending=0 bytes
[migrater] timestamp=1779269683.46, migrating=False, epoch=3, total_epochs=3, configured=0 B/s, rate=0 B/s, pending=0 bytes
[migrater] timestamp=1779269683.56, migrating=False, epoch=3, total_epochs=3, configured=0 B/s, rate=0 B/s, pending=0 bytes
[migrater] timestamp=1779269683.66, migrating=False, epoch=3, total_epochs=3, configured=0 B/s, rate=0 B/s, pending=0 bytes
[migrater] timestamp=1779269683.76, migrating=False, epoch=3, total_epochs=3, configured=0 B/s, rate=0 B/s, pending=0 bytes
[migrater] timestamp=1779269683.86, migrating=False, epoch=3, total_epochs=3, configured=0 B/s, rate=0 B/s, pending=0 bytes
[migrater] timestamp=1779269683.96, migrating=False, epoch=3, total_epochs=3, configured=0 B/s, rate=0 B/s, pending=0 bytes
[migrater] timestamp=1779269684.06, migrating=False, epoch=3, total_epochs=3, configured=0 B/s, rate=0 B/s, pending=0 bytes
[migrater] timestamp=1779269684.16, migrating=False, epoch=3, total_epochs=3, configured=0 B/s, rate=0 B/s, pending=0 bytes
[migrater] timestamp=1779269684.26, migrating=False, epoch=3, total_epochs=3, configured=0 B/s, rate=0 B/s, pending=0 bytes
[migrater] timestamp=1779269684.37, migrating=False, epoch=3, total_epochs=3, configured=0 B/s, rate=0 B/s, pending=0 bytes
[migrater] timestamp=1779269684.47, migrating=False, epoch=3, total_epochs=3, configured=0 B/s, rate=0 B/s, pending=0 bytes
[migrater] timestamp=1779269684.57, migrating=False, epoch=3, total_epochs=3, configured=0 B/s, rate=0 B/s, pending=0 bytes
[migrater] timestamp=1779269684.67, migrating=False, epoch=3, total_epochs=3, configured=0 B/s, rate=0 B/s, pending=0 bytes
[migrater] timestamp=1779269684.77, migrating=False, epoch=3, total_epochs=3, configured=0 B/s, rate=0 B/s, pending=0 bytes
[migrater] timestamp=1779269684.87, migrating=False, epoch=3, total_epochs=3, configured=0 B/s, rate=0 B/s, pending=0 bytes
[migrater] timestamp=1779269684.97, migrating=False, epoch=3, total_epochs=3, configured=0 B/s, rate=0 B/s, pending=0 bytes
