[migrater] timestamp=1779269570.71, migrating=False, epoch=0, total_epochs=0, configured=0 B/s, rate=0 B/s, pending=0 bytesMigrater running on 50051

[migrater] timestamp=1779269570.86, migrating=False, epoch=0, total_epochs=0, configured=0 B/s, rate=0 B/s, pending=0 bytes
[migrater] timestamp=1779269570.96, migrating=False, epoch=0, total_epochs=0, configured=0 B/s, rate=0 B/s, pending=0 bytes
[migrater] timestamp=1779269571.06, migrating=False, epoch=0, total_epochs=0, configured=0 B/s, rate=0 B/s, pending=0 bytes
[migrater] timestamp=1779269571.16, migrating=False, epoch=0, total_epochs=0, configured=0 B/s, rate=0 B/s, pending=0 bytes
[migrater] timestamp=1779269571.26, migrating=False, epoch=0, total_epochs=0, configured=0 B/s, rate=0 B/s, pending=0 bytes
[migrater] timestamp=1779269571.36, migrating=False, epoch=0, total_epochs=0, configured=0 B/s, rate=0 B/s, pending=0 bytes
[migrater] timestamp=1779269571.46, migrating=False, epoch=0, total_epochs=0, configured=0 B/s, rate=0 B/s, pending=0 bytes
[migrater] timestamp=1779269571.56, migrating=False, epoch=0, total_epochs=0, configured=0 B/s, rate=0 B/s, pending=0 bytes
[migrater] timestamp=1779269571.66, migrating=False, epoch=0, total_epochs=0, configured=0 B/s, rate=0 B/s, pending=0 bytes
[migrater] timestamp=1779269571.76, migrating=False, epoch=0, total_epochs=0, configured=0 B/s, rate=0 B/s, pending=0 bytes
[migrater] timestamp=1779269571.86, migrating=False, epoch=0, total_epochs=0, configured=0 B/s, rate=0 B/s, pending=0 bytes
[migrater] timestamp=1779269571.96, migrating=False, epoch=0, total_epochs=0, configured=0 B/s, rate=0 B/s, pending=0 bytes
[migrater] timestamp=1779269572.06, migrating=False, epoch=0, total_epochs=0, configured=0 B/s, rate=0 B/s, pending=0 bytes
[migrater] timestamp=1779269572.17, migrating=False, epoch=0, total_epochs=0, configured=0 B/s, rate=0 B/s, pending=0 bytes
[migrater] timestamp=1779269572.27, migrating=False, epoch=0, total_epochs=0, configured=0 B/s, rate=0 B/s, pending=0 bytes
[migrater] timestamp=1779269572.37, migrating=False, epoch=0, total_epochs=0, configured=0 B/s, rate=0 B/s, pending=0 bytes
[migrater] timestamp=1779269572.47, migrating=False, epoch=0, total_epochs=0, configured=0 B/s, rate=0 B/s, pending=0 bytes
[migrater] timestamp=1779269572.57, migrating=False, epoch=0, total_epochs=0, configured=0 B/s, rate=0 B/s, pending=0 bytes
[migrater] timestamp=1779269572.67, migrating=False, epoch=0, total_epochs=0, configured=0 B/s, rate=0 B/s, pending=0 bytes
[migrater] timestamp=1779269572.77, migrating=False, epoch=0, total_epochs=0, configured=0 B/s, rate=0 B/s, pending=0 bytes
[migrater] timestamp=1779269572.87, migrating=False, epoch=0, total_epochs=0, configured=0 B/s, rate=0 B/s, pending=0 bytes
[migrater] timestamp=1779269572.97, migrating=False, epoch=0, total_epochs=0, configured=0 B/s, rate=0 B/s, pending=0 bytes
[migrater] timestamp=1779269573.07, migrating=False, epoch=0, total_epochs=0, configured=0 B/s, rate=0 B/s, pending=0 bytes
[migrater] timestamp=1779269573.17, migrating=False, epoch=0, total_epochs=0, configured=0 B/s, rate=0 B/s, pending=0 bytes
[migrater] timestamp=1779269573.27, migrating=False, epoch=0, total_epochs=0, configured=0 B/s, rate=0 B/s, pending=0 bytes
[migrater] timestamp=1779269573.37, migrating=False, epoch=0, total_epochs=0, configured=0 B/s, rate=0 B/s, pending=0 bytes
[migrater] timestamp=1779269573.47, migrating=False, epoch=0, total_epochs=0, configured=0 B/s, rate=0 B/s, pending=0 bytes
[migrater] timestamp=1779269573.57, migrating=False, epoch=0, total_epochs=0, configured=0 B/s, rate=0 B/s, pending=0 bytes
[migrater] timestamp=1779269573.67, migrating=False, epoch=0, total_epochs=0, configured=0 B/s, rate=0 B/s, pending=0 bytes
[migrater] timestamp=1779269573.77, migrating=False, epoch=0, total_epochs=0, configured=0 B/s, rate=0 B/s, pending=0 bytes
[migrater] timestamp=1779269573.87, migrating=False, epoch=0, total_epochs=0, configured=0 B/s, rate=0 B/s, pending=0 bytes
[migrater] timestamp=1779269573.97, migrating=False, epoch=0, total_epochs=0, configured=0 B/s, rate=0 B/s, pending=0 bytes
[migrater] timestamp=1779269574.07, migrating=False, epoch=0, total_epochs=0, configured=0 B/s, rate=0 B/s, pending=0 bytes
[migrater] timestamp=1779269574.17, migrating=False, epoch=0, total_epochs=0, configured=0 B/s, rate=0 B/s, pending=0 bytes
[migrater] timestamp=1779269574.27, migrating=False, epoch=0, total_epochs=0, configured=0 B/s, rate=0 B/s, pending=0 bytes
[migrater] timestamp=1779269574.38, migrating=False, epoch=0, total_epochs=0, configured=0 B/s, rate=0 B/s, pending=0 bytes
[migrater] timestamp=1779269574.48, migrating=False, epoch=0, total_epochs=0, configured=0 B/s, rate=0 B/s, pending=0 bytes
[migrater] timestamp=1779269574.58, migrating=False, epoch=0, total_epochs=0, configured=0 B/s, rate=0 B/s, pending=0 bytes
[migrater] timestamp=1779269574.68, migrating=False, epoch=0, total_epochs=0, configured=0 B/s, rate=0 B/s, pending=0 bytes
[migrater] timestamp=1779269574.78, migrating=False, epoch=0, total_epochs=0, configured=0 B/s, rate=0 B/s, pending=0 bytes
[migrater] timestamp=1779269574.88, migrating=False, epoch=0, total_epochs=0, configured=0 B/s, rate=0 B/s, pending=0 bytes
[migrater] timestamp=1779269574.98, migrating=False, epoch=0, total_epochs=0, configured=0 B/s, rate=0 B/s, pending=0 bytes
[migrater] timestamp=1779269575.08, migrating=False, epoch=0, total_epochs=0, configured=0 B/s, rate=0 B/s, pending=0 bytes
[migrater] timestamp=1779269575.18, migrating=False, epoch=0, total_epochs=0, configured=0 B/s, rate=0 B/s, pending=0 bytes
[migrater] timestamp=1779269575.28, migrating=False, epoch=0, total_epochs=0, configured=0 B/s, rate=0 B/s, pending=0 bytes
[migrater] timestamp=1779269575.38, migrating=False, epoch=0, total_epochs=0, configured=0 B/s, rate=0 B/s, pending=0 bytes
[migrater] timestamp=1779269575.48, migrating=False, epoch=0, total_epochs=0, configured=0 B/s, rate=0 B/s, pending=0 bytes
[migrater] timestamp=1779269575.58, migrating=False, epoch=0, total_epochs=0, configured=0 B/s, rate=0 B/s, pending=0 bytes
[migrater] timestamp=1779269575.68, migrating=False, epoch=0, total_epochs=0, configured=0 B/s, rate=0 B/s, pending=0 bytes
[migrater] timestamp=1779269575.78, migrating=False, epoch=0, total_epochs=0, configured=0 B/s, rate=0 B/s, pending=0 bytes
[migrater] timestamp=1779269575.88, migrating=False, epoch=0, total_epochs=0, configured=0 B/s, rate=0 B/s, pending=0 bytes
[migrater] timestamp=1779269575.98, migrating=False, epoch=0, total_epochs=0, configured=0 B/s, rate=0 B/s, pending=0 bytes
[migrater] timestamp=1779269576.08, migrating=False, epoch=0, total_epochs=0, configured=0 B/s, rate=0 B/s, pending=0 bytes
[migrater] timestamp=1779269576.18, migrating=False, epoch=0, total_epochs=0, configured=0 B/s, rate=0 B/s, pending=0 bytes
[migrater] timestamp=1779269576.28, migrating=False, epoch=0, total_epochs=0, configured=0 B/s, rate=0 B/s, pending=0 bytes
[migrater] timestamp=1779269576.39, migrating=False, epoch=0, total_epochs=0, configured=0 B/s, rate=0 B/s, pending=0 bytes
[migrater] timestamp=1779269576.49, migrating=False, epoch=0, total_epochs=0, configured=0 B/s, rate=0 B/s, pending=0 bytes
[migrater] timestamp=1779269576.59, migrating=False, epoch=0, total_epochs=0, configured=0 B/s, rate=0 B/s, pending=0 bytes
[migrater] timestamp=1779269576.69, migrating=False, epoch=0, total_epochs=0, configured=0 B/s, rate=0 B/s, pending=0 bytes
[migrater] timestamp=1779269576.79, migrating=False, epoch=0, total_epochs=0, configured=0 B/s, rate=0 B/s, pending=0 bytes
[migrater] timestamp=1779269576.89, migrating=False, epoch=0, total_epochs=0, configured=0 B/s, rate=0 B/s, pending=0 bytes
[migrater] timestamp=1779269576.99, migrating=False, epoch=0, total_epochs=0, configured=0 B/s, rate=0 B/s, pending=0 bytes
[migrater] timestamp=1779269577.09, migrating=False, epoch=0, total_epochs=0, configured=0 B/s, rate=0 B/s, pending=0 bytes
[migrater] timestamp=1779269577.19, migrating=False, epoch=0, total_epochs=0, configured=0 B/s, rate=0 B/s, pending=0 bytes
[migrater] timestamp=1779269577.29, migrating=False, epoch=0, total_epochs=0, configured=0 B/s, rate=0 B/s, pending=0 bytes
[migrater] timestamp=1779269577.39, migrating=False, epoch=0, total_epochs=0, configured=0 B/s, rate=0 B/s, pending=0 bytes
[migrater] timestamp=1779269577.49, migrating=False, epoch=0, total_epochs=0, configured=0 B/s, rate=0 B/s, pending=0 bytes
[migrater] timestamp=1779269577.59, migrating=False, epoch=0, total_epochs=0, configured=0 B/s, rate=0 B/s, pending=0 bytes
[migrater] timestamp=1779269577.69, migrating=False, epoch=0, total_epochs=0, configured=0 B/s, rate=0 B/s, pending=0 bytes
[migrater] timestamp=1779269577.79, migrating=False, epoch=0, total_epochs=0, configured=0 B/s, rate=0 B/s, pending=0 bytes
[migrater] timestamp=1779269577.89, migrating=False, epoch=0, total_epochs=0, configured=0 B/s, rate=0 B/s, pending=0 bytes
[migrater] timestamp=1779269577.99, migrating=False, epoch=0, total_epochs=0, configured=0 B/s, rate=0 B/s, pending=0 bytes
[migrater] timestamp=1779269578.09, migrating=False, epoch=0, total_epochs=0, configured=0 B/s, rate=0 B/s, pending=0 bytes
[migrater] timestamp=1779269578.19, migrating=False, epoch=0, total_epochs=0, configured=0 B/s, rate=0 B/s, pending=0 bytes
[migrater] timestamp=1779269578.29, migrating=False, epoch=0, total_epochs=0, configured=0 B/s, rate=0 B/s, pending=0 bytes
[migrater] timestamp=1779269578.39, migrating=False, epoch=0, total_epochs=0, configured=0 B/s, rate=0 B/s, pending=0 bytes
[migrater] timestamp=1779269578.49, migrating=False, epoch=0, total_epochs=0, configured=0 B/s, rate=0 B/s, pending=0 bytes
[migrater] timestamp=1779269578.59, migrating=False, epoch=0, total_epochs=0, configured=0 B/s, rate=0 B/s, pending=0 bytes
[migrater] timestamp=1779269578.69, migrating=False, epoch=0, total_epochs=0, configured=0 B/s, rate=0 B/s, pending=0 bytes
[migrater] timestamp=1779269578.79, migrating=False, epoch=0, total_epochs=0, configured=0 B/s, rate=0 B/s, pending=0 bytes
[migrater] timestamp=1779269578.90, migrating=False, epoch=1, total_epochs=3, configured=0 B/s, rate=0 B/s, pending=5368709120 bytes
[migrater] timestamp=1779269579.00, migrating=True, epoch=1, total_epochs=3, configured=0 B/s, rate=0 B/s, pending=5368709120 bytes
[migrater] timestamp=1779269579.01, migrating=True, epoch=1, total_epochs=3, configured=403722493 B/s, rate=244177546 B/s, pending=5343543296 bytes ([0.47%] 25165824/5368709120 bytes copied)
[migrater] timestamp=1779269579.11, migrating=True, epoch=1, total_epochs=3, configured=440078535 B/s, rate=405060823 B/s, pending=5301600256 bytes ([1.25%] 67108864/5368709120 bytes copied)
[migrater] timestamp=1779269579.22, migrating=True, epoch=1, total_epochs=3, configured=456872056 B/s, rate=483810522 B/s, pending=5251268608 bytes ([2.19%] 117440512/5368709120 bytes copied)
[migrater] timestamp=1779269579.32, migrating=True, epoch=1, total_epochs=3, configured=466663913 B/s, rate=411662408 B/s, pending=5209325568 bytes ([2.97%] 159383552/5368709120 bytes copied)
[migrater] timestamp=1779269579.43, migrating=True, epoch=1, total_epochs=3, configured=473384537 B/s, rate=467517770 B/s, pending=5158993920 bytes ([3.91%] 209715200/5368709120 bytes copied)
[migrater] timestamp=1779269579.53, migrating=True, epoch=1, total_epochs=3, configured=478081538 B/s, rate=474223410 B/s, pending=5108662272 bytes ([4.84%] 260046848/5368709120 bytes copied)
[migrater] timestamp=1779269579.64, migrating=True, epoch=1, total_epochs=3, configured=481542831 B/s, rate=478616144 B/s, pending=5058330624 bytes ([5.78%] 310378496/5368709120 bytes copied)
[migrater] timestamp=1779269579.74, migrating=True, epoch=1, total_epochs=3, configured=484255719 B/s, rate=482052582 B/s, pending=5007998976 bytes ([6.72%] 360710144/5368709120 bytes copied)
[migrater] timestamp=1779269579.85, migrating=True, epoch=1, total_epochs=3, configured=486449987 B/s, rate=484776709 B/s, pending=4957667328 bytes ([7.66%] 411041792/5368709120 bytes copied)
[migrater] timestamp=1779269579.95, migrating=True, epoch=1, total_epochs=3, configured=488270399 B/s, rate=487149828 B/s, pending=4907335680 bytes ([8.59%] 461373440/5368709120 bytes copied)
[migrater] timestamp=1779269580.05, migrating=True, epoch=1, total_epochs=3, configured=489812210 B/s, rate=488732136 B/s, pending=4857004032 bytes ([9.53%] 511705088/5368709120 bytes copied)
[migrater] timestamp=1779269580.16, migrating=True, epoch=1, total_epochs=3, configured=491142438 B/s, rate=489941108 B/s, pending=4806672384 bytes ([10.47%] 562036736/5368709120 bytes copied)
[migrater] timestamp=1779269580.26, migrating=True, epoch=1, total_epochs=3, configured=492306529 B/s, rate=491792868 B/s, pending=4756340736 bytes ([11.41%] 612368384/5368709120 bytes copied)
[migrater] timestamp=1779269580.36, migrating=True, epoch=1, total_epochs=3, configured=493339325 B/s, rate=492666735 B/s, pending=4706009088 bytes ([12.34%] 662700032/5368709120 bytes copied)
[migrater] timestamp=1779269580.46, migrating=True, epoch=1, total_epochs=3, configured=493482104 B/s, rate=493380377 B/s, pending=4655677440 bytes ([13.28%] 713031680/5368709120 bytes copied)
[migrater] timestamp=1779269580.56, migrating=True, epoch=1, total_epochs=3, configured=494200348 B/s, rate=494051430 B/s, pending=4605345792 bytes ([14.22%] 763363328/5368709120 bytes copied)
[migrater] timestamp=1779269580.67, migrating=True, epoch=1, total_epochs=3, configured=494960087 B/s, rate=494262330 B/s, pending=4555014144 bytes ([15.16%] 813694976/5368709120 bytes copied)
[migrater] timestamp=1779269580.77, migrating=True, epoch=1, total_epochs=3, configured=495544567 B/s, rate=495165706 B/s, pending=4504682496 bytes ([16.09%] 864026624/5368709120 bytes copied)
[migrater] timestamp=1779269580.87, migrating=True, epoch=1, total_epochs=3, configured=496194443 B/s, rate=495982002 B/s, pending=4454350848 bytes ([17.03%] 914358272/5368709120 bytes copied)
[migrater] timestamp=1779269580.97, migrating=True, epoch=1, total_epochs=3, configured=496683944 B/s, rate=496458658 B/s, pending=4404019200 bytes ([17.97%] 964689920/5368709120 bytes copied)
[migrater] timestamp=1779269581.07, migrating=True, epoch=1, total_epochs=3, configured=497255512 B/s, rate=496950603 B/s, pending=4353687552 bytes ([18.91%] 1015021568/5368709120 bytes copied)
[migrater] timestamp=1779269581.17, migrating=True, epoch=1, total_epochs=3, configured=497675892 B/s, rate=497353623 B/s, pending=4303355904 bytes ([19.84%] 1065353216/5368709120 bytes copied)
[migrater] timestamp=1779269581.27, migrating=True, epoch=1, total_epochs=3, configured=498190653 B/s, rate=498069044 B/s, pending=4253024256 bytes ([20.78%] 1115684864/5368709120 bytes copied)
[migrater] timestamp=1779269581.38, migrating=True, epoch=1, total_epochs=3, configured=498558877 B/s, rate=498140615 B/s, pending=4202692608 bytes ([21.72%] 1166016512/5368709120 bytes copied)
[migrater] timestamp=1779269581.48, migrating=True, epoch=1, total_epochs=3, configured=498905778 B/s, rate=498511996 B/s, pending=4152360960 bytes ([22.66%] 1216348160/5368709120 bytes copied)
[migrater] timestamp=1779269581.58, migrating=True, epoch=1, total_epochs=3, configured=499233471 B/s, rate=499257145 B/s, pending=4102029312 bytes ([23.59%] 1266679808/5368709120 bytes copied)
[migrater] timestamp=1779269581.68, migrating=True, epoch=1, total_epochs=3, configured=499544419 B/s, rate=499359035 B/s, pending=4051697664 bytes ([24.53%] 1317011456/5368709120 bytes copied)
[migrater] timestamp=1779269581.78, migrating=True, epoch=1, total_epochs=3, configured=499840703 B/s, rate=499745379 B/s, pending=4001366016 bytes ([25.47%] 1367343104/5368709120 bytes copied)
[migrater] timestamp=1779269581.88, migrating=True, epoch=1, total_epochs=3, configured=500124154 B/s, rate=499995440 B/s, pending=3951034368 bytes ([26.41%] 1417674752/5368709120 bytes copied)
[migrater] timestamp=1779269581.98, migrating=True, epoch=1, total_epochs=3, configured=500396031 B/s, rate=500269866 B/s, pending=3900702720 bytes ([27.34%] 1468006400/5368709120 bytes copied)
[migrater] timestamp=1779269582.08, migrating=True, epoch=1, total_epochs=3, configured=500657749 B/s, rate=500009994 B/s, pending=3850371072 bytes ([28.28%] 1518338048/5368709120 bytes copied)
[migrater] timestamp=1779269582.18, migrating=True, epoch=1, total_epochs=3, configured=500910625 B/s, rate=500904515 B/s, pending=3800039424 bytes ([29.22%] 1568669696/5368709120 bytes copied)
[migrater] timestamp=1779269582.28, migrating=True, epoch=1, total_epochs=3, configured=501155709 B/s, rate=501104140 B/s, pending=3749707776 bytes ([30.16%] 1619001344/5368709120 bytes copied)
[migrater] timestamp=1779269582.38, migrating=True, epoch=1, total_epochs=3, configured=501393870 B/s, rate=501269686 B/s, pending=3699376128 bytes ([31.09%] 1669332992/5368709120 bytes copied)
[migrater] timestamp=1779269582.48, migrating=True, epoch=1, total_epochs=3, configured=501626244 B/s, rate=501314316 B/s, pending=3649044480 bytes ([32.03%] 1719664640/5368709120 bytes copied)
[migrater] timestamp=1779269582.58, migrating=True, epoch=1, total_epochs=3, configured=501853156 B/s, rate=501873338 B/s, pending=3598712832 bytes ([32.97%] 1769996288/5368709120 bytes copied)
[migrater] timestamp=1779269582.68, migrating=True, epoch=1, total_epochs=3, configured=502075573 B/s, rate=501941051 B/s, pending=3548381184 bytes ([33.91%] 1820327936/5368709120 bytes copied)
[migrater] timestamp=1779269582.78, migrating=True, epoch=1, total_epochs=3, configured=502294136 B/s, rate=502243682 B/s, pending=3498049536 bytes ([34.84%] 1870659584/5368709120 bytes copied)
[migrater] timestamp=1779269582.88, migrating=True, epoch=1, total_epochs=3, configured=502509499 B/s, rate=502503876 B/s, pending=3447717888 bytes ([35.78%] 1920991232/5368709120 bytes copied)
[migrater] timestamp=1779269582.98, migrating=True, epoch=1, total_epochs=3, configured=502722165 B/s, rate=502562581 B/s, pending=3397386240 bytes ([36.72%] 1971322880/5368709120 bytes copied)
[migrater] timestamp=1779269583.08, migrating=True, epoch=1, total_epochs=3, configured=502932837 B/s, rate=502852046 B/s, pending=3347054592 bytes ([37.66%] 2021654528/5368709120 bytes copied)
[migrater] timestamp=1779269583.18, migrating=True, epoch=1, total_epochs=3, configured=503141640 B/s, rate=502993759 B/s, pending=3296722944 bytes ([38.59%] 2071986176/5368709120 bytes copied)
[migrater] timestamp=1779269583.28, migrating=True, epoch=1, total_epochs=3, configured=503349435 B/s, rate=503262279 B/s, pending=3246391296 bytes ([39.53%] 2122317824/5368709120 bytes copied)
[migrater] timestamp=1779269583.39, migrating=True, epoch=1, total_epochs=3, configured=503556645 B/s, rate=551132533 B/s, pending=3187671040 bytes ([40.62%] 2181038080/5368709120 bytes copied)
[migrater] timestamp=1779269583.49, migrating=True, epoch=1, total_epochs=3, configured=503278136 B/s, rate=503270532 B/s, pending=3137339392 bytes ([41.56%] 2231369728/5368709120 bytes copied)
[migrater] timestamp=1779269583.60, migrating=True, epoch=1, total_epochs=3, configured=503477519 B/s, rate=457233469 B/s, pending=3087007744 bytes ([42.50%] 2281701376/5368709120 bytes copied)
[migrater] timestamp=1779269583.70, migrating=True, epoch=1, total_epochs=3, configured=502634826 B/s, rate=503040055 B/s, pending=3036676096 bytes ([43.44%] 2332033024/5368709120 bytes copied)
[migrater] timestamp=1779269583.80, migrating=True, epoch=1, total_epochs=3, configured=502817564 B/s, rate=502691182 B/s, pending=2986344448 bytes ([44.38%] 2382364672/5368709120 bytes copied)
[migrater] timestamp=1779269583.90, migrating=True, epoch=1, total_epochs=3, configured=503000892 B/s, rate=503032815 B/s, pending=2936012800 bytes ([45.31%] 2432696320/5368709120 bytes copied)
[migrater] timestamp=1779269584.00, migrating=True, epoch=1, total_epochs=3, configured=503185164 B/s, rate=503020101 B/s, pending=2885681152 bytes ([46.25%] 2483027968/5368709120 bytes copied)
[migrater] timestamp=1779269584.10, migrating=True, epoch=1, total_epochs=3, configured=503370806 B/s, rate=503316379 B/s, pending=2835349504 bytes ([47.19%] 2533359616/5368709120 bytes copied)
[migrater] timestamp=1779269584.21, migrating=True, epoch=1, total_epochs=3, configured=503558102 B/s, rate=551222767 B/s, pending=2776629248 bytes ([48.28%] 2592079872/5368709120 bytes copied)
[migrater] timestamp=1779269584.31, migrating=True, epoch=1, total_epochs=3, configured=503189426 B/s, rate=503276218 B/s, pending=2726297600 bytes ([49.22%] 2642411520/5368709120 bytes copied)
[migrater] timestamp=1779269584.41, migrating=True, epoch=1, total_epochs=3, configured=503371015 B/s, rate=503207485 B/s, pending=2675965952 bytes ([50.16%] 2692743168/5368709120 bytes copied)
[migrater] timestamp=1779269584.51, migrating=True, epoch=1, total_epochs=3, configured=502355190 B/s, rate=502687763 B/s, pending=2625634304 bytes ([51.09%] 2743074816/5368709120 bytes copied)
[migrater] timestamp=1779269584.61, migrating=True, epoch=1, total_epochs=3, configured=502518441 B/s, rate=502656186 B/s, pending=2575302656 bytes ([52.03%] 2793406464/5368709120 bytes copied)
[migrater] timestamp=1779269584.71, migrating=True, epoch=1, total_epochs=3, configured=502684004 B/s, rate=502579999 B/s, pending=2524971008 bytes ([52.97%] 2843738112/5368709120 bytes copied)
[migrater] timestamp=1779269584.81, migrating=True, epoch=1, total_epochs=3, configured=502852228 B/s, rate=502771320 B/s, pending=2474639360 bytes ([53.91%] 2894069760/5368709120 bytes copied)
[migrater] timestamp=1779269584.91, migrating=True, epoch=1, total_epochs=3, configured=503023492 B/s, rate=502761979 B/s, pending=2424307712 bytes ([54.84%] 2944401408/5368709120 bytes copied)
[migrater] timestamp=1779269585.01, migrating=True, epoch=1, total_epochs=3, configured=503198206 B/s, rate=503178961 B/s, pending=2373976064 bytes ([55.78%] 2994733056/5368709120 bytes copied)
[migrater] timestamp=1779269585.11, migrating=True, epoch=1, total_epochs=3, configured=503376697 B/s, rate=503119861 B/s, pending=2323644416 bytes ([56.72%] 3045064704/5368709120 bytes copied)
[migrater] timestamp=1779269585.22, migrating=True, epoch=1, total_epochs=3, configured=503559452 B/s, rate=457761935 B/s, pending=2273312768 bytes ([57.66%] 3095396352/5368709120 bytes copied)
[migrater] timestamp=1779269585.32, migrating=True, epoch=1, total_epochs=3, configured=503746947 B/s, rate=551575110 B/s, pending=2214592512 bytes ([58.75%] 3154116608/5368709120 bytes copied)
[migrater] timestamp=1779269585.42, migrating=True, epoch=1, total_epochs=3, configured=503239326 B/s, rate=503226302 B/s, pending=2164260864 bytes ([59.69%] 3204448256/5368709120 bytes copied)
[migrater] timestamp=1779269585.53, migrating=True, epoch=1, total_epochs=3, configured=0 B/s, rate=0 B/s, pending=2164260864 bytes
[migrater] timestamp=1779269585.53, migrating=True, epoch=1, total_epochs=3, configured=503421617 B/s, rate=457194967 B/s, pending=2113929216 bytes ([60.62%] 3254779904/5368709120 bytes copied)
[migrater] timestamp=1779269585.64, migrating=True, epoch=1, total_epochs=3, configured=507955193 B/s, rate=555780329 B/s, pending=2055208960 bytes ([61.72%] 3313500160/5368709120 bytes copied)
[migrater] timestamp=1779269585.75, migrating=True, epoch=1, total_epochs=3, configured=507812224 B/s, rate=461042920 B/s, pending=2004877312 bytes ([62.66%] 3363831808/5368709120 bytes copied)
[migrater] timestamp=1779269585.85, migrating=True, epoch=1, total_epochs=3, configured=508115779 B/s, rate=556247477 B/s, pending=1946157056 bytes ([63.75%] 3422552064/5368709120 bytes copied)
[migrater] timestamp=1779269585.96, migrating=True, epoch=1, total_epochs=3, configured=507640293 B/s, rate=461279883 B/s, pending=1895825408 bytes ([64.69%] 3472883712/5368709120 bytes copied)
[migrater] timestamp=1779269586.07, migrating=True, epoch=1, total_epochs=3, configured=507950344 B/s, rate=556472828 B/s, pending=1837105152 bytes ([65.78%] 3531603968/5368709120 bytes copied)
[migrater] timestamp=1779269586.18, migrating=True, epoch=1, total_epochs=3, configured=509217230 B/s, rate=461013908 B/s, pending=1786773504 bytes ([66.72%] 3581935616/5368709120 bytes copied)
[migrater] timestamp=1779269586.28, migrating=True, epoch=1, total_epochs=3, configured=509586568 B/s, rate=557773420 B/s, pending=1728053248 bytes ([67.81%] 3640655872/5368709120 bytes copied)
[migrater] timestamp=1779269586.39, migrating=True, epoch=1, total_epochs=3, configured=509084904 B/s, rate=462151517 B/s, pending=1677721600 bytes ([68.75%] 3690987520/5368709120 bytes copied)
[migrater] timestamp=1779269586.50, migrating=True, epoch=1, total_epochs=3, configured=509468157 B/s, rate=558185552 B/s, pending=1619001344 bytes ([69.84%] 3749707776/5368709120 bytes copied)
[migrater] timestamp=1779269586.61, migrating=True, epoch=1, total_epochs=3, configured=508922676 B/s, rate=461837666 B/s, pending=1568669696 bytes ([70.78%] 3800039424/5368709120 bytes copied)
[migrater] timestamp=1779269586.71, migrating=True, epoch=1, total_epochs=3, configured=509321277 B/s, rate=558298063 B/s, pending=1509949440 bytes ([71.88%] 3858759680/5368709120 bytes copied)
[migrater] timestamp=1779269586.82, migrating=True, epoch=1, total_epochs=3, configured=508725066 B/s, rate=462015127 B/s, pending=1459617792 bytes ([72.81%] 3909091328/5368709120 bytes copied)
[migrater] timestamp=1779269586.93, migrating=True, epoch=1, total_epochs=3, configured=509140496 B/s, rate=557749844 B/s, pending=1400897536 bytes ([73.91%] 3967811584/5368709120 bytes copied)
[migrater] timestamp=1779269587.04, migrating=True, epoch=1, total_epochs=3, configured=510832044 B/s, rate=462761394 B/s, pending=1350565888 bytes ([74.84%] 4018143232/5368709120 bytes copied)
[migrater] timestamp=1779269587.14, migrating=True, epoch=1, total_epochs=3, configured=511357631 B/s, rate=560579796 B/s, pending=1291845632 bytes ([75.94%] 4076863488/5368709120 bytes copied)
[migrater] timestamp=1779269587.24, migrating=True, epoch=1, total_epochs=3, configured=0 B/s, rate=0 B/s, pending=1291845632 bytes
[migrater] timestamp=1779269587.25, migrating=True, epoch=1, total_epochs=3, configured=510735169 B/s, rate=463212842 B/s, pending=1241513984 bytes ([76.88%] 4127195136/5368709120 bytes copied)
[migrater] timestamp=1779269587.35, migrating=True, epoch=1, total_epochs=3, configured=518545229 B/s, rate=567862465 B/s, pending=1182793728 bytes ([77.97%] 4185915392/5368709120 bytes copied)
[migrater] timestamp=1779269587.46, migrating=True, epoch=1, total_epochs=3, configured=519444403 B/s, rate=470254297 B/s, pending=1132462080 bytes ([78.91%] 4236247040/5368709120 bytes copied)
[migrater] timestamp=1779269587.56, migrating=True, epoch=1, total_epochs=3, configured=517144362 B/s, rate=567726586 B/s, pending=1073741824 bytes ([80.00%] 4294967296/5368709120 bytes copied)
[migrater] timestamp=1779269587.67, migrating=True, epoch=1, total_epochs=3, configured=516682190 B/s, rate=468491205 B/s, pending=1023410176 bytes ([80.94%] 4345298944/5368709120 bytes copied)
[migrater] timestamp=1779269587.77, migrating=True, epoch=1, total_epochs=3, configured=514369498 B/s, rate=566930919 B/s, pending=964689920 bytes ([82.03%] 4404019200/5368709120 bytes copied)
[migrater] timestamp=1779269587.88, migrating=True, epoch=1, total_epochs=3, configured=513686771 B/s, rate=466028388 B/s, pending=914358272 bytes ([82.97%] 4454350848/5368709120 bytes copied)
[migrater] timestamp=1779269587.99, migrating=True, epoch=1, total_epochs=3, configured=514599377 B/s, rate=563589594 B/s, pending=855638016 bytes ([84.06%] 4513071104/5368709120 bytes copied)
[migrater] timestamp=1779269588.09, migrating=True, epoch=1, total_epochs=3, configured=513837970 B/s, rate=466405438 B/s, pending=805306368 bytes ([85.00%] 4563402752/5368709120 bytes copied)
[migrater] timestamp=1779269588.20, migrating=True, epoch=1, total_epochs=3, configured=514877686 B/s, rate=564130340 B/s, pending=746586112 bytes ([86.09%] 4622123008/5368709120 bytes copied)
[migrater] timestamp=1779269588.31, migrating=True, epoch=1, total_epochs=3, configured=514018786 B/s, rate=466395977 B/s, pending=696254464 bytes ([87.03%] 4672454656/5368709120 bytes copied)
[migrater] timestamp=1779269588.41, migrating=True, epoch=1, total_epochs=3, configured=515228314 B/s, rate=564346607 B/s, pending=637534208 bytes ([88.12%] 4731174912/5368709120 bytes copied)
[migrater] timestamp=1779269588.52, migrating=True, epoch=1, total_epochs=3, configured=514245513 B/s, rate=466570170 B/s, pending=587202560 bytes ([89.06%] 4781506560/5368709120 bytes copied)
[migrater] timestamp=1779269588.62, migrating=True, epoch=1, total_epochs=3, configured=515692849 B/s, rate=565434284 B/s, pending=528482304 bytes ([90.16%] 4840226816/5368709120 bytes copied)
[migrater] timestamp=1779269588.73, migrating=True, epoch=1, total_epochs=3, configured=514547861 B/s, rate=466783060 B/s, pending=478150656 bytes ([91.09%] 4890558464/5368709120 bytes copied)
[migrater] timestamp=1779269588.83, migrating=True, epoch=1, total_epochs=3, configured=516351034 B/s, rate=565970826 B/s, pending=419430400 bytes ([92.19%] 4949278720/5368709120 bytes copied)
[migrater] timestamp=1779269588.94, migrating=True, epoch=1, total_epochs=3, configured=514986388 B/s, rate=466810902 B/s, pending=369098752 bytes ([93.12%] 4999610368/5368709120 bytes copied)
[migrater] timestamp=1779269589.04, migrating=True, epoch=1, total_epochs=3, configured=517377469 B/s, rate=564161770 B/s, pending=310378496 bytes ([94.22%] 5058330624/5368709120 bytes copied)
[migrater] timestamp=1779269589.15, migrating=True, epoch=1, total_epochs=3, configured=515707132 B/s, rate=467268635 B/s, pending=260046848 bytes ([95.16%] 5108662272/5368709120 bytes copied)
[migrater] timestamp=1779269589.25, migrating=True, epoch=1, total_epochs=3, configured=0 B/s, rate=0 B/s, pending=260046848 bytes
[migrater] timestamp=1779269589.25, migrating=True, epoch=1, total_epochs=3, configured=519242970 B/s, rate=572922719 B/s, pending=201326592 bytes ([96.25%] 5167382528/5368709120 bytes copied)
[migrater] timestamp=1779269589.35, migrating=True, epoch=1, total_epochs=3, configured=561805421 B/s, rate=503312353 B/s, pending=150994944 bytes ([97.19%] 5217714176/5368709120 bytes copied)
[migrater] timestamp=1779269589.46, migrating=True, epoch=1, total_epochs=3, configured=569601136 B/s, rate=568159501 B/s, pending=92274688 bytes ([98.28%] 5276434432/5368709120 bytes copied)
[migrater] timestamp=1779269589.64, migrating=False, epoch=1, total_epochs=3, configured=635783547 B/s, rate=0 B/s, pending=0 bytes ([100.00%] 5368709120/5368709120 bytes copied)
[migrater] timestamp=1779269589.76, migrating=False, epoch=1, total_epochs=3, configured=0 B/s, rate=0 B/s, pending=0 bytes
[migrater] timestamp=1779269589.86, migrating=False, epoch=1, total_epochs=3, configured=0 B/s, rate=0 B/s, pending=0 bytes
[migrater] timestamp=1779269589.96, migrating=False, epoch=1, total_epochs=3, configured=0 B/s, rate=0 B/s, pending=0 bytes
[migrater] timestamp=1779269590.06, migrating=False, epoch=1, total_epochs=3, configured=0 B/s, rate=0 B/s, pending=0 bytes
[migrater] timestamp=1779269590.16, migrating=False, epoch=1, total_epochs=3, configured=0 B/s, rate=0 B/s, pending=0 bytes
[migrater] timestamp=1779269590.26, migrating=False, epoch=1, total_epochs=3, configured=0 B/s, rate=0 B/s, pending=0 bytes
[migrater] timestamp=1779269590.36, migrating=False, epoch=1, total_epochs=3, configured=0 B/s, rate=0 B/s, pending=0 bytes
[migrater] timestamp=1779269590.46, migrating=False, epoch=1, total_epochs=3, configured=0 B/s, rate=0 B/s, pending=0 bytes
[migrater] timestamp=1779269590.56, migrating=False, epoch=1, total_epochs=3, configured=0 B/s, rate=0 B/s, pending=0 bytes
[migrater] timestamp=1779269590.66, migrating=False, epoch=1, total_epochs=3, configured=0 B/s, rate=0 B/s, pending=0 bytes
[migrater] timestamp=1779269590.76, migrating=False, epoch=1, total_epochs=3, configured=0 B/s, rate=0 B/s, pending=0 bytes
[migrater] timestamp=1779269590.86, migrating=False, epoch=1, total_epochs=3, configured=0 B/s, rate=0 B/s, pending=0 bytes
[migrater] timestamp=1779269590.96, migrating=False, epoch=1, total_epochs=3, configured=0 B/s, rate=0 B/s, pending=0 bytes
[migrater] timestamp=1779269591.06, migrating=False, epoch=1, total_epochs=3, configured=0 B/s, rate=0 B/s, pending=0 bytes
[migrater] timestamp=1779269591.16, migrating=False, epoch=1, total_epochs=3, configured=0 B/s, rate=0 B/s, pending=0 bytes
[migrater] timestamp=1779269591.26, migrating=False, epoch=1, total_epochs=3, configured=0 B/s, rate=0 B/s, pending=0 bytes
[migrater] timestamp=1779269591.36, migrating=False, epoch=1, total_epochs=3, configured=0 B/s, rate=0 B/s, pending=0 bytes
[migrater] timestamp=1779269591.46, migrating=False, epoch=1, total_epochs=3, configured=0 B/s, rate=0 B/s, pending=0 bytes
[migrater] timestamp=1779269591.56, migrating=False, epoch=1, total_epochs=3, configured=0 B/s, rate=0 B/s, pending=0 bytes
[migrater] timestamp=1779269591.66, migrating=False, epoch=1, total_epochs=3, configured=0 B/s, rate=0 B/s, pending=0 bytes
[migrater] timestamp=1779269591.76, migrating=False, epoch=1, total_epochs=3, configured=0 B/s, rate=0 B/s, pending=0 bytes
[migrater] timestamp=1779269591.87, migrating=False, epoch=1, total_epochs=3, configured=0 B/s, rate=0 B/s, pending=0 bytes
[migrater] timestamp=1779269591.97, migrating=False, epoch=1, total_epochs=3, configured=0 B/s, rate=0 B/s, pending=0 bytes
[migrater] timestamp=1779269592.07, migrating=False, epoch=1, total_epochs=3, configured=0 B/s, rate=0 B/s, pending=0 bytes
[migrater] timestamp=1779269592.17, migrating=False, epoch=1, total_epochs=3, configured=0 B/s, rate=0 B/s, pending=0 bytes
[migrater] timestamp=1779269592.27, migrating=False, epoch=1, total_epochs=3, configured=0 B/s, rate=0 B/s, pending=0 bytes
[migrater] timestamp=1779269592.37, migrating=False, epoch=1, total_epochs=3, configured=0 B/s, rate=0 B/s, pending=0 bytes
[migrater] timestamp=1779269592.47, migrating=False, epoch=1, total_epochs=3, configured=0 B/s, rate=0 B/s, pending=0 bytes
[migrater] timestamp=1779269592.57, migrating=False, epoch=1, total_epochs=3, configured=0 B/s, rate=0 B/s, pending=0 bytes
[migrater] timestamp=1779269592.67, migrating=False, epoch=1, total_epochs=3, configured=0 B/s, rate=0 B/s, pending=0 bytes
[migrater] timestamp=1779269592.77, migrating=False, epoch=1, total_epochs=3, configured=0 B/s, rate=0 B/s, pending=0 bytes
[migrater] timestamp=1779269592.87, migrating=False, epoch=1, total_epochs=3, configured=0 B/s, rate=0 B/s, pending=0 bytes
[migrater] timestamp=1779269592.97, migrating=False, epoch=1, total_epochs=3, configured=0 B/s, rate=0 B/s, pending=0 bytes
[migrater] timestamp=1779269593.07, migrating=False, epoch=1, total_epochs=3, configured=0 B/s, rate=0 B/s, pending=0 bytes
[migrater] timestamp=1779269593.17, migrating=False, epoch=1, total_epochs=3, configured=0 B/s, rate=0 B/s, pending=0 bytes
[migrater] timestamp=1779269593.27, migrating=False, epoch=1, total_epochs=3, configured=0 B/s, rate=0 B/s, pending=0 bytes
[migrater] timestamp=1779269593.37, migrating=False, epoch=1, total_epochs=3, configured=0 B/s, rate=0 B/s, pending=0 bytes
[migrater] timestamp=1779269593.47, migrating=False, epoch=1, total_epochs=3, configured=0 B/s, rate=0 B/s, pending=0 bytes
[migrater] timestamp=1779269593.57, migrating=False, epoch=1, total_epochs=3, configured=0 B/s, rate=0 B/s, pending=0 bytes
[migrater] timestamp=1779269593.67, migrating=False, epoch=1, total_epochs=3, configured=0 B/s, rate=0 B/s, pending=0 bytes
[migrater] timestamp=1779269593.77, migrating=False, epoch=1, total_epochs=3, configured=0 B/s, rate=0 B/s, pending=0 bytes
[migrater] timestamp=1779269593.87, migrating=False, epoch=1, total_epochs=3, configured=0 B/s, rate=0 B/s, pending=0 bytes
[migrater] timestamp=1779269593.97, migrating=False, epoch=1, total_epochs=3, configured=0 B/s, rate=0 B/s, pending=0 bytes
[migrater] timestamp=1779269594.07, migrating=False, epoch=1, total_epochs=3, configured=0 B/s, rate=0 B/s, pending=0 bytes
[migrater] timestamp=1779269594.17, migrating=False, epoch=1, total_epochs=3, configured=0 B/s, rate=0 B/s, pending=0 bytes
[migrater] timestamp=1779269594.27, migrating=False, epoch=1, total_epochs=3, configured=0 B/s, rate=0 B/s, pending=0 bytes
[migrater] timestamp=1779269594.37, migrating=False, epoch=1, total_epochs=3, configured=0 B/s, rate=0 B/s, pending=0 bytes
[migrater] timestamp=1779269594.48, migrating=False, epoch=1, total_epochs=3, configured=0 B/s, rate=0 B/s, pending=0 bytes
[migrater] timestamp=1779269594.58, migrating=False, epoch=1, total_epochs=3, configured=0 B/s, rate=0 B/s, pending=0 bytes
[migrater] timestamp=1779269594.68, migrating=False, epoch=1, total_epochs=3, configured=0 B/s, rate=0 B/s, pending=0 bytes
[migrater] timestamp=1779269594.78, migrating=False, epoch=1, total_epochs=3, configured=0 B/s, rate=0 B/s, pending=0 bytes
[migrater] timestamp=1779269594.88, migrating=False, epoch=1, total_epochs=3, configured=0 B/s, rate=0 B/s, pending=0 bytes
[migrater] timestamp=1779269594.98, migrating=False, epoch=1, total_epochs=3, configured=0 B/s, rate=0 B/s, pending=0 bytes
[migrater] timestamp=1779269595.08, migrating=False, epoch=1, total_epochs=3, configured=0 B/s, rate=0 B/s, pending=0 bytes
[migrater] timestamp=1779269595.18, migrating=False, epoch=1, total_epochs=3, configured=0 B/s, rate=0 B/s, pending=0 bytes
[migrater] timestamp=1779269595.28, migrating=False, epoch=1, total_epochs=3, configured=0 B/s, rate=0 B/s, pending=0 bytes
[migrater] timestamp=1779269595.38, migrating=False, epoch=1, total_epochs=3, configured=0 B/s, rate=0 B/s, pending=0 bytes
[migrater] timestamp=1779269595.48, migrating=False, epoch=1, total_epochs=3, configured=0 B/s, rate=0 B/s, pending=0 bytes
[migrater] timestamp=1779269595.58, migrating=False, epoch=1, total_epochs=3, configured=0 B/s, rate=0 B/s, pending=0 bytes
[migrater] timestamp=1779269595.68, migrating=False, epoch=1, total_epochs=3, configured=0 B/s, rate=0 B/s, pending=0 bytes
[migrater] timestamp=1779269595.78, migrating=False, epoch=1, total_epochs=3, configured=0 B/s, rate=0 B/s, pending=0 bytes
[migrater] timestamp=1779269595.88, migrating=False, epoch=1, total_epochs=3, configured=0 B/s, rate=0 B/s, pending=0 bytes
[migrater] timestamp=1779269595.98, migrating=False, epoch=1, total_epochs=3, configured=0 B/s, rate=0 B/s, pending=0 bytes
[migrater] timestamp=1779269596.08, migrating=False, epoch=1, total_epochs=3, configured=0 B/s, rate=0 B/s, pending=0 bytes
[migrater] timestamp=1779269596.18, migrating=False, epoch=1, total_epochs=3, configured=0 B/s, rate=0 B/s, pending=0 bytes
[migrater] timestamp=1779269596.28, migrating=False, epoch=1, total_epochs=3, configured=0 B/s, rate=0 B/s, pending=0 bytes
[migrater] timestamp=1779269596.38, migrating=False, epoch=1, total_epochs=3, configured=0 B/s, rate=0 B/s, pending=0 bytes
[migrater] timestamp=1779269596.48, migrating=False, epoch=1, total_epochs=3, configured=0 B/s, rate=0 B/s, pending=0 bytes
[migrater] timestamp=1779269596.58, migrating=False, epoch=1, total_epochs=3, configured=0 B/s, rate=0 B/s, pending=0 bytes
[migrater] timestamp=1779269596.68, migrating=False, epoch=1, total_epochs=3, configured=0 B/s, rate=0 B/s, pending=0 bytes
[migrater] timestamp=1779269596.78, migrating=False, epoch=1, total_epochs=3, configured=0 B/s, rate=0 B/s, pending=0 bytes
[migrater] timestamp=1779269596.89, migrating=False, epoch=1, total_epochs=3, configured=0 B/s, rate=0 B/s, pending=0 bytes
[migrater] timestamp=1779269596.99, migrating=False, epoch=1, total_epochs=3, configured=0 B/s, rate=0 B/s, pending=0 bytes
[migrater] timestamp=1779269597.09, migrating=False, epoch=1, total_epochs=3, configured=0 B/s, rate=0 B/s, pending=0 bytes
[migrater] timestamp=1779269597.19, migrating=False, epoch=1, total_epochs=3, configured=0 B/s, rate=0 B/s, pending=0 bytes
[migrater] timestamp=1779269597.29, migrating=False, epoch=1, total_epochs=3, configured=0 B/s, rate=0 B/s, pending=0 bytes
[migrater] timestamp=1779269597.39, migrating=False, epoch=1, total_epochs=3, configured=0 B/s, rate=0 B/s, pending=0 bytes
[migrater] timestamp=1779269597.49, migrating=False, epoch=1, total_epochs=3, configured=0 B/s, rate=0 B/s, pending=0 bytes
[migrater] timestamp=1779269597.59, migrating=False, epoch=1, total_epochs=3, configured=0 B/s, rate=0 B/s, pending=0 bytes
[migrater] timestamp=1779269597.69, migrating=False, epoch=1, total_epochs=3, configured=0 B/s, rate=0 B/s, pending=0 bytes
[migrater] timestamp=1779269597.79, migrating=False, epoch=1, total_epochs=3, configured=0 B/s, rate=0 B/s, pending=0 bytes
[migrater] timestamp=1779269597.89, migrating=False, epoch=1, total_epochs=3, configured=0 B/s, rate=0 B/s, pending=0 bytes
[migrater] timestamp=1779269597.99, migrating=False, epoch=1, total_epochs=3, configured=0 B/s, rate=0 B/s, pending=0 bytes
[migrater] timestamp=1779269598.09, migrating=False, epoch=1, total_epochs=3, configured=0 B/s, rate=0 B/s, pending=0 bytes
[migrater] timestamp=1779269598.19, migrating=False, epoch=1, total_epochs=3, configured=0 B/s, rate=0 B/s, pending=0 bytes
[migrater] timestamp=1779269598.29, migrating=False, epoch=1, total_epochs=3, configured=0 B/s, rate=0 B/s, pending=0 bytes
[migrater] timestamp=1779269598.39, migrating=False, epoch=1, total_epochs=3, configured=0 B/s, rate=0 B/s, pending=0 bytes
[migrater] timestamp=1779269598.49, migrating=False, epoch=1, total_epochs=3, configured=0 B/s, rate=0 B/s, pending=0 bytes
[migrater] timestamp=1779269598.59, migrating=False, epoch=1, total_epochs=3, configured=0 B/s, rate=0 B/s, pending=0 bytes
[migrater] timestamp=1779269598.69, migrating=False, epoch=1, total_epochs=3, configured=0 B/s, rate=0 B/s, pending=0 bytes
[migrater] timestamp=1779269598.79, migrating=False, epoch=1, total_epochs=3, configured=0 B/s, rate=0 B/s, pending=0 bytes
[migrater] timestamp=1779269598.89, migrating=False, epoch=1, total_epochs=3, configured=0 B/s, rate=0 B/s, pending=0 bytes
[migrater] timestamp=1779269598.99, migrating=False, epoch=1, total_epochs=3, configured=0 B/s, rate=0 B/s, pending=0 bytes
[migrater] timestamp=1779269599.09, migrating=False, epoch=1, total_epochs=3, configured=0 B/s, rate=0 B/s, pending=0 bytes
[migrater] timestamp=1779269599.19, migrating=False, epoch=1, total_epochs=3, configured=0 B/s, rate=0 B/s, pending=0 bytes
[migrater] timestamp=1779269599.29, migrating=False, epoch=1, total_epochs=3, configured=0 B/s, rate=0 B/s, pending=0 bytes
[migrater] timestamp=1779269599.39, migrating=False, epoch=1, total_epochs=3, configured=0 B/s, rate=0 B/s, pending=0 bytes
[migrater] timestamp=1779269599.50, migrating=False, epoch=1, total_epochs=3, configured=0 B/s, rate=0 B/s, pending=0 bytes
[migrater] timestamp=1779269599.60, migrating=False, epoch=1, total_epochs=3, configured=0 B/s, rate=0 B/s, pending=0 bytes
[migrater] timestamp=1779269599.70, migrating=False, epoch=1, total_epochs=3, configured=0 B/s, rate=0 B/s, pending=0 bytes
[migrater] timestamp=1779269599.80, migrating=False, epoch=1, total_epochs=3, configured=0 B/s, rate=0 B/s, pending=0 bytes
[migrater] timestamp=1779269599.90, migrating=False, epoch=1, total_epochs=3, configured=0 B/s, rate=0 B/s, pending=0 bytes
[migrater] timestamp=1779269600.00, migrating=False, epoch=1, total_epochs=3, configured=0 B/s, rate=0 B/s, pending=0 bytes
[migrater] timestamp=1779269600.10, migrating=False, epoch=1, total_epochs=3, configured=0 B/s, rate=0 B/s, pending=0 bytes
[migrater] timestamp=1779269600.20, migrating=False, epoch=1, total_epochs=3, configured=0 B/s, rate=0 B/s, pending=0 bytes
[migrater] timestamp=1779269600.30, migrating=False, epoch=1, total_epochs=3, configured=0 B/s, rate=0 B/s, pending=0 bytes
[migrater] timestamp=1779269600.40, migrating=False, epoch=1, total_epochs=3, configured=0 B/s, rate=0 B/s, pending=0 bytes
[migrater] timestamp=1779269600.50, migrating=False, epoch=1, total_epochs=3, configured=0 B/s, rate=0 B/s, pending=0 bytes
[migrater] timestamp=1779269600.60, migrating=False, epoch=1, total_epochs=3, configured=0 B/s, rate=0 B/s, pending=0 bytes
[migrater] timestamp=1779269600.70, migrating=False, epoch=1, total_epochs=3, configured=0 B/s, rate=0 B/s, pending=0 bytes
[migrater] timestamp=1779269600.80, migrating=False, epoch=1, total_epochs=3, configured=0 B/s, rate=0 B/s, pending=0 bytes
[migrater] timestamp=1779269600.90, migrating=False, epoch=1, total_epochs=3, configured=0 B/s, rate=0 B/s, pending=0 bytes
[migrater] timestamp=1779269601.00, migrating=False, epoch=1, total_epochs=3, configured=0 B/s, rate=0 B/s, pending=0 bytes
[migrater] timestamp=1779269601.10, migrating=False, epoch=1, total_epochs=3, configured=0 B/s, rate=0 B/s, pending=0 bytes
[migrater] timestamp=1779269601.20, migrating=False, epoch=1, total_epochs=3, configured=0 B/s, rate=0 B/s, pending=0 bytes
[migrater] timestamp=1779269601.30, migrating=False, epoch=1, total_epochs=3, configured=0 B/s, rate=0 B/s, pending=0 bytes
[migrater] timestamp=1779269601.40, migrating=False, epoch=1, total_epochs=3, configured=0 B/s, rate=0 B/s, pending=0 bytes
[migrater] timestamp=1779269601.50, migrating=False, epoch=1, total_epochs=3, configured=0 B/s, rate=0 B/s, pending=0 bytes
[migrater] timestamp=1779269601.60, migrating=False, epoch=1, total_epochs=3, configured=0 B/s, rate=0 B/s, pending=0 bytes
[migrater] timestamp=1779269601.70, migrating=False, epoch=1, total_epochs=3, configured=0 B/s, rate=0 B/s, pending=0 bytes
[migrater] timestamp=1779269601.80, migrating=False, epoch=1, total_epochs=3, configured=0 B/s, rate=0 B/s, pending=0 bytes
[migrater] timestamp=1779269601.90, migrating=False, epoch=1, total_epochs=3, configured=0 B/s, rate=0 B/s, pending=0 bytes
[migrater] timestamp=1779269602.00, migrating=False, epoch=1, total_epochs=3, configured=0 B/s, rate=0 B/s, pending=0 bytes
[migrater] timestamp=1779269602.11, migrating=False, epoch=1, total_epochs=3, configured=0 B/s, rate=0 B/s, pending=0 bytes
[migrater] timestamp=1779269602.21, migrating=False, epoch=1, total_epochs=3, configured=0 B/s, rate=0 B/s, pending=0 bytes
[migrater] timestamp=1779269602.31, migrating=False, epoch=1, total_epochs=3, configured=0 B/s, rate=0 B/s, pending=0 bytes
[migrater] timestamp=1779269602.41, migrating=False, epoch=1, total_epochs=3, configured=0 B/s, rate=0 B/s, pending=0 bytes
[migrater] timestamp=1779269602.51, migrating=False, epoch=1, total_epochs=3, configured=0 B/s, rate=0 B/s, pending=0 bytes
[migrater] timestamp=1779269602.61, migrating=False, epoch=1, total_epochs=3, configured=0 B/s, rate=0 B/s, pending=0 bytes
[migrater] timestamp=1779269602.71, migrating=False, epoch=1, total_epochs=3, configured=0 B/s, rate=0 B/s, pending=0 bytes
[migrater] timestamp=1779269602.81, migrating=False, epoch=1, total_epochs=3, configured=0 B/s, rate=0 B/s, pending=0 bytes
[migrater] timestamp=1779269602.91, migrating=False, epoch=1, total_epochs=3, configured=0 B/s, rate=0 B/s, pending=0 bytes
[migrater] timestamp=1779269603.01, migrating=False, epoch=1, total_epochs=3, configured=0 B/s, rate=0 B/s, pending=0 bytes
[migrater] timestamp=1779269603.11, migrating=False, epoch=1, total_epochs=3, configured=0 B/s, rate=0 B/s, pending=0 bytes
[migrater] timestamp=1779269603.21, migrating=False, epoch=1, total_epochs=3, configured=0 B/s, rate=0 B/s, pending=0 bytes
[migrater] timestamp=1779269603.31, migrating=False, epoch=1, total_epochs=3, configured=0 B/s, rate=0 B/s, pending=0 bytes
[migrater] timestamp=1779269603.41, migrating=False, epoch=1, total_epochs=3, configured=0 B/s, rate=0 B/s, pending=0 bytes
[migrater] timestamp=1779269603.51, migrating=False, epoch=1, total_epochs=3, configured=0 B/s, rate=0 B/s, pending=0 bytes
[migrater] timestamp=1779269603.61, migrating=False, epoch=1, total_epochs=3, configured=0 B/s, rate=0 B/s, pending=0 bytes
[migrater] timestamp=1779269603.71, migrating=False, epoch=1, total_epochs=3, configured=0 B/s, rate=0 B/s, pending=0 bytes
[migrater] timestamp=1779269603.81, migrating=False, epoch=1, total_epochs=3, configured=0 B/s, rate=0 B/s, pending=0 bytes
[migrater] timestamp=1779269603.91, migrating=False, epoch=1, total_epochs=3, configured=0 B/s, rate=0 B/s, pending=0 bytes
[migrater] timestamp=1779269604.01, migrating=False, epoch=1, total_epochs=3, configured=0 B/s, rate=0 B/s, pending=0 bytes
[migrater] timestamp=1779269604.11, migrating=False, epoch=1, total_epochs=3, configured=0 B/s, rate=0 B/s, pending=0 bytes
[migrater] timestamp=1779269604.21, migrating=False, epoch=1, total_epochs=3, configured=0 B/s, rate=0 B/s, pending=0 bytes
[migrater] timestamp=1779269604.31, migrating=False, epoch=1, total_epochs=3, configured=0 B/s, rate=0 B/s, pending=0 bytes
[migrater] timestamp=1779269604.41, migrating=False, epoch=1, total_epochs=3, configured=0 B/s, rate=0 B/s, pending=0 bytes
[migrater] timestamp=1779269604.51, migrating=False, epoch=1, total_epochs=3, configured=0 B/s, rate=0 B/s, pending=0 bytes
[migrater] timestamp=1779269604.61, migrating=False, epoch=1, total_epochs=3, configured=0 B/s, rate=0 B/s, pending=0 bytes
[migrater] timestamp=1779269604.72, migrating=False, epoch=1, total_epochs=3, configured=0 B/s, rate=0 B/s, pending=0 bytes
[migrater] timestamp=1779269604.82, migrating=False, epoch=1, total_epochs=3, configured=0 B/s, rate=0 B/s, pending=0 bytes
[migrater] timestamp=1779269604.92, migrating=False, epoch=1, total_epochs=3, configured=0 B/s, rate=0 B/s, pending=0 bytes
[migrater] timestamp=1779269605.02, migrating=False, epoch=1, total_epochs=3, configured=0 B/s, rate=0 B/s, pending=0 bytes
[migrater] timestamp=1779269605.12, migrating=False, epoch=1, total_epochs=3, configured=0 B/s, rate=0 B/s, pending=0 bytes
[migrater] timestamp=1779269605.22, migrating=False, epoch=1, total_epochs=3, configured=0 B/s, rate=0 B/s, pending=0 bytes
[migrater] timestamp=1779269605.32, migrating=False, epoch=1, total_epochs=3, configured=0 B/s, rate=0 B/s, pending=0 bytes
[migrater] timestamp=1779269605.42, migrating=False, epoch=1, total_epochs=3, configured=0 B/s, rate=0 B/s, pending=0 bytes
[migrater] timestamp=1779269605.52, migrating=False, epoch=1, total_epochs=3, configured=0 B/s, rate=0 B/s, pending=0 bytes
[migrater] timestamp=1779269605.62, migrating=False, epoch=1, total_epochs=3, configured=0 B/s, rate=0 B/s, pending=0 bytes
[migrater] timestamp=1779269605.72, migrating=False, epoch=1, total_epochs=3, configured=0 B/s, rate=0 B/s, pending=0 bytes
[migrater] timestamp=1779269605.82, migrating=False, epoch=1, total_epochs=3, configured=0 B/s, rate=0 B/s, pending=0 bytes
[migrater] timestamp=1779269605.92, migrating=False, epoch=1, total_epochs=3, configured=0 B/s, rate=0 B/s, pending=0 bytes
[migrater] timestamp=1779269606.02, migrating=False, epoch=1, total_epochs=3, configured=0 B/s, rate=0 B/s, pending=0 bytes
[migrater] timestamp=1779269606.12, migrating=False, epoch=1, total_epochs=3, configured=0 B/s, rate=0 B/s, pending=0 bytes
[migrater] timestamp=1779269606.22, migrating=False, epoch=1, total_epochs=3, configured=0 B/s, rate=0 B/s, pending=0 bytes
[migrater] timestamp=1779269606.32, migrating=False, epoch=1, total_epochs=3, configured=0 B/s, rate=0 B/s, pending=0 bytes
[migrater] timestamp=1779269606.42, migrating=False, epoch=1, total_epochs=3, configured=0 B/s, rate=0 B/s, pending=0 bytes
[migrater] timestamp=1779269606.52, migrating=False, epoch=1, total_epochs=3, configured=0 B/s, rate=0 B/s, pending=0 bytes
[migrater] timestamp=1779269606.62, migrating=False, epoch=1, total_epochs=3, configured=0 B/s, rate=0 B/s, pending=0 bytes
[migrater] timestamp=1779269606.72, migrating=False, epoch=1, total_epochs=3, configured=0 B/s, rate=0 B/s, pending=0 bytes
[migrater] timestamp=1779269606.82, migrating=False, epoch=1, total_epochs=3, configured=0 B/s, rate=0 B/s, pending=0 bytes
[migrater] timestamp=1779269606.92, migrating=False, epoch=1, total_epochs=3, configured=0 B/s, rate=0 B/s, pending=0 bytes
[migrater] timestamp=1779269607.02, migrating=False, epoch=1, total_epochs=3, configured=0 B/s, rate=0 B/s, pending=0 bytes
[migrater] timestamp=1779269607.12, migrating=False, epoch=1, total_epochs=3, configured=0 B/s, rate=0 B/s, pending=0 bytes
[migrater] timestamp=1779269607.22, migrating=False, epoch=1, total_epochs=3, configured=0 B/s, rate=0 B/s, pending=0 bytes
[migrater] timestamp=1779269607.33, migrating=False, epoch=1, total_epochs=3, configured=0 B/s, rate=0 B/s, pending=0 bytes
[migrater] timestamp=1779269607.43, migrating=False, epoch=1, total_epochs=3, configured=0 B/s, rate=0 B/s, pending=0 bytes
[migrater] timestamp=1779269607.53, migrating=False, epoch=1, total_epochs=3, configured=0 B/s, rate=0 B/s, pending=0 bytes
[migrater] timestamp=1779269607.63, migrating=False, epoch=1, total_epochs=3, configured=0 B/s, rate=0 B/s, pending=0 bytes
[migrater] timestamp=1779269607.73, migrating=False, epoch=1, total_epochs=3, configured=0 B/s, rate=0 B/s, pending=0 bytes
[migrater] timestamp=1779269607.83, migrating=False, epoch=1, total_epochs=3, configured=0 B/s, rate=0 B/s, pending=0 bytes
[migrater] timestamp=1779269607.93, migrating=False, epoch=1, total_epochs=3, configured=0 B/s, rate=0 B/s, pending=0 bytes
[migrater] timestamp=1779269608.03, migrating=False, epoch=1, total_epochs=3, configured=0 B/s, rate=0 B/s, pending=0 bytes
[migrater] timestamp=1779269608.13, migrating=False, epoch=1, total_epochs=3, configured=0 B/s, rate=0 B/s, pending=0 bytes
[migrater] timestamp=1779269608.23, migrating=False, epoch=1, total_epochs=3, configured=0 B/s, rate=0 B/s, pending=0 bytes
[migrater] timestamp=1779269608.33, migrating=False, epoch=1, total_epochs=3, configured=0 B/s, rate=0 B/s, pending=0 bytes
[migrater] timestamp=1779269608.43, migrating=False, epoch=1, total_epochs=3, configured=0 B/s, rate=0 B/s, pending=0 bytes
[migrater] timestamp=1779269608.53, migrating=False, epoch=1, total_epochs=3, configured=0 B/s, rate=0 B/s, pending=0 bytes
[migrater] timestamp=1779269608.63, migrating=False, epoch=1, total_epochs=3, configured=0 B/s, rate=0 B/s, pending=0 bytes
[migrater] timestamp=1779269608.73, migrating=False, epoch=1, total_epochs=3, configured=0 B/s, rate=0 B/s, pending=0 bytes
[migrater] timestamp=1779269608.83, migrating=False, epoch=1, total_epochs=3, configured=0 B/s, rate=0 B/s, pending=0 bytes
[migrater] timestamp=1779269608.93, migrating=False, epoch=1, total_epochs=3, configured=0 B/s, rate=0 B/s, pending=0 bytes
[migrater] timestamp=1779269609.03, migrating=False, epoch=1, total_epochs=3, configured=0 B/s, rate=0 B/s, pending=0 bytes
[migrater] timestamp=1779269609.13, migrating=False, epoch=1, total_epochs=3, configured=0 B/s, rate=0 B/s, pending=0 bytes
[migrater] timestamp=1779269609.23, migrating=False, epoch=1, total_epochs=3, configured=0 B/s, rate=0 B/s, pending=0 bytes
[migrater] timestamp=1779269609.33, migrating=False, epoch=1, total_epochs=3, configured=0 B/s, rate=0 B/s, pending=0 bytes
[migrater] timestamp=1779269609.43, migrating=False, epoch=1, total_epochs=3, configured=0 B/s, rate=0 B/s, pending=0 bytes
[migrater] timestamp=1779269609.53, migrating=False, epoch=1, total_epochs=3, configured=0 B/s, rate=0 B/s, pending=0 bytes
[migrater] timestamp=1779269609.63, migrating=False, epoch=1, total_epochs=3, configured=0 B/s, rate=0 B/s, pending=0 bytes
[migrater] timestamp=1779269609.73, migrating=False, epoch=1, total_epochs=3, configured=0 B/s, rate=0 B/s, pending=0 bytes
[migrater] timestamp=1779269609.84, migrating=False, epoch=1, total_epochs=3, configured=0 B/s, rate=0 B/s, pending=0 bytes
[migrater] timestamp=1779269609.94, migrating=False, epoch=1, total_epochs=3, configured=0 B/s, rate=0 B/s, pending=0 bytes
[migrater] timestamp=1779269610.04, migrating=False, epoch=1, total_epochs=3, configured=0 B/s, rate=0 B/s, pending=0 bytes
[migrater] timestamp=1779269610.14, migrating=False, epoch=1, total_epochs=3, configured=0 B/s, rate=0 B/s, pending=0 bytes
[migrater] timestamp=1779269610.24, migrating=False, epoch=1, total_epochs=3, configured=0 B/s, rate=0 B/s, pending=0 bytes
[migrater] timestamp=1779269610.34, migrating=False, epoch=1, total_epochs=3, configured=0 B/s, rate=0 B/s, pending=0 bytes
[migrater] timestamp=1779269610.44, migrating=False, epoch=1, total_epochs=3, configured=0 B/s, rate=0 B/s, pending=0 bytes
[migrater] timestamp=1779269610.54, migrating=False, epoch=1, total_epochs=3, configured=0 B/s, rate=0 B/s, pending=0 bytes
[migrater] timestamp=1779269610.64, migrating=False, epoch=1, total_epochs=3, configured=0 B/s, rate=0 B/s, pending=0 bytes
[migrater] timestamp=1779269610.74, migrating=False, epoch=1, total_epochs=3, configured=0 B/s, rate=0 B/s, pending=0 bytes
[migrater] timestamp=1779269610.84, migrating=False, epoch=1, total_epochs=3, configured=0 B/s, rate=0 B/s, pending=0 bytes
[migrater] timestamp=1779269610.94, migrating=False, epoch=1, total_epochs=3, configured=0 B/s, rate=0 B/s, pending=0 bytes
[migrater] timestamp=1779269611.04, migrating=False, epoch=1, total_epochs=3, configured=0 B/s, rate=0 B/s, pending=0 bytes
[migrater] timestamp=1779269611.14, migrating=False, epoch=1, total_epochs=3, configured=0 B/s, rate=0 B/s, pending=0 bytes
[migrater] timestamp=1779269611.24, migrating=False, epoch=1, total_epochs=3, configured=0 B/s, rate=0 B/s, pending=0 bytes
[migrater] timestamp=1779269611.34, migrating=False, epoch=1, total_epochs=3, configured=0 B/s, rate=0 B/s, pending=0 bytes
[migrater] timestamp=1779269611.44, migrating=False, epoch=1, total_epochs=3, configured=0 B/s, rate=0 B/s, pending=0 bytes
[migrater] timestamp=1779269611.54, migrating=False, epoch=1, total_epochs=3, configured=0 B/s, rate=0 B/s, pending=0 bytes
[migrater] timestamp=1779269611.64, migrating=False, epoch=1, total_epochs=3, configured=0 B/s, rate=0 B/s, pending=0 bytes
[migrater] timestamp=1779269611.74, migrating=False, epoch=1, total_epochs=3, configured=0 B/s, rate=0 B/s, pending=0 bytes
[migrater] timestamp=1779269611.84, migrating=False, epoch=1, total_epochs=3, configured=0 B/s, rate=0 B/s, pending=0 bytes
[migrater] timestamp=1779269611.94, migrating=False, epoch=1, total_epochs=3, configured=0 B/s, rate=0 B/s, pending=0 bytes
[migrater] timestamp=1779269612.04, migrating=False, epoch=1, total_epochs=3, configured=0 B/s, rate=0 B/s, pending=0 bytes
[migrater] timestamp=1779269612.14, migrating=False, epoch=1, total_epochs=3, configured=0 B/s, rate=0 B/s, pending=0 bytes
[migrater] timestamp=1779269612.24, migrating=False, epoch=1, total_epochs=3, configured=0 B/s, rate=0 B/s, pending=0 bytes
[migrater] timestamp=1779269612.34, migrating=False, epoch=1, total_epochs=3, configured=0 B/s, rate=0 B/s, pending=0 bytes
[migrater] timestamp=1779269612.45, migrating=False, epoch=1, total_epochs=3, configured=0 B/s, rate=0 B/s, pending=0 bytes
[migrater] timestamp=1779269612.55, migrating=False, epoch=1, total_epochs=3, configured=0 B/s, rate=0 B/s, pending=0 bytes
[migrater] timestamp=1779269612.65, migrating=False, epoch=1, total_epochs=3, configured=0 B/s, rate=0 B/s, pending=0 bytes
[migrater] timestamp=1779269612.75, migrating=False, epoch=1, total_epochs=3, configured=0 B/s, rate=0 B/s, pending=0 bytes
[migrater] timestamp=1779269612.85, migrating=False, epoch=1, total_epochs=3, configured=0 B/s, rate=0 B/s, pending=0 bytes
[migrater] timestamp=1779269612.95, migrating=False, epoch=1, total_epochs=3, configured=0 B/s, rate=0 B/s, pending=0 bytes
[migrater] timestamp=1779269613.05, migrating=False, epoch=1, total_epochs=3, configured=0 B/s, rate=0 B/s, pending=0 bytes
[migrater] timestamp=1779269613.15, migrating=False, epoch=1, total_epochs=3, configured=0 B/s, rate=0 B/s, pending=0 bytes
[migrater] timestamp=1779269613.25, migrating=False, epoch=1, total_epochs=3, configured=0 B/s, rate=0 B/s, pending=0 bytes
[migrater] timestamp=1779269613.35, migrating=False, epoch=1, total_epochs=3, configured=0 B/s, rate=0 B/s, pending=0 bytes
[migrater] timestamp=1779269613.45, migrating=False, epoch=1, total_epochs=3, configured=0 B/s, rate=0 B/s, pending=0 bytes
[migrater] timestamp=1779269613.55, migrating=False, epoch=1, total_epochs=3, configured=0 B/s, rate=0 B/s, pending=0 bytes
[migrater] timestamp=1779269613.65, migrating=False, epoch=1, total_epochs=3, configured=0 B/s, rate=0 B/s, pending=0 bytes
[migrater] timestamp=1779269613.75, migrating=False, epoch=1, total_epochs=3, configured=0 B/s, rate=0 B/s, pending=0 bytes
[migrater] timestamp=1779269613.85, migrating=False, epoch=1, total_epochs=3, configured=0 B/s, rate=0 B/s, pending=0 bytes
[migrater] timestamp=1779269613.95, migrating=False, epoch=1, total_epochs=3, configured=0 B/s, rate=0 B/s, pending=0 bytes
[migrater] timestamp=1779269614.05, migrating=False, epoch=1, total_epochs=3, configured=0 B/s, rate=0 B/s, pending=0 bytes
[migrater] timestamp=1779269614.15, migrating=False, epoch=1, total_epochs=3, configured=0 B/s, rate=0 B/s, pending=0 bytes
[migrater] timestamp=1779269614.25, migrating=False, epoch=1, total_epochs=3, configured=0 B/s, rate=0 B/s, pending=0 bytes
[migrater] timestamp=1779269614.35, migrating=False, epoch=1, total_epochs=3, configured=0 B/s, rate=0 B/s, pending=0 bytes
[migrater] timestamp=1779269614.45, migrating=False, epoch=1, total_epochs=3, configured=0 B/s, rate=0 B/s, pending=0 bytes
[migrater] timestamp=1779269614.55, migrating=False, epoch=1, total_epochs=3, configured=0 B/s, rate=0 B/s, pending=0 bytes
[migrater] timestamp=1779269614.65, migrating=False, epoch=1, total_epochs=3, configured=0 B/s, rate=0 B/s, pending=0 bytes
[migrater] timestamp=1779269614.75, migrating=False, epoch=1, total_epochs=3, configured=0 B/s, rate=0 B/s, pending=0 bytes
[migrater] timestamp=1779269614.85, migrating=False, epoch=1, total_epochs=3, configured=0 B/s, rate=0 B/s, pending=0 bytes
[migrater] timestamp=1779269614.95, migrating=False, epoch=1, total_epochs=3, configured=0 B/s, rate=0 B/s, pending=0 bytes
[migrater] timestamp=1779269615.06, migrating=False, epoch=1, total_epochs=3, configured=0 B/s, rate=0 B/s, pending=0 bytes
[migrater] timestamp=1779269615.16, migrating=False, epoch=1, total_epochs=3, configured=0 B/s, rate=0 B/s, pending=0 bytes
[migrater] timestamp=1779269615.26, migrating=False, epoch=1, total_epochs=3, configured=0 B/s, rate=0 B/s, pending=0 bytes
[migrater] timestamp=1779269615.36, migrating=False, epoch=1, total_epochs=3, configured=0 B/s, rate=0 B/s, pending=0 bytes
[migrater] timestamp=1779269615.46, migrating=False, epoch=1, total_epochs=3, configured=0 B/s, rate=0 B/s, pending=0 bytes
[migrater] timestamp=1779269615.56, migrating=False, epoch=1, total_epochs=3, configured=0 B/s, rate=0 B/s, pending=0 bytes
[migrater] timestamp=1779269615.66, migrating=False, epoch=1, total_epochs=3, configured=0 B/s, rate=0 B/s, pending=0 bytes
[migrater] timestamp=1779269615.76, migrating=False, epoch=1, total_epochs=3, configured=0 B/s, rate=0 B/s, pending=0 bytes
[migrater] timestamp=1779269615.86, migrating=False, epoch=1, total_epochs=3, configured=0 B/s, rate=0 B/s, pending=0 bytes
[migrater] timestamp=1779269615.96, migrating=False, epoch=1, total_epochs=3, configured=0 B/s, rate=0 B/s, pending=0 bytes
[migrater] timestamp=1779269616.06, migrating=False, epoch=1, total_epochs=3, configured=0 B/s, rate=0 B/s, pending=0 bytes
[migrater] timestamp=1779269616.16, migrating=False, epoch=1, total_epochs=3, configured=0 B/s, rate=0 B/s, pending=0 bytes
[migrater] timestamp=1779269616.26, migrating=False, epoch=1, total_epochs=3, configured=0 B/s, rate=0 B/s, pending=0 bytes
[migrater] timestamp=1779269616.36, migrating=False, epoch=1, total_epochs=3, configured=0 B/s, rate=0 B/s, pending=0 bytes
[migrater] timestamp=1779269616.46, migrating=False, epoch=1, total_epochs=3, configured=0 B/s, rate=0 B/s, pending=0 bytes
[migrater] timestamp=1779269616.56, migrating=False, epoch=1, total_epochs=3, configured=0 B/s, rate=0 B/s, pending=0 bytes
[migrater] timestamp=1779269616.66, migrating=False, epoch=1, total_epochs=3, configured=0 B/s, rate=0 B/s, pending=0 bytes
[migrater] timestamp=1779269616.76, migrating=False, epoch=1, total_epochs=3, configured=0 B/s, rate=0 B/s, pending=0 bytes
[migrater] timestamp=1779269616.86, migrating=False, epoch=1, total_epochs=3, configured=0 B/s, rate=0 B/s, pending=0 bytes
[migrater] timestamp=1779269616.96, migrating=False, epoch=1, total_epochs=3, configured=0 B/s, rate=0 B/s, pending=0 bytes
[migrater] timestamp=1779269617.06, migrating=False, epoch=1, total_epochs=3, configured=0 B/s, rate=0 B/s, pending=0 bytes
[migrater] timestamp=1779269617.16, migrating=False, epoch=1, total_epochs=3, configured=0 B/s, rate=0 B/s, pending=0 bytes
[migrater] timestamp=1779269617.26, migrating=False, epoch=1, total_epochs=3, configured=0 B/s, rate=0 B/s, pending=0 bytes
[migrater] timestamp=1779269617.36, migrating=False, epoch=1, total_epochs=3, configured=0 B/s, rate=0 B/s, pending=0 bytes
[migrater] timestamp=1779269617.46, migrating=False, epoch=1, total_epochs=3, configured=0 B/s, rate=0 B/s, pending=0 bytes
[migrater] timestamp=1779269617.56, migrating=False, epoch=1, total_epochs=3, configured=0 B/s, rate=0 B/s, pending=0 bytes
[migrater] timestamp=1779269617.67, migrating=False, epoch=1, total_epochs=3, configured=0 B/s, rate=0 B/s, pending=0 bytes
[migrater] timestamp=1779269617.77, migrating=False, epoch=1, total_epochs=3, configured=0 B/s, rate=0 B/s, pending=0 bytes
[migrater] timestamp=1779269617.87, migrating=False, epoch=1, total_epochs=3, configured=0 B/s, rate=0 B/s, pending=0 bytes
[migrater] timestamp=1779269617.97, migrating=False, epoch=1, total_epochs=3, configured=0 B/s, rate=0 B/s, pending=0 bytes
[migrater] timestamp=1779269618.07, migrating=False, epoch=1, total_epochs=3, configured=0 B/s, rate=0 B/s, pending=0 bytes
[migrater] timestamp=1779269618.17, migrating=False, epoch=1, total_epochs=3, configured=0 B/s, rate=0 B/s, pending=0 bytes
[migrater] timestamp=1779269618.27, migrating=False, epoch=1, total_epochs=3, configured=0 B/s, rate=0 B/s, pending=0 bytes
[migrater] timestamp=1779269618.37, migrating=False, epoch=1, total_epochs=3, configured=0 B/s, rate=0 B/s, pending=0 bytes
[migrater] timestamp=1779269618.47, migrating=False, epoch=1, total_epochs=3, configured=0 B/s, rate=0 B/s, pending=0 bytes
[migrater] timestamp=1779269618.57, migrating=False, epoch=1, total_epochs=3, configured=0 B/s, rate=0 B/s, pending=0 bytes
[migrater] timestamp=1779269618.67, migrating=False, epoch=1, total_epochs=3, configured=0 B/s, rate=0 B/s, pending=0 bytes
[migrater] timestamp=1779269618.77, migrating=False, epoch=1, total_epochs=3, configured=0 B/s, rate=0 B/s, pending=0 bytes
[migrater] timestamp=1779269618.87, migrating=False, epoch=1, total_epochs=3, configured=0 B/s, rate=0 B/s, pending=0 bytes
[migrater] timestamp=1779269618.97, migrating=False, epoch=1, total_epochs=3, configured=0 B/s, rate=0 B/s, pending=0 bytes
[migrater] timestamp=1779269619.07, migrating=False, epoch=1, total_epochs=3, configured=0 B/s, rate=0 B/s, pending=0 bytes
[migrater] timestamp=1779269619.17, migrating=False, epoch=1, total_epochs=3, configured=0 B/s, rate=0 B/s, pending=0 bytes
[migrater] timestamp=1779269619.27, migrating=False, epoch=1, total_epochs=3, configured=0 B/s, rate=0 B/s, pending=0 bytes
[migrater] timestamp=1779269619.37, migrating=False, epoch=1, total_epochs=3, configured=0 B/s, rate=0 B/s, pending=0 bytes
[migrater] timestamp=1779269619.47, migrating=False, epoch=1, total_epochs=3, configured=0 B/s, rate=0 B/s, pending=0 bytes
[migrater] timestamp=1779269619.57, migrating=False, epoch=1, total_epochs=3, configured=0 B/s, rate=0 B/s, pending=0 bytes
[migrater] timestamp=1779269619.67, migrating=False, epoch=1, total_epochs=3, configured=0 B/s, rate=0 B/s, pending=0 bytes
[migrater] timestamp=1779269619.77, migrating=False, epoch=1, total_epochs=3, configured=0 B/s, rate=0 B/s, pending=0 bytes
[migrater] timestamp=1779269619.87, migrating=False, epoch=1, total_epochs=3, configured=0 B/s, rate=0 B/s, pending=0 bytes
[migrater] timestamp=1779269619.97, migrating=False, epoch=1, total_epochs=3, configured=0 B/s, rate=0 B/s, pending=0 bytes
[migrater] timestamp=1779269620.07, migrating=False, epoch=1, total_epochs=3, configured=0 B/s, rate=0 B/s, pending=0 bytes
[migrater] timestamp=1779269620.17, migrating=False, epoch=1, total_epochs=3, configured=0 B/s, rate=0 B/s, pending=0 bytes
[migrater] timestamp=1779269620.28, migrating=False, epoch=1, total_epochs=3, configured=0 B/s, rate=0 B/s, pending=0 bytes
[migrater] timestamp=1779269620.38, migrating=False, epoch=1, total_epochs=3, configured=0 B/s, rate=0 B/s, pending=0 bytes
[migrater] timestamp=1779269620.48, migrating=False, epoch=1, total_epochs=3, configured=0 B/s, rate=0 B/s, pending=0 bytes
[migrater] timestamp=1779269620.58, migrating=False, epoch=1, total_epochs=3, configured=0 B/s, rate=0 B/s, pending=0 bytes
[migrater] timestamp=1779269620.68, migrating=False, epoch=1, total_epochs=3, configured=0 B/s, rate=0 B/s, pending=0 bytes
[migrater] timestamp=1779269620.78, migrating=False, epoch=1, total_epochs=3, configured=0 B/s, rate=0 B/s, pending=0 bytes
[migrater] timestamp=1779269620.88, migrating=False, epoch=1, total_epochs=3, configured=0 B/s, rate=0 B/s, pending=0 bytes
[migrater] timestamp=1779269620.98, migrating=False, epoch=1, total_epochs=3, configured=0 B/s, rate=0 B/s, pending=0 bytes
[migrater] timestamp=1779269621.08, migrating=False, epoch=1, total_epochs=3, configured=0 B/s, rate=0 B/s, pending=0 bytes
[migrater] timestamp=1779269621.18, migrating=False, epoch=1, total_epochs=3, configured=0 B/s, rate=0 B/s, pending=0 bytes
[migrater] timestamp=1779269621.28, migrating=False, epoch=1, total_epochs=3, configured=0 B/s, rate=0 B/s, pending=0 bytes
[migrater] timestamp=1779269621.38, migrating=False, epoch=1, total_epochs=3, configured=0 B/s, rate=0 B/s, pending=0 bytes
[migrater] timestamp=1779269621.48, migrating=False, epoch=1, total_epochs=3, configured=0 B/s, rate=0 B/s, pending=0 bytes
[migrater] timestamp=1779269621.58, migrating=False, epoch=1, total_epochs=3, configured=0 B/s, rate=0 B/s, pending=0 bytes
[migrater] timestamp=1779269621.68, migrating=False, epoch=1, total_epochs=3, configured=0 B/s, rate=0 B/s, pending=0 bytes
[migrater] timestamp=1779269621.78, migrating=False, epoch=1, total_epochs=3, configured=0 B/s, rate=0 B/s, pending=0 bytes
[migrater] timestamp=1779269621.88, migrating=False, epoch=1, total_epochs=3, configured=0 B/s, rate=0 B/s, pending=0 bytes
[migrater] timestamp=1779269621.98, migrating=False, epoch=1, total_epochs=3, configured=0 B/s, rate=0 B/s, pending=0 bytes
[migrater] timestamp=1779269622.08, migrating=False, epoch=1, total_epochs=3, configured=0 B/s, rate=0 B/s, pending=0 bytes
[migrater] timestamp=1779269622.18, migrating=False, epoch=1, total_epochs=3, configured=0 B/s, rate=0 B/s, pending=0 bytes
[migrater] timestamp=1779269622.28, migrating=False, epoch=1, total_epochs=3, configured=0 B/s, rate=0 B/s, pending=0 bytes
[migrater] timestamp=1779269622.38, migrating=False, epoch=1, total_epochs=3, configured=0 B/s, rate=0 B/s, pending=0 bytes
[migrater] timestamp=1779269622.48, migrating=False, epoch=1, total_epochs=3, configured=0 B/s, rate=0 B/s, pending=0 bytes
[migrater] timestamp=1779269622.58, migrating=False, epoch=1, total_epochs=3, configured=0 B/s, rate=0 B/s, pending=0 bytes
[migrater] timestamp=1779269622.69, migrating=False, epoch=1, total_epochs=3, configured=0 B/s, rate=0 B/s, pending=0 bytes
[migrater] timestamp=1779269622.79, migrating=False, epoch=1, total_epochs=3, configured=0 B/s, rate=0 B/s, pending=0 bytes
[migrater] timestamp=1779269622.89, migrating=False, epoch=1, total_epochs=3, configured=0 B/s, rate=0 B/s, pending=0 bytes
[migrater] timestamp=1779269622.99, migrating=False, epoch=1, total_epochs=3, configured=0 B/s, rate=0 B/s, pending=0 bytes
[migrater] timestamp=1779269623.09, migrating=False, epoch=1, total_epochs=3, configured=0 B/s, rate=0 B/s, pending=0 bytes
[migrater] timestamp=1779269623.19, migrating=False, epoch=1, total_epochs=3, configured=0 B/s, rate=0 B/s, pending=0 bytes
[migrater] timestamp=1779269623.29, migrating=False, epoch=1, total_epochs=3, configured=0 B/s, rate=0 B/s, pending=0 bytes
[migrater] timestamp=1779269623.39, migrating=False, epoch=1, total_epochs=3, configured=0 B/s, rate=0 B/s, pending=0 bytes
[migrater] timestamp=1779269623.49, migrating=False, epoch=1, total_epochs=3, configured=0 B/s, rate=0 B/s, pending=0 bytes
[migrater] timestamp=1779269623.59, migrating=False, epoch=1, total_epochs=3, configured=0 B/s, rate=0 B/s, pending=0 bytes
[migrater] timestamp=1779269623.69, migrating=False, epoch=1, total_epochs=3, configured=0 B/s, rate=0 B/s, pending=0 bytes
[migrater] timestamp=1779269623.79, migrating=False, epoch=1, total_epochs=3, configured=0 B/s, rate=0 B/s, pending=0 bytes
[migrater] timestamp=1779269623.89, migrating=False, epoch=1, total_epochs=3, configured=0 B/s, rate=0 B/s, pending=0 bytes
[migrater] timestamp=1779269623.99, migrating=False, epoch=1, total_epochs=3, configured=0 B/s, rate=0 B/s, pending=0 bytes
[migrater] timestamp=1779269624.09, migrating=False, epoch=1, total_epochs=3, configured=0 B/s, rate=0 B/s, pending=0 bytes
[migrater] timestamp=1779269624.19, migrating=False, epoch=1, total_epochs=3, configured=0 B/s, rate=0 B/s, pending=0 bytes
[migrater] timestamp=1779269624.29, migrating=False, epoch=1, total_epochs=3, configured=0 B/s, rate=0 B/s, pending=0 bytes
[migrater] timestamp=1779269624.39, migrating=False, epoch=1, total_epochs=3, configured=0 B/s, rate=0 B/s, pending=0 bytes
[migrater] timestamp=1779269624.49, migrating=False, epoch=1, total_epochs=3, configured=0 B/s, rate=0 B/s, pending=0 bytes
[migrater] timestamp=1779269624.59, migrating=False, epoch=1, total_epochs=3, configured=0 B/s, rate=0 B/s, pending=0 bytes
[migrater] timestamp=1779269624.69, migrating=False, epoch=1, total_epochs=3, configured=0 B/s, rate=0 B/s, pending=0 bytes
[migrater] timestamp=1779269624.80, migrating=False, epoch=1, total_epochs=3, configured=0 B/s, rate=0 B/s, pending=0 bytes
[migrater] timestamp=1779269624.90, migrating=False, epoch=1, total_epochs=3, configured=0 B/s, rate=0 B/s, pending=0 bytes
[migrater] timestamp=1779269625.00, migrating=False, epoch=1, total_epochs=3, configured=0 B/s, rate=0 B/s, pending=0 bytes
[migrater] timestamp=1779269625.10, migrating=False, epoch=1, total_epochs=3, configured=0 B/s, rate=0 B/s, pending=0 bytes
[migrater] timestamp=1779269625.20, migrating=False, epoch=1, total_epochs=3, configured=0 B/s, rate=0 B/s, pending=0 bytes
[migrater] timestamp=1779269625.30, migrating=False, epoch=1, total_epochs=3, configured=0 B/s, rate=0 B/s, pending=0 bytes
[migrater] timestamp=1779269625.40, migrating=False, epoch=1, total_epochs=3, configured=0 B/s, rate=0 B/s, pending=0 bytes
[migrater] timestamp=1779269625.50, migrating=False, epoch=1, total_epochs=3, configured=0 B/s, rate=0 B/s, pending=0 bytes
[migrater] timestamp=1779269625.60, migrating=False, epoch=1, total_epochs=3, configured=0 B/s, rate=0 B/s, pending=0 bytes
[migrater] timestamp=1779269625.70, migrating=False, epoch=2, total_epochs=3, configured=0 B/s, rate=0 B/s, pending=5368709120 bytes
[migrater] timestamp=1779269625.80, migrating=True, epoch=2, total_epochs=3, configured=0 B/s, rate=0 B/s, pending=5368709120 bytes
[migrater] timestamp=1779269625.81, migrating=True, epoch=2, total_epochs=3, configured=602255295 B/s, rate=582673179 B/s, pending=5309988864 bytes ([1.09%] 58720256/5368709120 bytes copied)
[migrater] timestamp=1779269625.91, migrating=True, epoch=2, total_epochs=3, configured=627091961 B/s, rate=657334880 B/s, pending=5242880000 bytes ([2.34%] 125829120/5368709120 bytes copied)
[migrater] timestamp=1779269626.01, migrating=True, epoch=2, total_epochs=3, configured=538147298 B/s, rate=568147566 B/s, pending=5184159744 bytes ([3.44%] 184549376/5368709120 bytes copied)
[migrater] timestamp=1779269626.12, migrating=True, epoch=2, total_epochs=3, configured=528761054 B/s, rate=538069522 B/s, pending=5125439488 bytes ([4.53%] 243269632/5368709120 bytes copied)
[migrater] timestamp=1779269626.22, migrating=True, epoch=2, total_epochs=3, configured=523091574 B/s, rate=580748487 B/s, pending=5066719232 bytes ([5.62%] 301989888/5368709120 bytes copied)
[migrater] timestamp=1779269626.33, migrating=True, epoch=2, total_epochs=3, configured=518930814 B/s, rate=472924467 B/s, pending=5016387584 bytes ([6.56%] 352321536/5368709120 bytes copied)
[migrater] timestamp=1779269626.43, migrating=True, epoch=2, total_epochs=3, configured=518930814 B/s, rate=570003182 B/s, pending=4957667328 bytes ([7.66%] 411041792/5368709120 bytes copied)
[migrater] timestamp=1779269626.54, migrating=True, epoch=2, total_epochs=3, configured=513851832 B/s, rate=467549430 B/s, pending=4907335680 bytes ([8.59%] 461373440/5368709120 bytes copied)
[migrater] timestamp=1779269626.64, migrating=True, epoch=2, total_epochs=3, configured=512424240 B/s, rate=563192287 B/s, pending=4848615424 bytes ([9.69%] 520093696/5368709120 bytes copied)
[migrater] timestamp=1779269626.75, migrating=True, epoch=2, total_epochs=3, configured=510764148 B/s, rate=464210458 B/s, pending=4798283776 bytes ([10.62%] 570425344/5368709120 bytes copied)
[migrater] timestamp=1779269626.86, migrating=True, epoch=2, total_epochs=3, configured=509891886 B/s, rate=559549778 B/s, pending=4739563520 bytes ([11.72%] 629145600/5368709120 bytes copied)
[migrater] timestamp=1779269626.97, migrating=True, epoch=2, total_epochs=3, configured=508523572 B/s, rate=461709420 B/s, pending=4689231872 bytes ([12.66%] 679477248/5368709120 bytes copied)
[migrater] timestamp=1779269627.07, migrating=True, epoch=2, total_epochs=3, configured=507965418 B/s, rate=557329466 B/s, pending=4630511616 bytes ([13.75%] 738197504/5368709120 bytes copied)
[migrater] timestamp=1779269627.18, migrating=True, epoch=2, total_epochs=3, configured=506941408 B/s, rate=460373457 B/s, pending=4580179968 bytes ([14.69%] 788529152/5368709120 bytes copied)
[migrater] timestamp=1779269627.29, migrating=True, epoch=2, total_epochs=3, configured=506579973 B/s, rate=555187060 B/s, pending=4521459712 bytes ([15.78%] 847249408/5368709120 bytes copied)
[migrater] timestamp=1779269627.40, migrating=True, epoch=2, total_epochs=3, configured=505706857 B/s, rate=459026613 B/s, pending=4471128064 bytes ([16.72%] 897581056/5368709120 bytes copied)
[migrater] timestamp=1779269627.50, migrating=True, epoch=2, total_epochs=3, configured=505476533 B/s, rate=553897657 B/s, pending=4412407808 bytes ([17.81%] 956301312/5368709120 bytes copied)
[migrater] timestamp=1779269627.61, migrating=True, epoch=2, total_epochs=3, configured=0 B/s, rate=0 B/s, pending=4412407808 bytes
[migrater] timestamp=1779269627.61, migrating=True, epoch=2, total_epochs=3, configured=504702881 B/s, rate=458351259 B/s, pending=4362076160 bytes ([18.75%] 1006632960/5368709120 bytes copied)
[migrater] timestamp=1779269627.72, migrating=True, epoch=2, total_epochs=3, configured=504926835 B/s, rate=553927644 B/s, pending=4303355904 bytes ([19.84%] 1065353216/5368709120 bytes copied)
[migrater] timestamp=1779269627.83, migrating=True, epoch=2, total_epochs=3, configured=504256939 B/s, rate=458500366 B/s, pending=4253024256 bytes ([20.78%] 1115684864/5368709120 bytes copied)
[migrater] timestamp=1779269627.93, migrating=True, epoch=2, total_epochs=3, configured=504221709 B/s, rate=552148065 B/s, pending=4194304000 bytes ([21.88%] 1174405120/5368709120 bytes copied)
[migrater] timestamp=1779269628.04, migrating=True, epoch=2, total_epochs=3, configured=502885602 B/s, rate=457673648 B/s, pending=4143972352 bytes ([22.81%] 1224736768/5368709120 bytes copied)
[migrater] timestamp=1779269628.14, migrating=True, epoch=2, total_epochs=3, configured=502760119 B/s, rate=502850283 B/s, pending=4093640704 bytes ([23.75%] 1275068416/5368709120 bytes copied)
[migrater] timestamp=1779269628.24, migrating=True, epoch=2, total_epochs=3, configured=502527352 B/s, rate=502733957 B/s, pending=4043309056 bytes ([24.69%] 1325400064/5368709120 bytes copied)
[migrater] timestamp=1779269628.34, migrating=True, epoch=2, total_epochs=3, configured=502437627 B/s, rate=502509902 B/s, pending=3992977408 bytes ([25.62%] 1375731712/5368709120 bytes copied)
[migrater] timestamp=1779269628.44, migrating=True, epoch=2, total_epochs=3, configured=502234269 B/s, rate=502416045 B/s, pending=3942645760 bytes ([26.56%] 1426063360/5368709120 bytes copied)
[migrater] timestamp=1779269628.54, migrating=True, epoch=2, total_epochs=3, configured=502173724 B/s, rate=501848713 B/s, pending=3892314112 bytes ([27.50%] 1476395008/5368709120 bytes copied)
[migrater] timestamp=1779269628.65, migrating=True, epoch=2, total_epochs=3, configured=501994098 B/s, rate=502158698 B/s, pending=3841982464 bytes ([28.44%] 1526726656/5368709120 bytes copied)
[migrater] timestamp=1779269628.75, migrating=True, epoch=2, total_epochs=3, configured=502627961 B/s, rate=502093270 B/s, pending=3791650816 bytes ([29.38%] 1577058304/5368709120 bytes copied)
[migrater] timestamp=1779269628.85, migrating=True, epoch=2, total_epochs=3, configured=501661793 B/s, rate=502534180 B/s, pending=3741319168 bytes ([30.31%] 1627389952/5368709120 bytes copied)
[migrater] timestamp=1779269628.95, migrating=True, epoch=2, total_epochs=3, configured=502330621 B/s, rate=501719251 B/s, pending=3690987520 bytes ([31.25%] 1677721600/5368709120 bytes copied)
[migrater] timestamp=1779269629.05, migrating=True, epoch=2, total_epochs=3, configured=502330621 B/s, rate=502328044 B/s, pending=3640655872 bytes ([32.19%] 1728053248/5368709120 bytes copied)
[migrater] timestamp=1779269629.15, migrating=True, epoch=2, total_epochs=3, configured=502330621 B/s, rate=501873634 B/s, pending=3590324224 bytes ([33.12%] 1778384896/5368709120 bytes copied)
[migrater] timestamp=1779269629.25, migrating=True, epoch=2, total_epochs=3, configured=502330621 B/s, rate=502323181 B/s, pending=3539992576 bytes ([34.06%] 1828716544/5368709120 bytes copied)
[migrater] timestamp=1779269629.35, migrating=True, epoch=2, total_epochs=3, configured=502330621 B/s, rate=502472873 B/s, pending=3489660928 bytes ([35.00%] 1879048192/5368709120 bytes copied)
[migrater] timestamp=1779269629.45, migrating=True, epoch=2, total_epochs=3, configured=502330621 B/s, rate=502385705 B/s, pending=3439329280 bytes ([35.94%] 1929379840/5368709120 bytes copied)
[migrater] timestamp=1779269629.55, migrating=True, epoch=2, total_epochs=3, configured=502330621 B/s, rate=502377481 B/s, pending=3388997632 bytes ([36.88%] 1979711488/5368709120 bytes copied)
[migrater] timestamp=1779269629.65, migrating=True, epoch=2, total_epochs=3, configured=501637509 B/s, rate=502179741 B/s, pending=3338665984 bytes ([37.81%] 2030043136/5368709120 bytes copied)
[migrater] timestamp=1779269629.75, migrating=True, epoch=2, total_epochs=3, configured=501549810 B/s, rate=501621841 B/s, pending=3288334336 bytes ([38.75%] 2080374784/5368709120 bytes copied)
[migrater] timestamp=1779269629.85, migrating=True, epoch=2, total_epochs=3, configured=501459234 B/s, rate=501481050 B/s, pending=3238002688 bytes ([39.69%] 2130706432/5368709120 bytes copied)
[migrater] timestamp=1779269629.95, migrating=True, epoch=2, total_epochs=3, configured=501318515 B/s, rate=501457762 B/s, pending=3187671040 bytes ([40.62%] 2181038080/5368709120 bytes copied)
[migrater] timestamp=1779269630.05, migrating=True, epoch=2, total_epochs=3, configured=501248859 B/s, rate=501418950 B/s, pending=3137339392 bytes ([41.56%] 2231369728/5368709120 bytes copied)
[migrater] timestamp=1779269630.15, migrating=True, epoch=2, total_epochs=3, configured=501109105 B/s, rate=501181188 B/s, pending=3087007744 bytes ([42.50%] 2281701376/5368709120 bytes copied)
[migrater] timestamp=1779269630.25, migrating=True, epoch=2, total_epochs=3, configured=501134146 B/s, rate=501130384 B/s, pending=3036676096 bytes ([43.44%] 2332033024/5368709120 bytes copied)
[migrater] timestamp=1779269630.35, migrating=True, epoch=2, total_epochs=3, configured=501224488 B/s, rate=501248320 B/s, pending=2986344448 bytes ([44.38%] 2382364672/5368709120 bytes copied)
[migrater] timestamp=1779269630.45, migrating=True, epoch=2, total_epochs=3, configured=501267771 B/s, rate=501230194 B/s, pending=2936012800 bytes ([45.31%] 2432696320/5368709120 bytes copied)
[migrater] timestamp=1779269630.55, migrating=True, epoch=2, total_epochs=3, configured=501206646 B/s, rate=501179790 B/s, pending=2885681152 bytes ([46.25%] 2483027968/5368709120 bytes copied)
[migrater] timestamp=1779269630.65, migrating=True, epoch=2, total_epochs=3, configured=501220086 B/s, rate=501242679 B/s, pending=2835349504 bytes ([47.19%] 2533359616/5368709120 bytes copied)
[migrater] timestamp=1779269630.75, migrating=True, epoch=2, total_epochs=3, configured=501220086 B/s, rate=501179336 B/s, pending=2785017856 bytes ([48.12%] 2583691264/5368709120 bytes copied)
[migrater] timestamp=1779269630.85, migrating=True, epoch=2, total_epochs=3, configured=501319955 B/s, rate=501276625 B/s, pending=2734686208 bytes ([49.06%] 2634022912/5368709120 bytes copied)
[migrater] timestamp=1779269630.95, migrating=True, epoch=2, total_epochs=3, configured=501250804 B/s, rate=501302537 B/s, pending=2684354560 bytes ([50.00%] 2684354560/5368709120 bytes copied)
[migrater] timestamp=1779269631.05, migrating=True, epoch=2, total_epochs=3, configured=501362582 B/s, rate=501414904 B/s, pending=2634022912 bytes ([50.94%] 2734686208/5368709120 bytes copied)
[migrater] timestamp=1779269631.15, migrating=True, epoch=2, total_epochs=3, configured=500129165 B/s, rate=501297445 B/s, pending=2583691264 bytes ([51.88%] 2785017856/5368709120 bytes copied)
[migrater] timestamp=1779269631.25, migrating=True, epoch=2, total_epochs=3, configured=500129165 B/s, rate=500091520 B/s, pending=2533359616 bytes ([52.81%] 2835349504/5368709120 bytes copied)
[migrater] timestamp=1779269631.35, migrating=True, epoch=2, total_epochs=3, configured=500233305 B/s, rate=500318059 B/s, pending=2483027968 bytes ([53.75%] 2885681152/5368709120 bytes copied)
[migrater] timestamp=1779269631.46, migrating=True, epoch=2, total_epochs=3, configured=500233305 B/s, rate=499858141 B/s, pending=2432696320 bytes ([54.69%] 2936012800/5368709120 bytes copied)
[migrater] timestamp=1779269631.56, migrating=True, epoch=2, total_epochs=3, configured=500154761 B/s, rate=500293537 B/s, pending=2382364672 bytes ([55.62%] 2986344448/5368709120 bytes copied)
[migrater] timestamp=1779269631.66, migrating=True, epoch=2, total_epochs=3, configured=500174742 B/s, rate=500279618 B/s, pending=2332033024 bytes ([56.56%] 3036676096/5368709120 bytes copied)
[migrater] timestamp=1779269631.76, migrating=True, epoch=2, total_epochs=3, configured=500316872 B/s, rate=500354466 B/s, pending=2281701376 bytes ([57.50%] 3087007744/5368709120 bytes copied)
[migrater] timestamp=1779269631.86, migrating=True, epoch=2, total_epochs=3, configured=500250030 B/s, rate=500313876 B/s, pending=2231369728 bytes ([58.44%] 3137339392/5368709120 bytes copied)
[migrater] timestamp=1779269631.96, migrating=True, epoch=2, total_epochs=3, configured=499086420 B/s, rate=499441692 B/s, pending=2181038080 bytes ([59.38%] 3187671040/5368709120 bytes copied)
[migrater] timestamp=1779269632.06, migrating=True, epoch=2, total_epochs=3, configured=499112032 B/s, rate=499210400 B/s, pending=2130706432 bytes ([60.31%] 3238002688/5368709120 bytes copied)
[migrater] timestamp=1779269632.16, migrating=True, epoch=2, total_epochs=3, configured=499112032 B/s, rate=499308164 B/s, pending=2080374784 bytes ([61.25%] 3288334336/5368709120 bytes copied)
[migrater] timestamp=1779269632.26, migrating=True, epoch=2, total_epochs=3, configured=499018185 B/s, rate=499075165 B/s, pending=2030043136 bytes ([62.19%] 3338665984/5368709120 bytes copied)
[migrater] timestamp=1779269632.36, migrating=True, epoch=2, total_epochs=3, configured=499057393 B/s, rate=499083132 B/s, pending=1979711488 bytes ([63.12%] 3388997632/5368709120 bytes copied)
[migrater] timestamp=1779269632.46, migrating=True, epoch=2, total_epochs=3, configured=499201747 B/s, rate=499095208 B/s, pending=1929379840 bytes ([64.06%] 3439329280/5368709120 bytes copied)
[migrater] timestamp=1779269632.56, migrating=True, epoch=2, total_epochs=3, configured=499110028 B/s, rate=499171242 B/s, pending=1879048192 bytes ([65.00%] 3489660928/5368709120 bytes copied)
[migrater] timestamp=1779269632.66, migrating=True, epoch=2, total_epochs=3, configured=499110028 B/s, rate=499182525 B/s, pending=1828716544 bytes ([65.94%] 3539992576/5368709120 bytes copied)
[migrater] timestamp=1779269632.76, migrating=True, epoch=2, total_epochs=3, configured=499110028 B/s, rate=498964833 B/s, pending=1778384896 bytes ([66.88%] 3590324224/5368709120 bytes copied)
[migrater] timestamp=1779269632.87, migrating=True, epoch=2, total_epochs=3, configured=499110028 B/s, rate=499044781 B/s, pending=1728053248 bytes ([67.81%] 3640655872/5368709120 bytes copied)
[migrater] timestamp=1779269632.97, migrating=True, epoch=2, total_epochs=3, configured=499267979 B/s, rate=497764480 B/s, pending=1677721600 bytes ([68.75%] 3690987520/5368709120 bytes copied)
[migrater] timestamp=1779269633.07, migrating=True, epoch=2, total_epochs=3, configured=499120578 B/s, rate=499019355 B/s, pending=1627389952 bytes ([69.69%] 3741319168/5368709120 bytes copied)
[migrater] timestamp=1779269633.17, migrating=True, epoch=2, total_epochs=3, configured=499223404 B/s, rate=498965130 B/s, pending=1577058304 bytes ([70.62%] 3791650816/5368709120 bytes copied)
[migrater] timestamp=1779269633.27, migrating=True, epoch=2, total_epochs=3, configured=499573278 B/s, rate=499077095 B/s, pending=1526726656 bytes ([71.56%] 3841982464/5368709120 bytes copied)
[migrater] timestamp=1779269633.37, migrating=True, epoch=2, total_epochs=3, configured=497661682 B/s, rate=498901031 B/s, pending=1476395008 bytes ([72.50%] 3892314112/5368709120 bytes copied)
[migrater] timestamp=1779269633.47, migrating=True, epoch=2, total_epochs=3, configured=497517962 B/s, rate=497211037 B/s, pending=1426063360 bytes ([73.44%] 3942645760/5368709120 bytes copied)
[migrater] timestamp=1779269633.57, migrating=True, epoch=2, total_epochs=3, configured=497684898 B/s, rate=497100207 B/s, pending=1375731712 bytes ([74.38%] 3992977408/5368709120 bytes copied)
[migrater] timestamp=1779269633.67, migrating=True, epoch=2, total_epochs=3, configured=497535911 B/s, rate=497402626 B/s, pending=1325400064 bytes ([75.31%] 4043309056/5368709120 bytes copied)
[migrater] timestamp=1779269633.77, migrating=True, epoch=2, total_epochs=3, configured=497362556 B/s, rate=501001044 B/s, pending=1275068416 bytes ([76.25%] 4093640704/5368709120 bytes copied)
[migrater] timestamp=1779269633.88, migrating=True, epoch=2, total_epochs=3, configured=497195164 B/s, rate=497096083 B/s, pending=1224736768 bytes ([77.19%] 4143972352/5368709120 bytes copied)
[migrater] timestamp=1779269633.98, migrating=True, epoch=2, total_epochs=3, configured=495088237 B/s, rate=496897027 B/s, pending=1174405120 bytes ([78.12%] 4194304000/5368709120 bytes copied)
[migrater] timestamp=1779269634.08, migrating=True, epoch=2, total_epochs=3, configured=494826052 B/s, rate=495182318 B/s, pending=1124073472 bytes ([79.06%] 4244635648/5368709120 bytes copied)
[migrater] timestamp=1779269634.18, migrating=True, epoch=2, total_epochs=3, configured=494929447 B/s, rate=494864589 B/s, pending=1073741824 bytes ([80.00%] 4294967296/5368709120 bytes copied)
[migrater] timestamp=1779269634.28, migrating=True, epoch=2, total_epochs=3, configured=494641858 B/s, rate=494965764 B/s, pending=1023410176 bytes ([80.94%] 4345298944/5368709120 bytes copied)
[migrater] timestamp=1779269634.38, migrating=True, epoch=2, total_epochs=3, configured=491896559 B/s, rate=493759271 B/s, pending=973078528 bytes ([81.88%] 4395630592/5368709120 bytes copied)
[migrater] timestamp=1779269634.49, migrating=True, epoch=2, total_epochs=3, configured=491874826 B/s, rate=491648943 B/s, pending=922746880 bytes ([82.81%] 4445962240/5368709120 bytes copied)
[migrater] timestamp=1779269634.59, migrating=True, epoch=2, total_epochs=3, configured=491852933 B/s, rate=491898320 B/s, pending=872415232 bytes ([83.75%] 4496293888/5368709120 bytes copied)
[migrater] timestamp=1779269634.69, migrating=True, epoch=2, total_epochs=3, configured=488831787 B/s, rate=490924873 B/s, pending=822083584 bytes ([84.69%] 4546625536/5368709120 bytes copied)
[migrater] timestamp=1779269634.79, migrating=True, epoch=2, total_epochs=3, configured=488640546 B/s, rate=488659158 B/s, pending=771751936 bytes ([85.62%] 4596957184/5368709120 bytes copied)
[migrater] timestamp=1779269634.90, migrating=True, epoch=2, total_epochs=3, configured=488428629 B/s, rate=488599008 B/s, pending=721420288 bytes ([86.56%] 4647288832/5368709120 bytes copied)
[migrater] timestamp=1779269635.00, migrating=True, epoch=2, total_epochs=3, configured=487602105 B/s, rate=488246938 B/s, pending=671088640 bytes ([87.50%] 4697620480/5368709120 bytes copied)
[migrater] timestamp=1779269635.10, migrating=True, epoch=2, total_epochs=3, configured=487602105 B/s, rate=487665495 B/s, pending=620756992 bytes ([88.44%] 4747952128/5368709120 bytes copied)
[migrater] timestamp=1779269635.21, migrating=True, epoch=2, total_epochs=3, configured=487602105 B/s, rate=487422467 B/s, pending=570425344 bytes ([89.38%] 4798283776/5368709120 bytes copied)
[migrater] timestamp=1779269635.31, migrating=True, epoch=2, total_epochs=3, configured=487602105 B/s, rate=487817494 B/s, pending=520093696 bytes ([90.31%] 4848615424/5368709120 bytes copied)
[migrater] timestamp=1779269635.41, migrating=True, epoch=2, total_epochs=3, configured=486246631 B/s, rate=487390890 B/s, pending=469762048 bytes ([91.25%] 4898947072/5368709120 bytes copied)
[migrater] timestamp=1779269635.52, migrating=True, epoch=2, total_epochs=3, configured=484497468 B/s, rate=485960630 B/s, pending=419430400 bytes ([92.19%] 4949278720/5368709120 bytes copied)
[migrater] timestamp=1779269635.62, migrating=True, epoch=2, total_epochs=3, configured=479040876 B/s, rate=482131589 B/s, pending=369098752 bytes ([93.12%] 4999610368/5368709120 bytes copied)
[migrater] timestamp=1779269635.73, migrating=True, epoch=2, total_epochs=3, configured=475359204 B/s, rate=476325974 B/s, pending=318767104 bytes ([94.06%] 5049942016/5368709120 bytes copied)
[migrater] timestamp=1779269635.83, migrating=True, epoch=2, total_epochs=3, configured=472342010 B/s, rate=473600163 B/s, pending=268435456 bytes ([95.00%] 5100273664/5368709120 bytes copied)
[migrater] timestamp=1779269635.94, migrating=True, epoch=2, total_epochs=3, configured=469730077 B/s, rate=470617496 B/s, pending=218103808 bytes ([95.94%] 5150605312/5368709120 bytes copied)
[migrater] timestamp=1779269636.05, migrating=True, epoch=2, total_epochs=3, configured=464952392 B/s, rate=465575320 B/s, pending=167772160 bytes ([96.88%] 5200936960/5368709120 bytes copied)
[migrater] timestamp=1779269636.15, migrating=True, epoch=2, total_epochs=3, configured=450719554 B/s, rate=499438812 B/s, pending=117440512 bytes ([97.81%] 5251268608/5368709120 bytes copied)
[migrater] timestamp=1779269636.25, migrating=True, epoch=2, total_epochs=3, configured=0 B/s, rate=0 B/s, pending=117440512 bytes
[migrater] timestamp=1779269636.25, migrating=True, epoch=2, total_epochs=3, configured=440816708 B/s, rate=398647696 B/s, pending=75497472 bytes ([98.59%] 5293211648/5368709120 bytes copied)
[migrater] timestamp=1779269636.42, migrating=False, epoch=2, total_epochs=3, configured=590618167 B/s, rate=0 B/s, pending=0 bytes ([100.00%] 5368709120/5368709120 bytes copied)
[migrater] timestamp=1779269636.55, migrating=False, epoch=2, total_epochs=3, configured=0 B/s, rate=0 B/s, pending=0 bytes
[migrater] timestamp=1779269636.65, migrating=False, epoch=2, total_epochs=3, configured=0 B/s, rate=0 B/s, pending=0 bytes
[migrater] timestamp=1779269636.76, migrating=False, epoch=2, total_epochs=3, configured=0 B/s, rate=0 B/s, pending=0 bytes
[migrater] timestamp=1779269636.86, migrating=False, epoch=2, total_epochs=3, configured=0 B/s, rate=0 B/s, pending=0 bytes
[migrater] timestamp=1779269636.96, migrating=False, epoch=2, total_epochs=3, configured=0 B/s, rate=0 B/s, pending=0 bytes
[migrater] timestamp=1779269637.06, migrating=False, epoch=2, total_epochs=3, configured=0 B/s, rate=0 B/s, pending=0 bytes
[migrater] timestamp=1779269637.16, migrating=False, epoch=2, total_epochs=3, configured=0 B/s, rate=0 B/s, pending=0 bytes
[migrater] timestamp=1779269637.26, migrating=False, epoch=2, total_epochs=3, configured=0 B/s, rate=0 B/s, pending=0 bytes
[migrater] timestamp=1779269637.36, migrating=False, epoch=2, total_epochs=3, configured=0 B/s, rate=0 B/s, pending=0 bytes
[migrater] timestamp=1779269637.46, migrating=False, epoch=2, total_epochs=3, configured=0 B/s, rate=0 B/s, pending=0 bytes
[migrater] timestamp=1779269637.56, migrating=False, epoch=2, total_epochs=3, configured=0 B/s, rate=0 B/s, pending=0 bytes
[migrater] timestamp=1779269637.66, migrating=False, epoch=2, total_epochs=3, configured=0 B/s, rate=0 B/s, pending=0 bytes
[migrater] timestamp=1779269637.76, migrating=False, epoch=2, total_epochs=3, configured=0 B/s, rate=0 B/s, pending=0 bytes
[migrater] timestamp=1779269637.86, migrating=False, epoch=2, total_epochs=3, configured=0 B/s, rate=0 B/s, pending=0 bytes
[migrater] timestamp=1779269637.96, migrating=False, epoch=2, total_epochs=3, configured=0 B/s, rate=0 B/s, pending=0 bytes
[migrater] timestamp=1779269638.06, migrating=False, epoch=2, total_epochs=3, configured=0 B/s, rate=0 B/s, pending=0 bytes
[migrater] timestamp=1779269638.16, migrating=False, epoch=2, total_epochs=3, configured=0 B/s, rate=0 B/s, pending=0 bytes
[migrater] timestamp=1779269638.26, migrating=False, epoch=2, total_epochs=3, configured=0 B/s, rate=0 B/s, pending=0 bytes
[migrater] timestamp=1779269638.36, migrating=False, epoch=2, total_epochs=3, configured=0 B/s, rate=0 B/s, pending=0 bytes
[migrater] timestamp=1779269638.46, migrating=False, epoch=2, total_epochs=3, configured=0 B/s, rate=0 B/s, pending=0 bytes
[migrater] timestamp=1779269638.56, migrating=False, epoch=2, total_epochs=3, configured=0 B/s, rate=0 B/s, pending=0 bytes
[migrater] timestamp=1779269638.66, migrating=False, epoch=2, total_epochs=3, configured=0 B/s, rate=0 B/s, pending=0 bytes
[migrater] timestamp=1779269638.76, migrating=False, epoch=2, total_epochs=3, configured=0 B/s, rate=0 B/s, pending=0 bytes
[migrater] timestamp=1779269638.86, migrating=False, epoch=2, total_epochs=3, configured=0 B/s, rate=0 B/s, pending=0 bytes
[migrater] timestamp=1779269638.96, migrating=False, epoch=2, total_epochs=3, configured=0 B/s, rate=0 B/s, pending=0 bytes
[migrater] timestamp=1779269639.07, migrating=False, epoch=2, total_epochs=3, configured=0 B/s, rate=0 B/s, pending=0 bytes
[migrater] timestamp=1779269639.17, migrating=False, epoch=2, total_epochs=3, configured=0 B/s, rate=0 B/s, pending=0 bytes
[migrater] timestamp=1779269639.27, migrating=False, epoch=2, total_epochs=3, configured=0 B/s, rate=0 B/s, pending=0 bytes
[migrater] timestamp=1779269639.37, migrating=False, epoch=2, total_epochs=3, configured=0 B/s, rate=0 B/s, pending=0 bytes
[migrater] timestamp=1779269639.47, migrating=False, epoch=2, total_epochs=3, configured=0 B/s, rate=0 B/s, pending=0 bytes
[migrater] timestamp=1779269639.57, migrating=False, epoch=2, total_epochs=3, configured=0 B/s, rate=0 B/s, pending=0 bytes
[migrater] timestamp=1779269639.67, migrating=False, epoch=2, total_epochs=3, configured=0 B/s, rate=0 B/s, pending=0 bytes
[migrater] timestamp=1779269639.77, migrating=False, epoch=2, total_epochs=3, configured=0 B/s, rate=0 B/s, pending=0 bytes
[migrater] timestamp=1779269639.87, migrating=False, epoch=2, total_epochs=3, configured=0 B/s, rate=0 B/s, pending=0 bytes
[migrater] timestamp=1779269639.97, migrating=False, epoch=2, total_epochs=3, configured=0 B/s, rate=0 B/s, pending=0 bytes
[migrater] timestamp=1779269640.07, migrating=False, epoch=2, total_epochs=3, configured=0 B/s, rate=0 B/s, pending=0 bytes
[migrater] timestamp=1779269640.17, migrating=False, epoch=2, total_epochs=3, configured=0 B/s, rate=0 B/s, pending=0 bytes
[migrater] timestamp=1779269640.27, migrating=False, epoch=2, total_epochs=3, configured=0 B/s, rate=0 B/s, pending=0 bytes
[migrater] timestamp=1779269640.37, migrating=False, epoch=2, total_epochs=3, configured=0 B/s, rate=0 B/s, pending=0 bytes
[migrater] timestamp=1779269640.47, migrating=False, epoch=2, total_epochs=3, configured=0 B/s, rate=0 B/s, pending=0 bytes
[migrater] timestamp=1779269640.57, migrating=False, epoch=2, total_epochs=3, configured=0 B/s, rate=0 B/s, pending=0 bytes
[migrater] timestamp=1779269640.67, migrating=False, epoch=2, total_epochs=3, configured=0 B/s, rate=0 B/s, pending=0 bytes
[migrater] timestamp=1779269640.77, migrating=False, epoch=2, total_epochs=3, configured=0 B/s, rate=0 B/s, pending=0 bytes
[migrater] timestamp=1779269640.87, migrating=False, epoch=2, total_epochs=3, configured=0 B/s, rate=0 B/s, pending=0 bytes
[migrater] timestamp=1779269640.97, migrating=False, epoch=2, total_epochs=3, configured=0 B/s, rate=0 B/s, pending=0 bytes
[migrater] timestamp=1779269641.07, migrating=False, epoch=2, total_epochs=3, configured=0 B/s, rate=0 B/s, pending=0 bytes
[migrater] timestamp=1779269641.17, migrating=False, epoch=2, total_epochs=3, configured=0 B/s, rate=0 B/s, pending=0 bytes
[migrater] timestamp=1779269641.27, migrating=False, epoch=2, total_epochs=3, configured=0 B/s, rate=0 B/s, pending=0 bytes
[migrater] timestamp=1779269641.37, migrating=False, epoch=2, total_epochs=3, configured=0 B/s, rate=0 B/s, pending=0 bytes
[migrater] timestamp=1779269641.47, migrating=False, epoch=2, total_epochs=3, configured=0 B/s, rate=0 B/s, pending=0 bytes
[migrater] timestamp=1779269641.58, migrating=False, epoch=2, total_epochs=3, configured=0 B/s, rate=0 B/s, pending=0 bytes
[migrater] timestamp=1779269641.68, migrating=False, epoch=2, total_epochs=3, configured=0 B/s, rate=0 B/s, pending=0 bytes
[migrater] timestamp=1779269641.78, migrating=False, epoch=2, total_epochs=3, configured=0 B/s, rate=0 B/s, pending=0 bytes
[migrater] timestamp=1779269641.88, migrating=False, epoch=2, total_epochs=3, configured=0 B/s, rate=0 B/s, pending=0 bytes
[migrater] timestamp=1779269641.98, migrating=False, epoch=2, total_epochs=3, configured=0 B/s, rate=0 B/s, pending=0 bytes
[migrater] timestamp=1779269642.08, migrating=False, epoch=2, total_epochs=3, configured=0 B/s, rate=0 B/s, pending=0 bytes
[migrater] timestamp=1779269642.18, migrating=False, epoch=2, total_epochs=3, configured=0 B/s, rate=0 B/s, pending=0 bytes
[migrater] timestamp=1779269642.28, migrating=False, epoch=2, total_epochs=3, configured=0 B/s, rate=0 B/s, pending=0 bytes
[migrater] timestamp=1779269642.38, migrating=False, epoch=2, total_epochs=3, configured=0 B/s, rate=0 B/s, pending=0 bytes
[migrater] timestamp=1779269642.48, migrating=False, epoch=2, total_epochs=3, configured=0 B/s, rate=0 B/s, pending=0 bytes
[migrater] timestamp=1779269642.58, migrating=False, epoch=2, total_epochs=3, configured=0 B/s, rate=0 B/s, pending=0 bytes
[migrater] timestamp=1779269642.68, migrating=False, epoch=2, total_epochs=3, configured=0 B/s, rate=0 B/s, pending=0 bytes
[migrater] timestamp=1779269642.78, migrating=False, epoch=2, total_epochs=3, configured=0 B/s, rate=0 B/s, pending=0 bytes
[migrater] timestamp=1779269642.88, migrating=False, epoch=2, total_epochs=3, configured=0 B/s, rate=0 B/s, pending=0 bytes
[migrater] timestamp=1779269642.98, migrating=False, epoch=2, total_epochs=3, configured=0 B/s, rate=0 B/s, pending=0 bytes
[migrater] timestamp=1779269643.08, migrating=False, epoch=2, total_epochs=3, configured=0 B/s, rate=0 B/s, pending=0 bytes
[migrater] timestamp=1779269643.18, migrating=False, epoch=2, total_epochs=3, configured=0 B/s, rate=0 B/s, pending=0 bytes
[migrater] timestamp=1779269643.28, migrating=False, epoch=2, total_epochs=3, configured=0 B/s, rate=0 B/s, pending=0 bytes
[migrater] timestamp=1779269643.38, migrating=False, epoch=2, total_epochs=3, configured=0 B/s, rate=0 B/s, pending=0 bytes
[migrater] timestamp=1779269643.48, migrating=False, epoch=2, total_epochs=3, configured=0 B/s, rate=0 B/s, pending=0 bytes
[migrater] timestamp=1779269643.58, migrating=False, epoch=2, total_epochs=3, configured=0 B/s, rate=0 B/s, pending=0 bytes
[migrater] timestamp=1779269643.68, migrating=False, epoch=2, total_epochs=3, configured=0 B/s, rate=0 B/s, pending=0 bytes
[migrater] timestamp=1779269643.78, migrating=False, epoch=2, total_epochs=3, configured=0 B/s, rate=0 B/s, pending=0 bytes
[migrater] timestamp=1779269643.88, migrating=False, epoch=2, total_epochs=3, configured=0 B/s, rate=0 B/s, pending=0 bytes
[migrater] timestamp=1779269643.98, migrating=False, epoch=2, total_epochs=3, configured=0 B/s, rate=0 B/s, pending=0 bytes
[migrater] timestamp=1779269644.08, migrating=False, epoch=2, total_epochs=3, configured=0 B/s, rate=0 B/s, pending=0 bytes
[migrater] timestamp=1779269644.19, migrating=False, epoch=2, total_epochs=3, configured=0 B/s, rate=0 B/s, pending=0 bytes
[migrater] timestamp=1779269644.29, migrating=False, epoch=2, total_epochs=3, configured=0 B/s, rate=0 B/s, pending=0 bytes
[migrater] timestamp=1779269644.39, migrating=False, epoch=2, total_epochs=3, configured=0 B/s, rate=0 B/s, pending=0 bytes
[migrater] timestamp=1779269644.49, migrating=False, epoch=2, total_epochs=3, configured=0 B/s, rate=0 B/s, pending=0 bytes
[migrater] timestamp=1779269644.59, migrating=False, epoch=2, total_epochs=3, configured=0 B/s, rate=0 B/s, pending=0 bytes
[migrater] timestamp=1779269644.69, migrating=False, epoch=2, total_epochs=3, configured=0 B/s, rate=0 B/s, pending=0 bytes
[migrater] timestamp=1779269644.79, migrating=False, epoch=2, total_epochs=3, configured=0 B/s, rate=0 B/s, pending=0 bytes
[migrater] timestamp=1779269644.89, migrating=False, epoch=2, total_epochs=3, configured=0 B/s, rate=0 B/s, pending=0 bytes
[migrater] timestamp=1779269644.99, migrating=False, epoch=2, total_epochs=3, configured=0 B/s, rate=0 B/s, pending=0 bytes
[migrater] timestamp=1779269645.09, migrating=False, epoch=2, total_epochs=3, configured=0 B/s, rate=0 B/s, pending=0 bytes
[migrater] timestamp=1779269645.19, migrating=False, epoch=2, total_epochs=3, configured=0 B/s, rate=0 B/s, pending=0 bytes
[migrater] timestamp=1779269645.29, migrating=False, epoch=2, total_epochs=3, configured=0 B/s, rate=0 B/s, pending=0 bytes
[migrater] timestamp=1779269645.39, migrating=False, epoch=2, total_epochs=3, configured=0 B/s, rate=0 B/s, pending=0 bytes
[migrater] timestamp=1779269645.49, migrating=False, epoch=2, total_epochs=3, configured=0 B/s, rate=0 B/s, pending=0 bytes
[migrater] timestamp=1779269645.59, migrating=False, epoch=2, total_epochs=3, configured=0 B/s, rate=0 B/s, pending=0 bytes
[migrater] timestamp=1779269645.69, migrating=False, epoch=2, total_epochs=3, configured=0 B/s, rate=0 B/s, pending=0 bytes
[migrater] timestamp=1779269645.79, migrating=False, epoch=2, total_epochs=3, configured=0 B/s, rate=0 B/s, pending=0 bytes
[migrater] timestamp=1779269645.89, migrating=False, epoch=2, total_epochs=3, configured=0 B/s, rate=0 B/s, pending=0 bytes
[migrater] timestamp=1779269645.99, migrating=False, epoch=2, total_epochs=3, configured=0 B/s, rate=0 B/s, pending=0 bytes
[migrater] timestamp=1779269646.09, migrating=False, epoch=2, total_epochs=3, configured=0 B/s, rate=0 B/s, pending=0 bytes
[migrater] timestamp=1779269646.19, migrating=False, epoch=2, total_epochs=3, configured=0 B/s, rate=0 B/s, pending=0 bytes
[migrater] timestamp=1779269646.29, migrating=False, epoch=2, total_epochs=3, configured=0 B/s, rate=0 B/s, pending=0 bytes
[migrater] timestamp=1779269646.39, migrating=False, epoch=2, total_epochs=3, configured=0 B/s, rate=0 B/s, pending=0 bytes
[migrater] timestamp=1779269646.49, migrating=False, epoch=2, total_epochs=3, configured=0 B/s, rate=0 B/s, pending=0 bytes
[migrater] timestamp=1779269646.59, migrating=False, epoch=2, total_epochs=3, configured=0 B/s, rate=0 B/s, pending=0 bytes
[migrater] timestamp=1779269646.69, migrating=False, epoch=2, total_epochs=3, configured=0 B/s, rate=0 B/s, pending=0 bytes
[migrater] timestamp=1779269646.80, migrating=False, epoch=2, total_epochs=3, configured=0 B/s, rate=0 B/s, pending=0 bytes
[migrater] timestamp=1779269646.90, migrating=False, epoch=2, total_epochs=3, configured=0 B/s, rate=0 B/s, pending=0 bytes
[migrater] timestamp=1779269647.00, migrating=False, epoch=2, total_epochs=3, configured=0 B/s, rate=0 B/s, pending=0 bytes
[migrater] timestamp=1779269647.10, migrating=False, epoch=2, total_epochs=3, configured=0 B/s, rate=0 B/s, pending=0 bytes
[migrater] timestamp=1779269647.20, migrating=False, epoch=2, total_epochs=3, configured=0 B/s, rate=0 B/s, pending=0 bytes
[migrater] timestamp=1779269647.30, migrating=False, epoch=2, total_epochs=3, configured=0 B/s, rate=0 B/s, pending=0 bytes
[migrater] timestamp=1779269647.40, migrating=False, epoch=2, total_epochs=3, configured=0 B/s, rate=0 B/s, pending=0 bytes
[migrater] timestamp=1779269647.50, migrating=False, epoch=2, total_epochs=3, configured=0 B/s, rate=0 B/s, pending=0 bytes
[migrater] timestamp=1779269647.60, migrating=False, epoch=2, total_epochs=3, configured=0 B/s, rate=0 B/s, pending=0 bytes
[migrater] timestamp=1779269647.70, migrating=False, epoch=2, total_epochs=3, configured=0 B/s, rate=0 B/s, pending=0 bytes
[migrater] timestamp=1779269647.80, migrating=False, epoch=2, total_epochs=3, configured=0 B/s, rate=0 B/s, pending=0 bytes
[migrater] timestamp=1779269647.90, migrating=False, epoch=2, total_epochs=3, configured=0 B/s, rate=0 B/s, pending=0 bytes
[migrater] timestamp=1779269648.00, migrating=False, epoch=2, total_epochs=3, configured=0 B/s, rate=0 B/s, pending=0 bytes
[migrater] timestamp=1779269648.10, migrating=False, epoch=2, total_epochs=3, configured=0 B/s, rate=0 B/s, pending=0 bytes
[migrater] timestamp=1779269648.20, migrating=False, epoch=2, total_epochs=3, configured=0 B/s, rate=0 B/s, pending=0 bytes
[migrater] timestamp=1779269648.30, migrating=False, epoch=2, total_epochs=3, configured=0 B/s, rate=0 B/s, pending=0 bytes
[migrater] timestamp=1779269648.40, migrating=False, epoch=2, total_epochs=3, configured=0 B/s, rate=0 B/s, pending=0 bytes
[migrater] timestamp=1779269648.50, migrating=False, epoch=2, total_epochs=3, configured=0 B/s, rate=0 B/s, pending=0 bytes
[migrater] timestamp=1779269648.60, migrating=False, epoch=2, total_epochs=3, configured=0 B/s, rate=0 B/s, pending=0 bytes
[migrater] timestamp=1779269648.70, migrating=False, epoch=2, total_epochs=3, configured=0 B/s, rate=0 B/s, pending=0 bytes
[migrater] timestamp=1779269648.80, migrating=False, epoch=2, total_epochs=3, configured=0 B/s, rate=0 B/s, pending=0 bytes
[migrater] timestamp=1779269648.90, migrating=False, epoch=2, total_epochs=3, configured=0 B/s, rate=0 B/s, pending=0 bytes
[migrater] timestamp=1779269649.00, migrating=False, epoch=2, total_epochs=3, configured=0 B/s, rate=0 B/s, pending=0 bytes
[migrater] timestamp=1779269649.10, migrating=False, epoch=2, total_epochs=3, configured=0 B/s, rate=0 B/s, pending=0 bytes
[migrater] timestamp=1779269649.20, migrating=False, epoch=2, total_epochs=3, configured=0 B/s, rate=0 B/s, pending=0 bytes
[migrater] timestamp=1779269649.30, migrating=False, epoch=2, total_epochs=3, configured=0 B/s, rate=0 B/s, pending=0 bytes
[migrater] timestamp=1779269649.41, migrating=False, epoch=2, total_epochs=3, configured=0 B/s, rate=0 B/s, pending=0 bytes
[migrater] timestamp=1779269649.51, migrating=False, epoch=2, total_epochs=3, configured=0 B/s, rate=0 B/s, pending=0 bytes
[migrater] timestamp=1779269649.61, migrating=False, epoch=2, total_epochs=3, configured=0 B/s, rate=0 B/s, pending=0 bytes
[migrater] timestamp=1779269649.71, migrating=False, epoch=2, total_epochs=3, configured=0 B/s, rate=0 B/s, pending=0 bytes
[migrater] timestamp=1779269649.81, migrating=False, epoch=2, total_epochs=3, configured=0 B/s, rate=0 B/s, pending=0 bytes
[migrater] timestamp=1779269649.91, migrating=False, epoch=2, total_epochs=3, configured=0 B/s, rate=0 B/s, pending=0 bytes
[migrater] timestamp=1779269650.01, migrating=False, epoch=2, total_epochs=3, configured=0 B/s, rate=0 B/s, pending=0 bytes
[migrater] timestamp=1779269650.11, migrating=False, epoch=2, total_epochs=3, configured=0 B/s, rate=0 B/s, pending=0 bytes
[migrater] timestamp=1779269650.21, migrating=False, epoch=2, total_epochs=3, configured=0 B/s, rate=0 B/s, pending=0 bytes
[migrater] timestamp=1779269650.31, migrating=False, epoch=2, total_epochs=3, configured=0 B/s, rate=0 B/s, pending=0 bytes
[migrater] timestamp=1779269650.41, migrating=False, epoch=2, total_epochs=3, configured=0 B/s, rate=0 B/s, pending=0 bytes
[migrater] timestamp=1779269650.51, migrating=False, epoch=2, total_epochs=3, configured=0 B/s, rate=0 B/s, pending=0 bytes
[migrater] timestamp=1779269650.61, migrating=False, epoch=2, total_epochs=3, configured=0 B/s, rate=0 B/s, pending=0 bytes
[migrater] timestamp=1779269650.71, migrating=False, epoch=2, total_epochs=3, configured=0 B/s, rate=0 B/s, pending=0 bytes
[migrater] timestamp=1779269650.81, migrating=False, epoch=2, total_epochs=3, configured=0 B/s, rate=0 B/s, pending=0 bytes
[migrater] timestamp=1779269650.91, migrating=False, epoch=2, total_epochs=3, configured=0 B/s, rate=0 B/s, pending=0 bytes
[migrater] timestamp=1779269651.01, migrating=False, epoch=2, total_epochs=3, configured=0 B/s, rate=0 B/s, pending=0 bytes
[migrater] timestamp=1779269651.11, migrating=False, epoch=2, total_epochs=3, configured=0 B/s, rate=0 B/s, pending=0 bytes
[migrater] timestamp=1779269651.21, migrating=False, epoch=2, total_epochs=3, configured=0 B/s, rate=0 B/s, pending=0 bytes
[migrater] timestamp=1779269651.31, migrating=False, epoch=2, total_epochs=3, configured=0 B/s, rate=0 B/s, pending=0 bytes
[migrater] timestamp=1779269651.41, migrating=False, epoch=2, total_epochs=3, configured=0 B/s, rate=0 B/s, pending=0 bytes
[migrater] timestamp=1779269651.51, migrating=False, epoch=2, total_epochs=3, configured=0 B/s, rate=0 B/s, pending=0 bytes
[migrater] timestamp=1779269651.61, migrating=False, epoch=2, total_epochs=3, configured=0 B/s, rate=0 B/s, pending=0 bytes
[migrater] timestamp=1779269651.71, migrating=False, epoch=2, total_epochs=3, configured=0 B/s, rate=0 B/s, pending=0 bytes
[migrater] timestamp=1779269651.81, migrating=False, epoch=2, total_epochs=3, configured=0 B/s, rate=0 B/s, pending=0 bytes
[migrater] timestamp=1779269651.91, migrating=False, epoch=2, total_epochs=3, configured=0 B/s, rate=0 B/s, pending=0 bytes
[migrater] timestamp=1779269652.02, migrating=False, epoch=2, total_epochs=3, configured=0 B/s, rate=0 B/s, pending=0 bytes
[migrater] timestamp=1779269652.12, migrating=False, epoch=2, total_epochs=3, configured=0 B/s, rate=0 B/s, pending=0 bytes
[migrater] timestamp=1779269652.22, migrating=False, epoch=2, total_epochs=3, configured=0 B/s, rate=0 B/s, pending=0 bytes
[migrater] timestamp=1779269652.32, migrating=False, epoch=2, total_epochs=3, configured=0 B/s, rate=0 B/s, pending=0 bytes
[migrater] timestamp=1779269652.42, migrating=False, epoch=2, total_epochs=3, configured=0 B/s, rate=0 B/s, pending=0 bytes
[migrater] timestamp=1779269652.52, migrating=False, epoch=2, total_epochs=3, configured=0 B/s, rate=0 B/s, pending=0 bytes
[migrater] timestamp=1779269652.62, migrating=False, epoch=2, total_epochs=3, configured=0 B/s, rate=0 B/s, pending=0 bytes
[migrater] timestamp=1779269652.72, migrating=False, epoch=2, total_epochs=3, configured=0 B/s, rate=0 B/s, pending=0 bytes
[migrater] timestamp=1779269652.82, migrating=False, epoch=2, total_epochs=3, configured=0 B/s, rate=0 B/s, pending=0 bytes
[migrater] timestamp=1779269652.92, migrating=False, epoch=2, total_epochs=3, configured=0 B/s, rate=0 B/s, pending=0 bytes
[migrater] timestamp=1779269653.02, migrating=False, epoch=2, total_epochs=3, configured=0 B/s, rate=0 B/s, pending=0 bytes
[migrater] timestamp=1779269653.12, migrating=False, epoch=2, total_epochs=3, configured=0 B/s, rate=0 B/s, pending=0 bytes
[migrater] timestamp=1779269653.22, migrating=False, epoch=2, total_epochs=3, configured=0 B/s, rate=0 B/s, pending=0 bytes
[migrater] timestamp=1779269653.32, migrating=False, epoch=2, total_epochs=3, configured=0 B/s, rate=0 B/s, pending=0 bytes
[migrater] timestamp=1779269653.42, migrating=False, epoch=2, total_epochs=3, configured=0 B/s, rate=0 B/s, pending=0 bytes
[migrater] timestamp=1779269653.52, migrating=False, epoch=2, total_epochs=3, configured=0 B/s, rate=0 B/s, pending=0 bytes
[migrater] timestamp=1779269653.62, migrating=False, epoch=2, total_epochs=3, configured=0 B/s, rate=0 B/s, pending=0 bytes
[migrater] timestamp=1779269653.72, migrating=False, epoch=2, total_epochs=3, configured=0 B/s, rate=0 B/s, pending=0 bytes
[migrater] timestamp=1779269653.82, migrating=False, epoch=2, total_epochs=3, configured=0 B/s, rate=0 B/s, pending=0 bytes
[migrater] timestamp=1779269653.92, migrating=False, epoch=2, total_epochs=3, configured=0 B/s, rate=0 B/s, pending=0 bytes
[migrater] timestamp=1779269654.02, migrating=False, epoch=2, total_epochs=3, configured=0 B/s, rate=0 B/s, pending=0 bytes
[migrater] timestamp=1779269654.12, migrating=False, epoch=2, total_epochs=3, configured=0 B/s, rate=0 B/s, pending=0 bytes
[migrater] timestamp=1779269654.22, migrating=False, epoch=2, total_epochs=3, configured=0 B/s, rate=0 B/s, pending=0 bytes
[migrater] timestamp=1779269654.32, migrating=False, epoch=2, total_epochs=3, configured=0 B/s, rate=0 B/s, pending=0 bytes
[migrater] timestamp=1779269654.42, migrating=False, epoch=2, total_epochs=3, configured=0 B/s, rate=0 B/s, pending=0 bytes
[migrater] timestamp=1779269654.53, migrating=False, epoch=2, total_epochs=3, configured=0 B/s, rate=0 B/s, pending=0 bytes
[migrater] timestamp=1779269654.63, migrating=False, epoch=2, total_epochs=3, configured=0 B/s, rate=0 B/s, pending=0 bytes
[migrater] timestamp=1779269654.73, migrating=False, epoch=2, total_epochs=3, configured=0 B/s, rate=0 B/s, pending=0 bytes
[migrater] timestamp=1779269654.83, migrating=False, epoch=2, total_epochs=3, configured=0 B/s, rate=0 B/s, pending=0 bytes
[migrater] timestamp=1779269654.93, migrating=False, epoch=2, total_epochs=3, configured=0 B/s, rate=0 B/s, pending=0 bytes
[migrater] timestamp=1779269655.03, migrating=False, epoch=2, total_epochs=3, configured=0 B/s, rate=0 B/s, pending=0 bytes
[migrater] timestamp=1779269655.13, migrating=False, epoch=2, total_epochs=3, configured=0 B/s, rate=0 B/s, pending=0 bytes
[migrater] timestamp=1779269655.23, migrating=False, epoch=2, total_epochs=3, configured=0 B/s, rate=0 B/s, pending=0 bytes
[migrater] timestamp=1779269655.33, migrating=False, epoch=2, total_epochs=3, configured=0 B/s, rate=0 B/s, pending=0 bytes
[migrater] timestamp=1779269655.43, migrating=False, epoch=2, total_epochs=3, configured=0 B/s, rate=0 B/s, pending=0 bytes
[migrater] timestamp=1779269655.53, migrating=False, epoch=2, total_epochs=3, configured=0 B/s, rate=0 B/s, pending=0 bytes
[migrater] timestamp=1779269655.63, migrating=False, epoch=2, total_epochs=3, configured=0 B/s, rate=0 B/s, pending=0 bytes
[migrater] timestamp=1779269655.73, migrating=False, epoch=2, total_epochs=3, configured=0 B/s, rate=0 B/s, pending=0 bytes
[migrater] timestamp=1779269655.83, migrating=False, epoch=2, total_epochs=3, configured=0 B/s, rate=0 B/s, pending=0 bytes
[migrater] timestamp=1779269655.93, migrating=False, epoch=2, total_epochs=3, configured=0 B/s, rate=0 B/s, pending=0 bytes
[migrater] timestamp=1779269656.03, migrating=False, epoch=2, total_epochs=3, configured=0 B/s, rate=0 B/s, pending=0 bytes
[migrater] timestamp=1779269656.13, migrating=False, epoch=2, total_epochs=3, configured=0 B/s, rate=0 B/s, pending=0 bytes
[migrater] timestamp=1779269656.23, migrating=False, epoch=2, total_epochs=3, configured=0 B/s, rate=0 B/s, pending=0 bytes
[migrater] timestamp=1779269656.33, migrating=False, epoch=2, total_epochs=3, configured=0 B/s, rate=0 B/s, pending=0 bytes
[migrater] timestamp=1779269656.43, migrating=False, epoch=2, total_epochs=3, configured=0 B/s, rate=0 B/s, pending=0 bytes
[migrater] timestamp=1779269656.53, migrating=False, epoch=2, total_epochs=3, configured=0 B/s, rate=0 B/s, pending=0 bytes
[migrater] timestamp=1779269656.63, migrating=False, epoch=2, total_epochs=3, configured=0 B/s, rate=0 B/s, pending=0 bytes
[migrater] timestamp=1779269656.73, migrating=False, epoch=2, total_epochs=3, configured=0 B/s, rate=0 B/s, pending=0 bytes
[migrater] timestamp=1779269656.83, migrating=False, epoch=2, total_epochs=3, configured=0 B/s, rate=0 B/s, pending=0 bytes
[migrater] timestamp=1779269656.93, migrating=False, epoch=2, total_epochs=3, configured=0 B/s, rate=0 B/s, pending=0 bytes
[migrater] timestamp=1779269657.03, migrating=False, epoch=2, total_epochs=3, configured=0 B/s, rate=0 B/s, pending=0 bytes
[migrater] timestamp=1779269657.14, migrating=False, epoch=2, total_epochs=3, configured=0 B/s, rate=0 B/s, pending=0 bytes
[migrater] timestamp=1779269657.24, migrating=False, epoch=2, total_epochs=3, configured=0 B/s, rate=0 B/s, pending=0 bytes
[migrater] timestamp=1779269657.34, migrating=False, epoch=2, total_epochs=3, configured=0 B/s, rate=0 B/s, pending=0 bytes
[migrater] timestamp=1779269657.44, migrating=False, epoch=2, total_epochs=3, configured=0 B/s, rate=0 B/s, pending=0 bytes
[migrater] timestamp=1779269657.54, migrating=False, epoch=2, total_epochs=3, configured=0 B/s, rate=0 B/s, pending=0 bytes
[migrater] timestamp=1779269657.64, migrating=False, epoch=2, total_epochs=3, configured=0 B/s, rate=0 B/s, pending=0 bytes
[migrater] timestamp=1779269657.74, migrating=False, epoch=2, total_epochs=3, configured=0 B/s, rate=0 B/s, pending=0 bytes
[migrater] timestamp=1779269657.84, migrating=False, epoch=2, total_epochs=3, configured=0 B/s, rate=0 B/s, pending=0 bytes
[migrater] timestamp=1779269657.94, migrating=False, epoch=2, total_epochs=3, configured=0 B/s, rate=0 B/s, pending=0 bytes
[migrater] timestamp=1779269658.04, migrating=False, epoch=2, total_epochs=3, configured=0 B/s, rate=0 B/s, pending=0 bytes
[migrater] timestamp=1779269658.14, migrating=False, epoch=2, total_epochs=3, configured=0 B/s, rate=0 B/s, pending=0 bytes
[migrater] timestamp=1779269658.24, migrating=False, epoch=2, total_epochs=3, configured=0 B/s, rate=0 B/s, pending=0 bytes
[migrater] timestamp=1779269658.34, migrating=False, epoch=2, total_epochs=3, configured=0 B/s, rate=0 B/s, pending=0 bytes
[migrater] timestamp=1779269658.44, migrating=False, epoch=2, total_epochs=3, configured=0 B/s, rate=0 B/s, pending=0 bytes
[migrater] timestamp=1779269658.54, migrating=False, epoch=2, total_epochs=3, configured=0 B/s, rate=0 B/s, pending=0 bytes
[migrater] timestamp=1779269658.64, migrating=False, epoch=2, total_epochs=3, configured=0 B/s, rate=0 B/s, pending=0 bytes
[migrater] timestamp=1779269658.74, migrating=False, epoch=2, total_epochs=3, configured=0 B/s, rate=0 B/s, pending=0 bytes
[migrater] timestamp=1779269658.84, migrating=False, epoch=2, total_epochs=3, configured=0 B/s, rate=0 B/s, pending=0 bytes
[migrater] timestamp=1779269658.94, migrating=False, epoch=2, total_epochs=3, configured=0 B/s, rate=0 B/s, pending=0 bytes
[migrater] timestamp=1779269659.04, migrating=False, epoch=2, total_epochs=3, configured=0 B/s, rate=0 B/s, pending=0 bytes
[migrater] timestamp=1779269659.14, migrating=False, epoch=2, total_epochs=3, configured=0 B/s, rate=0 B/s, pending=0 bytes
[migrater] timestamp=1779269659.24, migrating=False, epoch=2, total_epochs=3, configured=0 B/s, rate=0 B/s, pending=0 bytes
[migrater] timestamp=1779269659.34, migrating=False, epoch=2, total_epochs=3, configured=0 B/s, rate=0 B/s, pending=0 bytes
[migrater] timestamp=1779269659.44, migrating=False, epoch=2, total_epochs=3, configured=0 B/s, rate=0 B/s, pending=0 bytes
[migrater] timestamp=1779269659.54, migrating=False, epoch=2, total_epochs=3, configured=0 B/s, rate=0 B/s, pending=0 bytes
[migrater] timestamp=1779269659.64, migrating=False, epoch=2, total_epochs=3, configured=0 B/s, rate=0 B/s, pending=0 bytes
[migrater] timestamp=1779269659.75, migrating=False, epoch=2, total_epochs=3, configured=0 B/s, rate=0 B/s, pending=0 bytes
[migrater] timestamp=1779269659.85, migrating=False, epoch=2, total_epochs=3, configured=0 B/s, rate=0 B/s, pending=0 bytes
[migrater] timestamp=1779269659.95, migrating=False, epoch=2, total_epochs=3, configured=0 B/s, rate=0 B/s, pending=0 bytes
[migrater] timestamp=1779269660.05, migrating=False, epoch=2, total_epochs=3, configured=0 B/s, rate=0 B/s, pending=0 bytes
[migrater] timestamp=1779269660.15, migrating=False, epoch=2, total_epochs=3, configured=0 B/s, rate=0 B/s, pending=0 bytes
[migrater] timestamp=1779269660.25, migrating=False, epoch=2, total_epochs=3, configured=0 B/s, rate=0 B/s, pending=0 bytes
[migrater] timestamp=1779269660.35, migrating=False, epoch=2, total_epochs=3, configured=0 B/s, rate=0 B/s, pending=0 bytes
[migrater] timestamp=1779269660.45, migrating=False, epoch=2, total_epochs=3, configured=0 B/s, rate=0 B/s, pending=0 bytes
[migrater] timestamp=1779269660.55, migrating=False, epoch=2, total_epochs=3, configured=0 B/s, rate=0 B/s, pending=0 bytes
[migrater] timestamp=1779269660.65, migrating=False, epoch=2, total_epochs=3, configured=0 B/s, rate=0 B/s, pending=0 bytes
[migrater] timestamp=1779269660.75, migrating=False, epoch=2, total_epochs=3, configured=0 B/s, rate=0 B/s, pending=0 bytes
[migrater] timestamp=1779269660.85, migrating=False, epoch=2, total_epochs=3, configured=0 B/s, rate=0 B/s, pending=0 bytes
[migrater] timestamp=1779269660.95, migrating=False, epoch=2, total_epochs=3, configured=0 B/s, rate=0 B/s, pending=0 bytes
[migrater] timestamp=1779269661.05, migrating=False, epoch=2, total_epochs=3, configured=0 B/s, rate=0 B/s, pending=0 bytes
[migrater] timestamp=1779269661.15, migrating=False, epoch=2, total_epochs=3, configured=0 B/s, rate=0 B/s, pending=0 bytes
[migrater] timestamp=1779269661.25, migrating=False, epoch=2, total_epochs=3, configured=0 B/s, rate=0 B/s, pending=0 bytes
[migrater] timestamp=1779269661.35, migrating=False, epoch=2, total_epochs=3, configured=0 B/s, rate=0 B/s, pending=0 bytes
[migrater] timestamp=1779269661.45, migrating=False, epoch=2, total_epochs=3, configured=0 B/s, rate=0 B/s, pending=0 bytes
[migrater] timestamp=1779269661.55, migrating=False, epoch=2, total_epochs=3, configured=0 B/s, rate=0 B/s, pending=0 bytes
[migrater] timestamp=1779269661.65, migrating=False, epoch=2, total_epochs=3, configured=0 B/s, rate=0 B/s, pending=0 bytes
[migrater] timestamp=1779269661.75, migrating=False, epoch=2, total_epochs=3, configured=0 B/s, rate=0 B/s, pending=0 bytes
[migrater] timestamp=1779269661.85, migrating=False, epoch=2, total_epochs=3, configured=0 B/s, rate=0 B/s, pending=0 bytes
[migrater] timestamp=1779269661.95, migrating=False, epoch=2, total_epochs=3, configured=0 B/s, rate=0 B/s, pending=0 bytes
[migrater] timestamp=1779269662.05, migrating=False, epoch=2, total_epochs=3, configured=0 B/s, rate=0 B/s, pending=0 bytes
[migrater] timestamp=1779269662.15, migrating=False, epoch=2, total_epochs=3, configured=0 B/s, rate=0 B/s, pending=0 bytes
[migrater] timestamp=1779269662.26, migrating=False, epoch=2, total_epochs=3, configured=0 B/s, rate=0 B/s, pending=0 bytes
[migrater] timestamp=1779269662.36, migrating=False, epoch=2, total_epochs=3, configured=0 B/s, rate=0 B/s, pending=0 bytes
[migrater] timestamp=1779269662.46, migrating=False, epoch=2, total_epochs=3, configured=0 B/s, rate=0 B/s, pending=0 bytes
[migrater] timestamp=1779269662.56, migrating=False, epoch=2, total_epochs=3, configured=0 B/s, rate=0 B/s, pending=0 bytes
[migrater] timestamp=1779269662.66, migrating=False, epoch=2, total_epochs=3, configured=0 B/s, rate=0 B/s, pending=0 bytes
[migrater] timestamp=1779269662.76, migrating=False, epoch=2, total_epochs=3, configured=0 B/s, rate=0 B/s, pending=0 bytes
[migrater] timestamp=1779269662.86, migrating=False, epoch=2, total_epochs=3, configured=0 B/s, rate=0 B/s, pending=0 bytes
[migrater] timestamp=1779269662.96, migrating=False, epoch=2, total_epochs=3, configured=0 B/s, rate=0 B/s, pending=0 bytes
[migrater] timestamp=1779269663.06, migrating=False, epoch=2, total_epochs=3, configured=0 B/s, rate=0 B/s, pending=0 bytes
[migrater] timestamp=1779269663.16, migrating=False, epoch=2, total_epochs=3, configured=0 B/s, rate=0 B/s, pending=0 bytes
[migrater] timestamp=1779269663.26, migrating=False, epoch=2, total_epochs=3, configured=0 B/s, rate=0 B/s, pending=0 bytes
[migrater] timestamp=1779269663.36, migrating=False, epoch=2, total_epochs=3, configured=0 B/s, rate=0 B/s, pending=0 bytes
[migrater] timestamp=1779269663.46, migrating=False, epoch=2, total_epochs=3, configured=0 B/s, rate=0 B/s, pending=0 bytes
[migrater] timestamp=1779269663.56, migrating=False, epoch=2, total_epochs=3, configured=0 B/s, rate=0 B/s, pending=0 bytes
[migrater] timestamp=1779269663.66, migrating=False, epoch=2, total_epochs=3, configured=0 B/s, rate=0 B/s, pending=0 bytes
[migrater] timestamp=1779269663.76, migrating=False, epoch=2, total_epochs=3, configured=0 B/s, rate=0 B/s, pending=0 bytes
[migrater] timestamp=1779269663.86, migrating=False, epoch=2, total_epochs=3, configured=0 B/s, rate=0 B/s, pending=0 bytes
[migrater] timestamp=1779269663.96, migrating=False, epoch=2, total_epochs=3, configured=0 B/s, rate=0 B/s, pending=0 bytes
[migrater] timestamp=1779269664.06, migrating=False, epoch=2, total_epochs=3, configured=0 B/s, rate=0 B/s, pending=0 bytes
[migrater] timestamp=1779269664.16, migrating=False, epoch=2, total_epochs=3, configured=0 B/s, rate=0 B/s, pending=0 bytes
[migrater] timestamp=1779269664.26, migrating=False, epoch=2, total_epochs=3, configured=0 B/s, rate=0 B/s, pending=0 bytes
[migrater] timestamp=1779269664.36, migrating=False, epoch=2, total_epochs=3, configured=0 B/s, rate=0 B/s, pending=0 bytes
[migrater] timestamp=1779269664.46, migrating=False, epoch=2, total_epochs=3, configured=0 B/s, rate=0 B/s, pending=0 bytes
[migrater] timestamp=1779269664.56, migrating=False, epoch=2, total_epochs=3, configured=0 B/s, rate=0 B/s, pending=0 bytes
[migrater] timestamp=1779269664.66, migrating=False, epoch=2, total_epochs=3, configured=0 B/s, rate=0 B/s, pending=0 bytes
[migrater] timestamp=1779269664.76, migrating=False, epoch=2, total_epochs=3, configured=0 B/s, rate=0 B/s, pending=0 bytes
[migrater] timestamp=1779269664.86, migrating=False, epoch=2, total_epochs=3, configured=0 B/s, rate=0 B/s, pending=0 bytes
[migrater] timestamp=1779269664.97, migrating=False, epoch=2, total_epochs=3, configured=0 B/s, rate=0 B/s, pending=0 bytes
[migrater] timestamp=1779269665.07, migrating=False, epoch=2, total_epochs=3, configured=0 B/s, rate=0 B/s, pending=0 bytes
[migrater] timestamp=1779269665.17, migrating=False, epoch=2, total_epochs=3, configured=0 B/s, rate=0 B/s, pending=0 bytes
[migrater] timestamp=1779269665.27, migrating=False, epoch=2, total_epochs=3, configured=0 B/s, rate=0 B/s, pending=0 bytes
[migrater] timestamp=1779269665.37, migrating=False, epoch=2, total_epochs=3, configured=0 B/s, rate=0 B/s, pending=0 bytes
[migrater] timestamp=1779269665.47, migrating=False, epoch=2, total_epochs=3, configured=0 B/s, rate=0 B/s, pending=0 bytes
[migrater] timestamp=1779269665.57, migrating=False, epoch=2, total_epochs=3, configured=0 B/s, rate=0 B/s, pending=0 bytes
[migrater] timestamp=1779269665.67, migrating=False, epoch=2, total_epochs=3, configured=0 B/s, rate=0 B/s, pending=0 bytes
[migrater] timestamp=1779269665.77, migrating=False, epoch=2, total_epochs=3, configured=0 B/s, rate=0 B/s, pending=0 bytes
[migrater] timestamp=1779269665.87, migrating=False, epoch=2, total_epochs=3, configured=0 B/s, rate=0 B/s, pending=0 bytes
[migrater] timestamp=1779269665.97, migrating=False, epoch=2, total_epochs=3, configured=0 B/s, rate=0 B/s, pending=0 bytes
[migrater] timestamp=1779269666.07, migrating=False, epoch=2, total_epochs=3, configured=0 B/s, rate=0 B/s, pending=0 bytes
[migrater] timestamp=1779269666.17, migrating=False, epoch=2, total_epochs=3, configured=0 B/s, rate=0 B/s, pending=0 bytes
[migrater] timestamp=1779269666.27, migrating=False, epoch=2, total_epochs=3, configured=0 B/s, rate=0 B/s, pending=0 bytes
[migrater] timestamp=1779269666.37, migrating=False, epoch=2, total_epochs=3, configured=0 B/s, rate=0 B/s, pending=0 bytes
[migrater] timestamp=1779269666.47, migrating=False, epoch=2, total_epochs=3, configured=0 B/s, rate=0 B/s, pending=0 bytes
[migrater] timestamp=1779269666.57, migrating=False, epoch=2, total_epochs=3, configured=0 B/s, rate=0 B/s, pending=0 bytes
[migrater] timestamp=1779269666.67, migrating=False, epoch=2, total_epochs=3, configured=0 B/s, rate=0 B/s, pending=0 bytes
[migrater] timestamp=1779269666.77, migrating=False, epoch=2, total_epochs=3, configured=0 B/s, rate=0 B/s, pending=0 bytes
[migrater] timestamp=1779269666.87, migrating=False, epoch=2, total_epochs=3, configured=0 B/s, rate=0 B/s, pending=0 bytes
[migrater] timestamp=1779269666.97, migrating=False, epoch=2, total_epochs=3, configured=0 B/s, rate=0 B/s, pending=0 bytes
[migrater] timestamp=1779269667.07, migrating=False, epoch=2, total_epochs=3, configured=0 B/s, rate=0 B/s, pending=0 bytes
[migrater] timestamp=1779269667.17, migrating=False, epoch=2, total_epochs=3, configured=0 B/s, rate=0 B/s, pending=0 bytes
[migrater] timestamp=1779269667.27, migrating=False, epoch=2, total_epochs=3, configured=0 B/s, rate=0 B/s, pending=0 bytes
[migrater] timestamp=1779269667.37, migrating=False, epoch=2, total_epochs=3, configured=0 B/s, rate=0 B/s, pending=0 bytes
[migrater] timestamp=1779269667.47, migrating=False, epoch=2, total_epochs=3, configured=0 B/s, rate=0 B/s, pending=0 bytes
[migrater] timestamp=1779269667.58, migrating=False, epoch=2, total_epochs=3, configured=0 B/s, rate=0 B/s, pending=0 bytes
[migrater] timestamp=1779269667.68, migrating=False, epoch=2, total_epochs=3, configured=0 B/s, rate=0 B/s, pending=0 bytes
[migrater] timestamp=1779269667.78, migrating=False, epoch=2, total_epochs=3, configured=0 B/s, rate=0 B/s, pending=0 bytes
[migrater] timestamp=1779269667.88, migrating=False, epoch=2, total_epochs=3, configured=0 B/s, rate=0 B/s, pending=0 bytes
[migrater] timestamp=1779269667.98, migrating=False, epoch=2, total_epochs=3, configured=0 B/s, rate=0 B/s, pending=0 bytes
[migrater] timestamp=1779269668.08, migrating=False, epoch=2, total_epochs=3, configured=0 B/s, rate=0 B/s, pending=0 bytes
[migrater] timestamp=1779269668.18, migrating=False, epoch=2, total_epochs=3, configured=0 B/s, rate=0 B/s, pending=0 bytes
[migrater] timestamp=1779269668.28, migrating=False, epoch=2, total_epochs=3, configured=0 B/s, rate=0 B/s, pending=0 bytes
[migrater] timestamp=1779269668.38, migrating=False, epoch=2, total_epochs=3, configured=0 B/s, rate=0 B/s, pending=0 bytes
[migrater] timestamp=1779269668.48, migrating=False, epoch=2, total_epochs=3, configured=0 B/s, rate=0 B/s, pending=0 bytes
[migrater] timestamp=1779269668.58, migrating=False, epoch=2, total_epochs=3, configured=0 B/s, rate=0 B/s, pending=0 bytes
[migrater] timestamp=1779269668.68, migrating=False, epoch=2, total_epochs=3, configured=0 B/s, rate=0 B/s, pending=0 bytes
[migrater] timestamp=1779269668.78, migrating=False, epoch=2, total_epochs=3, configured=0 B/s, rate=0 B/s, pending=0 bytes
[migrater] timestamp=1779269668.88, migrating=False, epoch=2, total_epochs=3, configured=0 B/s, rate=0 B/s, pending=0 bytes
[migrater] timestamp=1779269668.98, migrating=False, epoch=2, total_epochs=3, configured=0 B/s, rate=0 B/s, pending=0 bytes
[migrater] timestamp=1779269669.08, migrating=False, epoch=2, total_epochs=3, configured=0 B/s, rate=0 B/s, pending=0 bytes
[migrater] timestamp=1779269669.18, migrating=False, epoch=2, total_epochs=3, configured=0 B/s, rate=0 B/s, pending=0 bytes
[migrater] timestamp=1779269669.28, migrating=False, epoch=2, total_epochs=3, configured=0 B/s, rate=0 B/s, pending=0 bytes
[migrater] timestamp=1779269669.38, migrating=False, epoch=2, total_epochs=3, configured=0 B/s, rate=0 B/s, pending=0 bytes
[migrater] timestamp=1779269669.48, migrating=False, epoch=2, total_epochs=3, configured=0 B/s, rate=0 B/s, pending=0 bytes
[migrater] timestamp=1779269669.58, migrating=False, epoch=2, total_epochs=3, configured=0 B/s, rate=0 B/s, pending=0 bytes
[migrater] timestamp=1779269669.69, migrating=False, epoch=2, total_epochs=3, configured=0 B/s, rate=0 B/s, pending=0 bytes
[migrater] timestamp=1779269669.79, migrating=False, epoch=2, total_epochs=3, configured=0 B/s, rate=0 B/s, pending=0 bytes
[migrater] timestamp=1779269669.89, migrating=False, epoch=2, total_epochs=3, configured=0 B/s, rate=0 B/s, pending=0 bytes
[migrater] timestamp=1779269669.99, migrating=False, epoch=2, total_epochs=3, configured=0 B/s, rate=0 B/s, pending=0 bytes
[migrater] timestamp=1779269670.09, migrating=False, epoch=2, total_epochs=3, configured=0 B/s, rate=0 B/s, pending=0 bytes
[migrater] timestamp=1779269670.19, migrating=False, epoch=2, total_epochs=3, configured=0 B/s, rate=0 B/s, pending=0 bytes
[migrater] timestamp=1779269670.29, migrating=False, epoch=2, total_epochs=3, configured=0 B/s, rate=0 B/s, pending=0 bytes
[migrater] timestamp=1779269670.39, migrating=False, epoch=2, total_epochs=3, configured=0 B/s, rate=0 B/s, pending=0 bytes
[migrater] timestamp=1779269670.49, migrating=False, epoch=2, total_epochs=3, configured=0 B/s, rate=0 B/s, pending=0 bytes
[migrater] timestamp=1779269670.59, migrating=False, epoch=2, total_epochs=3, configured=0 B/s, rate=0 B/s, pending=0 bytes
[migrater] timestamp=1779269670.69, migrating=False, epoch=2, total_epochs=3, configured=0 B/s, rate=0 B/s, pending=0 bytes
[migrater] timestamp=1779269670.79, migrating=False, epoch=2, total_epochs=3, configured=0 B/s, rate=0 B/s, pending=0 bytes
[migrater] timestamp=1779269670.89, migrating=False, epoch=2, total_epochs=3, configured=0 B/s, rate=0 B/s, pending=0 bytes
[migrater] timestamp=1779269670.99, migrating=False, epoch=2, total_epochs=3, configured=0 B/s, rate=0 B/s, pending=0 bytes
[migrater] timestamp=1779269671.09, migrating=False, epoch=2, total_epochs=3, configured=0 B/s, rate=0 B/s, pending=0 bytes
[migrater] timestamp=1779269671.19, migrating=False, epoch=2, total_epochs=3, configured=0 B/s, rate=0 B/s, pending=0 bytes
[migrater] timestamp=1779269671.29, migrating=False, epoch=2, total_epochs=3, configured=0 B/s, rate=0 B/s, pending=0 bytes
[migrater] timestamp=1779269671.39, migrating=False, epoch=2, total_epochs=3, configured=0 B/s, rate=0 B/s, pending=0 bytes
[migrater] timestamp=1779269671.49, migrating=False, epoch=2, total_epochs=3, configured=0 B/s, rate=0 B/s, pending=0 bytes
[migrater] timestamp=1779269671.59, migrating=False, epoch=2, total_epochs=3, configured=0 B/s, rate=0 B/s, pending=0 bytes
[migrater] timestamp=1779269671.69, migrating=False, epoch=2, total_epochs=3, configured=0 B/s, rate=0 B/s, pending=0 bytes
[migrater] timestamp=1779269671.79, migrating=False, epoch=2, total_epochs=3, configured=0 B/s, rate=0 B/s, pending=0 bytes
[migrater] timestamp=1779269671.89, migrating=False, epoch=2, total_epochs=3, configured=0 B/s, rate=0 B/s, pending=0 bytes
[migrater] timestamp=1779269671.99, migrating=False, epoch=2, total_epochs=3, configured=0 B/s, rate=0 B/s, pending=0 bytes
[migrater] timestamp=1779269672.10, migrating=False, epoch=2, total_epochs=3, configured=0 B/s, rate=0 B/s, pending=0 bytes
[migrater] timestamp=1779269672.20, migrating=False, epoch=3, total_epochs=3, configured=0 B/s, rate=0 B/s, pending=5368709120 bytes
[migrater] timestamp=1779269672.30, migrating=True, epoch=3, total_epochs=3, configured=0 B/s, rate=0 B/s, pending=5368709120 bytes
[migrater] timestamp=1779269672.31, migrating=True, epoch=3, total_epochs=3, configured=856685732 B/s, rate=642286908 B/s, pending=5301600256 bytes ([1.25%] 67108864/5368709120 bytes copied)
[migrater] timestamp=1779269672.42, migrating=True, epoch=3, total_epochs=3, configured=687367447 B/s, rate=841711072 B/s, pending=5209325568 bytes ([2.97%] 159383552/5368709120 bytes copied)
[migrater] timestamp=1779269672.53, migrating=True, epoch=3, total_epochs=3, configured=682257385 B/s, rate=686064600 B/s, pending=5133828096 bytes ([4.38%] 234881024/5368709120 bytes copied)
[migrater] timestamp=1779269672.64, migrating=True, epoch=3, total_epochs=3, configured=679356607 B/s, rate=681536165 B/s, pending=5058330624 bytes ([5.78%] 310378496/5368709120 bytes copied)
[migrater] timestamp=1779269672.74, migrating=True, epoch=3, total_epochs=3, configured=568461239 B/s, rate=583563957 B/s, pending=4999610368 bytes ([6.88%] 369098752/5368709120 bytes copied)
[migrater] timestamp=1779269672.84, migrating=True, epoch=3, total_epochs=3, configured=555984137 B/s, rate=564780584 B/s, pending=4940890112 bytes ([7.97%] 427819008/5368709120 bytes copied)
[migrater] timestamp=1779269672.95, migrating=True, epoch=3, total_epochs=3, configured=547163652 B/s, rate=552503838 B/s, pending=4882169856 bytes ([9.06%] 486539264/5368709120 bytes copied)
[migrater] timestamp=1779269673.06, migrating=True, epoch=3, total_epochs=3, configured=540326895 B/s, rate=544432549 B/s, pending=4823449600 bytes ([10.16%] 545259520/5368709120 bytes copied)
[migrater] timestamp=1779269673.17, migrating=True, epoch=3, total_epochs=3, configured=535081947 B/s, rate=537644304 B/s, pending=4764729344 bytes ([11.25%] 603979776/5368709120 bytes copied)
[migrater] timestamp=1779269673.27, migrating=True, epoch=3, total_epochs=3, configured=530726042 B/s, rate=586610025 B/s, pending=4706009088 bytes ([12.34%] 662700032/5368709120 bytes copied)
[migrater] timestamp=1779269673.37, migrating=True, epoch=3, total_epochs=3, configured=527230280 B/s, rate=477979540 B/s, pending=4655677440 bytes ([13.28%] 713031680/5368709120 bytes copied)
[migrater] timestamp=1779269673.48, migrating=True, epoch=3, total_epochs=3, configured=524052911 B/s, rate=576935638 B/s, pending=4596957184 bytes ([14.37%] 771751936/5368709120 bytes copied)
[migrater] timestamp=1779269673.58, migrating=True, epoch=3, total_epochs=3, configured=521609014 B/s, rate=472970912 B/s, pending=4546625536 bytes ([15.31%] 822083584/5368709120 bytes copied)
[migrater] timestamp=1779269673.68, migrating=True, epoch=3, total_epochs=3, configured=519622818 B/s, rate=571593947 B/s, pending=4487905280 bytes ([16.41%] 880803840/5368709120 bytes copied)
[migrater] timestamp=1779269673.79, migrating=True, epoch=3, total_epochs=3, configured=517643693 B/s, rate=469161197 B/s, pending=4437573632 bytes ([17.34%] 931135488/5368709120 bytes copied)
[migrater] timestamp=1779269673.90, migrating=True, epoch=3, total_epochs=3, configured=516129235 B/s, rate=566722725 B/s, pending=4378853376 bytes ([18.44%] 989855744/5368709120 bytes copied)
[migrater] timestamp=1779269674.00, migrating=True, epoch=3, total_epochs=3, configured=514532229 B/s, rate=466652966 B/s, pending=4328521728 bytes ([19.38%] 1040187392/5368709120 bytes copied)
[migrater] timestamp=1779269674.10, migrating=True, epoch=3, total_epochs=3, configured=0 B/s, rate=0 B/s, pending=4328521728 bytes
[migrater] timestamp=1779269674.11, migrating=True, epoch=3, total_epochs=3, configured=513643858 B/s, rate=562699873 B/s, pending=4269801472 bytes ([20.47%] 1098907648/5368709120 bytes copied)
[migrater] timestamp=1779269674.22, migrating=True, epoch=3, total_epochs=3, configured=512547653 B/s, rate=465528640 B/s, pending=4219469824 bytes ([21.41%] 1149239296/5368709120 bytes copied)
[migrater] timestamp=1779269674.32, migrating=True, epoch=3, total_epochs=3, configured=511650706 B/s, rate=562106113 B/s, pending=4160749568 bytes ([22.50%] 1207959552/5368709120 bytes copied)
[migrater] timestamp=1779269674.43, migrating=True, epoch=3, total_epochs=3, configured=510587533 B/s, rate=463769286 B/s, pending=4110417920 bytes ([23.44%] 1258291200/5368709120 bytes copied)
[migrater] timestamp=1779269674.53, migrating=True, epoch=3, total_epochs=3, configured=509830144 B/s, rate=559709730 B/s, pending=4051697664 bytes ([24.53%] 1317011456/5368709120 bytes copied)
[migrater] timestamp=1779269674.64, migrating=True, epoch=3, total_epochs=3, configured=508882053 B/s, rate=462276102 B/s, pending=4001366016 bytes ([25.47%] 1367343104/5368709120 bytes copied)
[migrater] timestamp=1779269674.75, migrating=True, epoch=3, total_epochs=3, configured=508228891 B/s, rate=556893556 B/s, pending=3942645760 bytes ([26.56%] 1426063360/5368709120 bytes copied)
[migrater] timestamp=1779269674.86, migrating=True, epoch=3, total_epochs=3, configured=507366518 B/s, rate=460757060 B/s, pending=3892314112 bytes ([27.50%] 1476395008/5368709120 bytes copied)
[migrater] timestamp=1779269674.96, migrating=True, epoch=3, total_epochs=3, configured=506793333 B/s, rate=555861193 B/s, pending=3833593856 bytes ([28.59%] 1535115264/5368709120 bytes copied)
[migrater] timestamp=1779269675.07, migrating=True, epoch=3, total_epochs=3, configured=505995300 B/s, rate=459617400 B/s, pending=3783262208 bytes ([29.53%] 1585446912/5368709120 bytes copied)
[migrater] timestamp=1779269675.18, migrating=True, epoch=3, total_epochs=3, configured=505484212 B/s, rate=553881305 B/s, pending=3724541952 bytes ([30.63%] 1644167168/5368709120 bytes copied)
[migrater] timestamp=1779269675.29, migrating=True, epoch=3, total_epochs=3, configured=504733964 B/s, rate=458558389 B/s, pending=3674210304 bytes ([31.56%] 1694498816/5368709120 bytes copied)
[migrater] timestamp=1779269675.39, migrating=True, epoch=3, total_epochs=3, configured=503566169 B/s, rate=551926202 B/s, pending=3615490048 bytes ([32.66%] 1753219072/5368709120 bytes copied)
[migrater] timestamp=1779269675.49, migrating=True, epoch=3, total_epochs=3, configured=502022944 B/s, rate=502198080 B/s, pending=3565158400 bytes ([33.59%] 1803550720/5368709120 bytes copied)
[migrater] timestamp=1779269675.60, migrating=True, epoch=3, total_epochs=3, configured=500751623 B/s, rate=501046578 B/s, pending=3514826752 bytes ([34.53%] 1853882368/5368709120 bytes copied)
[migrater] timestamp=1779269675.70, migrating=True, epoch=3, total_epochs=3, configured=500315703 B/s, rate=500446599 B/s, pending=3464495104 bytes ([35.47%] 1904214016/5368709120 bytes copied)
[migrater] timestamp=1779269675.80, migrating=True, epoch=3, total_epochs=3, configured=500035213 B/s, rate=500033893 B/s, pending=3414163456 bytes ([36.41%] 1954545664/5368709120 bytes copied)
[migrater] timestamp=1779269675.90, migrating=True, epoch=3, total_epochs=3, configured=499628302 B/s, rate=499745876 B/s, pending=3363831808 bytes ([37.34%] 2004877312/5368709120 bytes copied)
[migrater] timestamp=1779269676.00, migrating=True, epoch=3, total_epochs=3, configured=499377270 B/s, rate=499414529 B/s, pending=3313500160 bytes ([38.28%] 2055208960/5368709120 bytes copied)
[migrater] timestamp=1779269676.10, migrating=True, epoch=3, total_epochs=3, configured=498993950 B/s, rate=499172183 B/s, pending=3263168512 bytes ([39.22%] 2105540608/5368709120 bytes copied)
[migrater] timestamp=1779269676.20, migrating=True, epoch=3, total_epochs=3, configured=498894098 B/s, rate=499046414 B/s, pending=3212836864 bytes ([40.16%] 2155872256/5368709120 bytes copied)
[migrater] timestamp=1779269676.30, migrating=True, epoch=3, total_epochs=3, configured=498531063 B/s, rate=498481874 B/s, pending=3162505216 bytes ([41.09%] 2206203904/5368709120 bytes copied)
[migrater] timestamp=1779269676.40, migrating=True, epoch=3, total_epochs=3, configured=498457630 B/s, rate=498485823 B/s, pending=3112173568 bytes ([42.03%] 2256535552/5368709120 bytes copied)
[migrater] timestamp=1779269676.50, migrating=True, epoch=3, total_epochs=3, configured=498457630 B/s, rate=498448211 B/s, pending=3061841920 bytes ([42.97%] 2306867200/5368709120 bytes copied)
[migrater] timestamp=1779269676.60, migrating=True, epoch=3, total_epochs=3, configured=498457630 B/s, rate=498510510 B/s, pending=3011510272 bytes ([43.91%] 2357198848/5368709120 bytes copied)
[migrater] timestamp=1779269676.70, migrating=True, epoch=3, total_epochs=3, configured=498457630 B/s, rate=498242941 B/s, pending=2961178624 bytes ([44.84%] 2407530496/5368709120 bytes copied)
[migrater] timestamp=1779269676.81, migrating=True, epoch=3, total_epochs=3, configured=498457630 B/s, rate=498554907 B/s, pending=2910846976 bytes ([45.78%] 2457862144/5368709120 bytes copied)
[migrater] timestamp=1779269676.91, migrating=True, epoch=3, total_epochs=3, configured=498457630 B/s, rate=498397664 B/s, pending=2860515328 bytes ([46.72%] 2508193792/5368709120 bytes copied)
[migrater] timestamp=1779269677.01, migrating=True, epoch=3, total_epochs=3, configured=498457630 B/s, rate=498469389 B/s, pending=2810183680 bytes ([47.66%] 2558525440/5368709120 bytes copied)
[migrater] timestamp=1779269677.11, migrating=True, epoch=3, total_epochs=3, configured=498457630 B/s, rate=498458375 B/s, pending=2759852032 bytes ([48.59%] 2608857088/5368709120 bytes copied)
[migrater] timestamp=1779269677.21, migrating=True, epoch=3, total_epochs=3, configured=498457630 B/s, rate=498578365 B/s, pending=2709520384 bytes ([49.53%] 2659188736/5368709120 bytes copied)
[migrater] timestamp=1779269677.31, migrating=True, epoch=3, total_epochs=3, configured=498457630 B/s, rate=498460843 B/s, pending=2659188736 bytes ([50.47%] 2709520384/5368709120 bytes copied)
[migrater] timestamp=1779269677.41, migrating=True, epoch=3, total_epochs=3, configured=498457630 B/s, rate=498517126 B/s, pending=2608857088 bytes ([51.41%] 2759852032/5368709120 bytes copied)
[migrater] timestamp=1779269677.51, migrating=True, epoch=3, total_epochs=3, configured=498457630 B/s, rate=498403640 B/s, pending=2558525440 bytes ([52.34%] 2810183680/5368709120 bytes copied)
[migrater] timestamp=1779269677.61, migrating=True, epoch=3, total_epochs=3, configured=498457630 B/s, rate=498508041 B/s, pending=2508193792 bytes ([53.28%] 2860515328/5368709120 bytes copied)
[migrater] timestamp=1779269677.71, migrating=True, epoch=3, total_epochs=3, configured=498111201 B/s, rate=497989309 B/s, pending=2457862144 bytes ([54.22%] 2910846976/5368709120 bytes copied)
[migrater] timestamp=1779269677.82, migrating=True, epoch=3, total_epochs=3, configured=498111201 B/s, rate=498298780 B/s, pending=2407530496 bytes ([55.16%] 2961178624/5368709120 bytes copied)
[migrater] timestamp=1779269677.92, migrating=True, epoch=3, total_epochs=3, configured=496388734 B/s, rate=496810758 B/s, pending=2357198848 bytes ([56.09%] 3011510272/5368709120 bytes copied)
[migrater] timestamp=1779269678.02, migrating=True, epoch=3, total_epochs=3, configured=496056608 B/s, rate=496185456 B/s, pending=2306867200 bytes ([57.03%] 3061841920/5368709120 bytes copied)
[migrater] timestamp=1779269678.12, migrating=True, epoch=3, total_epochs=3, configured=494726759 B/s, rate=496390551 B/s, pending=2256535552 bytes ([57.97%] 3112173568/5368709120 bytes copied)
[migrater] timestamp=1779269678.22, migrating=True, epoch=3, total_epochs=3, configured=494606924 B/s, rate=494603544 B/s, pending=2206203904 bytes ([58.91%] 3162505216/5368709120 bytes copied)
[migrater] timestamp=1779269678.32, migrating=True, epoch=3, total_epochs=3, configured=494406834 B/s, rate=494516845 B/s, pending=2155872256 bytes ([59.84%] 3212836864/5368709120 bytes copied)
[migrater] timestamp=1779269678.42, migrating=True, epoch=3, total_epochs=3, configured=0 B/s, rate=0 B/s, pending=2155872256 bytes
[migrater] timestamp=1779269678.42, migrating=True, epoch=3, total_epochs=3, configured=493257902 B/s, rate=493489902 B/s, pending=2105540608 bytes ([60.78%] 3263168512/5368709120 bytes copied)
[migrater] timestamp=1779269678.53, migrating=True, epoch=3, total_epochs=3, configured=492840024 B/s, rate=492704352 B/s, pending=2055208960 bytes ([61.72%] 3313500160/5368709120 bytes copied)
[migrater] timestamp=1779269678.63, migrating=True, epoch=3, total_epochs=3, configured=495410394 B/s, rate=493340291 B/s, pending=2004877312 bytes ([62.66%] 3363831808/5368709120 bytes copied)
[migrater] timestamp=1779269678.73, migrating=True, epoch=3, total_epochs=3, configured=493693991 B/s, rate=494062438 B/s, pending=1954545664 bytes ([63.59%] 3414163456/5368709120 bytes copied)
[migrater] timestamp=1779269678.83, migrating=True, epoch=3, total_epochs=3, configured=493556957 B/s, rate=493700619 B/s, pending=1904214016 bytes ([64.53%] 3464495104/5368709120 bytes copied)
[migrater] timestamp=1779269678.93, migrating=True, epoch=3, total_epochs=3, configured=493212755 B/s, rate=493482499 B/s, pending=1853882368 bytes ([65.47%] 3514826752/5368709120 bytes copied)
[migrater] timestamp=1779269679.04, migrating=True, epoch=3, total_epochs=3, configured=493069562 B/s, rate=493067906 B/s, pending=1803550720 bytes ([66.41%] 3565158400/5368709120 bytes copied)
[migrater] timestamp=1779269679.14, migrating=True, epoch=3, total_epochs=3, configured=492958552 B/s, rate=493156939 B/s, pending=1753219072 bytes ([67.34%] 3615490048/5368709120 bytes copied)
[migrater] timestamp=1779269679.24, migrating=True, epoch=3, total_epochs=3, configured=492813279 B/s, rate=493015358 B/s, pending=1702887424 bytes ([68.28%] 3665821696/5368709120 bytes copied)
[migrater] timestamp=1779269679.34, migrating=True, epoch=3, total_epochs=3, configured=492701308 B/s, rate=492786070 B/s, pending=1652555776 bytes ([69.22%] 3716153344/5368709120 bytes copied)
[migrater] timestamp=1779269679.45, migrating=True, epoch=3, total_epochs=3, configured=492552733 B/s, rate=492672040 B/s, pending=1602224128 bytes ([70.16%] 3766484992/5368709120 bytes copied)
[migrater] timestamp=1779269679.55, migrating=True, epoch=3, total_epochs=3, configured=492438489 B/s, rate=492018875 B/s, pending=1551892480 bytes ([71.09%] 3816816640/5368709120 bytes copied)
[migrater] timestamp=1779269679.65, migrating=True, epoch=3, total_epochs=3, configured=491999152 B/s, rate=492556326 B/s, pending=1501560832 bytes ([72.03%] 3867148288/5368709120 bytes copied)
[migrater] timestamp=1779269679.75, migrating=True, epoch=3, total_epochs=3, configured=492127608 B/s, rate=491931445 B/s, pending=1451229184 bytes ([72.97%] 3917479936/5368709120 bytes copied)
[migrater] timestamp=1779269679.85, migrating=True, epoch=3, total_epochs=3, configured=489865815 B/s, rate=491692169 B/s, pending=1400897536 bytes ([73.91%] 3967811584/5368709120 bytes copied)
[migrater] timestamp=1779269679.96, migrating=True, epoch=3, total_epochs=3, configured=489938811 B/s, rate=489741164 B/s, pending=1350565888 bytes ([74.84%] 4018143232/5368709120 bytes copied)
[migrater] timestamp=1779269680.06, migrating=True, epoch=3, total_epochs=3, configured=489389881 B/s, rate=490058506 B/s, pending=1300234240 bytes ([75.78%] 4068474880/5368709120 bytes copied)
[migrater] timestamp=1779269680.16, migrating=True, epoch=3, total_epochs=3, configured=487183969 B/s, rate=488651472 B/s, pending=1249902592 bytes ([76.72%] 4118806528/5368709120 bytes copied)
[migrater] timestamp=1779269680.27, migrating=True, epoch=3, total_epochs=3, configured=486848167 B/s, rate=486926439 B/s, pending=1199570944 bytes ([77.66%] 4169138176/5368709120 bytes copied)
[migrater] timestamp=1779269680.37, migrating=True, epoch=3, total_epochs=3, configured=486492875 B/s, rate=486778427 B/s, pending=1149239296 bytes ([78.59%] 4219469824/5368709120 bytes copied)
[migrater] timestamp=1779269680.47, migrating=True, epoch=3, total_epochs=3, configured=486115579 B/s, rate=486457747 B/s, pending=1098907648 bytes ([79.53%] 4269801472/5368709120 bytes copied)
[migrater] timestamp=1779269680.58, migrating=True, epoch=3, total_epochs=3, configured=483475331 B/s, rate=485049922 B/s, pending=1048576000 bytes ([80.47%] 4320133120/5368709120 bytes copied)
[migrater] timestamp=1779269680.68, migrating=True, epoch=3, total_epochs=3, configured=483340564 B/s, rate=483548328 B/s, pending=998244352 bytes ([81.41%] 4370464768/5368709120 bytes copied)
[migrater] timestamp=1779269680.79, migrating=True, epoch=3, total_epochs=3, configured=482392678 B/s, rate=482753239 B/s, pending=947912704 bytes ([82.34%] 4420796416/5368709120 bytes copied)
[migrater] timestamp=1779269680.89, migrating=True, epoch=3, total_epochs=3, configured=482206570 B/s, rate=482416943 B/s, pending=897581056 bytes ([83.28%] 4471128064/5368709120 bytes copied)
[migrater] timestamp=1779269680.99, migrating=True, epoch=3, total_epochs=3, configured=481126692 B/s, rate=481498590 B/s, pending=847249408 bytes ([84.22%] 4521459712/5368709120 bytes copied)
[migrater] timestamp=1779269681.10, migrating=True, epoch=3, total_epochs=3, configured=480868673 B/s, rate=481023411 B/s, pending=796917760 bytes ([85.16%] 4571791360/5368709120 bytes copied)
[migrater] timestamp=1779269681.20, migrating=True, epoch=3, total_epochs=3, configured=479617610 B/s, rate=480101008 B/s, pending=746586112 bytes ([86.09%] 4622123008/5368709120 bytes copied)
[migrater] timestamp=1779269681.31, migrating=True, epoch=3, total_epochs=3, configured=479257005 B/s, rate=479288268 B/s, pending=696254464 bytes ([87.03%] 4672454656/5368709120 bytes copied)
[migrater] timestamp=1779269681.41, migrating=True, epoch=3, total_epochs=3, configured=477777554 B/s, rate=478088646 B/s, pending=645922816 bytes ([87.97%] 4722786304/5368709120 bytes copied)
[migrater] timestamp=1779269681.52, migrating=True, epoch=3, total_epochs=3, configured=477266494 B/s, rate=477618806 B/s, pending=595591168 bytes ([88.91%] 4773117952/5368709120 bytes copied)
[migrater] timestamp=1779269681.63, migrating=True, epoch=3, total_epochs=3, configured=472458878 B/s, rate=473007934 B/s, pending=545259520 bytes ([89.84%] 4823449600/5368709120 bytes copied)
[migrater] timestamp=1779269681.73, migrating=True, epoch=3, total_epochs=3, configured=471539771 B/s, rate=471851400 B/s, pending=494927872 bytes ([90.78%] 4873781248/5368709120 bytes copied)
[migrater] timestamp=1779269681.84, migrating=True, epoch=3, total_epochs=3, configured=0 B/s, rate=0 B/s, pending=494927872 bytes
[migrater] timestamp=1779269681.84, migrating=True, epoch=3, total_epochs=3, configured=469166184 B/s, rate=469290419 B/s, pending=444596224 bytes ([91.72%] 4924112896/5368709120 bytes copied)
[migrater] timestamp=1779269681.95, migrating=True, epoch=3, total_epochs=3, configured=475146845 B/s, rate=476225155 B/s, pending=394264576 bytes ([92.66%] 4974444544/5368709120 bytes copied)
[migrater] timestamp=1779269682.05, migrating=True, epoch=3, total_epochs=3, configured=473120621 B/s, rate=474989592 B/s, pending=343932928 bytes ([93.59%] 5024776192/5368709120 bytes copied)
[migrater] timestamp=1779269682.16, migrating=True, epoch=3, total_epochs=3, configured=470931387 B/s, rate=472682721 B/s, pending=293601280 bytes ([94.53%] 5075107840/5368709120 bytes copied)
[migrater] timestamp=1779269682.36, migrating=True, epoch=3, total_epochs=3, configured=0 B/s, rate=0 B/s, pending=293601280 bytes
[migrater] timestamp=1779269682.46, migrating=True, epoch=3, total_epochs=3, configured=0 B/s, rate=0 B/s, pending=293601280 bytes
[migrater] timestamp=1779269682.56, migrating=True, epoch=3, total_epochs=3, configured=0 B/s, rate=0 B/s, pending=293601280 bytes
[migrater] timestamp=1779269682.58, migrating=True, epoch=3, total_epochs=3, configured=653807860 B/s, rate=79271850 B/s, pending=260046848 bytes ([95.16%] 5108662272/5368709120 bytes copied)
[migrater] timestamp=1779269682.68, migrating=True, epoch=3, total_epochs=3, configured=668282854 B/s, rate=2244961401 B/s, pending=33554432 bytes ([99.38%] 5335154688/5368709120 bytes copied)
[migrater] timestamp=1779269682.86, migrating=True, epoch=3, total_epochs=3, configured=0 B/s, rate=0 B/s, pending=33554432 bytes
[migrater] timestamp=1779269682.93, migrating=True, epoch=3, total_epochs=3, configured=520681771 B/s, rate=136946545 B/s, pending=0 bytes ([100.00%] 5368709120/5368709120 bytes copied)
