[migrater] timestamp=1779269570.71, migrating=False, epoch=0, total_epochs=0, configured=0 B/s, rate=0 B/s, pending=0 bytes
Migrater running on 50051
[migrater] timestamp=1779269570.86, migrating=False, epoch=0, total_epochs=0, configured=0 B/s, rate=0 B/s, pending=0 bytes
[migrater] timestamp=1779269570.96, migrating=False, epoch=0, total_epochs=0, configured=0 B/s, rate=0 B/s, pending=0 bytes
[migrater] timestamp=1779269571.06, migrating=False, epoch=0, total_epochs=0, configured=0 B/s, rate=0 B/s, pending=0 bytes
[migrater] timestamp=1779269571.16, migrating=False, epoch=0, total_epochs=0, configured=0 B/s, rate=0 B/s, pending=0 bytes
[migrater] timestamp=1779269571.26, migrating=False, epoch=0, total_epochs=0, configured=0 B/s, rate=0 B/s, pending=0 bytes
[migrater] timestamp=1779269571.36, migrating=False, epoch=0, total_epochs=0, configured=0 B/s, rate=0 B/s, pending=0 bytes
[migrater] timestamp=1779269571.46, migrating=False, epoch=0, total_epochs=0, configured=0 B/s, rate=0 B/s, pending=0 bytes
[migrater] timestamp=1779269571.56, migrating=False, epoch=0, total_epochs=0, configured=0 B/s, rate=0 B/s, pending=0 bytes
[migrater] timestamp=1779269571.66, migrating=False, epoch=0, total_epochs=0, configured=0 B/s, rate=0 B/s, pending=0 bytes
[migrater] timestamp=1779269571.76, migrating=False, epoch=0, total_epochs=0, configured=0 B/s, rate=0 B/s, pending=0 bytes
[migrater] timestamp=1779269571.86, migrating=False, epoch=0, total_epochs=0, configured=0 B/s, rate=0 B/s, pending=0 bytes
[migrater] timestamp=1779269571.96, migrating=False, epoch=0, total_epochs=0, configured=0 B/s, rate=0 B/s, pending=0 bytes
[migrater] timestamp=1779269572.07, migrating=False, epoch=0, total_epochs=0, configured=0 B/s, rate=0 B/s, pending=0 bytes
[migrater] timestamp=1779269572.17, migrating=False, epoch=0, total_epochs=0, configured=0 B/s, rate=0 B/s, pending=0 bytes
[migrater] timestamp=1779269572.27, migrating=False, epoch=0, total_epochs=0, configured=0 B/s, rate=0 B/s, pending=0 bytes
[migrater] timestamp=1779269572.37, migrating=False, epoch=0, total_epochs=0, configured=0 B/s, rate=0 B/s, pending=0 bytes
[migrater] timestamp=1779269572.47, migrating=False, epoch=0, total_epochs=0, configured=0 B/s, rate=0 B/s, pending=0 bytes
[migrater] timestamp=1779269572.57, migrating=False, epoch=0, total_epochs=0, configured=0 B/s, rate=0 B/s, pending=0 bytes
[migrater] timestamp=1779269572.67, migrating=False, epoch=0, total_epochs=0, configured=0 B/s, rate=0 B/s, pending=0 bytes
[migrater] timestamp=1779269572.77, migrating=False, epoch=0, total_epochs=0, configured=0 B/s, rate=0 B/s, pending=0 bytes
[migrater] timestamp=1779269572.87, migrating=False, epoch=0, total_epochs=0, configured=0 B/s, rate=0 B/s, pending=0 bytes
[migrater] timestamp=1779269572.97, migrating=False, epoch=0, total_epochs=0, configured=0 B/s, rate=0 B/s, pending=0 bytes
[migrater] timestamp=1779269573.07, migrating=False, epoch=0, total_epochs=0, configured=0 B/s, rate=0 B/s, pending=0 bytes
[migrater] timestamp=1779269573.17, migrating=False, epoch=0, total_epochs=0, configured=0 B/s, rate=0 B/s, pending=0 bytes
[migrater] timestamp=1779269573.27, migrating=False, epoch=0, total_epochs=0, configured=0 B/s, rate=0 B/s, pending=0 bytes
[migrater] timestamp=1779269573.37, migrating=False, epoch=0, total_epochs=0, configured=0 B/s, rate=0 B/s, pending=0 bytes
[migrater] timestamp=1779269573.47, migrating=False, epoch=0, total_epochs=0, configured=0 B/s, rate=0 B/s, pending=0 bytes
[migrater] timestamp=1779269573.57, migrating=False, epoch=0, total_epochs=0, configured=0 B/s, rate=0 B/s, pending=0 bytes
[migrater] timestamp=1779269573.67, migrating=False, epoch=0, total_epochs=0, configured=0 B/s, rate=0 B/s, pending=0 bytes
[migrater] timestamp=1779269573.77, migrating=False, epoch=0, total_epochs=0, configured=0 B/s, rate=0 B/s, pending=0 bytes
[migrater] timestamp=1779269573.87, migrating=False, epoch=0, total_epochs=0, configured=0 B/s, rate=0 B/s, pending=0 bytes
[migrater] timestamp=1779269573.97, migrating=False, epoch=0, total_epochs=0, configured=0 B/s, rate=0 B/s, pending=0 bytes
[migrater] timestamp=1779269574.07, migrating=False, epoch=0, total_epochs=0, configured=0 B/s, rate=0 B/s, pending=0 bytes
[migrater] timestamp=1779269574.17, migrating=False, epoch=0, total_epochs=0, configured=0 B/s, rate=0 B/s, pending=0 bytes
[migrater] timestamp=1779269574.28, migrating=False, epoch=0, total_epochs=0, configured=0 B/s, rate=0 B/s, pending=0 bytes
[migrater] timestamp=1779269574.38, migrating=False, epoch=0, total_epochs=0, configured=0 B/s, rate=0 B/s, pending=0 bytes
[migrater] timestamp=1779269574.48, migrating=False, epoch=0, total_epochs=0, configured=0 B/s, rate=0 B/s, pending=0 bytes
[migrater] timestamp=1779269574.58, migrating=False, epoch=0, total_epochs=0, configured=0 B/s, rate=0 B/s, pending=0 bytes
[migrater] timestamp=1779269574.68, migrating=False, epoch=0, total_epochs=0, configured=0 B/s, rate=0 B/s, pending=0 bytes
[migrater] timestamp=1779269574.78, migrating=False, epoch=0, total_epochs=0, configured=0 B/s, rate=0 B/s, pending=0 bytes
[migrater] timestamp=1779269574.88, migrating=False, epoch=0, total_epochs=0, configured=0 B/s, rate=0 B/s, pending=0 bytes
[migrater] timestamp=1779269574.98, migrating=False, epoch=0, total_epochs=0, configured=0 B/s, rate=0 B/s, pending=0 bytes
[migrater] timestamp=1779269575.08, migrating=False, epoch=0, total_epochs=0, configured=0 B/s, rate=0 B/s, pending=0 bytes
[migrater] timestamp=1779269575.18, migrating=False, epoch=0, total_epochs=0, configured=0 B/s, rate=0 B/s, pending=0 bytes
[migrater] timestamp=1779269575.28, migrating=False, epoch=0, total_epochs=0, configured=0 B/s, rate=0 B/s, pending=0 bytes
[migrater] timestamp=1779269575.38, migrating=False, epoch=0, total_epochs=0, configured=0 B/s, rate=0 B/s, pending=0 bytes
[migrater] timestamp=1779269575.48, migrating=False, epoch=0, total_epochs=0, configured=0 B/s, rate=0 B/s, pending=0 bytes
[migrater] timestamp=1779269575.58, migrating=False, epoch=0, total_epochs=0, configured=0 B/s, rate=0 B/s, pending=0 bytes
[migrater] timestamp=1779269575.68, migrating=False, epoch=0, total_epochs=0, configured=0 B/s, rate=0 B/s, pending=0 bytes
[migrater] timestamp=1779269575.78, migrating=False, epoch=0, total_epochs=0, configured=0 B/s, rate=0 B/s, pending=0 bytes
[migrater] timestamp=1779269575.88, migrating=False, epoch=0, total_epochs=0, configured=0 B/s, rate=0 B/s, pending=0 bytes
[migrater] timestamp=1779269575.98, migrating=False, epoch=0, total_epochs=0, configured=0 B/s, rate=0 B/s, pending=0 bytes
[migrater] timestamp=1779269576.09, migrating=False, epoch=0, total_epochs=0, configured=0 B/s, rate=0 B/s, pending=0 bytes
[migrater] timestamp=1779269576.19, migrating=False, epoch=0, total_epochs=0, configured=0 B/s, rate=0 B/s, pending=0 bytes
[migrater] timestamp=1779269576.29, migrating=False, epoch=0, total_epochs=0, configured=0 B/s, rate=0 B/s, pending=0 bytes
[migrater] timestamp=1779269576.39, migrating=False, epoch=0, total_epochs=0, configured=0 B/s, rate=0 B/s, pending=0 bytes
[migrater] timestamp=1779269576.49, migrating=False, epoch=0, total_epochs=0, configured=0 B/s, rate=0 B/s, pending=0 bytes
[migrater] timestamp=1779269576.59, migrating=False, epoch=0, total_epochs=0, configured=0 B/s, rate=0 B/s, pending=0 bytes
[migrater] timestamp=1779269576.69, migrating=False, epoch=0, total_epochs=0, configured=0 B/s, rate=0 B/s, pending=0 bytes
[migrater] timestamp=1779269576.79, migrating=False, epoch=0, total_epochs=0, configured=0 B/s, rate=0 B/s, pending=0 bytes
[migrater] timestamp=1779269576.89, migrating=False, epoch=0, total_epochs=0, configured=0 B/s, rate=0 B/s, pending=0 bytes
[migrater] timestamp=1779269576.99, migrating=False, epoch=0, total_epochs=0, configured=0 B/s, rate=0 B/s, pending=0 bytes
[migrater] timestamp=1779269577.09, migrating=False, epoch=0, total_epochs=0, configured=0 B/s, rate=0 B/s, pending=0 bytes
[migrater] timestamp=1779269577.19, migrating=False, epoch=0, total_epochs=0, configured=0 B/s, rate=0 B/s, pending=0 bytes
[migrater] timestamp=1779269577.29, migrating=False, epoch=0, total_epochs=0, configured=0 B/s, rate=0 B/s, pending=0 bytes
[migrater] timestamp=1779269577.39, migrating=False, epoch=0, total_epochs=0, configured=0 B/s, rate=0 B/s, pending=0 bytes
[migrater] timestamp=1779269577.49, migrating=False, epoch=0, total_epochs=0, configured=0 B/s, rate=0 B/s, pending=0 bytes
[migrater] timestamp=1779269577.59, migrating=False, epoch=0, total_epochs=0, configured=0 B/s, rate=0 B/s, pending=0 bytes
[migrater] timestamp=1779269577.69, migrating=False, epoch=0, total_epochs=0, configured=0 B/s, rate=0 B/s, pending=0 bytes
[migrater] timestamp=1779269577.79, migrating=False, epoch=0, total_epochs=0, configured=0 B/s, rate=0 B/s, pending=0 bytes
[migrater] timestamp=1779269577.89, migrating=False, epoch=0, total_epochs=0, configured=0 B/s, rate=0 B/s, pending=0 bytes
[migrater] timestamp=1779269577.99, migrating=False, epoch=0, total_epochs=0, configured=0 B/s, rate=0 B/s, pending=0 bytes
[migrater] timestamp=1779269578.09, migrating=False, epoch=0, total_epochs=0, configured=0 B/s, rate=0 B/s, pending=0 bytes
[migrater] timestamp=1779269578.20, migrating=False, epoch=0, total_epochs=0, configured=0 B/s, rate=0 B/s, pending=0 bytes
[migrater] timestamp=1779269578.30, migrating=False, epoch=0, total_epochs=0, configured=0 B/s, rate=0 B/s, pending=0 bytes
[migrater] timestamp=1779269578.40, migrating=False, epoch=0, total_epochs=0, configured=0 B/s, rate=0 B/s, pending=0 bytes
[migrater] timestamp=1779269578.50, migrating=False, epoch=0, total_epochs=0, configured=0 B/s, rate=0 B/s, pending=0 bytes
[migrater] timestamp=1779269578.60, migrating=False, epoch=0, total_epochs=0, configured=0 B/s, rate=0 B/s, pending=0 bytes
[migrater] timestamp=1779269578.70, migrating=False, epoch=0, total_epochs=0, configured=0 B/s, rate=0 B/s, pending=0 bytes
[migrater] timestamp=1779269578.80, migrating=False, epoch=1, total_epochs=3, configured=0 B/s, rate=0 B/s, pending=5368709120 bytes
[migrater] timestamp=1779269578.90, migrating=True, epoch=1, total_epochs=3, configured=0 B/s, rate=0 B/s, pending=5368709120 bytes
[migrater] timestamp=1779269578.92, migrating=True, epoch=1, total_epochs=3, configured=575487061 B/s, rate=1893863963 B/s, pending=5175771136 bytes ([3.59%] 192937984/5368709120 bytes copied)
[migrater] timestamp=1779269579.03, migrating=True, epoch=1, total_epochs=3, configured=528026076 B/s, rate=550540205 B/s, pending=5117050880 bytes ([4.69%] 251658240/5368709120 bytes copied)
[migrater] timestamp=1779269579.13, migrating=True, epoch=1, total_epochs=3, configured=515381345 B/s, rate=581349970 B/s, pending=5058330624 bytes ([5.78%] 310378496/5368709120 bytes copied)
[migrater] timestamp=1779269579.23, migrating=True, epoch=1, total_epochs=3, configured=509158284 B/s, rate=466267883 B/s, pending=5007998976 bytes ([6.72%] 360710144/5368709120 bytes copied)
[migrater] timestamp=1779269579.34, migrating=True, epoch=1, total_epochs=3, configured=505730222 B/s, rate=557089584 B/s, pending=4949278720 bytes ([7.81%] 419430400/5368709120 bytes copied)
[migrater] timestamp=1779269579.45, migrating=True, epoch=1, total_epochs=3, configured=503078502 B/s, rate=458661792 B/s, pending=4898947072 bytes ([8.75%] 469762048/5368709120 bytes copied)
[migrater] timestamp=1779269579.55, migrating=True, epoch=1, total_epochs=3, configured=501487481 B/s, rate=502952926 B/s, pending=4848615424 bytes ([9.69%] 520093696/5368709120 bytes copied)
[migrater] timestamp=1779269579.65, migrating=True, epoch=1, total_epochs=3, configured=500306746 B/s, rate=501202523 B/s, pending=4798283776 bytes ([10.62%] 570425344/5368709120 bytes copied)
[migrater] timestamp=1779269579.75, migrating=True, epoch=1, total_epochs=3, configured=499397762 B/s, rate=500217184 B/s, pending=4747952128 bytes ([11.56%] 620756992/5368709120 bytes copied)
[migrater] timestamp=1779269579.85, migrating=True, epoch=1, total_epochs=3, configured=498678473 B/s, rate=499216015 B/s, pending=4697620480 bytes ([12.50%] 671088640/5368709120 bytes copied)
[migrater] timestamp=1779269579.95, migrating=True, epoch=1, total_epochs=3, configured=498095947 B/s, rate=498552892 B/s, pending=4647288832 bytes ([13.44%] 721420288/5368709120 bytes copied)
[migrater] timestamp=1779269580.05, migrating=True, epoch=1, total_epochs=3, configured=497616176 B/s, rate=498080982 B/s, pending=4596957184 bytes ([14.37%] 771751936/5368709120 bytes copied)
[migrater] timestamp=1779269580.16, migrating=True, epoch=1, total_epochs=3, configured=497215425 B/s, rate=497547934 B/s, pending=4546625536 bytes ([15.31%] 822083584/5368709120 bytes copied)
[migrater] timestamp=1779269580.26, migrating=True, epoch=1, total_epochs=3, configured=496876551 B/s, rate=497043316 B/s, pending=4496293888 bytes ([16.25%] 872415232/5368709120 bytes copied)
[migrater] timestamp=1779269580.36, migrating=True, epoch=1, total_epochs=3, configured=496587341 B/s, rate=496741329 B/s, pending=4445962240 bytes ([17.19%] 922746880/5368709120 bytes copied)
[migrater] timestamp=1779269580.46, migrating=True, epoch=1, total_epochs=3, configured=495549382 B/s, rate=496520372 B/s, pending=4395630592 bytes ([18.12%] 973078528/5368709120 bytes copied)
[migrater] timestamp=1779269580.56, migrating=True, epoch=1, total_epochs=3, configured=495211992 B/s, rate=495536561 B/s, pending=4345298944 bytes ([19.06%] 1023410176/5368709120 bytes copied)
[migrater] timestamp=1779269580.66, migrating=True, epoch=1, total_epochs=3, configured=495014736 B/s, rate=495045848 B/s, pending=4294967296 bytes ([20.00%] 1073741824/5368709120 bytes copied)
[migrater] timestamp=1779269580.76, migrating=True, epoch=1, total_epochs=3, configured=494724651 B/s, rate=494812042 B/s, pending=4244635648 bytes ([20.94%] 1124073472/5368709120 bytes copied)
[migrater] timestamp=1779269580.87, migrating=True, epoch=1, total_epochs=3, configured=494569075 B/s, rate=494755522 B/s, pending=4194304000 bytes ([21.88%] 1174405120/5368709120 bytes copied)
[migrater] timestamp=1779269580.97, migrating=True, epoch=1, total_epochs=3, configured=494311876 B/s, rate=494430661 B/s, pending=4143972352 bytes ([22.81%] 1224736768/5368709120 bytes copied)
[migrater] timestamp=1779269581.07, migrating=True, epoch=1, total_epochs=3, configured=494186620 B/s, rate=494452810 B/s, pending=4093640704 bytes ([23.75%] 1275068416/5368709120 bytes copied)
[migrater] timestamp=1779269581.17, migrating=True, epoch=1, total_epochs=3, configured=493952969 B/s, rate=494118503 B/s, pending=4043309056 bytes ([24.69%] 1325400064/5368709120 bytes copied)
[migrater] timestamp=1779269581.27, migrating=True, epoch=1, total_epochs=3, configured=493850363 B/s, rate=493953575 B/s, pending=3992977408 bytes ([25.62%] 1375731712/5368709120 bytes copied)
[migrater] timestamp=1779269581.38, migrating=True, epoch=1, total_epochs=3, configured=493633725 B/s, rate=493536738 B/s, pending=3942645760 bytes ([26.56%] 1426063360/5368709120 bytes copied)
[migrater] timestamp=1779269581.48, migrating=True, epoch=1, total_epochs=3, configured=493423030 B/s, rate=493489747 B/s, pending=3892314112 bytes ([27.50%] 1476395008/5368709120 bytes copied)
[migrater] timestamp=1779269581.58, migrating=True, epoch=1, total_epochs=3, configured=493217191 B/s, rate=493633208 B/s, pending=3841982464 bytes ([28.44%] 1526726656/5368709120 bytes copied)
[migrater] timestamp=1779269581.68, migrating=True, epoch=1, total_epochs=3, configured=493015332 B/s, rate=493105039 B/s, pending=3791650816 bytes ([29.38%] 1577058304/5368709120 bytes copied)
[migrater] timestamp=1779269581.78, migrating=True, epoch=1, total_epochs=3, configured=493015332 B/s, rate=492782973 B/s, pending=3741319168 bytes ([30.31%] 1627389952/5368709120 bytes copied)
[migrater] timestamp=1779269581.89, migrating=True, epoch=1, total_epochs=3, configured=492620353 B/s, rate=492674248 B/s, pending=3690987520 bytes ([31.25%] 1677721600/5368709120 bytes copied)
[migrater] timestamp=1779269581.99, migrating=True, epoch=1, total_epochs=3, configured=492425890 B/s, rate=492566049 B/s, pending=3640655872 bytes ([32.19%] 1728053248/5368709120 bytes copied)
[migrater] timestamp=1779269582.09, migrating=True, epoch=1, total_epochs=3, configured=492232643 B/s, rate=492485801 B/s, pending=3590324224 bytes ([33.12%] 1778384896/5368709120 bytes copied)
[migrater] timestamp=1779269582.19, migrating=True, epoch=1, total_epochs=3, configured=492040075 B/s, rate=492092263 B/s, pending=3539992576 bytes ([34.06%] 1828716544/5368709120 bytes copied)
[migrater] timestamp=1779269582.29, migrating=True, epoch=1, total_epochs=3, configured=491847670 B/s, rate=491806694 B/s, pending=3489660928 bytes ([35.00%] 1879048192/5368709120 bytes copied)
[migrater] timestamp=1779269582.40, migrating=True, epoch=1, total_epochs=3, configured=491654980 B/s, rate=491567678 B/s, pending=3439329280 bytes ([35.94%] 1929379840/5368709120 bytes copied)
[migrater] timestamp=1779269582.50, migrating=True, epoch=1, total_epochs=3, configured=491461574 B/s, rate=491919603 B/s, pending=3388997632 bytes ([36.88%] 1979711488/5368709120 bytes copied)
[migrater] timestamp=1779269582.60, migrating=True, epoch=1, total_epochs=3, configured=491267073 B/s, rate=491399079 B/s, pending=3338665984 bytes ([37.81%] 2030043136/5368709120 bytes copied)
[migrater] timestamp=1779269582.70, migrating=True, epoch=1, total_epochs=3, configured=491071061 B/s, rate=491102663 B/s, pending=3288334336 bytes ([38.75%] 2080374784/5368709120 bytes copied)
[migrater] timestamp=1779269582.81, migrating=True, epoch=1, total_epochs=3, configured=490873167 B/s, rate=490794975 B/s, pending=3238002688 bytes ([39.69%] 2130706432/5368709120 bytes copied)
[migrater] timestamp=1779269582.91, migrating=True, epoch=1, total_epochs=3, configured=490673027 B/s, rate=490870991 B/s, pending=3187671040 bytes ([40.62%] 2181038080/5368709120 bytes copied)
[migrater] timestamp=1779269583.01, migrating=True, epoch=1, total_epochs=3, configured=490470240 B/s, rate=490538492 B/s, pending=3137339392 bytes ([41.56%] 2231369728/5368709120 bytes copied)
[migrater] timestamp=1779269583.11, migrating=True, epoch=1, total_epochs=3, configured=490264466 B/s, rate=490199377 B/s, pending=3087007744 bytes ([42.50%] 2281701376/5368709120 bytes copied)
[migrater] timestamp=1779269583.22, migrating=True, epoch=1, total_epochs=3, configured=490055364 B/s, rate=490166724 B/s, pending=3036676096 bytes ([43.44%] 2332033024/5368709120 bytes copied)
[migrater] timestamp=1779269583.32, migrating=True, epoch=1, total_epochs=3, configured=489842544 B/s, rate=489860354 B/s, pending=2986344448 bytes ([44.38%] 2382364672/5368709120 bytes copied)
[migrater] timestamp=1779269583.42, migrating=True, epoch=1, total_epochs=3, configured=490595492 B/s, rate=490549201 B/s, pending=2936012800 bytes ([45.31%] 2432696320/5368709120 bytes copied)
[migrater] timestamp=1779269583.52, migrating=True, epoch=1, total_epochs=3, configured=0 B/s, rate=0 B/s, pending=2936012800 bytes
[migrater] timestamp=1779269583.53, migrating=True, epoch=1, total_epochs=3, configured=490537393 B/s, rate=490328746 B/s, pending=2885681152 bytes ([46.25%] 2483027968/5368709120 bytes copied)
[migrater] timestamp=1779269583.63, migrating=True, epoch=1, total_epochs=3, configured=493415537 B/s, rate=492544068 B/s, pending=2835349504 bytes ([47.19%] 2533359616/5368709120 bytes copied)
[migrater] timestamp=1779269583.73, migrating=True, epoch=1, total_epochs=3, configured=493253869 B/s, rate=493509155 B/s, pending=2785017856 bytes ([48.12%] 2583691264/5368709120 bytes copied)
[migrater] timestamp=1779269583.83, migrating=True, epoch=1, total_epochs=3, configured=493088953 B/s, rate=493133689 B/s, pending=2734686208 bytes ([49.06%] 2634022912/5368709120 bytes copied)
[migrater] timestamp=1779269583.93, migrating=True, epoch=1, total_epochs=3, configured=492920466 B/s, rate=492863076 B/s, pending=2684354560 bytes ([50.00%] 2684354560/5368709120 bytes copied)
[migrater] timestamp=1779269584.04, migrating=True, epoch=1, total_epochs=3, configured=492748095 B/s, rate=492532018 B/s, pending=2634022912 bytes ([50.94%] 2734686208/5368709120 bytes copied)
[migrater] timestamp=1779269584.14, migrating=True, epoch=1, total_epochs=3, configured=492571506 B/s, rate=492755426 B/s, pending=2583691264 bytes ([51.88%] 2785017856/5368709120 bytes copied)
[migrater] timestamp=1779269584.24, migrating=True, epoch=1, total_epochs=3, configured=492390364 B/s, rate=492764302 B/s, pending=2533359616 bytes ([52.81%] 2835349504/5368709120 bytes copied)
[migrater] timestamp=1779269584.34, migrating=True, epoch=1, total_epochs=3, configured=493519094 B/s, rate=492960393 B/s, pending=2483027968 bytes ([53.75%] 2885681152/5368709120 bytes copied)
[migrater] timestamp=1779269584.44, migrating=True, epoch=1, total_epochs=3, configured=492189968 B/s, rate=492591647 B/s, pending=2432696320 bytes ([54.69%] 2936012800/5368709120 bytes copied)
[migrater] timestamp=1779269584.55, migrating=True, epoch=1, total_epochs=3, configured=491996073 B/s, rate=492060950 B/s, pending=2382364672 bytes ([55.62%] 2986344448/5368709120 bytes copied)
[migrater] timestamp=1779269584.65, migrating=True, epoch=1, total_epochs=3, configured=491796182 B/s, rate=492003658 B/s, pending=2332033024 bytes ([56.56%] 3036676096/5368709120 bytes copied)
[migrater] timestamp=1779269584.75, migrating=True, epoch=1, total_epochs=3, configured=491589866 B/s, rate=491692534 B/s, pending=2281701376 bytes ([57.50%] 3087007744/5368709120 bytes copied)
[migrater] timestamp=1779269584.85, migrating=True, epoch=1, total_epochs=3, configured=491376659 B/s, rate=491562686 B/s, pending=2231369728 bytes ([58.44%] 3137339392/5368709120 bytes copied)
[migrater] timestamp=1779269584.96, migrating=True, epoch=1, total_epochs=3, configured=491156042 B/s, rate=491033862 B/s, pending=2181038080 bytes ([59.38%] 3187671040/5368709120 bytes copied)
[migrater] timestamp=1779269585.06, migrating=True, epoch=1, total_epochs=3, configured=490927480 B/s, rate=491128732 B/s, pending=2130706432 bytes ([60.31%] 3238002688/5368709120 bytes copied)
[migrater] timestamp=1779269585.16, migrating=True, epoch=1, total_epochs=3, configured=490444109 B/s, rate=490744064 B/s, pending=2080374784 bytes ([61.25%] 3288334336/5368709120 bytes copied)
[migrater] timestamp=1779269585.26, migrating=True, epoch=1, total_epochs=3, configured=490444109 B/s, rate=490505985 B/s, pending=2030043136 bytes ([62.19%] 3338665984/5368709120 bytes copied)
[migrater] timestamp=1779269585.37, migrating=True, epoch=1, total_epochs=3, configured=490187999 B/s, rate=490040160 B/s, pending=1979711488 bytes ([63.12%] 3388997632/5368709120 bytes copied)
[migrater] timestamp=1779269585.47, migrating=True, epoch=1, total_epochs=3, configured=489861549 B/s, rate=490241728 B/s, pending=1929379840 bytes ([64.06%] 3439329280/5368709120 bytes copied)
[migrater] timestamp=1779269585.57, migrating=True, epoch=1, total_epochs=3, configured=488254468 B/s, rate=489848716 B/s, pending=1879048192 bytes ([65.00%] 3489660928/5368709120 bytes copied)
[migrater] timestamp=1779269585.67, migrating=True, epoch=1, total_epochs=3, configured=487927462 B/s, rate=488233696 B/s, pending=1828716544 bytes ([65.94%] 3539992576/5368709120 bytes copied)
[migrater] timestamp=1779269585.78, migrating=True, epoch=1, total_epochs=3, configured=487811924 B/s, rate=488070925 B/s, pending=1778384896 bytes ([66.88%] 3590324224/5368709120 bytes copied)
[migrater] timestamp=1779269585.88, migrating=True, epoch=1, total_epochs=3, configured=487811924 B/s, rate=487762198 B/s, pending=1728053248 bytes ([67.81%] 3640655872/5368709120 bytes copied)
[migrater] timestamp=1779269585.98, migrating=True, epoch=1, total_epochs=3, configured=487324609 B/s, rate=487322521 B/s, pending=1677721600 bytes ([68.75%] 3690987520/5368709120 bytes copied)
[migrater] timestamp=1779269586.09, migrating=True, epoch=1, total_epochs=3, configured=486939255 B/s, rate=487332524 B/s, pending=1627389952 bytes ([69.69%] 3741319168/5368709120 bytes copied)
[migrater] timestamp=1779269586.19, migrating=True, epoch=1, total_epochs=3, configured=486784130 B/s, rate=487126877 B/s, pending=1577058304 bytes ([70.62%] 3791650816/5368709120 bytes copied)
[migrater] timestamp=1779269586.29, migrating=True, epoch=1, total_epochs=3, configured=486361741 B/s, rate=486579987 B/s, pending=1526726656 bytes ([71.56%] 3841982464/5368709120 bytes copied)
[migrater] timestamp=1779269586.40, migrating=True, epoch=1, total_epochs=3, configured=486180002 B/s, rate=486068580 B/s, pending=1476395008 bytes ([72.50%] 3892314112/5368709120 bytes copied)
[migrater] timestamp=1779269586.50, migrating=True, epoch=1, total_epochs=3, configured=485713602 B/s, rate=486254913 B/s, pending=1426063360 bytes ([73.44%] 3942645760/5368709120 bytes copied)
[migrater] timestamp=1779269586.61, migrating=True, epoch=1, total_epochs=3, configured=485498967 B/s, rate=485634991 B/s, pending=1375731712 bytes ([74.38%] 3992977408/5368709120 bytes copied)
[migrater] timestamp=1779269586.71, migrating=True, epoch=1, total_epochs=3, configured=485498967 B/s, rate=485763372 B/s, pending=1325400064 bytes ([75.31%] 4043309056/5368709120 bytes copied)
[migrater] timestamp=1779269586.81, migrating=True, epoch=1, total_epochs=3, configured=484979698 B/s, rate=485398471 B/s, pending=1275068416 bytes ([76.25%] 4093640704/5368709120 bytes copied)
[migrater] timestamp=1779269586.92, migrating=True, epoch=1, total_epochs=3, configured=484139361 B/s, rate=484624405 B/s, pending=1224736768 bytes ([77.19%] 4143972352/5368709120 bytes copied)
[migrater] timestamp=1779269587.02, migrating=True, epoch=1, total_epochs=3, configured=483832680 B/s, rate=484263361 B/s, pending=1174405120 bytes ([78.12%] 4194304000/5368709120 bytes copied)
[migrater] timestamp=1779269587.12, migrating=True, epoch=1, total_epochs=3, configured=483169750 B/s, rate=483357693 B/s, pending=1124073472 bytes ([79.06%] 4244635648/5368709120 bytes copied)
[migrater] timestamp=1779269587.23, migrating=True, epoch=1, total_epochs=3, configured=482795270 B/s, rate=483119449 B/s, pending=1073741824 bytes ([80.00%] 4294967296/5368709120 bytes copied)
[migrater] timestamp=1779269587.33, migrating=True, epoch=1, total_epochs=3, configured=479969174 B/s, rate=481384179 B/s, pending=1023410176 bytes ([80.94%] 4345298944/5368709120 bytes copied)
[migrater] timestamp=1779269587.44, migrating=True, epoch=1, total_epochs=3, configured=479074979 B/s, rate=479532145 B/s, pending=973078528 bytes ([81.88%] 4395630592/5368709120 bytes copied)
[migrater] timestamp=1779269587.54, migrating=True, epoch=1, total_epochs=3, configured=475803053 B/s, rate=477532133 B/s, pending=922746880 bytes ([82.81%] 4445962240/5368709120 bytes copied)
[migrater] timestamp=1779269587.65, migrating=True, epoch=1, total_epochs=3, configured=0 B/s, rate=0 B/s, pending=922746880 bytes
[migrater] timestamp=1779269587.65, migrating=True, epoch=1, total_epochs=3, configured=474635531 B/s, rate=474965168 B/s, pending=872415232 bytes ([83.75%] 4496293888/5368709120 bytes copied)
[migrater] timestamp=1779269587.75, migrating=True, epoch=1, total_epochs=3, configured=483016726 B/s, rate=481013146 B/s, pending=822083584 bytes ([84.69%] 4546625536/5368709120 bytes copied)
[migrater] timestamp=1779269587.86, migrating=True, epoch=1, total_epochs=3, configured=482101959 B/s, rate=482442783 B/s, pending=771751936 bytes ([85.62%] 4596957184/5368709120 bytes copied)
[migrater] timestamp=1779269587.96, migrating=True, epoch=1, total_epochs=3, configured=481541667 B/s, rate=481698709 B/s, pending=721420288 bytes ([86.56%] 4647288832/5368709120 bytes copied)
[migrater] timestamp=1779269588.07, migrating=True, epoch=1, total_epochs=3, configured=480434484 B/s, rate=480382936 B/s, pending=671088640 bytes ([87.50%] 4697620480/5368709120 bytes copied)
[migrater] timestamp=1779269588.17, migrating=True, epoch=1, total_epochs=3, configured=478315216 B/s, rate=476295286 B/s, pending=620756992 bytes ([88.44%] 4747952128/5368709120 bytes copied)
[migrater] timestamp=1779269588.28, migrating=True, epoch=1, total_epochs=3, configured=477301756 B/s, rate=477827453 B/s, pending=570425344 bytes ([89.38%] 4798283776/5368709120 bytes copied)
[migrater] timestamp=1779269588.38, migrating=True, epoch=1, total_epochs=3, configured=475528511 B/s, rate=476574854 B/s, pending=520093696 bytes ([90.31%] 4848615424/5368709120 bytes copied)
[migrater] timestamp=1779269588.49, migrating=True, epoch=1, total_epochs=3, configured=474089188 B/s, rate=480107081 B/s, pending=469762048 bytes ([91.25%] 4898947072/5368709120 bytes copied)
[migrater] timestamp=1779269588.60, migrating=True, epoch=1, total_epochs=3, configured=471695957 B/s, rate=473386972 B/s, pending=419430400 bytes ([92.19%] 4949278720/5368709120 bytes copied)
[migrater] timestamp=1779269588.70, migrating=True, epoch=1, total_epochs=3, configured=469537063 B/s, rate=471518882 B/s, pending=369098752 bytes ([93.12%] 4999610368/5368709120 bytes copied)
[migrater] timestamp=1779269588.81, migrating=True, epoch=1, total_epochs=3, configured=466086880 B/s, rate=468394656 B/s, pending=318767104 bytes ([94.06%] 5049942016/5368709120 bytes copied)
[migrater] timestamp=1779269588.92, migrating=True, epoch=1, total_epochs=3, configured=462579525 B/s, rate=464547441 B/s, pending=268435456 bytes ([95.00%] 5100273664/5368709120 bytes copied)
[migrater] timestamp=1779269589.03, migrating=True, epoch=1, total_epochs=3, configured=457084187 B/s, rate=459557456 B/s, pending=218103808 bytes ([95.94%] 5150605312/5368709120 bytes copied)
[migrater] timestamp=1779269589.13, migrating=True, epoch=1, total_epochs=3, configured=450612828 B/s, rate=498457650 B/s, pending=167772160 bytes ([96.88%] 5200936960/5368709120 bytes copied)
[migrater] timestamp=1779269589.23, migrating=True, epoch=1, total_epochs=3, configured=440254734 B/s, rate=401031243 B/s, pending=125829120 bytes ([97.66%] 5242880000/5368709120 bytes copied)
[migrater] timestamp=1779269589.34, migrating=True, epoch=1, total_epochs=3, configured=428530659 B/s, rate=473456083 B/s, pending=75497472 bytes ([98.59%] 5293211648/5368709120 bytes copied)
[migrater] timestamp=1779269589.44, migrating=True, epoch=1, total_epochs=3, configured=408011729 B/s, rate=412691766 B/s, pending=33554432 bytes ([99.38%] 5335154688/5368709120 bytes copied)
[migrater] timestamp=1779269589.56, migrating=True, epoch=1, total_epochs=3, configured=0 B/s, rate=0 B/s, pending=33554432 bytes
[migrater] timestamp=1779269589.56, migrating=False, epoch=1, total_epochs=3, configured=435463696 B/s, rate=0 B/s, pending=0 bytes ([100.00%] 5368709120/5368709120 bytes copied)
[migrater] timestamp=1779269589.76, migrating=False, epoch=1, total_epochs=3, configured=0 B/s, rate=0 B/s, pending=0 bytes
[migrater] timestamp=1779269589.86, migrating=False, epoch=1, total_epochs=3, configured=0 B/s, rate=0 B/s, pending=0 bytes
[migrater] timestamp=1779269589.96, migrating=False, epoch=1, total_epochs=3, configured=0 B/s, rate=0 B/s, pending=0 bytes
[migrater] timestamp=1779269590.06, migrating=False, epoch=1, total_epochs=3, configured=0 B/s, rate=0 B/s, pending=0 bytes
[migrater] timestamp=1779269590.16, migrating=False, epoch=1, total_epochs=3, configured=0 B/s, rate=0 B/s, pending=0 bytes
[migrater] timestamp=1779269590.26, migrating=False, epoch=1, total_epochs=3, configured=0 B/s, rate=0 B/s, pending=0 bytes
[migrater] timestamp=1779269590.36, migrating=False, epoch=1, total_epochs=3, configured=0 B/s, rate=0 B/s, pending=0 bytes
[migrater] timestamp=1779269590.46, migrating=False, epoch=1, total_epochs=3, configured=0 B/s, rate=0 B/s, pending=0 bytes
[migrater] timestamp=1779269590.56, migrating=False, epoch=1, total_epochs=3, configured=0 B/s, rate=0 B/s, pending=0 bytes
[migrater] timestamp=1779269590.67, migrating=False, epoch=1, total_epochs=3, configured=0 B/s, rate=0 B/s, pending=0 bytes
[migrater] timestamp=1779269590.77, migrating=False, epoch=1, total_epochs=3, configured=0 B/s, rate=0 B/s, pending=0 bytes
[migrater] timestamp=1779269590.87, migrating=False, epoch=1, total_epochs=3, configured=0 B/s, rate=0 B/s, pending=0 bytes
[migrater] timestamp=1779269590.97, migrating=False, epoch=1, total_epochs=3, configured=0 B/s, rate=0 B/s, pending=0 bytes
[migrater] timestamp=1779269591.07, migrating=False, epoch=1, total_epochs=3, configured=0 B/s, rate=0 B/s, pending=0 bytes
[migrater] timestamp=1779269591.17, migrating=False, epoch=1, total_epochs=3, configured=0 B/s, rate=0 B/s, pending=0 bytes
[migrater] timestamp=1779269591.27, migrating=False, epoch=1, total_epochs=3, configured=0 B/s, rate=0 B/s, pending=0 bytes
[migrater] timestamp=1779269591.37, migrating=False, epoch=1, total_epochs=3, configured=0 B/s, rate=0 B/s, pending=0 bytes
[migrater] timestamp=1779269591.47, migrating=False, epoch=1, total_epochs=3, configured=0 B/s, rate=0 B/s, pending=0 bytes
[migrater] timestamp=1779269591.57, migrating=False, epoch=1, total_epochs=3, configured=0 B/s, rate=0 B/s, pending=0 bytes
[migrater] timestamp=1779269591.67, migrating=False, epoch=1, total_epochs=3, configured=0 B/s, rate=0 B/s, pending=0 bytes
[migrater] timestamp=1779269591.77, migrating=False, epoch=1, total_epochs=3, configured=0 B/s, rate=0 B/s, pending=0 bytes
[migrater] timestamp=1779269591.87, migrating=False, epoch=1, total_epochs=3, configured=0 B/s, rate=0 B/s, pending=0 bytes
[migrater] timestamp=1779269591.97, migrating=False, epoch=1, total_epochs=3, configured=0 B/s, rate=0 B/s, pending=0 bytes
[migrater] timestamp=1779269592.07, migrating=False, epoch=1, total_epochs=3, configured=0 B/s, rate=0 B/s, pending=0 bytes
[migrater] timestamp=1779269592.17, migrating=False, epoch=1, total_epochs=3, configured=0 B/s, rate=0 B/s, pending=0 bytes
[migrater] timestamp=1779269592.27, migrating=False, epoch=1, total_epochs=3, configured=0 B/s, rate=0 B/s, pending=0 bytes
[migrater] timestamp=1779269592.37, migrating=False, epoch=1, total_epochs=3, configured=0 B/s, rate=0 B/s, pending=0 bytes
[migrater] timestamp=1779269592.47, migrating=False, epoch=1, total_epochs=3, configured=0 B/s, rate=0 B/s, pending=0 bytes
[migrater] timestamp=1779269592.57, migrating=False, epoch=1, total_epochs=3, configured=0 B/s, rate=0 B/s, pending=0 bytes
[migrater] timestamp=1779269592.67, migrating=False, epoch=1, total_epochs=3, configured=0 B/s, rate=0 B/s, pending=0 bytes
[migrater] timestamp=1779269592.77, migrating=False, epoch=1, total_epochs=3, configured=0 B/s, rate=0 B/s, pending=0 bytes
[migrater] timestamp=1779269592.87, migrating=False, epoch=1, total_epochs=3, configured=0 B/s, rate=0 B/s, pending=0 bytes
[migrater] timestamp=1779269592.97, migrating=False, epoch=1, total_epochs=3, configured=0 B/s, rate=0 B/s, pending=0 bytes
[migrater] timestamp=1779269593.08, migrating=False, epoch=1, total_epochs=3, configured=0 B/s, rate=0 B/s, pending=0 bytes
[migrater] timestamp=1779269593.18, migrating=False, epoch=1, total_epochs=3, configured=0 B/s, rate=0 B/s, pending=0 bytes
[migrater] timestamp=1779269593.28, migrating=False, epoch=1, total_epochs=3, configured=0 B/s, rate=0 B/s, pending=0 bytes
[migrater] timestamp=1779269593.38, migrating=False, epoch=1, total_epochs=3, configured=0 B/s, rate=0 B/s, pending=0 bytes
[migrater] timestamp=1779269593.48, migrating=False, epoch=1, total_epochs=3, configured=0 B/s, rate=0 B/s, pending=0 bytes
[migrater] timestamp=1779269593.58, migrating=False, epoch=1, total_epochs=3, configured=0 B/s, rate=0 B/s, pending=0 bytes
[migrater] timestamp=1779269593.68, migrating=False, epoch=1, total_epochs=3, configured=0 B/s, rate=0 B/s, pending=0 bytes
[migrater] timestamp=1779269593.78, migrating=False, epoch=1, total_epochs=3, configured=0 B/s, rate=0 B/s, pending=0 bytes
[migrater] timestamp=1779269593.88, migrating=False, epoch=1, total_epochs=3, configured=0 B/s, rate=0 B/s, pending=0 bytes
[migrater] timestamp=1779269593.98, migrating=False, epoch=1, total_epochs=3, configured=0 B/s, rate=0 B/s, pending=0 bytes
[migrater] timestamp=1779269594.08, migrating=False, epoch=1, total_epochs=3, configured=0 B/s, rate=0 B/s, pending=0 bytes
[migrater] timestamp=1779269594.18, migrating=False, epoch=1, total_epochs=3, configured=0 B/s, rate=0 B/s, pending=0 bytes
[migrater] timestamp=1779269594.28, migrating=False, epoch=1, total_epochs=3, configured=0 B/s, rate=0 B/s, pending=0 bytes
[migrater] timestamp=1779269594.38, migrating=False, epoch=1, total_epochs=3, configured=0 B/s, rate=0 B/s, pending=0 bytes
[migrater] timestamp=1779269594.48, migrating=False, epoch=1, total_epochs=3, configured=0 B/s, rate=0 B/s, pending=0 bytes
[migrater] timestamp=1779269594.58, migrating=False, epoch=1, total_epochs=3, configured=0 B/s, rate=0 B/s, pending=0 bytes
[migrater] timestamp=1779269594.68, migrating=False, epoch=1, total_epochs=3, configured=0 B/s, rate=0 B/s, pending=0 bytes
[migrater] timestamp=1779269594.78, migrating=False, epoch=1, total_epochs=3, configured=0 B/s, rate=0 B/s, pending=0 bytes
[migrater] timestamp=1779269594.88, migrating=False, epoch=1, total_epochs=3, configured=0 B/s, rate=0 B/s, pending=0 bytes
[migrater] timestamp=1779269594.98, migrating=False, epoch=1, total_epochs=3, configured=0 B/s, rate=0 B/s, pending=0 bytes
[migrater] timestamp=1779269595.08, migrating=False, epoch=1, total_epochs=3, configured=0 B/s, rate=0 B/s, pending=0 bytes
[migrater] timestamp=1779269595.18, migrating=False, epoch=1, total_epochs=3, configured=0 B/s, rate=0 B/s, pending=0 bytes
[migrater] timestamp=1779269595.28, migrating=False, epoch=1, total_epochs=3, configured=0 B/s, rate=0 B/s, pending=0 bytes
[migrater] timestamp=1779269595.38, migrating=False, epoch=1, total_epochs=3, configured=0 B/s, rate=0 B/s, pending=0 bytes
[migrater] timestamp=1779269595.48, migrating=False, epoch=1, total_epochs=3, configured=0 B/s, rate=0 B/s, pending=0 bytes
[migrater] timestamp=1779269595.58, migrating=False, epoch=1, total_epochs=3, configured=0 B/s, rate=0 B/s, pending=0 bytes
[migrater] timestamp=1779269595.68, migrating=False, epoch=1, total_epochs=3, configured=0 B/s, rate=0 B/s, pending=0 bytes
[migrater] timestamp=1779269595.79, migrating=False, epoch=1, total_epochs=3, configured=0 B/s, rate=0 B/s, pending=0 bytes
[migrater] timestamp=1779269595.89, migrating=False, epoch=1, total_epochs=3, configured=0 B/s, rate=0 B/s, pending=0 bytes
[migrater] timestamp=1779269595.99, migrating=False, epoch=1, total_epochs=3, configured=0 B/s, rate=0 B/s, pending=0 bytes
[migrater] timestamp=1779269596.09, migrating=False, epoch=1, total_epochs=3, configured=0 B/s, rate=0 B/s, pending=0 bytes
[migrater] timestamp=1779269596.19, migrating=False, epoch=1, total_epochs=3, configured=0 B/s, rate=0 B/s, pending=0 bytes
[migrater] timestamp=1779269596.29, migrating=False, epoch=1, total_epochs=3, configured=0 B/s, rate=0 B/s, pending=0 bytes
[migrater] timestamp=1779269596.39, migrating=False, epoch=1, total_epochs=3, configured=0 B/s, rate=0 B/s, pending=0 bytes
[migrater] timestamp=1779269596.49, migrating=False, epoch=1, total_epochs=3, configured=0 B/s, rate=0 B/s, pending=0 bytes
[migrater] timestamp=1779269596.59, migrating=False, epoch=1, total_epochs=3, configured=0 B/s, rate=0 B/s, pending=0 bytes
[migrater] timestamp=1779269596.69, migrating=False, epoch=1, total_epochs=3, configured=0 B/s, rate=0 B/s, pending=0 bytes
[migrater] timestamp=1779269596.79, migrating=False, epoch=1, total_epochs=3, configured=0 B/s, rate=0 B/s, pending=0 bytes
[migrater] timestamp=1779269596.89, migrating=False, epoch=1, total_epochs=3, configured=0 B/s, rate=0 B/s, pending=0 bytes
[migrater] timestamp=1779269596.99, migrating=False, epoch=1, total_epochs=3, configured=0 B/s, rate=0 B/s, pending=0 bytes
[migrater] timestamp=1779269597.09, migrating=False, epoch=1, total_epochs=3, configured=0 B/s, rate=0 B/s, pending=0 bytes
[migrater] timestamp=1779269597.19, migrating=False, epoch=1, total_epochs=3, configured=0 B/s, rate=0 B/s, pending=0 bytes
[migrater] timestamp=1779269597.29, migrating=False, epoch=1, total_epochs=3, configured=0 B/s, rate=0 B/s, pending=0 bytes
[migrater] timestamp=1779269597.39, migrating=False, epoch=1, total_epochs=3, configured=0 B/s, rate=0 B/s, pending=0 bytes
[migrater] timestamp=1779269597.49, migrating=False, epoch=1, total_epochs=3, configured=0 B/s, rate=0 B/s, pending=0 bytes
[migrater] timestamp=1779269597.59, migrating=False, epoch=1, total_epochs=3, configured=0 B/s, rate=0 B/s, pending=0 bytes
[migrater] timestamp=1779269597.69, migrating=False, epoch=1, total_epochs=3, configured=0 B/s, rate=0 B/s, pending=0 bytes
[migrater] timestamp=1779269597.79, migrating=False, epoch=1, total_epochs=3, configured=0 B/s, rate=0 B/s, pending=0 bytes
[migrater] timestamp=1779269597.89, migrating=False, epoch=1, total_epochs=3, configured=0 B/s, rate=0 B/s, pending=0 bytes
[migrater] timestamp=1779269597.99, migrating=False, epoch=1, total_epochs=3, configured=0 B/s, rate=0 B/s, pending=0 bytes
[migrater] timestamp=1779269598.09, migrating=False, epoch=1, total_epochs=3, configured=0 B/s, rate=0 B/s, pending=0 bytes
[migrater] timestamp=1779269598.19, migrating=False, epoch=1, total_epochs=3, configured=0 B/s, rate=0 B/s, pending=0 bytes
[migrater] timestamp=1779269598.29, migrating=False, epoch=1, total_epochs=3, configured=0 B/s, rate=0 B/s, pending=0 bytes
[migrater] timestamp=1779269598.39, migrating=False, epoch=1, total_epochs=3, configured=0 B/s, rate=0 B/s, pending=0 bytes
[migrater] timestamp=1779269598.50, migrating=False, epoch=1, total_epochs=3, configured=0 B/s, rate=0 B/s, pending=0 bytes
[migrater] timestamp=1779269598.60, migrating=False, epoch=1, total_epochs=3, configured=0 B/s, rate=0 B/s, pending=0 bytes
[migrater] timestamp=1779269598.70, migrating=False, epoch=1, total_epochs=3, configured=0 B/s, rate=0 B/s, pending=0 bytes
[migrater] timestamp=1779269598.80, migrating=False, epoch=1, total_epochs=3, configured=0 B/s, rate=0 B/s, pending=0 bytes
[migrater] timestamp=1779269598.90, migrating=False, epoch=1, total_epochs=3, configured=0 B/s, rate=0 B/s, pending=0 bytes
[migrater] timestamp=1779269599.00, migrating=False, epoch=1, total_epochs=3, configured=0 B/s, rate=0 B/s, pending=0 bytes
[migrater] timestamp=1779269599.10, migrating=False, epoch=1, total_epochs=3, configured=0 B/s, rate=0 B/s, pending=0 bytes
[migrater] timestamp=1779269599.20, migrating=False, epoch=1, total_epochs=3, configured=0 B/s, rate=0 B/s, pending=0 bytes
[migrater] timestamp=1779269599.30, migrating=False, epoch=1, total_epochs=3, configured=0 B/s, rate=0 B/s, pending=0 bytes
[migrater] timestamp=1779269599.40, migrating=False, epoch=1, total_epochs=3, configured=0 B/s, rate=0 B/s, pending=0 bytes
[migrater] timestamp=1779269599.50, migrating=False, epoch=1, total_epochs=3, configured=0 B/s, rate=0 B/s, pending=0 bytes
[migrater] timestamp=1779269599.60, migrating=False, epoch=1, total_epochs=3, configured=0 B/s, rate=0 B/s, pending=0 bytes
[migrater] timestamp=1779269599.70, migrating=False, epoch=1, total_epochs=3, configured=0 B/s, rate=0 B/s, pending=0 bytes
[migrater] timestamp=1779269599.80, migrating=False, epoch=1, total_epochs=3, configured=0 B/s, rate=0 B/s, pending=0 bytes
[migrater] timestamp=1779269599.90, migrating=False, epoch=1, total_epochs=3, configured=0 B/s, rate=0 B/s, pending=0 bytes
[migrater] timestamp=1779269600.00, migrating=False, epoch=1, total_epochs=3, configured=0 B/s, rate=0 B/s, pending=0 bytes
[migrater] timestamp=1779269600.10, migrating=False, epoch=1, total_epochs=3, configured=0 B/s, rate=0 B/s, pending=0 bytes
[migrater] timestamp=1779269600.20, migrating=False, epoch=1, total_epochs=3, configured=0 B/s, rate=0 B/s, pending=0 bytes
[migrater] timestamp=1779269600.30, migrating=False, epoch=1, total_epochs=3, configured=0 B/s, rate=0 B/s, pending=0 bytes
[migrater] timestamp=1779269600.40, migrating=False, epoch=1, total_epochs=3, configured=0 B/s, rate=0 B/s, pending=0 bytes
[migrater] timestamp=1779269600.50, migrating=False, epoch=1, total_epochs=3, configured=0 B/s, rate=0 B/s, pending=0 bytes
[migrater] timestamp=1779269600.60, migrating=False, epoch=1, total_epochs=3, configured=0 B/s, rate=0 B/s, pending=0 bytes
[migrater] timestamp=1779269600.70, migrating=False, epoch=1, total_epochs=3, configured=0 B/s, rate=0 B/s, pending=0 bytes
[migrater] timestamp=1779269600.80, migrating=False, epoch=1, total_epochs=3, configured=0 B/s, rate=0 B/s, pending=0 bytes
[migrater] timestamp=1779269600.90, migrating=False, epoch=1, total_epochs=3, configured=0 B/s, rate=0 B/s, pending=0 bytes
[migrater] timestamp=1779269601.00, migrating=False, epoch=1, total_epochs=3, configured=0 B/s, rate=0 B/s, pending=0 bytes
[migrater] timestamp=1779269601.10, migrating=False, epoch=1, total_epochs=3, configured=0 B/s, rate=0 B/s, pending=0 bytes
[migrater] timestamp=1779269601.21, migrating=False, epoch=1, total_epochs=3, configured=0 B/s, rate=0 B/s, pending=0 bytes
[migrater] timestamp=1779269601.31, migrating=False, epoch=1, total_epochs=3, configured=0 B/s, rate=0 B/s, pending=0 bytes
[migrater] timestamp=1779269601.41, migrating=False, epoch=1, total_epochs=3, configured=0 B/s, rate=0 B/s, pending=0 bytes
[migrater] timestamp=1779269601.51, migrating=False, epoch=1, total_epochs=3, configured=0 B/s, rate=0 B/s, pending=0 bytes
[migrater] timestamp=1779269601.61, migrating=False, epoch=1, total_epochs=3, configured=0 B/s, rate=0 B/s, pending=0 bytes
[migrater] timestamp=1779269601.71, migrating=False, epoch=1, total_epochs=3, configured=0 B/s, rate=0 B/s, pending=0 bytes
[migrater] timestamp=1779269601.81, migrating=False, epoch=1, total_epochs=3, configured=0 B/s, rate=0 B/s, pending=0 bytes
[migrater] timestamp=1779269601.91, migrating=False, epoch=1, total_epochs=3, configured=0 B/s, rate=0 B/s, pending=0 bytes
[migrater] timestamp=1779269602.01, migrating=False, epoch=1, total_epochs=3, configured=0 B/s, rate=0 B/s, pending=0 bytes
[migrater] timestamp=1779269602.11, migrating=False, epoch=1, total_epochs=3, configured=0 B/s, rate=0 B/s, pending=0 bytes
[migrater] timestamp=1779269602.21, migrating=False, epoch=1, total_epochs=3, configured=0 B/s, rate=0 B/s, pending=0 bytes
[migrater] timestamp=1779269602.31, migrating=False, epoch=1, total_epochs=3, configured=0 B/s, rate=0 B/s, pending=0 bytes
[migrater] timestamp=1779269602.41, migrating=False, epoch=1, total_epochs=3, configured=0 B/s, rate=0 B/s, pending=0 bytes
[migrater] timestamp=1779269602.51, migrating=False, epoch=1, total_epochs=3, configured=0 B/s, rate=0 B/s, pending=0 bytes
[migrater] timestamp=1779269602.61, migrating=False, epoch=1, total_epochs=3, configured=0 B/s, rate=0 B/s, pending=0 bytes
[migrater] timestamp=1779269602.71, migrating=False, epoch=1, total_epochs=3, configured=0 B/s, rate=0 B/s, pending=0 bytes
[migrater] timestamp=1779269602.81, migrating=False, epoch=1, total_epochs=3, configured=0 B/s, rate=0 B/s, pending=0 bytes
[migrater] timestamp=1779269602.91, migrating=False, epoch=1, total_epochs=3, configured=0 B/s, rate=0 B/s, pending=0 bytes
[migrater] timestamp=1779269603.01, migrating=False, epoch=1, total_epochs=3, configured=0 B/s, rate=0 B/s, pending=0 bytes
[migrater] timestamp=1779269603.11, migrating=False, epoch=1, total_epochs=3, configured=0 B/s, rate=0 B/s, pending=0 bytes
[migrater] timestamp=1779269603.21, migrating=False, epoch=1, total_epochs=3, configured=0 B/s, rate=0 B/s, pending=0 bytes
[migrater] timestamp=1779269603.31, migrating=False, epoch=1, total_epochs=3, configured=0 B/s, rate=0 B/s, pending=0 bytes
[migrater] timestamp=1779269603.41, migrating=False, epoch=1, total_epochs=3, configured=0 B/s, rate=0 B/s, pending=0 bytes
[migrater] timestamp=1779269603.51, migrating=False, epoch=1, total_epochs=3, configured=0 B/s, rate=0 B/s, pending=0 bytes
[migrater] timestamp=1779269603.61, migrating=False, epoch=1, total_epochs=3, configured=0 B/s, rate=0 B/s, pending=0 bytes
[migrater] timestamp=1779269603.71, migrating=False, epoch=1, total_epochs=3, configured=0 B/s, rate=0 B/s, pending=0 bytes
[migrater] timestamp=1779269603.81, migrating=False, epoch=1, total_epochs=3, configured=0 B/s, rate=0 B/s, pending=0 bytes
[migrater] timestamp=1779269603.91, migrating=False, epoch=1, total_epochs=3, configured=0 B/s, rate=0 B/s, pending=0 bytes
[migrater] timestamp=1779269604.02, migrating=False, epoch=1, total_epochs=3, configured=0 B/s, rate=0 B/s, pending=0 bytes
[migrater] timestamp=1779269604.12, migrating=False, epoch=1, total_epochs=3, configured=0 B/s, rate=0 B/s, pending=0 bytes
[migrater] timestamp=1779269604.22, migrating=False, epoch=1, total_epochs=3, configured=0 B/s, rate=0 B/s, pending=0 bytes
[migrater] timestamp=1779269604.32, migrating=False, epoch=1, total_epochs=3, configured=0 B/s, rate=0 B/s, pending=0 bytes
[migrater] timestamp=1779269604.42, migrating=False, epoch=1, total_epochs=3, configured=0 B/s, rate=0 B/s, pending=0 bytes
[migrater] timestamp=1779269604.52, migrating=False, epoch=1, total_epochs=3, configured=0 B/s, rate=0 B/s, pending=0 bytes
[migrater] timestamp=1779269604.62, migrating=False, epoch=1, total_epochs=3, configured=0 B/s, rate=0 B/s, pending=0 bytes
[migrater] timestamp=1779269604.72, migrating=False, epoch=1, total_epochs=3, configured=0 B/s, rate=0 B/s, pending=0 bytes
[migrater] timestamp=1779269604.82, migrating=False, epoch=1, total_epochs=3, configured=0 B/s, rate=0 B/s, pending=0 bytes
[migrater] timestamp=1779269604.92, migrating=False, epoch=1, total_epochs=3, configured=0 B/s, rate=0 B/s, pending=0 bytes
[migrater] timestamp=1779269605.02, migrating=False, epoch=1, total_epochs=3, configured=0 B/s, rate=0 B/s, pending=0 bytes
[migrater] timestamp=1779269605.12, migrating=False, epoch=1, total_epochs=3, configured=0 B/s, rate=0 B/s, pending=0 bytes
[migrater] timestamp=1779269605.22, migrating=False, epoch=1, total_epochs=3, configured=0 B/s, rate=0 B/s, pending=0 bytes
[migrater] timestamp=1779269605.32, migrating=False, epoch=1, total_epochs=3, configured=0 B/s, rate=0 B/s, pending=0 bytes
[migrater] timestamp=1779269605.42, migrating=False, epoch=1, total_epochs=3, configured=0 B/s, rate=0 B/s, pending=0 bytes
[migrater] timestamp=1779269605.52, migrating=False, epoch=1, total_epochs=3, configured=0 B/s, rate=0 B/s, pending=0 bytes
[migrater] timestamp=1779269605.62, migrating=False, epoch=1, total_epochs=3, configured=0 B/s, rate=0 B/s, pending=0 bytes
[migrater] timestamp=1779269605.72, migrating=False, epoch=1, total_epochs=3, configured=0 B/s, rate=0 B/s, pending=0 bytes
[migrater] timestamp=1779269605.82, migrating=False, epoch=1, total_epochs=3, configured=0 B/s, rate=0 B/s, pending=0 bytes
[migrater] timestamp=1779269605.92, migrating=False, epoch=1, total_epochs=3, configured=0 B/s, rate=0 B/s, pending=0 bytes
[migrater] timestamp=1779269606.02, migrating=False, epoch=1, total_epochs=3, configured=0 B/s, rate=0 B/s, pending=0 bytes
[migrater] timestamp=1779269606.12, migrating=False, epoch=1, total_epochs=3, configured=0 B/s, rate=0 B/s, pending=0 bytes
[migrater] timestamp=1779269606.22, migrating=False, epoch=1, total_epochs=3, configured=0 B/s, rate=0 B/s, pending=0 bytes
[migrater] timestamp=1779269606.32, migrating=False, epoch=1, total_epochs=3, configured=0 B/s, rate=0 B/s, pending=0 bytes
[migrater] timestamp=1779269606.42, migrating=False, epoch=1, total_epochs=3, configured=0 B/s, rate=0 B/s, pending=0 bytes
[migrater] timestamp=1779269606.52, migrating=False, epoch=1, total_epochs=3, configured=0 B/s, rate=0 B/s, pending=0 bytes
[migrater] timestamp=1779269606.62, migrating=False, epoch=1, total_epochs=3, configured=0 B/s, rate=0 B/s, pending=0 bytes
[migrater] timestamp=1779269606.73, migrating=False, epoch=1, total_epochs=3, configured=0 B/s, rate=0 B/s, pending=0 bytes
[migrater] timestamp=1779269606.83, migrating=False, epoch=1, total_epochs=3, configured=0 B/s, rate=0 B/s, pending=0 bytes
[migrater] timestamp=1779269606.93, migrating=False, epoch=1, total_epochs=3, configured=0 B/s, rate=0 B/s, pending=0 bytes
[migrater] timestamp=1779269607.03, migrating=False, epoch=1, total_epochs=3, configured=0 B/s, rate=0 B/s, pending=0 bytes
[migrater] timestamp=1779269607.13, migrating=False, epoch=1, total_epochs=3, configured=0 B/s, rate=0 B/s, pending=0 bytes
[migrater] timestamp=1779269607.23, migrating=False, epoch=1, total_epochs=3, configured=0 B/s, rate=0 B/s, pending=0 bytes
[migrater] timestamp=1779269607.33, migrating=False, epoch=1, total_epochs=3, configured=0 B/s, rate=0 B/s, pending=0 bytes
[migrater] timestamp=1779269607.43, migrating=False, epoch=1, total_epochs=3, configured=0 B/s, rate=0 B/s, pending=0 bytes
[migrater] timestamp=1779269607.53, migrating=False, epoch=1, total_epochs=3, configured=0 B/s, rate=0 B/s, pending=0 bytes
[migrater] timestamp=1779269607.63, migrating=False, epoch=1, total_epochs=3, configured=0 B/s, rate=0 B/s, pending=0 bytes
[migrater] timestamp=1779269607.73, migrating=False, epoch=1, total_epochs=3, configured=0 B/s, rate=0 B/s, pending=0 bytes
[migrater] timestamp=1779269607.83, migrating=False, epoch=1, total_epochs=3, configured=0 B/s, rate=0 B/s, pending=0 bytes
[migrater] timestamp=1779269607.93, migrating=False, epoch=1, total_epochs=3, configured=0 B/s, rate=0 B/s, pending=0 bytes
[migrater] timestamp=1779269608.03, migrating=False, epoch=1, total_epochs=3, configured=0 B/s, rate=0 B/s, pending=0 bytes
[migrater] timestamp=1779269608.13, migrating=False, epoch=1, total_epochs=3, configured=0 B/s, rate=0 B/s, pending=0 bytes
[migrater] timestamp=1779269608.23, migrating=False, epoch=1, total_epochs=3, configured=0 B/s, rate=0 B/s, pending=0 bytes
[migrater] timestamp=1779269608.33, migrating=False, epoch=1, total_epochs=3, configured=0 B/s, rate=0 B/s, pending=0 bytes
[migrater] timestamp=1779269608.43, migrating=False, epoch=1, total_epochs=3, configured=0 B/s, rate=0 B/s, pending=0 bytes
[migrater] timestamp=1779269608.53, migrating=False, epoch=1, total_epochs=3, configured=0 B/s, rate=0 B/s, pending=0 bytes
[migrater] timestamp=1779269608.63, migrating=False, epoch=1, total_epochs=3, configured=0 B/s, rate=0 B/s, pending=0 bytes
[migrater] timestamp=1779269608.73, migrating=False, epoch=1, total_epochs=3, configured=0 B/s, rate=0 B/s, pending=0 bytes
[migrater] timestamp=1779269608.83, migrating=False, epoch=1, total_epochs=3, configured=0 B/s, rate=0 B/s, pending=0 bytes
[migrater] timestamp=1779269608.93, migrating=False, epoch=1, total_epochs=3, configured=0 B/s, rate=0 B/s, pending=0 bytes
[migrater] timestamp=1779269609.03, migrating=False, epoch=1, total_epochs=3, configured=0 B/s, rate=0 B/s, pending=0 bytes
[migrater] timestamp=1779269609.13, migrating=False, epoch=1, total_epochs=3, configured=0 B/s, rate=0 B/s, pending=0 bytes
[migrater] timestamp=1779269609.23, migrating=False, epoch=1, total_epochs=3, configured=0 B/s, rate=0 B/s, pending=0 bytes
[migrater] timestamp=1779269609.34, migrating=False, epoch=1, total_epochs=3, configured=0 B/s, rate=0 B/s, pending=0 bytes
[migrater] timestamp=1779269609.44, migrating=False, epoch=1, total_epochs=3, configured=0 B/s, rate=0 B/s, pending=0 bytes
[migrater] timestamp=1779269609.54, migrating=False, epoch=1, total_epochs=3, configured=0 B/s, rate=0 B/s, pending=0 bytes
[migrater] timestamp=1779269609.64, migrating=False, epoch=1, total_epochs=3, configured=0 B/s, rate=0 B/s, pending=0 bytes
[migrater] timestamp=1779269609.74, migrating=False, epoch=1, total_epochs=3, configured=0 B/s, rate=0 B/s, pending=0 bytes
[migrater] timestamp=1779269609.84, migrating=False, epoch=1, total_epochs=3, configured=0 B/s, rate=0 B/s, pending=0 bytes
[migrater] timestamp=1779269609.94, migrating=False, epoch=1, total_epochs=3, configured=0 B/s, rate=0 B/s, pending=0 bytes
[migrater] timestamp=1779269610.04, migrating=False, epoch=1, total_epochs=3, configured=0 B/s, rate=0 B/s, pending=0 bytes
[migrater] timestamp=1779269610.14, migrating=False, epoch=1, total_epochs=3, configured=0 B/s, rate=0 B/s, pending=0 bytes
[migrater] timestamp=1779269610.24, migrating=False, epoch=1, total_epochs=3, configured=0 B/s, rate=0 B/s, pending=0 bytes
[migrater] timestamp=1779269610.34, migrating=False, epoch=1, total_epochs=3, configured=0 B/s, rate=0 B/s, pending=0 bytes
[migrater] timestamp=1779269610.44, migrating=False, epoch=1, total_epochs=3, configured=0 B/s, rate=0 B/s, pending=0 bytes
[migrater] timestamp=1779269610.54, migrating=False, epoch=1, total_epochs=3, configured=0 B/s, rate=0 B/s, pending=0 bytes
[migrater] timestamp=1779269610.64, migrating=False, epoch=1, total_epochs=3, configured=0 B/s, rate=0 B/s, pending=0 bytes
[migrater] timestamp=1779269610.74, migrating=False, epoch=1, total_epochs=3, configured=0 B/s, rate=0 B/s, pending=0 bytes
[migrater] timestamp=1779269610.84, migrating=False, epoch=1, total_epochs=3, configured=0 B/s, rate=0 B/s, pending=0 bytes
[migrater] timestamp=1779269610.94, migrating=False, epoch=1, total_epochs=3, configured=0 B/s, rate=0 B/s, pending=0 bytes
[migrater] timestamp=1779269611.04, migrating=False, epoch=1, total_epochs=3, configured=0 B/s, rate=0 B/s, pending=0 bytes
[migrater] timestamp=1779269611.14, migrating=False, epoch=1, total_epochs=3, configured=0 B/s, rate=0 B/s, pending=0 bytes
[migrater] timestamp=1779269611.24, migrating=False, epoch=1, total_epochs=3, configured=0 B/s, rate=0 B/s, pending=0 bytes
[migrater] timestamp=1779269611.34, migrating=False, epoch=1, total_epochs=3, configured=0 B/s, rate=0 B/s, pending=0 bytes
[migrater] timestamp=1779269611.44, migrating=False, epoch=1, total_epochs=3, configured=0 B/s, rate=0 B/s, pending=0 bytes
[migrater] timestamp=1779269611.54, migrating=False, epoch=1, total_epochs=3, configured=0 B/s, rate=0 B/s, pending=0 bytes
[migrater] timestamp=1779269611.64, migrating=False, epoch=1, total_epochs=3, configured=0 B/s, rate=0 B/s, pending=0 bytes
[migrater] timestamp=1779269611.74, migrating=False, epoch=1, total_epochs=3, configured=0 B/s, rate=0 B/s, pending=0 bytes
[migrater] timestamp=1779269611.84, migrating=False, epoch=1, total_epochs=3, configured=0 B/s, rate=0 B/s, pending=0 bytes
[migrater] timestamp=1779269611.95, migrating=False, epoch=1, total_epochs=3, configured=0 B/s, rate=0 B/s, pending=0 bytes
[migrater] timestamp=1779269612.05, migrating=False, epoch=1, total_epochs=3, configured=0 B/s, rate=0 B/s, pending=0 bytes
[migrater] timestamp=1779269612.15, migrating=False, epoch=1, total_epochs=3, configured=0 B/s, rate=0 B/s, pending=0 bytes
[migrater] timestamp=1779269612.25, migrating=False, epoch=1, total_epochs=3, configured=0 B/s, rate=0 B/s, pending=0 bytes
[migrater] timestamp=1779269612.35, migrating=False, epoch=1, total_epochs=3, configured=0 B/s, rate=0 B/s, pending=0 bytes
[migrater] timestamp=1779269612.45, migrating=False, epoch=1, total_epochs=3, configured=0 B/s, rate=0 B/s, pending=0 bytes
[migrater] timestamp=1779269612.55, migrating=False, epoch=1, total_epochs=3, configured=0 B/s, rate=0 B/s, pending=0 bytes
[migrater] timestamp=1779269612.65, migrating=False, epoch=1, total_epochs=3, configured=0 B/s, rate=0 B/s, pending=0 bytes
[migrater] timestamp=1779269612.75, migrating=False, epoch=1, total_epochs=3, configured=0 B/s, rate=0 B/s, pending=0 bytes
[migrater] timestamp=1779269612.85, migrating=False, epoch=1, total_epochs=3, configured=0 B/s, rate=0 B/s, pending=0 bytes
[migrater] timestamp=1779269612.95, migrating=False, epoch=1, total_epochs=3, configured=0 B/s, rate=0 B/s, pending=0 bytes
[migrater] timestamp=1779269613.05, migrating=False, epoch=1, total_epochs=3, configured=0 B/s, rate=0 B/s, pending=0 bytes
[migrater] timestamp=1779269613.15, migrating=False, epoch=1, total_epochs=3, configured=0 B/s, rate=0 B/s, pending=0 bytes
[migrater] timestamp=1779269613.25, migrating=False, epoch=1, total_epochs=3, configured=0 B/s, rate=0 B/s, pending=0 bytes
[migrater] timestamp=1779269613.35, migrating=False, epoch=1, total_epochs=3, configured=0 B/s, rate=0 B/s, pending=0 bytes
[migrater] timestamp=1779269613.45, migrating=False, epoch=1, total_epochs=3, configured=0 B/s, rate=0 B/s, pending=0 bytes
[migrater] timestamp=1779269613.55, migrating=False, epoch=1, total_epochs=3, configured=0 B/s, rate=0 B/s, pending=0 bytes
[migrater] timestamp=1779269613.65, migrating=False, epoch=1, total_epochs=3, configured=0 B/s, rate=0 B/s, pending=0 bytes
[migrater] timestamp=1779269613.75, migrating=False, epoch=1, total_epochs=3, configured=0 B/s, rate=0 B/s, pending=0 bytes
[migrater] timestamp=1779269613.85, migrating=False, epoch=1, total_epochs=3, configured=0 B/s, rate=0 B/s, pending=0 bytes
[migrater] timestamp=1779269613.95, migrating=False, epoch=1, total_epochs=3, configured=0 B/s, rate=0 B/s, pending=0 bytes
[migrater] timestamp=1779269614.05, migrating=False, epoch=1, total_epochs=3, configured=0 B/s, rate=0 B/s, pending=0 bytes
[migrater] timestamp=1779269614.15, migrating=False, epoch=1, total_epochs=3, configured=0 B/s, rate=0 B/s, pending=0 bytes
[migrater] timestamp=1779269614.25, migrating=False, epoch=1, total_epochs=3, configured=0 B/s, rate=0 B/s, pending=0 bytes
[migrater] timestamp=1779269614.35, migrating=False, epoch=1, total_epochs=3, configured=0 B/s, rate=0 B/s, pending=0 bytes
[migrater] timestamp=1779269614.45, migrating=False, epoch=1, total_epochs=3, configured=0 B/s, rate=0 B/s, pending=0 bytes
[migrater] timestamp=1779269614.55, migrating=False, epoch=1, total_epochs=3, configured=0 B/s, rate=0 B/s, pending=0 bytes
[migrater] timestamp=1779269614.66, migrating=False, epoch=1, total_epochs=3, configured=0 B/s, rate=0 B/s, pending=0 bytes
[migrater] timestamp=1779269614.76, migrating=False, epoch=1, total_epochs=3, configured=0 B/s, rate=0 B/s, pending=0 bytes
[migrater] timestamp=1779269614.86, migrating=False, epoch=1, total_epochs=3, configured=0 B/s, rate=0 B/s, pending=0 bytes
[migrater] timestamp=1779269614.96, migrating=False, epoch=1, total_epochs=3, configured=0 B/s, rate=0 B/s, pending=0 bytes
[migrater] timestamp=1779269615.06, migrating=False, epoch=1, total_epochs=3, configured=0 B/s, rate=0 B/s, pending=0 bytes
[migrater] timestamp=1779269615.16, migrating=False, epoch=1, total_epochs=3, configured=0 B/s, rate=0 B/s, pending=0 bytes
[migrater] timestamp=1779269615.26, migrating=False, epoch=1, total_epochs=3, configured=0 B/s, rate=0 B/s, pending=0 bytes
[migrater] timestamp=1779269615.36, migrating=False, epoch=1, total_epochs=3, configured=0 B/s, rate=0 B/s, pending=0 bytes
[migrater] timestamp=1779269615.46, migrating=False, epoch=1, total_epochs=3, configured=0 B/s, rate=0 B/s, pending=0 bytes
[migrater] timestamp=1779269615.56, migrating=False, epoch=1, total_epochs=3, configured=0 B/s, rate=0 B/s, pending=0 bytes
[migrater] timestamp=1779269615.66, migrating=False, epoch=1, total_epochs=3, configured=0 B/s, rate=0 B/s, pending=0 bytes
[migrater] timestamp=1779269615.76, migrating=False, epoch=1, total_epochs=3, configured=0 B/s, rate=0 B/s, pending=0 bytes
[migrater] timestamp=1779269615.86, migrating=False, epoch=1, total_epochs=3, configured=0 B/s, rate=0 B/s, pending=0 bytes
[migrater] timestamp=1779269615.96, migrating=False, epoch=1, total_epochs=3, configured=0 B/s, rate=0 B/s, pending=0 bytes
[migrater] timestamp=1779269616.06, migrating=False, epoch=1, total_epochs=3, configured=0 B/s, rate=0 B/s, pending=0 bytes
[migrater] timestamp=1779269616.16, migrating=False, epoch=1, total_epochs=3, configured=0 B/s, rate=0 B/s, pending=0 bytes
[migrater] timestamp=1779269616.26, migrating=False, epoch=1, total_epochs=3, configured=0 B/s, rate=0 B/s, pending=0 bytes
[migrater] timestamp=1779269616.36, migrating=False, epoch=1, total_epochs=3, configured=0 B/s, rate=0 B/s, pending=0 bytes
[migrater] timestamp=1779269616.46, migrating=False, epoch=1, total_epochs=3, configured=0 B/s, rate=0 B/s, pending=0 bytes
[migrater] timestamp=1779269616.56, migrating=False, epoch=1, total_epochs=3, configured=0 B/s, rate=0 B/s, pending=0 bytes
[migrater] timestamp=1779269616.66, migrating=False, epoch=1, total_epochs=3, configured=0 B/s, rate=0 B/s, pending=0 bytes
[migrater] timestamp=1779269616.76, migrating=False, epoch=1, total_epochs=3, configured=0 B/s, rate=0 B/s, pending=0 bytes
[migrater] timestamp=1779269616.86, migrating=False, epoch=1, total_epochs=3, configured=0 B/s, rate=0 B/s, pending=0 bytes
[migrater] timestamp=1779269616.96, migrating=False, epoch=1, total_epochs=3, configured=0 B/s, rate=0 B/s, pending=0 bytes
[migrater] timestamp=1779269617.06, migrating=False, epoch=1, total_epochs=3, configured=0 B/s, rate=0 B/s, pending=0 bytes
[migrater] timestamp=1779269617.16, migrating=False, epoch=1, total_epochs=3, configured=0 B/s, rate=0 B/s, pending=0 bytes
[migrater] timestamp=1779269617.26, migrating=False, epoch=1, total_epochs=3, configured=0 B/s, rate=0 B/s, pending=0 bytes
[migrater] timestamp=1779269617.37, migrating=False, epoch=1, total_epochs=3, configured=0 B/s, rate=0 B/s, pending=0 bytes
[migrater] timestamp=1779269617.47, migrating=False, epoch=1, total_epochs=3, configured=0 B/s, rate=0 B/s, pending=0 bytes
[migrater] timestamp=1779269617.57, migrating=False, epoch=1, total_epochs=3, configured=0 B/s, rate=0 B/s, pending=0 bytes
[migrater] timestamp=1779269617.67, migrating=False, epoch=1, total_epochs=3, configured=0 B/s, rate=0 B/s, pending=0 bytes
[migrater] timestamp=1779269617.77, migrating=False, epoch=1, total_epochs=3, configured=0 B/s, rate=0 B/s, pending=0 bytes
[migrater] timestamp=1779269617.87, migrating=False, epoch=1, total_epochs=3, configured=0 B/s, rate=0 B/s, pending=0 bytes
[migrater] timestamp=1779269617.97, migrating=False, epoch=1, total_epochs=3, configured=0 B/s, rate=0 B/s, pending=0 bytes
[migrater] timestamp=1779269618.07, migrating=False, epoch=1, total_epochs=3, configured=0 B/s, rate=0 B/s, pending=0 bytes
[migrater] timestamp=1779269618.17, migrating=False, epoch=1, total_epochs=3, configured=0 B/s, rate=0 B/s, pending=0 bytes
[migrater] timestamp=1779269618.27, migrating=False, epoch=1, total_epochs=3, configured=0 B/s, rate=0 B/s, pending=0 bytes
[migrater] timestamp=1779269618.37, migrating=False, epoch=1, total_epochs=3, configured=0 B/s, rate=0 B/s, pending=0 bytes
[migrater] timestamp=1779269618.47, migrating=False, epoch=1, total_epochs=3, configured=0 B/s, rate=0 B/s, pending=0 bytes
[migrater] timestamp=1779269618.57, migrating=False, epoch=1, total_epochs=3, configured=0 B/s, rate=0 B/s, pending=0 bytes
[migrater] timestamp=1779269618.67, migrating=False, epoch=1, total_epochs=3, configured=0 B/s, rate=0 B/s, pending=0 bytes
[migrater] timestamp=1779269618.77, migrating=False, epoch=1, total_epochs=3, configured=0 B/s, rate=0 B/s, pending=0 bytes
[migrater] timestamp=1779269618.87, migrating=False, epoch=1, total_epochs=3, configured=0 B/s, rate=0 B/s, pending=0 bytes
[migrater] timestamp=1779269618.97, migrating=False, epoch=1, total_epochs=3, configured=0 B/s, rate=0 B/s, pending=0 bytes
[migrater] timestamp=1779269619.07, migrating=False, epoch=1, total_epochs=3, configured=0 B/s, rate=0 B/s, pending=0 bytes
[migrater] timestamp=1779269619.17, migrating=False, epoch=1, total_epochs=3, configured=0 B/s, rate=0 B/s, pending=0 bytes
[migrater] timestamp=1779269619.27, migrating=False, epoch=1, total_epochs=3, configured=0 B/s, rate=0 B/s, pending=0 bytes
[migrater] timestamp=1779269619.37, migrating=False, epoch=1, total_epochs=3, configured=0 B/s, rate=0 B/s, pending=0 bytes
[migrater] timestamp=1779269619.47, migrating=False, epoch=1, total_epochs=3, configured=0 B/s, rate=0 B/s, pending=0 bytes
[migrater] timestamp=1779269619.57, migrating=False, epoch=1, total_epochs=3, configured=0 B/s, rate=0 B/s, pending=0 bytes
[migrater] timestamp=1779269619.67, migrating=False, epoch=1, total_epochs=3, configured=0 B/s, rate=0 B/s, pending=0 bytes
[migrater] timestamp=1779269619.77, migrating=False, epoch=1, total_epochs=3, configured=0 B/s, rate=0 B/s, pending=0 bytes
[migrater] timestamp=1779269619.87, migrating=False, epoch=1, total_epochs=3, configured=0 B/s, rate=0 B/s, pending=0 bytes
[migrater] timestamp=1779269619.97, migrating=False, epoch=1, total_epochs=3, configured=0 B/s, rate=0 B/s, pending=0 bytes
[migrater] timestamp=1779269620.08, migrating=False, epoch=1, total_epochs=3, configured=0 B/s, rate=0 B/s, pending=0 bytes
[migrater] timestamp=1779269620.18, migrating=False, epoch=1, total_epochs=3, configured=0 B/s, rate=0 B/s, pending=0 bytes
[migrater] timestamp=1779269620.28, migrating=False, epoch=1, total_epochs=3, configured=0 B/s, rate=0 B/s, pending=0 bytes
[migrater] timestamp=1779269620.38, migrating=False, epoch=1, total_epochs=3, configured=0 B/s, rate=0 B/s, pending=0 bytes
[migrater] timestamp=1779269620.48, migrating=False, epoch=1, total_epochs=3, configured=0 B/s, rate=0 B/s, pending=0 bytes
[migrater] timestamp=1779269620.58, migrating=False, epoch=1, total_epochs=3, configured=0 B/s, rate=0 B/s, pending=0 bytes
[migrater] timestamp=1779269620.68, migrating=False, epoch=1, total_epochs=3, configured=0 B/s, rate=0 B/s, pending=0 bytes
[migrater] timestamp=1779269620.78, migrating=False, epoch=1, total_epochs=3, configured=0 B/s, rate=0 B/s, pending=0 bytes
[migrater] timestamp=1779269620.88, migrating=False, epoch=1, total_epochs=3, configured=0 B/s, rate=0 B/s, pending=0 bytes
[migrater] timestamp=1779269620.98, migrating=False, epoch=1, total_epochs=3, configured=0 B/s, rate=0 B/s, pending=0 bytes
[migrater] timestamp=1779269621.08, migrating=False, epoch=1, total_epochs=3, configured=0 B/s, rate=0 B/s, pending=0 bytes
[migrater] timestamp=1779269621.18, migrating=False, epoch=1, total_epochs=3, configured=0 B/s, rate=0 B/s, pending=0 bytes
[migrater] timestamp=1779269621.28, migrating=False, epoch=1, total_epochs=3, configured=0 B/s, rate=0 B/s, pending=0 bytes
[migrater] timestamp=1779269621.38, migrating=False, epoch=1, total_epochs=3, configured=0 B/s, rate=0 B/s, pending=0 bytes
[migrater] timestamp=1779269621.48, migrating=False, epoch=1, total_epochs=3, configured=0 B/s, rate=0 B/s, pending=0 bytes
[migrater] timestamp=1779269621.58, migrating=False, epoch=1, total_epochs=3, configured=0 B/s, rate=0 B/s, pending=0 bytes
[migrater] timestamp=1779269621.68, migrating=False, epoch=1, total_epochs=3, configured=0 B/s, rate=0 B/s, pending=0 bytes
[migrater] timestamp=1779269621.78, migrating=False, epoch=1, total_epochs=3, configured=0 B/s, rate=0 B/s, pending=0 bytes
[migrater] timestamp=1779269621.88, migrating=False, epoch=1, total_epochs=3, configured=0 B/s, rate=0 B/s, pending=0 bytes
[migrater] timestamp=1779269621.98, migrating=False, epoch=1, total_epochs=3, configured=0 B/s, rate=0 B/s, pending=0 bytes
[migrater] timestamp=1779269622.08, migrating=False, epoch=1, total_epochs=3, configured=0 B/s, rate=0 B/s, pending=0 bytes
[migrater] timestamp=1779269622.19, migrating=False, epoch=1, total_epochs=3, configured=0 B/s, rate=0 B/s, pending=0 bytes
[migrater] timestamp=1779269622.29, migrating=False, epoch=1, total_epochs=3, configured=0 B/s, rate=0 B/s, pending=0 bytes
[migrater] timestamp=1779269622.39, migrating=False, epoch=1, total_epochs=3, configured=0 B/s, rate=0 B/s, pending=0 bytes
[migrater] timestamp=1779269622.49, migrating=False, epoch=1, total_epochs=3, configured=0 B/s, rate=0 B/s, pending=0 bytes
[migrater] timestamp=1779269622.59, migrating=False, epoch=1, total_epochs=3, configured=0 B/s, rate=0 B/s, pending=0 bytes
[migrater] timestamp=1779269622.69, migrating=False, epoch=1, total_epochs=3, configured=0 B/s, rate=0 B/s, pending=0 bytes
[migrater] timestamp=1779269622.79, migrating=False, epoch=1, total_epochs=3, configured=0 B/s, rate=0 B/s, pending=0 bytes
[migrater] timestamp=1779269622.89, migrating=False, epoch=1, total_epochs=3, configured=0 B/s, rate=0 B/s, pending=0 bytes
[migrater] timestamp=1779269622.99, migrating=False, epoch=1, total_epochs=3, configured=0 B/s, rate=0 B/s, pending=0 bytes
[migrater] timestamp=1779269623.09, migrating=False, epoch=1, total_epochs=3, configured=0 B/s, rate=0 B/s, pending=0 bytes
[migrater] timestamp=1779269623.19, migrating=False, epoch=1, total_epochs=3, configured=0 B/s, rate=0 B/s, pending=0 bytes
[migrater] timestamp=1779269623.29, migrating=False, epoch=1, total_epochs=3, configured=0 B/s, rate=0 B/s, pending=0 bytes
[migrater] timestamp=1779269623.39, migrating=False, epoch=1, total_epochs=3, configured=0 B/s, rate=0 B/s, pending=0 bytes
[migrater] timestamp=1779269623.49, migrating=False, epoch=1, total_epochs=3, configured=0 B/s, rate=0 B/s, pending=0 bytes
[migrater] timestamp=1779269623.59, migrating=False, epoch=1, total_epochs=3, configured=0 B/s, rate=0 B/s, pending=0 bytes
[migrater] timestamp=1779269623.69, migrating=False, epoch=1, total_epochs=3, configured=0 B/s, rate=0 B/s, pending=0 bytes
[migrater] timestamp=1779269623.79, migrating=False, epoch=1, total_epochs=3, configured=0 B/s, rate=0 B/s, pending=0 bytes
[migrater] timestamp=1779269623.89, migrating=False, epoch=1, total_epochs=3, configured=0 B/s, rate=0 B/s, pending=0 bytes
[migrater] timestamp=1779269624.00, migrating=False, epoch=1, total_epochs=3, configured=0 B/s, rate=0 B/s, pending=0 bytes
[migrater] timestamp=1779269624.10, migrating=False, epoch=1, total_epochs=3, configured=0 B/s, rate=0 B/s, pending=0 bytes
[migrater] timestamp=1779269624.20, migrating=False, epoch=1, total_epochs=3, configured=0 B/s, rate=0 B/s, pending=0 bytes
[migrater] timestamp=1779269624.30, migrating=False, epoch=1, total_epochs=3, configured=0 B/s, rate=0 B/s, pending=0 bytes
[migrater] timestamp=1779269624.40, migrating=False, epoch=1, total_epochs=3, configured=0 B/s, rate=0 B/s, pending=0 bytes
[migrater] timestamp=1779269624.50, migrating=False, epoch=1, total_epochs=3, configured=0 B/s, rate=0 B/s, pending=0 bytes
[migrater] timestamp=1779269624.60, migrating=False, epoch=1, total_epochs=3, configured=0 B/s, rate=0 B/s, pending=0 bytes
[migrater] timestamp=1779269624.70, migrating=False, epoch=1, total_epochs=3, configured=0 B/s, rate=0 B/s, pending=0 bytes
[migrater] timestamp=1779269624.80, migrating=False, epoch=1, total_epochs=3, configured=0 B/s, rate=0 B/s, pending=0 bytes
[migrater] timestamp=1779269624.90, migrating=False, epoch=1, total_epochs=3, configured=0 B/s, rate=0 B/s, pending=0 bytes
[migrater] timestamp=1779269625.00, migrating=False, epoch=1, total_epochs=3, configured=0 B/s, rate=0 B/s, pending=0 bytes
[migrater] timestamp=1779269625.10, migrating=False, epoch=1, total_epochs=3, configured=0 B/s, rate=0 B/s, pending=0 bytes
[migrater] timestamp=1779269625.20, migrating=False, epoch=1, total_epochs=3, configured=0 B/s, rate=0 B/s, pending=0 bytes
[migrater] timestamp=1779269625.30, migrating=False, epoch=1, total_epochs=3, configured=0 B/s, rate=0 B/s, pending=0 bytes
[migrater] timestamp=1779269625.40, migrating=False, epoch=1, total_epochs=3, configured=0 B/s, rate=0 B/s, pending=0 bytes
[migrater] timestamp=1779269625.50, migrating=False, epoch=1, total_epochs=3, configured=0 B/s, rate=0 B/s, pending=0 bytes
[migrater] timestamp=1779269625.60, migrating=False, epoch=2, total_epochs=3, configured=0 B/s, rate=0 B/s, pending=5368709120 bytes
[migrater] timestamp=1779269625.70, migrating=True, epoch=2, total_epochs=3, configured=0 B/s, rate=0 B/s, pending=5368709120 bytes
[migrater] timestamp=1779269625.72, migrating=True, epoch=2, total_epochs=3, configured=993301729 B/s, rate=1465035909 B/s, pending=5217714176 bytes ([2.81%] 150994944/5368709120 bytes copied)
[migrater] timestamp=1779269625.82, migrating=True, epoch=2, total_epochs=3, configured=993301729 B/s, rate=1447571027 B/s, pending=5066719232 bytes ([5.62%] 301989888/5368709120 bytes copied)
[migrater] timestamp=1779269625.93, migrating=True, epoch=2, total_epochs=3, configured=790875156 B/s, rate=798616936 B/s, pending=4982833152 bytes ([7.19%] 385875968/5368709120 bytes copied)
[migrater] timestamp=1779269626.03, migrating=True, epoch=2, total_epochs=3, configured=600900451 B/s, rate=749811287 B/s, pending=4907335680 bytes ([8.59%] 461373440/5368709120 bytes copied)
[migrater] timestamp=1779269626.14, migrating=True, epoch=2, total_epochs=3, configured=573631827 B/s, rate=542027851 B/s, pending=4848615424 bytes ([9.69%] 520093696/5368709120 bytes copied)
[migrater] timestamp=1779269626.24, migrating=True, epoch=2, total_epochs=3, configured=556806966 B/s, rate=572190562 B/s, pending=4789895168 bytes ([10.78%] 578813952/5368709120 bytes copied)
[migrater] timestamp=1779269626.34, migrating=True, epoch=2, total_epochs=3, configured=545411059 B/s, rate=555355678 B/s, pending=4731174912 bytes ([11.88%] 637534208/5368709120 bytes copied)
[migrater] timestamp=1779269626.45, migrating=True, epoch=2, total_epochs=3, configured=545411059 B/s, rate=545546115 B/s, pending=4672454656 bytes ([12.97%] 696254464/5368709120 bytes copied)
[migrater] timestamp=1779269626.56, migrating=True, epoch=2, total_epochs=3, configured=530405059 B/s, rate=536595924 B/s, pending=4613734400 bytes ([14.06%] 754974720/5368709120 bytes copied)
[migrater] timestamp=1779269626.66, migrating=True, epoch=2, total_epochs=3, configured=525147318 B/s, rate=581442419 B/s, pending=4555014144 bytes ([15.16%] 813694976/5368709120 bytes copied)
[migrater] timestamp=1779269626.77, migrating=True, epoch=2, total_epochs=3, configured=520970033 B/s, rate=473891616 B/s, pending=4504682496 bytes ([16.09%] 864026624/5368709120 bytes copied)
[migrater] timestamp=1779269626.87, migrating=True, epoch=2, total_epochs=3, configured=517646077 B/s, rate=569979075 B/s, pending=4445962240 bytes ([17.19%] 922746880/5368709120 bytes copied)
[migrater] timestamp=1779269626.98, migrating=True, epoch=2, total_epochs=3, configured=514656069 B/s, rate=467744936 B/s, pending=4395630592 bytes ([18.12%] 973078528/5368709120 bytes copied)
[migrater] timestamp=1779269627.08, migrating=True, epoch=2, total_epochs=3, configured=512241389 B/s, rate=563267159 B/s, pending=4336910336 bytes ([19.22%] 1031798784/5368709120 bytes copied)
[migrater] timestamp=1779269627.19, migrating=True, epoch=2, total_epochs=3, configured=510031900 B/s, rate=463295303 B/s, pending=4286578688 bytes ([20.16%] 1082130432/5368709120 bytes copied)
[migrater] timestamp=1779269627.30, migrating=True, epoch=2, total_epochs=3, configured=508179392 B/s, rate=557456995 B/s, pending=4227858432 bytes ([21.25%] 1140850688/5368709120 bytes copied)
[migrater] timestamp=1779269627.41, migrating=True, epoch=2, total_epochs=3, configured=506417755 B/s, rate=460160721 B/s, pending=4177526784 bytes ([22.19%] 1191182336/5368709120 bytes copied)
[migrater] timestamp=1779269627.51, migrating=True, epoch=2, total_epochs=3, configured=0 B/s, rate=0 B/s, pending=4177526784 bytes
[migrater] timestamp=1779269627.51, migrating=True, epoch=2, total_epochs=3, configured=504934010 B/s, rate=553869759 B/s, pending=4118806528 bytes ([23.28%] 1249902592/5368709120 bytes copied)
[migrater] timestamp=1779269627.62, migrating=True, epoch=2, total_epochs=3, configured=505968872 B/s, rate=458947819 B/s, pending=4068474880 bytes ([24.22%] 1300234240/5368709120 bytes copied)
[migrater] timestamp=1779269627.73, migrating=True, epoch=2, total_epochs=3, configured=501836826 B/s, rate=551074755 B/s, pending=4009754624 bytes ([25.31%] 1358954496/5368709120 bytes copied)
[migrater] timestamp=1779269627.83, migrating=True, epoch=2, total_epochs=3, configured=501836826 B/s, rate=501894432 B/s, pending=3959422976 bytes ([26.25%] 1409286144/5368709120 bytes copied)
[migrater] timestamp=1779269627.93, migrating=True, epoch=2, total_epochs=3, configured=500681073 B/s, rate=500526450 B/s, pending=3909091328 bytes ([27.19%] 1459617792/5368709120 bytes copied)
[migrater] timestamp=1779269628.03, migrating=True, epoch=2, total_epochs=3, configured=499717811 B/s, rate=499793685 B/s, pending=3858759680 bytes ([28.12%] 1509949440/5368709120 bytes copied)
[migrater] timestamp=1779269628.13, migrating=True, epoch=2, total_epochs=3, configured=497657784 B/s, rate=498619865 B/s, pending=3808428032 bytes ([29.06%] 1560281088/5368709120 bytes copied)
[migrater] timestamp=1779269628.23, migrating=True, epoch=2, total_epochs=3, configured=496978556 B/s, rate=497228047 B/s, pending=3758096384 bytes ([30.00%] 1610612736/5368709120 bytes copied)
[migrater] timestamp=1779269628.33, migrating=True, epoch=2, total_epochs=3, configured=496214122 B/s, rate=497163063 B/s, pending=3707764736 bytes ([30.94%] 1660944384/5368709120 bytes copied)
[migrater] timestamp=1779269628.44, migrating=True, epoch=2, total_epochs=3, configured=496214122 B/s, rate=496111609 B/s, pending=3657433088 bytes ([31.87%] 1711276032/5368709120 bytes copied)
[migrater] timestamp=1779269628.54, migrating=True, epoch=2, total_epochs=3, configured=494919316 B/s, rate=495539288 B/s, pending=3607101440 bytes ([32.81%] 1761607680/5368709120 bytes copied)
[migrater] timestamp=1779269628.64, migrating=True, epoch=2, total_epochs=3, configured=494251001 B/s, rate=495131413 B/s, pending=3556769792 bytes ([33.75%] 1811939328/5368709120 bytes copied)
[migrater] timestamp=1779269628.74, migrating=True, epoch=2, total_epochs=3, configured=493606288 B/s, rate=494241456 B/s, pending=3506438144 bytes ([34.69%] 1862270976/5368709120 bytes copied)
[migrater] timestamp=1779269628.84, migrating=True, epoch=2, total_epochs=3, configured=492982379 B/s, rate=493602661 B/s, pending=3456106496 bytes ([35.62%] 1912602624/5368709120 bytes copied)
[migrater] timestamp=1779269628.94, migrating=True, epoch=2, total_epochs=3, configured=492376625 B/s, rate=492724114 B/s, pending=3405774848 bytes ([36.56%] 1962934272/5368709120 bytes copied)
[migrater] timestamp=1779269629.05, migrating=True, epoch=2, total_epochs=3, configured=492376625 B/s, rate=492342818 B/s, pending=3355443200 bytes ([37.50%] 2013265920/5368709120 bytes copied)
[migrater] timestamp=1779269629.15, migrating=True, epoch=2, total_epochs=3, configured=492376625 B/s, rate=492522573 B/s, pending=3305111552 bytes ([38.44%] 2063597568/5368709120 bytes copied)
[migrater] timestamp=1779269629.25, migrating=True, epoch=2, total_epochs=3, configured=492376625 B/s, rate=492388671 B/s, pending=3254779904 bytes ([39.38%] 2113929216/5368709120 bytes copied)
[migrater] timestamp=1779269629.35, migrating=True, epoch=2, total_epochs=3, configured=492376625 B/s, rate=492412613 B/s, pending=3204448256 bytes ([40.31%] 2164260864/5368709120 bytes copied)
[migrater] timestamp=1779269629.46, migrating=True, epoch=2, total_epochs=3, configured=492376625 B/s, rate=492199919 B/s, pending=3154116608 bytes ([41.25%] 2214592512/5368709120 bytes copied)
[migrater] timestamp=1779269629.56, migrating=True, epoch=2, total_epochs=3, configured=492376625 B/s, rate=492333764 B/s, pending=3103784960 bytes ([42.19%] 2264924160/5368709120 bytes copied)
[migrater] timestamp=1779269629.66, migrating=True, epoch=2, total_epochs=3, configured=489949056 B/s, rate=492106501 B/s, pending=3053453312 bytes ([43.12%] 2315255808/5368709120 bytes copied)
[migrater] timestamp=1779269629.76, migrating=True, epoch=2, total_epochs=3, configured=489504745 B/s, rate=489800275 B/s, pending=3003121664 bytes ([44.06%] 2365587456/5368709120 bytes copied)
[migrater] timestamp=1779269629.87, migrating=True, epoch=2, total_epochs=3, configured=489039702 B/s, rate=489016631 B/s, pending=2952790016 bytes ([45.00%] 2415919104/5368709120 bytes copied)
[migrater] timestamp=1779269629.97, migrating=True, epoch=2, total_epochs=3, configured=488204616 B/s, rate=488876078 B/s, pending=2902458368 bytes ([45.94%] 2466250752/5368709120 bytes copied)
[migrater] timestamp=1779269630.07, migrating=True, epoch=2, total_epochs=3, configured=487341281 B/s, rate=487823314 B/s, pending=2852126720 bytes ([46.88%] 2516582400/5368709120 bytes copied)
[migrater] timestamp=1779269630.17, migrating=True, epoch=2, total_epochs=3, configured=486913255 B/s, rate=486897281 B/s, pending=2801795072 bytes ([47.81%] 2566914048/5368709120 bytes copied)
[migrater] timestamp=1779269630.28, migrating=True, epoch=2, total_epochs=3, configured=486162453 B/s, rate=486658966 B/s, pending=2751463424 bytes ([48.75%] 2617245696/5368709120 bytes copied)
[migrater] timestamp=1779269630.38, migrating=True, epoch=2, total_epochs=3, configured=485377631 B/s, rate=485902831 B/s, pending=2701131776 bytes ([49.69%] 2667577344/5368709120 bytes copied)
[migrater] timestamp=1779269630.49, migrating=True, epoch=2, total_epochs=3, configured=485047732 B/s, rate=485308459 B/s, pending=2650800128 bytes ([50.62%] 2717908992/5368709120 bytes copied)
[migrater] timestamp=1779269630.59, migrating=True, epoch=2, total_epochs=3, configured=484172450 B/s, rate=484604234 B/s, pending=2600468480 bytes ([51.56%] 2768240640/5368709120 bytes copied)
[migrater] timestamp=1779269630.69, migrating=True, epoch=2, total_epochs=3, configured=483629989 B/s, rate=483819023 B/s, pending=2550136832 bytes ([52.50%] 2818572288/5368709120 bytes copied)
[migrater] timestamp=1779269630.80, migrating=True, epoch=2, total_epochs=3, configured=483629989 B/s, rate=483497353 B/s, pending=2499805184 bytes ([53.44%] 2868903936/5368709120 bytes copied)
[migrater] timestamp=1779269630.90, migrating=True, epoch=2, total_epochs=3, configured=483209037 B/s, rate=483512031 B/s, pending=2449473536 bytes ([54.37%] 2919235584/5368709120 bytes copied)
[migrater] timestamp=1779269631.01, migrating=True, epoch=2, total_epochs=3, configured=482220388 B/s, rate=482539164 B/s, pending=2399141888 bytes ([55.31%] 2969567232/5368709120 bytes copied)
[migrater] timestamp=1779269631.11, migrating=True, epoch=2, total_epochs=3, configured=481647134 B/s, rate=481890925 B/s, pending=2348810240 bytes ([56.25%] 3019898880/5368709120 bytes copied)
[migrater] timestamp=1779269631.22, migrating=True, epoch=2, total_epochs=3, configured=480258269 B/s, rate=480746104 B/s, pending=2298478592 bytes ([57.19%] 3070230528/5368709120 bytes copied)
[migrater] timestamp=1779269631.32, migrating=True, epoch=2, total_epochs=3, configured=479786109 B/s, rate=480407183 B/s, pending=2248146944 bytes ([58.13%] 3120562176/5368709120 bytes copied)
[migrater] timestamp=1779269631.42, migrating=True, epoch=2, total_epochs=3, configured=479786109 B/s, rate=479544468 B/s, pending=2197815296 bytes ([59.06%] 3170893824/5368709120 bytes copied)
[migrater] timestamp=1779269631.53, migrating=True, epoch=2, total_epochs=3, configured=479786109 B/s, rate=479667820 B/s, pending=2147483648 bytes ([60.00%] 3221225472/5368709120 bytes copied)
[migrater] timestamp=1779269631.63, migrating=True, epoch=2, total_epochs=3, configured=478568669 B/s, rate=479158424 B/s, pending=2097152000 bytes ([60.94%] 3271557120/5368709120 bytes copied)
[migrater] timestamp=1779269631.74, migrating=True, epoch=2, total_epochs=3, configured=0 B/s, rate=0 B/s, pending=2097152000 bytes
[migrater] timestamp=1779269631.74, migrating=True, epoch=2, total_epochs=3, configured=477478561 B/s, rate=478266098 B/s, pending=2046820352 bytes ([61.88%] 3321888768/5368709120 bytes copied)
[migrater] timestamp=1779269631.85, migrating=True, epoch=2, total_epochs=3, configured=480705912 B/s, rate=479187483 B/s, pending=1996488704 bytes ([62.81%] 3372220416/5368709120 bytes copied)
[migrater] timestamp=1779269631.95, migrating=True, epoch=2, total_epochs=3, configured=480237933 B/s, rate=480578422 B/s, pending=1946157056 bytes ([63.75%] 3422552064/5368709120 bytes copied)
[migrater] timestamp=1779269632.05, migrating=True, epoch=2, total_epochs=3, configured=479598920 B/s, rate=479585729 B/s, pending=1895825408 bytes ([64.69%] 3472883712/5368709120 bytes copied)
[migrater] timestamp=1779269632.16, migrating=True, epoch=2, total_epochs=3, configured=479099051 B/s, rate=479255701 B/s, pending=1845493760 bytes ([65.62%] 3523215360/5368709120 bytes copied)
[migrater] timestamp=1779269632.27, migrating=True, epoch=2, total_epochs=3, configured=478420043 B/s, rate=478407250 B/s, pending=1795162112 bytes ([66.56%] 3573547008/5368709120 bytes copied)
[migrater] timestamp=1779269632.37, migrating=True, epoch=2, total_epochs=3, configured=477155840 B/s, rate=477757047 B/s, pending=1744830464 bytes ([67.50%] 3623878656/5368709120 bytes copied)
[migrater] timestamp=1779269632.48, migrating=True, epoch=2, total_epochs=3, configured=476572090 B/s, rate=477205503 B/s, pending=1694498816 bytes ([68.44%] 3674210304/5368709120 bytes copied)
[migrater] timestamp=1779269632.58, migrating=True, epoch=2, total_epochs=3, configured=475790412 B/s, rate=476384673 B/s, pending=1644167168 bytes ([69.38%] 3724541952/5368709120 bytes copied)
[migrater] timestamp=1779269632.69, migrating=True, epoch=2, total_epochs=3, configured=475790412 B/s, rate=475902470 B/s, pending=1593835520 bytes ([70.31%] 3774873600/5368709120 bytes copied)
[migrater] timestamp=1779269632.79, migrating=True, epoch=2, total_epochs=3, configured=475790412 B/s, rate=475896310 B/s, pending=1543503872 bytes ([71.25%] 3825205248/5368709120 bytes copied)
[migrater] timestamp=1779269632.90, migrating=True, epoch=2, total_epochs=3, configured=475790412 B/s, rate=475494148 B/s, pending=1493172224 bytes ([72.19%] 3875536896/5368709120 bytes copied)
[migrater] timestamp=1779269633.00, migrating=True, epoch=2, total_epochs=3, configured=475152266 B/s, rate=475747997 B/s, pending=1442840576 bytes ([73.12%] 3925868544/5368709120 bytes copied)
[migrater] timestamp=1779269633.11, migrating=True, epoch=2, total_epochs=3, configured=473451168 B/s, rate=474547655 B/s, pending=1392508928 bytes ([74.06%] 3976200192/5368709120 bytes copied)
[migrater] timestamp=1779269633.22, migrating=True, epoch=2, total_epochs=3, configured=471828510 B/s, rate=472634500 B/s, pending=1342177280 bytes ([75.00%] 4026531840/5368709120 bytes copied)
[migrater] timestamp=1779269633.32, migrating=True, epoch=2, total_epochs=3, configured=470001010 B/s, rate=470079688 B/s, pending=1291845632 bytes ([75.94%] 4076863488/5368709120 bytes copied)
[migrater] timestamp=1779269633.43, migrating=True, epoch=2, total_epochs=3, configured=467705214 B/s, rate=467991133 B/s, pending=1241513984 bytes ([76.88%] 4127195136/5368709120 bytes copied)
[migrater] timestamp=1779269633.54, migrating=True, epoch=2, total_epochs=3, configured=466496530 B/s, rate=467236193 B/s, pending=1191182336 bytes ([77.81%] 4177526784/5368709120 bytes copied)
[migrater] timestamp=1779269633.64, migrating=True, epoch=2, total_epochs=3, configured=465412491 B/s, rate=418586960 B/s, pending=1149239296 bytes ([78.59%] 4219469824/5368709120 bytes copied)
[migrater] timestamp=1779269633.75, migrating=True, epoch=2, total_epochs=3, configured=465121936 B/s, rate=465146679 B/s, pending=1098907648 bytes ([79.53%] 4269801472/5368709120 bytes copied)
[migrater] timestamp=1779269633.85, migrating=True, epoch=2, total_epochs=3, configured=0 B/s, rate=0 B/s, pending=1098907648 bytes
[migrater] timestamp=1779269633.86, migrating=True, epoch=2, total_epochs=3, configured=469272194 B/s, rate=464036342 B/s, pending=1048576000 bytes ([80.47%] 4320133120/5368709120 bytes copied)
[migrater] timestamp=1779269633.96, migrating=True, epoch=2, total_epochs=3, configured=468163172 B/s, rate=468674358 B/s, pending=998244352 bytes ([81.41%] 4370464768/5368709120 bytes copied)
[migrater] timestamp=1779269634.07, migrating=True, epoch=2, total_epochs=3, configured=466724172 B/s, rate=468367754 B/s, pending=947912704 bytes ([82.34%] 4420796416/5368709120 bytes copied)
[migrater] timestamp=1779269634.18, migrating=True, epoch=2, total_epochs=3, configured=465422450 B/s, rate=466620562 B/s, pending=897581056 bytes ([83.28%] 4471128064/5368709120 bytes copied)
[migrater] timestamp=1779269634.29, migrating=True, epoch=2, total_epochs=3, configured=463755826 B/s, rate=464797198 B/s, pending=847249408 bytes ([84.22%] 4521459712/5368709120 bytes copied)
[migrater] timestamp=1779269634.40, migrating=True, epoch=2, total_epochs=3, configured=462205140 B/s, rate=459634034 B/s, pending=796917760 bytes ([85.16%] 4571791360/5368709120 bytes copied)
[migrater] timestamp=1779269634.51, migrating=True, epoch=2, total_epochs=3, configured=460504537 B/s, rate=461749770 B/s, pending=746586112 bytes ([86.09%] 4622123008/5368709120 bytes copied)
[migrater] timestamp=1779269634.61, migrating=True, epoch=2, total_epochs=3, configured=458629888 B/s, rate=463102229 B/s, pending=696254464 bytes ([87.03%] 4672454656/5368709120 bytes copied)
[migrater] timestamp=1779269634.72, migrating=True, epoch=2, total_epochs=3, configured=453648270 B/s, rate=501900228 B/s, pending=645922816 bytes ([87.97%] 4722786304/5368709120 bytes copied)
[migrater] timestamp=1779269634.82, migrating=True, epoch=2, total_epochs=3, configured=451174776 B/s, rate=407781053 B/s, pending=603979776 bytes ([88.75%] 4764729344/5368709120 bytes copied)
[migrater] timestamp=1779269634.92, migrating=True, epoch=2, total_epochs=3, configured=450246339 B/s, rate=495477623 B/s, pending=553648128 bytes ([89.69%] 4815060992/5368709120 bytes copied)
[migrater] timestamp=1779269635.02, migrating=True, epoch=2, total_epochs=3, configured=447232713 B/s, rate=404947912 B/s, pending=511705088 bytes ([90.47%] 4857004032/5368709120 bytes copied)
[migrater] timestamp=1779269635.13, migrating=True, epoch=2, total_epochs=3, configured=447232713 B/s, rate=491172193 B/s, pending=461373440 bytes ([91.41%] 4907335680/5368709120 bytes copied)
[migrater] timestamp=1779269635.23, migrating=True, epoch=2, total_epochs=3, configured=447232713 B/s, rate=403772758 B/s, pending=419430400 bytes ([92.19%] 4949278720/5368709120 bytes copied)
[migrater] timestamp=1779269635.33, migrating=True, epoch=2, total_epochs=3, configured=447232713 B/s, rate=491375942 B/s, pending=369098752 bytes ([93.12%] 4999610368/5368709120 bytes copied)
[migrater] timestamp=1779269635.44, migrating=True, epoch=2, total_epochs=3, configured=442032514 B/s, rate=403076626 B/s, pending=327155712 bytes ([93.91%] 5041553408/5368709120 bytes copied)
[migrater] timestamp=1779269635.54, migrating=True, epoch=2, total_epochs=3, configured=440110877 B/s, rate=484421307 B/s, pending=276824064 bytes ([94.84%] 5091885056/5368709120 bytes copied)
[migrater] timestamp=1779269635.65, migrating=True, epoch=2, total_epochs=3, configured=430503727 B/s, rate=391333442 B/s, pending=234881024 bytes ([95.62%] 5133828096/5368709120 bytes copied)
[migrater] timestamp=1779269635.76, migrating=True, epoch=2, total_epochs=3, configured=419203484 B/s, rate=461625383 B/s, pending=184549376 bytes ([96.56%] 5184159744/5368709120 bytes copied)
[migrater] timestamp=1779269635.86, migrating=True, epoch=2, total_epochs=3, configured=409414090 B/s, rate=410080727 B/s, pending=142606336 bytes ([97.34%] 5226102784/5368709120 bytes copied)
[migrater] timestamp=1779269635.96, migrating=True, epoch=2, total_epochs=3, configured=0 B/s, rate=0 B/s, pending=142606336 bytes
[migrater] timestamp=1779269635.96, migrating=True, epoch=2, total_epochs=3, configured=401249273 B/s, rate=401404903 B/s, pending=100663296 bytes ([98.12%] 5268045824/5368709120 bytes copied)
[migrater] timestamp=1779269636.06, migrating=True, epoch=2, total_epochs=3, configured=416499244 B/s, rate=416103391 B/s, pending=58720256 bytes ([98.91%] 5309988864/5368709120 bytes copied)
[migrater] timestamp=1779269636.24, migrating=False, epoch=2, total_epochs=3, configured=391211591 B/s, rate=0 B/s, pending=0 bytes ([100.00%] 5368709120/5368709120 bytes copied)
[migrater] timestamp=1779269636.36, migrating=False, epoch=2, total_epochs=3, configured=0 B/s, rate=0 B/s, pending=0 bytes
[migrater] timestamp=1779269636.46, migrating=False, epoch=2, total_epochs=3, configured=0 B/s, rate=0 B/s, pending=0 bytes
[migrater] timestamp=1779269636.56, migrating=False, epoch=2, total_epochs=3, configured=0 B/s, rate=0 B/s, pending=0 bytes
[migrater] timestamp=1779269636.67, migrating=False, epoch=2, total_epochs=3, configured=0 B/s, rate=0 B/s, pending=0 bytes
[migrater] timestamp=1779269636.77, migrating=False, epoch=2, total_epochs=3, configured=0 B/s, rate=0 B/s, pending=0 bytes
[migrater] timestamp=1779269636.87, migrating=False, epoch=2, total_epochs=3, configured=0 B/s, rate=0 B/s, pending=0 bytes
[migrater] timestamp=1779269636.97, migrating=False, epoch=2, total_epochs=3, configured=0 B/s, rate=0 B/s, pending=0 bytes
[migrater] timestamp=1779269637.07, migrating=False, epoch=2, total_epochs=3, configured=0 B/s, rate=0 B/s, pending=0 bytes
[migrater] timestamp=1779269637.17, migrating=False, epoch=2, total_epochs=3, configured=0 B/s, rate=0 B/s, pending=0 bytes
[migrater] timestamp=1779269637.27, migrating=False, epoch=2, total_epochs=3, configured=0 B/s, rate=0 B/s, pending=0 bytes
[migrater] timestamp=1779269637.37, migrating=False, epoch=2, total_epochs=3, configured=0 B/s, rate=0 B/s, pending=0 bytes
[migrater] timestamp=1779269637.47, migrating=False, epoch=2, total_epochs=3, configured=0 B/s, rate=0 B/s, pending=0 bytes
[migrater] timestamp=1779269637.57, migrating=False, epoch=2, total_epochs=3, configured=0 B/s, rate=0 B/s, pending=0 bytes
[migrater] timestamp=1779269637.67, migrating=False, epoch=2, total_epochs=3, configured=0 B/s, rate=0 B/s, pending=0 bytes
[migrater] timestamp=1779269637.77, migrating=False, epoch=2, total_epochs=3, configured=0 B/s, rate=0 B/s, pending=0 bytes
[migrater] timestamp=1779269637.87, migrating=False, epoch=2, total_epochs=3, configured=0 B/s, rate=0 B/s, pending=0 bytes
[migrater] timestamp=1779269637.97, migrating=False, epoch=2, total_epochs=3, configured=0 B/s, rate=0 B/s, pending=0 bytes
[migrater] timestamp=1779269638.07, migrating=False, epoch=2, total_epochs=3, configured=0 B/s, rate=0 B/s, pending=0 bytes
[migrater] timestamp=1779269638.17, migrating=False, epoch=2, total_epochs=3, configured=0 B/s, rate=0 B/s, pending=0 bytes
[migrater] timestamp=1779269638.27, migrating=False, epoch=2, total_epochs=3, configured=0 B/s, rate=0 B/s, pending=0 bytes
[migrater] timestamp=1779269638.37, migrating=False, epoch=2, total_epochs=3, configured=0 B/s, rate=0 B/s, pending=0 bytes
[migrater] timestamp=1779269638.47, migrating=False, epoch=2, total_epochs=3, configured=0 B/s, rate=0 B/s, pending=0 bytes
[migrater] timestamp=1779269638.57, migrating=False, epoch=2, total_epochs=3, configured=0 B/s, rate=0 B/s, pending=0 bytes
[migrater] timestamp=1779269638.68, migrating=False, epoch=2, total_epochs=3, configured=0 B/s, rate=0 B/s, pending=0 bytes
[migrater] timestamp=1779269638.78, migrating=False, epoch=2, total_epochs=3, configured=0 B/s, rate=0 B/s, pending=0 bytes
[migrater] timestamp=1779269638.88, migrating=False, epoch=2, total_epochs=3, configured=0 B/s, rate=0 B/s, pending=0 bytes
[migrater] timestamp=1779269638.98, migrating=False, epoch=2, total_epochs=3, configured=0 B/s, rate=0 B/s, pending=0 bytes
[migrater] timestamp=1779269639.08, migrating=False, epoch=2, total_epochs=3, configured=0 B/s, rate=0 B/s, pending=0 bytes
[migrater] timestamp=1779269639.18, migrating=False, epoch=2, total_epochs=3, configured=0 B/s, rate=0 B/s, pending=0 bytes
[migrater] timestamp=1779269639.28, migrating=False, epoch=2, total_epochs=3, configured=0 B/s, rate=0 B/s, pending=0 bytes
[migrater] timestamp=1779269639.38, migrating=False, epoch=2, total_epochs=3, configured=0 B/s, rate=0 B/s, pending=0 bytes
[migrater] timestamp=1779269639.48, migrating=False, epoch=2, total_epochs=3, configured=0 B/s, rate=0 B/s, pending=0 bytes
[migrater] timestamp=1779269639.58, migrating=False, epoch=2, total_epochs=3, configured=0 B/s, rate=0 B/s, pending=0 bytes
[migrater] timestamp=1779269639.68, migrating=False, epoch=2, total_epochs=3, configured=0 B/s, rate=0 B/s, pending=0 bytes
[migrater] timestamp=1779269639.78, migrating=False, epoch=2, total_epochs=3, configured=0 B/s, rate=0 B/s, pending=0 bytes
[migrater] timestamp=1779269639.88, migrating=False, epoch=2, total_epochs=3, configured=0 B/s, rate=0 B/s, pending=0 bytes
[migrater] timestamp=1779269639.98, migrating=False, epoch=2, total_epochs=3, configured=0 B/s, rate=0 B/s, pending=0 bytes
[migrater] timestamp=1779269640.08, migrating=False, epoch=2, total_epochs=3, configured=0 B/s, rate=0 B/s, pending=0 bytes
[migrater] timestamp=1779269640.18, migrating=False, epoch=2, total_epochs=3, configured=0 B/s, rate=0 B/s, pending=0 bytes
[migrater] timestamp=1779269640.28, migrating=False, epoch=2, total_epochs=3, configured=0 B/s, rate=0 B/s, pending=0 bytes
[migrater] timestamp=1779269640.38, migrating=False, epoch=2, total_epochs=3, configured=0 B/s, rate=0 B/s, pending=0 bytes
[migrater] timestamp=1779269640.48, migrating=False, epoch=2, total_epochs=3, configured=0 B/s, rate=0 B/s, pending=0 bytes
[migrater] timestamp=1779269640.58, migrating=False, epoch=2, total_epochs=3, configured=0 B/s, rate=0 B/s, pending=0 bytes
[migrater] timestamp=1779269640.68, migrating=False, epoch=2, total_epochs=3, configured=0 B/s, rate=0 B/s, pending=0 bytes
[migrater] timestamp=1779269640.78, migrating=False, epoch=2, total_epochs=3, configured=0 B/s, rate=0 B/s, pending=0 bytes
[migrater] timestamp=1779269640.88, migrating=False, epoch=2, total_epochs=3, configured=0 B/s, rate=0 B/s, pending=0 bytes
[migrater] timestamp=1779269640.98, migrating=False, epoch=2, total_epochs=3, configured=0 B/s, rate=0 B/s, pending=0 bytes
[migrater] timestamp=1779269641.08, migrating=False, epoch=2, total_epochs=3, configured=0 B/s, rate=0 B/s, pending=0 bytes
[migrater] timestamp=1779269641.18, migrating=False, epoch=2, total_epochs=3, configured=0 B/s, rate=0 B/s, pending=0 bytes
[migrater] timestamp=1779269641.29, migrating=False, epoch=2, total_epochs=3, configured=0 B/s, rate=0 B/s, pending=0 bytes
[migrater] timestamp=1779269641.39, migrating=False, epoch=2, total_epochs=3, configured=0 B/s, rate=0 B/s, pending=0 bytes
[migrater] timestamp=1779269641.49, migrating=False, epoch=2, total_epochs=3, configured=0 B/s, rate=0 B/s, pending=0 bytes
[migrater] timestamp=1779269641.59, migrating=False, epoch=2, total_epochs=3, configured=0 B/s, rate=0 B/s, pending=0 bytes
[migrater] timestamp=1779269641.69, migrating=False, epoch=2, total_epochs=3, configured=0 B/s, rate=0 B/s, pending=0 bytes
[migrater] timestamp=1779269641.79, migrating=False, epoch=2, total_epochs=3, configured=0 B/s, rate=0 B/s, pending=0 bytes
[migrater] timestamp=1779269641.89, migrating=False, epoch=2, total_epochs=3, configured=0 B/s, rate=0 B/s, pending=0 bytes
[migrater] timestamp=1779269641.99, migrating=False, epoch=2, total_epochs=3, configured=0 B/s, rate=0 B/s, pending=0 bytes
[migrater] timestamp=1779269642.09, migrating=False, epoch=2, total_epochs=3, configured=0 B/s, rate=0 B/s, pending=0 bytes
[migrater] timestamp=1779269642.19, migrating=False, epoch=2, total_epochs=3, configured=0 B/s, rate=0 B/s, pending=0 bytes
[migrater] timestamp=1779269642.29, migrating=False, epoch=2, total_epochs=3, configured=0 B/s, rate=0 B/s, pending=0 bytes
[migrater] timestamp=1779269642.39, migrating=False, epoch=2, total_epochs=3, configured=0 B/s, rate=0 B/s, pending=0 bytes
[migrater] timestamp=1779269642.49, migrating=False, epoch=2, total_epochs=3, configured=0 B/s, rate=0 B/s, pending=0 bytes
[migrater] timestamp=1779269642.59, migrating=False, epoch=2, total_epochs=3, configured=0 B/s, rate=0 B/s, pending=0 bytes
[migrater] timestamp=1779269642.69, migrating=False, epoch=2, total_epochs=3, configured=0 B/s, rate=0 B/s, pending=0 bytes
[migrater] timestamp=1779269642.79, migrating=False, epoch=2, total_epochs=3, configured=0 B/s, rate=0 B/s, pending=0 bytes
[migrater] timestamp=1779269642.89, migrating=False, epoch=2, total_epochs=3, configured=0 B/s, rate=0 B/s, pending=0 bytes
[migrater] timestamp=1779269642.99, migrating=False, epoch=2, total_epochs=3, configured=0 B/s, rate=0 B/s, pending=0 bytes
[migrater] timestamp=1779269643.09, migrating=False, epoch=2, total_epochs=3, configured=0 B/s, rate=0 B/s, pending=0 bytes
[migrater] timestamp=1779269643.19, migrating=False, epoch=2, total_epochs=3, configured=0 B/s, rate=0 B/s, pending=0 bytes
[migrater] timestamp=1779269643.29, migrating=False, epoch=2, total_epochs=3, configured=0 B/s, rate=0 B/s, pending=0 bytes
[migrater] timestamp=1779269643.39, migrating=False, epoch=2, total_epochs=3, configured=0 B/s, rate=0 B/s, pending=0 bytes
[migrater] timestamp=1779269643.49, migrating=False, epoch=2, total_epochs=3, configured=0 B/s, rate=0 B/s, pending=0 bytes
[migrater] timestamp=1779269643.59, migrating=False, epoch=2, total_epochs=3, configured=0 B/s, rate=0 B/s, pending=0 bytes
[migrater] timestamp=1779269643.69, migrating=False, epoch=2, total_epochs=3, configured=0 B/s, rate=0 B/s, pending=0 bytes
[migrater] timestamp=1779269643.80, migrating=False, epoch=2, total_epochs=3, configured=0 B/s, rate=0 B/s, pending=0 bytes
[migrater] timestamp=1779269643.90, migrating=False, epoch=2, total_epochs=3, configured=0 B/s, rate=0 B/s, pending=0 bytes
[migrater] timestamp=1779269644.00, migrating=False, epoch=2, total_epochs=3, configured=0 B/s, rate=0 B/s, pending=0 bytes
[migrater] timestamp=1779269644.10, migrating=False, epoch=2, total_epochs=3, configured=0 B/s, rate=0 B/s, pending=0 bytes
[migrater] timestamp=1779269644.20, migrating=False, epoch=2, total_epochs=3, configured=0 B/s, rate=0 B/s, pending=0 bytes
[migrater] timestamp=1779269644.30, migrating=False, epoch=2, total_epochs=3, configured=0 B/s, rate=0 B/s, pending=0 bytes
[migrater] timestamp=1779269644.40, migrating=False, epoch=2, total_epochs=3, configured=0 B/s, rate=0 B/s, pending=0 bytes
[migrater] timestamp=1779269644.50, migrating=False, epoch=2, total_epochs=3, configured=0 B/s, rate=0 B/s, pending=0 bytes
[migrater] timestamp=1779269644.60, migrating=False, epoch=2, total_epochs=3, configured=0 B/s, rate=0 B/s, pending=0 bytes
[migrater] timestamp=1779269644.70, migrating=False, epoch=2, total_epochs=3, configured=0 B/s, rate=0 B/s, pending=0 bytes
[migrater] timestamp=1779269644.80, migrating=False, epoch=2, total_epochs=3, configured=0 B/s, rate=0 B/s, pending=0 bytes
[migrater] timestamp=1779269644.90, migrating=False, epoch=2, total_epochs=3, configured=0 B/s, rate=0 B/s, pending=0 bytes
[migrater] timestamp=1779269645.00, migrating=False, epoch=2, total_epochs=3, configured=0 B/s, rate=0 B/s, pending=0 bytes
[migrater] timestamp=1779269645.10, migrating=False, epoch=2, total_epochs=3, configured=0 B/s, rate=0 B/s, pending=0 bytes
[migrater] timestamp=1779269645.20, migrating=False, epoch=2, total_epochs=3, configured=0 B/s, rate=0 B/s, pending=0 bytes
[migrater] timestamp=1779269645.30, migrating=False, epoch=2, total_epochs=3, configured=0 B/s, rate=0 B/s, pending=0 bytes
[migrater] timestamp=1779269645.40, migrating=False, epoch=2, total_epochs=3, configured=0 B/s, rate=0 B/s, pending=0 bytes
[migrater] timestamp=1779269645.50, migrating=False, epoch=2, total_epochs=3, configured=0 B/s, rate=0 B/s, pending=0 bytes
[migrater] timestamp=1779269645.60, migrating=False, epoch=2, total_epochs=3, configured=0 B/s, rate=0 B/s, pending=0 bytes
[migrater] timestamp=1779269645.70, migrating=False, epoch=2, total_epochs=3, configured=0 B/s, rate=0 B/s, pending=0 bytes
[migrater] timestamp=1779269645.80, migrating=False, epoch=2, total_epochs=3, configured=0 B/s, rate=0 B/s, pending=0 bytes
[migrater] timestamp=1779269645.90, migrating=False, epoch=2, total_epochs=3, configured=0 B/s, rate=0 B/s, pending=0 bytes
[migrater] timestamp=1779269646.00, migrating=False, epoch=2, total_epochs=3, configured=0 B/s, rate=0 B/s, pending=0 bytes
[migrater] timestamp=1779269646.10, migrating=False, epoch=2, total_epochs=3, configured=0 B/s, rate=0 B/s, pending=0 bytes
[migrater] timestamp=1779269646.20, migrating=False, epoch=2, total_epochs=3, configured=0 B/s, rate=0 B/s, pending=0 bytes
[migrater] timestamp=1779269646.31, migrating=False, epoch=2, total_epochs=3, configured=0 B/s, rate=0 B/s, pending=0 bytes
[migrater] timestamp=1779269646.41, migrating=False, epoch=2, total_epochs=3, configured=0 B/s, rate=0 B/s, pending=0 bytes
[migrater] timestamp=1779269646.51, migrating=False, epoch=2, total_epochs=3, configured=0 B/s, rate=0 B/s, pending=0 bytes
[migrater] timestamp=1779269646.61, migrating=False, epoch=2, total_epochs=3, configured=0 B/s, rate=0 B/s, pending=0 bytes
[migrater] timestamp=1779269646.71, migrating=False, epoch=2, total_epochs=3, configured=0 B/s, rate=0 B/s, pending=0 bytes
[migrater] timestamp=1779269646.81, migrating=False, epoch=2, total_epochs=3, configured=0 B/s, rate=0 B/s, pending=0 bytes
[migrater] timestamp=1779269646.91, migrating=False, epoch=2, total_epochs=3, configured=0 B/s, rate=0 B/s, pending=0 bytes
[migrater] timestamp=1779269647.01, migrating=False, epoch=2, total_epochs=3, configured=0 B/s, rate=0 B/s, pending=0 bytes
[migrater] timestamp=1779269647.11, migrating=False, epoch=2, total_epochs=3, configured=0 B/s, rate=0 B/s, pending=0 bytes
[migrater] timestamp=1779269647.21, migrating=False, epoch=2, total_epochs=3, configured=0 B/s, rate=0 B/s, pending=0 bytes
[migrater] timestamp=1779269647.31, migrating=False, epoch=2, total_epochs=3, configured=0 B/s, rate=0 B/s, pending=0 bytes
[migrater] timestamp=1779269647.41, migrating=False, epoch=2, total_epochs=3, configured=0 B/s, rate=0 B/s, pending=0 bytes
[migrater] timestamp=1779269647.51, migrating=False, epoch=2, total_epochs=3, configured=0 B/s, rate=0 B/s, pending=0 bytes
[migrater] timestamp=1779269647.61, migrating=False, epoch=2, total_epochs=3, configured=0 B/s, rate=0 B/s, pending=0 bytes
[migrater] timestamp=1779269647.71, migrating=False, epoch=2, total_epochs=3, configured=0 B/s, rate=0 B/s, pending=0 bytes
[migrater] timestamp=1779269647.81, migrating=False, epoch=2, total_epochs=3, configured=0 B/s, rate=0 B/s, pending=0 bytes
[migrater] timestamp=1779269647.91, migrating=False, epoch=2, total_epochs=3, configured=0 B/s, rate=0 B/s, pending=0 bytes
[migrater] timestamp=1779269648.01, migrating=False, epoch=2, total_epochs=3, configured=0 B/s, rate=0 B/s, pending=0 bytes
[migrater] timestamp=1779269648.11, migrating=False, epoch=2, total_epochs=3, configured=0 B/s, rate=0 B/s, pending=0 bytes
[migrater] timestamp=1779269648.21, migrating=False, epoch=2, total_epochs=3, configured=0 B/s, rate=0 B/s, pending=0 bytes
[migrater] timestamp=1779269648.31, migrating=False, epoch=2, total_epochs=3, configured=0 B/s, rate=0 B/s, pending=0 bytes
[migrater] timestamp=1779269648.41, migrating=False, epoch=2, total_epochs=3, configured=0 B/s, rate=0 B/s, pending=0 bytes
[migrater] timestamp=1779269648.51, migrating=False, epoch=2, total_epochs=3, configured=0 B/s, rate=0 B/s, pending=0 bytes
[migrater] timestamp=1779269648.61, migrating=False, epoch=2, total_epochs=3, configured=0 B/s, rate=0 B/s, pending=0 bytes
[migrater] timestamp=1779269648.71, migrating=False, epoch=2, total_epochs=3, configured=0 B/s, rate=0 B/s, pending=0 bytes
[migrater] timestamp=1779269648.81, migrating=False, epoch=2, total_epochs=3, configured=0 B/s, rate=0 B/s, pending=0 bytes
[migrater] timestamp=1779269648.92, migrating=False, epoch=2, total_epochs=3, configured=0 B/s, rate=0 B/s, pending=0 bytes
[migrater] timestamp=1779269649.02, migrating=False, epoch=2, total_epochs=3, configured=0 B/s, rate=0 B/s, pending=0 bytes
[migrater] timestamp=1779269649.12, migrating=False, epoch=2, total_epochs=3, configured=0 B/s, rate=0 B/s, pending=0 bytes
[migrater] timestamp=1779269649.22, migrating=False, epoch=2, total_epochs=3, configured=0 B/s, rate=0 B/s, pending=0 bytes
[migrater] timestamp=1779269649.32, migrating=False, epoch=2, total_epochs=3, configured=0 B/s, rate=0 B/s, pending=0 bytes
[migrater] timestamp=1779269649.42, migrating=False, epoch=2, total_epochs=3, configured=0 B/s, rate=0 B/s, pending=0 bytes
[migrater] timestamp=1779269649.52, migrating=False, epoch=2, total_epochs=3, configured=0 B/s, rate=0 B/s, pending=0 bytes
[migrater] timestamp=1779269649.62, migrating=False, epoch=2, total_epochs=3, configured=0 B/s, rate=0 B/s, pending=0 bytes
[migrater] timestamp=1779269649.72, migrating=False, epoch=2, total_epochs=3, configured=0 B/s, rate=0 B/s, pending=0 bytes
[migrater] timestamp=1779269649.82, migrating=False, epoch=2, total_epochs=3, configured=0 B/s, rate=0 B/s, pending=0 bytes
[migrater] timestamp=1779269649.92, migrating=False, epoch=2, total_epochs=3, configured=0 B/s, rate=0 B/s, pending=0 bytes
[migrater] timestamp=1779269650.02, migrating=False, epoch=2, total_epochs=3, configured=0 B/s, rate=0 B/s, pending=0 bytes
[migrater] timestamp=1779269650.12, migrating=False, epoch=2, total_epochs=3, configured=0 B/s, rate=0 B/s, pending=0 bytes
[migrater] timestamp=1779269650.22, migrating=False, epoch=2, total_epochs=3, configured=0 B/s, rate=0 B/s, pending=0 bytes
[migrater] timestamp=1779269650.32, migrating=False, epoch=2, total_epochs=3, configured=0 B/s, rate=0 B/s, pending=0 bytes
[migrater] timestamp=1779269650.42, migrating=False, epoch=2, total_epochs=3, configured=0 B/s, rate=0 B/s, pending=0 bytes
[migrater] timestamp=1779269650.52, migrating=False, epoch=2, total_epochs=3, configured=0 B/s, rate=0 B/s, pending=0 bytes
[migrater] timestamp=1779269650.62, migrating=False, epoch=2, total_epochs=3, configured=0 B/s, rate=0 B/s, pending=0 bytes
[migrater] timestamp=1779269650.72, migrating=False, epoch=2, total_epochs=3, configured=0 B/s, rate=0 B/s, pending=0 bytes
[migrater] timestamp=1779269650.82, migrating=False, epoch=2, total_epochs=3, configured=0 B/s, rate=0 B/s, pending=0 bytes
[migrater] timestamp=1779269650.92, migrating=False, epoch=2, total_epochs=3, configured=0 B/s, rate=0 B/s, pending=0 bytes
[migrater] timestamp=1779269651.02, migrating=False, epoch=2, total_epochs=3, configured=0 B/s, rate=0 B/s, pending=0 bytes
[migrater] timestamp=1779269651.12, migrating=False, epoch=2, total_epochs=3, configured=0 B/s, rate=0 B/s, pending=0 bytes
[migrater] timestamp=1779269651.22, migrating=False, epoch=2, total_epochs=3, configured=0 B/s, rate=0 B/s, pending=0 bytes
[migrater] timestamp=1779269651.32, migrating=False, epoch=2, total_epochs=3, configured=0 B/s, rate=0 B/s, pending=0 bytes
[migrater] timestamp=1779269651.43, migrating=False, epoch=2, total_epochs=3, configured=0 B/s, rate=0 B/s, pending=0 bytes
[migrater] timestamp=1779269651.53, migrating=False, epoch=2, total_epochs=3, configured=0 B/s, rate=0 B/s, pending=0 bytes
[migrater] timestamp=1779269651.63, migrating=False, epoch=2, total_epochs=3, configured=0 B/s, rate=0 B/s, pending=0 bytes
[migrater] timestamp=1779269651.73, migrating=False, epoch=2, total_epochs=3, configured=0 B/s, rate=0 B/s, pending=0 bytes
[migrater] timestamp=1779269651.83, migrating=False, epoch=2, total_epochs=3, configured=0 B/s, rate=0 B/s, pending=0 bytes
[migrater] timestamp=1779269651.93, migrating=False, epoch=2, total_epochs=3, configured=0 B/s, rate=0 B/s, pending=0 bytes
[migrater] timestamp=1779269652.03, migrating=False, epoch=2, total_epochs=3, configured=0 B/s, rate=0 B/s, pending=0 bytes
[migrater] timestamp=1779269652.13, migrating=False, epoch=2, total_epochs=3, configured=0 B/s, rate=0 B/s, pending=0 bytes
[migrater] timestamp=1779269652.23, migrating=False, epoch=2, total_epochs=3, configured=0 B/s, rate=0 B/s, pending=0 bytes
[migrater] timestamp=1779269652.33, migrating=False, epoch=2, total_epochs=3, configured=0 B/s, rate=0 B/s, pending=0 bytes
[migrater] timestamp=1779269652.43, migrating=False, epoch=2, total_epochs=3, configured=0 B/s, rate=0 B/s, pending=0 bytes
[migrater] timestamp=1779269652.53, migrating=False, epoch=2, total_epochs=3, configured=0 B/s, rate=0 B/s, pending=0 bytes
[migrater] timestamp=1779269652.63, migrating=False, epoch=2, total_epochs=3, configured=0 B/s, rate=0 B/s, pending=0 bytes
[migrater] timestamp=1779269652.73, migrating=False, epoch=2, total_epochs=3, configured=0 B/s, rate=0 B/s, pending=0 bytes
[migrater] timestamp=1779269652.83, migrating=False, epoch=2, total_epochs=3, configured=0 B/s, rate=0 B/s, pending=0 bytes
[migrater] timestamp=1779269652.93, migrating=False, epoch=2, total_epochs=3, configured=0 B/s, rate=0 B/s, pending=0 bytes
[migrater] timestamp=1779269653.03, migrating=False, epoch=2, total_epochs=3, configured=0 B/s, rate=0 B/s, pending=0 bytes
[migrater] timestamp=1779269653.13, migrating=False, epoch=2, total_epochs=3, configured=0 B/s, rate=0 B/s, pending=0 bytes
[migrater] timestamp=1779269653.23, migrating=False, epoch=2, total_epochs=3, configured=0 B/s, rate=0 B/s, pending=0 bytes
[migrater] timestamp=1779269653.33, migrating=False, epoch=2, total_epochs=3, configured=0 B/s, rate=0 B/s, pending=0 bytes
[migrater] timestamp=1779269653.43, migrating=False, epoch=2, total_epochs=3, configured=0 B/s, rate=0 B/s, pending=0 bytes
[migrater] timestamp=1779269653.54, migrating=False, epoch=2, total_epochs=3, configured=0 B/s, rate=0 B/s, pending=0 bytes
[migrater] timestamp=1779269653.64, migrating=False, epoch=2, total_epochs=3, configured=0 B/s, rate=0 B/s, pending=0 bytes
[migrater] timestamp=1779269653.74, migrating=False, epoch=2, total_epochs=3, configured=0 B/s, rate=0 B/s, pending=0 bytes
[migrater] timestamp=1779269653.84, migrating=False, epoch=2, total_epochs=3, configured=0 B/s, rate=0 B/s, pending=0 bytes
[migrater] timestamp=1779269653.94, migrating=False, epoch=2, total_epochs=3, configured=0 B/s, rate=0 B/s, pending=0 bytes
[migrater] timestamp=1779269654.04, migrating=False, epoch=2, total_epochs=3, configured=0 B/s, rate=0 B/s, pending=0 bytes
[migrater] timestamp=1779269654.14, migrating=False, epoch=2, total_epochs=3, configured=0 B/s, rate=0 B/s, pending=0 bytes
[migrater] timestamp=1779269654.24, migrating=False, epoch=2, total_epochs=3, configured=0 B/s, rate=0 B/s, pending=0 bytes
[migrater] timestamp=1779269654.34, migrating=False, epoch=2, total_epochs=3, configured=0 B/s, rate=0 B/s, pending=0 bytes
[migrater] timestamp=1779269654.44, migrating=False, epoch=2, total_epochs=3, configured=0 B/s, rate=0 B/s, pending=0 bytes
[migrater] timestamp=1779269654.54, migrating=False, epoch=2, total_epochs=3, configured=0 B/s, rate=0 B/s, pending=0 bytes
[migrater] timestamp=1779269654.64, migrating=False, epoch=2, total_epochs=3, configured=0 B/s, rate=0 B/s, pending=0 bytes
[migrater] timestamp=1779269654.74, migrating=False, epoch=2, total_epochs=3, configured=0 B/s, rate=0 B/s, pending=0 bytes
[migrater] timestamp=1779269654.84, migrating=False, epoch=2, total_epochs=3, configured=0 B/s, rate=0 B/s, pending=0 bytes
[migrater] timestamp=1779269654.94, migrating=False, epoch=2, total_epochs=3, configured=0 B/s, rate=0 B/s, pending=0 bytes
[migrater] timestamp=1779269655.04, migrating=False, epoch=2, total_epochs=3, configured=0 B/s, rate=0 B/s, pending=0 bytes
[migrater] timestamp=1779269655.14, migrating=False, epoch=2, total_epochs=3, configured=0 B/s, rate=0 B/s, pending=0 bytes
[migrater] timestamp=1779269655.24, migrating=False, epoch=2, total_epochs=3, configured=0 B/s, rate=0 B/s, pending=0 bytes
[migrater] timestamp=1779269655.34, migrating=False, epoch=2, total_epochs=3, configured=0 B/s, rate=0 B/s, pending=0 bytes
[migrater] timestamp=1779269655.44, migrating=False, epoch=2, total_epochs=3, configured=0 B/s, rate=0 B/s, pending=0 bytes
[migrater] timestamp=1779269655.54, migrating=False, epoch=2, total_epochs=3, configured=0 B/s, rate=0 B/s, pending=0 bytes
[migrater] timestamp=1779269655.64, migrating=False, epoch=2, total_epochs=3, configured=0 B/s, rate=0 B/s, pending=0 bytes
[migrater] timestamp=1779269655.74, migrating=False, epoch=2, total_epochs=3, configured=0 B/s, rate=0 B/s, pending=0 bytes
[migrater] timestamp=1779269655.84, migrating=False, epoch=2, total_epochs=3, configured=0 B/s, rate=0 B/s, pending=0 bytes
[migrater] timestamp=1779269655.94, migrating=False, epoch=2, total_epochs=3, configured=0 B/s, rate=0 B/s, pending=0 bytes
[migrater] timestamp=1779269656.05, migrating=False, epoch=2, total_epochs=3, configured=0 B/s, rate=0 B/s, pending=0 bytes
[migrater] timestamp=1779269656.15, migrating=False, epoch=2, total_epochs=3, configured=0 B/s, rate=0 B/s, pending=0 bytes
[migrater] timestamp=1779269656.25, migrating=False, epoch=2, total_epochs=3, configured=0 B/s, rate=0 B/s, pending=0 bytes
[migrater] timestamp=1779269656.35, migrating=False, epoch=2, total_epochs=3, configured=0 B/s, rate=0 B/s, pending=0 bytes
[migrater] timestamp=1779269656.45, migrating=False, epoch=2, total_epochs=3, configured=0 B/s, rate=0 B/s, pending=0 bytes
[migrater] timestamp=1779269656.55, migrating=False, epoch=2, total_epochs=3, configured=0 B/s, rate=0 B/s, pending=0 bytes
[migrater] timestamp=1779269656.65, migrating=False, epoch=2, total_epochs=3, configured=0 B/s, rate=0 B/s, pending=0 bytes
[migrater] timestamp=1779269656.75, migrating=False, epoch=2, total_epochs=3, configured=0 B/s, rate=0 B/s, pending=0 bytes
[migrater] timestamp=1779269656.85, migrating=False, epoch=2, total_epochs=3, configured=0 B/s, rate=0 B/s, pending=0 bytes
[migrater] timestamp=1779269656.95, migrating=False, epoch=2, total_epochs=3, configured=0 B/s, rate=0 B/s, pending=0 bytes
[migrater] timestamp=1779269657.05, migrating=False, epoch=2, total_epochs=3, configured=0 B/s, rate=0 B/s, pending=0 bytes
[migrater] timestamp=1779269657.15, migrating=False, epoch=2, total_epochs=3, configured=0 B/s, rate=0 B/s, pending=0 bytes
[migrater] timestamp=1779269657.25, migrating=False, epoch=2, total_epochs=3, configured=0 B/s, rate=0 B/s, pending=0 bytes
[migrater] timestamp=1779269657.35, migrating=False, epoch=2, total_epochs=3, configured=0 B/s, rate=0 B/s, pending=0 bytes
[migrater] timestamp=1779269657.45, migrating=False, epoch=2, total_epochs=3, configured=0 B/s, rate=0 B/s, pending=0 bytes
[migrater] timestamp=1779269657.55, migrating=False, epoch=2, total_epochs=3, configured=0 B/s, rate=0 B/s, pending=0 bytes
[migrater] timestamp=1779269657.65, migrating=False, epoch=2, total_epochs=3, configured=0 B/s, rate=0 B/s, pending=0 bytes
[migrater] timestamp=1779269657.75, migrating=False, epoch=2, total_epochs=3, configured=0 B/s, rate=0 B/s, pending=0 bytes
[migrater] timestamp=1779269657.85, migrating=False, epoch=2, total_epochs=3, configured=0 B/s, rate=0 B/s, pending=0 bytes
[migrater] timestamp=1779269657.95, migrating=False, epoch=2, total_epochs=3, configured=0 B/s, rate=0 B/s, pending=0 bytes
[migrater] timestamp=1779269658.05, migrating=False, epoch=2, total_epochs=3, configured=0 B/s, rate=0 B/s, pending=0 bytes
[migrater] timestamp=1779269658.15, migrating=False, epoch=2, total_epochs=3, configured=0 B/s, rate=0 B/s, pending=0 bytes
[migrater] timestamp=1779269658.25, migrating=False, epoch=2, total_epochs=3, configured=0 B/s, rate=0 B/s, pending=0 bytes
[migrater] timestamp=1779269658.35, migrating=False, epoch=2, total_epochs=3, configured=0 B/s, rate=0 B/s, pending=0 bytes
[migrater] timestamp=1779269658.45, migrating=False, epoch=2, total_epochs=3, configured=0 B/s, rate=0 B/s, pending=0 bytes
[migrater] timestamp=1779269658.55, migrating=False, epoch=2, total_epochs=3, configured=0 B/s, rate=0 B/s, pending=0 bytes
[migrater] timestamp=1779269658.65, migrating=False, epoch=2, total_epochs=3, configured=0 B/s, rate=0 B/s, pending=0 bytes
[migrater] timestamp=1779269658.76, migrating=False, epoch=2, total_epochs=3, configured=0 B/s, rate=0 B/s, pending=0 bytes
[migrater] timestamp=1779269658.86, migrating=False, epoch=2, total_epochs=3, configured=0 B/s, rate=0 B/s, pending=0 bytes
[migrater] timestamp=1779269658.96, migrating=False, epoch=2, total_epochs=3, configured=0 B/s, rate=0 B/s, pending=0 bytes
[migrater] timestamp=1779269659.06, migrating=False, epoch=2, total_epochs=3, configured=0 B/s, rate=0 B/s, pending=0 bytes
[migrater] timestamp=1779269659.16, migrating=False, epoch=2, total_epochs=3, configured=0 B/s, rate=0 B/s, pending=0 bytes
[migrater] timestamp=1779269659.26, migrating=False, epoch=2, total_epochs=3, configured=0 B/s, rate=0 B/s, pending=0 bytes
[migrater] timestamp=1779269659.36, migrating=False, epoch=2, total_epochs=3, configured=0 B/s, rate=0 B/s, pending=0 bytes
[migrater] timestamp=1779269659.46, migrating=False, epoch=2, total_epochs=3, configured=0 B/s, rate=0 B/s, pending=0 bytes
[migrater] timestamp=1779269659.56, migrating=False, epoch=2, total_epochs=3, configured=0 B/s, rate=0 B/s, pending=0 bytes
[migrater] timestamp=1779269659.66, migrating=False, epoch=2, total_epochs=3, configured=0 B/s, rate=0 B/s, pending=0 bytes
[migrater] timestamp=1779269659.76, migrating=False, epoch=2, total_epochs=3, configured=0 B/s, rate=0 B/s, pending=0 bytes
[migrater] timestamp=1779269659.86, migrating=False, epoch=2, total_epochs=3, configured=0 B/s, rate=0 B/s, pending=0 bytes
[migrater] timestamp=1779269659.96, migrating=False, epoch=2, total_epochs=3, configured=0 B/s, rate=0 B/s, pending=0 bytes
[migrater] timestamp=1779269660.06, migrating=False, epoch=2, total_epochs=3, configured=0 B/s, rate=0 B/s, pending=0 bytes
[migrater] timestamp=1779269660.16, migrating=False, epoch=2, total_epochs=3, configured=0 B/s, rate=0 B/s, pending=0 bytes
[migrater] timestamp=1779269660.26, migrating=False, epoch=2, total_epochs=3, configured=0 B/s, rate=0 B/s, pending=0 bytes
[migrater] timestamp=1779269660.36, migrating=False, epoch=2, total_epochs=3, configured=0 B/s, rate=0 B/s, pending=0 bytes
[migrater] timestamp=1779269660.46, migrating=False, epoch=2, total_epochs=3, configured=0 B/s, rate=0 B/s, pending=0 bytes
[migrater] timestamp=1779269660.56, migrating=False, epoch=2, total_epochs=3, configured=0 B/s, rate=0 B/s, pending=0 bytes
[migrater] timestamp=1779269660.66, migrating=False, epoch=2, total_epochs=3, configured=0 B/s, rate=0 B/s, pending=0 bytes
[migrater] timestamp=1779269660.76, migrating=False, epoch=2, total_epochs=3, configured=0 B/s, rate=0 B/s, pending=0 bytes
[migrater] timestamp=1779269660.86, migrating=False, epoch=2, total_epochs=3, configured=0 B/s, rate=0 B/s, pending=0 bytes
[migrater] timestamp=1779269660.96, migrating=False, epoch=2, total_epochs=3, configured=0 B/s, rate=0 B/s, pending=0 bytes
[migrater] timestamp=1779269661.06, migrating=False, epoch=2, total_epochs=3, configured=0 B/s, rate=0 B/s, pending=0 bytes
[migrater] timestamp=1779269661.16, migrating=False, epoch=2, total_epochs=3, configured=0 B/s, rate=0 B/s, pending=0 bytes
[migrater] timestamp=1779269661.26, migrating=False, epoch=2, total_epochs=3, configured=0 B/s, rate=0 B/s, pending=0 bytes
[migrater] timestamp=1779269661.37, migrating=False, epoch=2, total_epochs=3, configured=0 B/s, rate=0 B/s, pending=0 bytes
[migrater] timestamp=1779269661.47, migrating=False, epoch=2, total_epochs=3, configured=0 B/s, rate=0 B/s, pending=0 bytes
[migrater] timestamp=1779269661.57, migrating=False, epoch=2, total_epochs=3, configured=0 B/s, rate=0 B/s, pending=0 bytes
[migrater] timestamp=1779269661.67, migrating=False, epoch=2, total_epochs=3, configured=0 B/s, rate=0 B/s, pending=0 bytes
[migrater] timestamp=1779269661.77, migrating=False, epoch=2, total_epochs=3, configured=0 B/s, rate=0 B/s, pending=0 bytes
[migrater] timestamp=1779269661.87, migrating=False, epoch=2, total_epochs=3, configured=0 B/s, rate=0 B/s, pending=0 bytes
[migrater] timestamp=1779269661.97, migrating=False, epoch=2, total_epochs=3, configured=0 B/s, rate=0 B/s, pending=0 bytes
[migrater] timestamp=1779269662.07, migrating=False, epoch=2, total_epochs=3, configured=0 B/s, rate=0 B/s, pending=0 bytes
[migrater] timestamp=1779269662.17, migrating=False, epoch=2, total_epochs=3, configured=0 B/s, rate=0 B/s, pending=0 bytes
[migrater] timestamp=1779269662.27, migrating=False, epoch=2, total_epochs=3, configured=0 B/s, rate=0 B/s, pending=0 bytes
[migrater] timestamp=1779269662.37, migrating=False, epoch=2, total_epochs=3, configured=0 B/s, rate=0 B/s, pending=0 bytes
[migrater] timestamp=1779269662.47, migrating=False, epoch=2, total_epochs=3, configured=0 B/s, rate=0 B/s, pending=0 bytes
[migrater] timestamp=1779269662.57, migrating=False, epoch=2, total_epochs=3, configured=0 B/s, rate=0 B/s, pending=0 bytes
[migrater] timestamp=1779269662.67, migrating=False, epoch=2, total_epochs=3, configured=0 B/s, rate=0 B/s, pending=0 bytes
[migrater] timestamp=1779269662.77, migrating=False, epoch=2, total_epochs=3, configured=0 B/s, rate=0 B/s, pending=0 bytes
[migrater] timestamp=1779269662.87, migrating=False, epoch=2, total_epochs=3, configured=0 B/s, rate=0 B/s, pending=0 bytes
[migrater] timestamp=1779269662.97, migrating=False, epoch=2, total_epochs=3, configured=0 B/s, rate=0 B/s, pending=0 bytes
[migrater] timestamp=1779269663.07, migrating=False, epoch=2, total_epochs=3, configured=0 B/s, rate=0 B/s, pending=0 bytes
[migrater] timestamp=1779269663.17, migrating=False, epoch=2, total_epochs=3, configured=0 B/s, rate=0 B/s, pending=0 bytes
[migrater] timestamp=1779269663.27, migrating=False, epoch=2, total_epochs=3, configured=0 B/s, rate=0 B/s, pending=0 bytes
[migrater] timestamp=1779269663.37, migrating=False, epoch=2, total_epochs=3, configured=0 B/s, rate=0 B/s, pending=0 bytes
[migrater] timestamp=1779269663.47, migrating=False, epoch=2, total_epochs=3, configured=0 B/s, rate=0 B/s, pending=0 bytes
[migrater] timestamp=1779269663.57, migrating=False, epoch=2, total_epochs=3, configured=0 B/s, rate=0 B/s, pending=0 bytes
[migrater] timestamp=1779269663.67, migrating=False, epoch=2, total_epochs=3, configured=0 B/s, rate=0 B/s, pending=0 bytes
[migrater] timestamp=1779269663.77, migrating=False, epoch=2, total_epochs=3, configured=0 B/s, rate=0 B/s, pending=0 bytes
[migrater] timestamp=1779269663.87, migrating=False, epoch=2, total_epochs=3, configured=0 B/s, rate=0 B/s, pending=0 bytes
[migrater] timestamp=1779269663.97, migrating=False, epoch=2, total_epochs=3, configured=0 B/s, rate=0 B/s, pending=0 bytes
[migrater] timestamp=1779269664.08, migrating=False, epoch=2, total_epochs=3, configured=0 B/s, rate=0 B/s, pending=0 bytes
[migrater] timestamp=1779269664.18, migrating=False, epoch=2, total_epochs=3, configured=0 B/s, rate=0 B/s, pending=0 bytes
[migrater] timestamp=1779269664.28, migrating=False, epoch=2, total_epochs=3, configured=0 B/s, rate=0 B/s, pending=0 bytes
[migrater] timestamp=1779269664.38, migrating=False, epoch=2, total_epochs=3, configured=0 B/s, rate=0 B/s, pending=0 bytes
[migrater] timestamp=1779269664.48, migrating=False, epoch=2, total_epochs=3, configured=0 B/s, rate=0 B/s, pending=0 bytes
[migrater] timestamp=1779269664.58, migrating=False, epoch=2, total_epochs=3, configured=0 B/s, rate=0 B/s, pending=0 bytes
[migrater] timestamp=1779269664.68, migrating=False, epoch=2, total_epochs=3, configured=0 B/s, rate=0 B/s, pending=0 bytes
[migrater] timestamp=1779269664.78, migrating=False, epoch=2, total_epochs=3, configured=0 B/s, rate=0 B/s, pending=0 bytes
[migrater] timestamp=1779269664.88, migrating=False, epoch=2, total_epochs=3, configured=0 B/s, rate=0 B/s, pending=0 bytes
[migrater] timestamp=1779269664.98, migrating=False, epoch=2, total_epochs=3, configured=0 B/s, rate=0 B/s, pending=0 bytes
[migrater] timestamp=1779269665.08, migrating=False, epoch=2, total_epochs=3, configured=0 B/s, rate=0 B/s, pending=0 bytes
[migrater] timestamp=1779269665.18, migrating=False, epoch=2, total_epochs=3, configured=0 B/s, rate=0 B/s, pending=0 bytes
[migrater] timestamp=1779269665.28, migrating=False, epoch=2, total_epochs=3, configured=0 B/s, rate=0 B/s, pending=0 bytes
[migrater] timestamp=1779269665.38, migrating=False, epoch=2, total_epochs=3, configured=0 B/s, rate=0 B/s, pending=0 bytes
[migrater] timestamp=1779269665.48, migrating=False, epoch=2, total_epochs=3, configured=0 B/s, rate=0 B/s, pending=0 bytes
[migrater] timestamp=1779269665.58, migrating=False, epoch=2, total_epochs=3, configured=0 B/s, rate=0 B/s, pending=0 bytes
[migrater] timestamp=1779269665.68, migrating=False, epoch=2, total_epochs=3, configured=0 B/s, rate=0 B/s, pending=0 bytes
[migrater] timestamp=1779269665.78, migrating=False, epoch=2, total_epochs=3, configured=0 B/s, rate=0 B/s, pending=0 bytes
[migrater] timestamp=1779269665.88, migrating=False, epoch=2, total_epochs=3, configured=0 B/s, rate=0 B/s, pending=0 bytes
[migrater] timestamp=1779269665.98, migrating=False, epoch=2, total_epochs=3, configured=0 B/s, rate=0 B/s, pending=0 bytes
[migrater] timestamp=1779269666.08, migrating=False, epoch=2, total_epochs=3, configured=0 B/s, rate=0 B/s, pending=0 bytes
[migrater] timestamp=1779269666.18, migrating=False, epoch=2, total_epochs=3, configured=0 B/s, rate=0 B/s, pending=0 bytes
[migrater] timestamp=1779269666.28, migrating=False, epoch=2, total_epochs=3, configured=0 B/s, rate=0 B/s, pending=0 bytes
[migrater] timestamp=1779269666.38, migrating=False, epoch=2, total_epochs=3, configured=0 B/s, rate=0 B/s, pending=0 bytes
[migrater] timestamp=1779269666.48, migrating=False, epoch=2, total_epochs=3, configured=0 B/s, rate=0 B/s, pending=0 bytes
[migrater] timestamp=1779269666.58, migrating=False, epoch=2, total_epochs=3, configured=0 B/s, rate=0 B/s, pending=0 bytes
[migrater] timestamp=1779269666.68, migrating=False, epoch=2, total_epochs=3, configured=0 B/s, rate=0 B/s, pending=0 bytes
[migrater] timestamp=1779269666.79, migrating=False, epoch=2, total_epochs=3, configured=0 B/s, rate=0 B/s, pending=0 bytes
[migrater] timestamp=1779269666.89, migrating=False, epoch=2, total_epochs=3, configured=0 B/s, rate=0 B/s, pending=0 bytes
[migrater] timestamp=1779269666.99, migrating=False, epoch=2, total_epochs=3, configured=0 B/s, rate=0 B/s, pending=0 bytes
[migrater] timestamp=1779269667.09, migrating=False, epoch=2, total_epochs=3, configured=0 B/s, rate=0 B/s, pending=0 bytes
[migrater] timestamp=1779269667.19, migrating=False, epoch=2, total_epochs=3, configured=0 B/s, rate=0 B/s, pending=0 bytes
[migrater] timestamp=1779269667.29, migrating=False, epoch=2, total_epochs=3, configured=0 B/s, rate=0 B/s, pending=0 bytes
[migrater] timestamp=1779269667.39, migrating=False, epoch=2, total_epochs=3, configured=0 B/s, rate=0 B/s, pending=0 bytes
[migrater] timestamp=1779269667.49, migrating=False, epoch=2, total_epochs=3, configured=0 B/s, rate=0 B/s, pending=0 bytes
[migrater] timestamp=1779269667.59, migrating=False, epoch=2, total_epochs=3, configured=0 B/s, rate=0 B/s, pending=0 bytes
[migrater] timestamp=1779269667.69, migrating=False, epoch=2, total_epochs=3, configured=0 B/s, rate=0 B/s, pending=0 bytes
[migrater] timestamp=1779269667.79, migrating=False, epoch=2, total_epochs=3, configured=0 B/s, rate=0 B/s, pending=0 bytes
[migrater] timestamp=1779269667.89, migrating=False, epoch=2, total_epochs=3, configured=0 B/s, rate=0 B/s, pending=0 bytes
[migrater] timestamp=1779269667.99, migrating=False, epoch=2, total_epochs=3, configured=0 B/s, rate=0 B/s, pending=0 bytes
[migrater] timestamp=1779269668.09, migrating=False, epoch=2, total_epochs=3, configured=0 B/s, rate=0 B/s, pending=0 bytes
[migrater] timestamp=1779269668.19, migrating=False, epoch=2, total_epochs=3, configured=0 B/s, rate=0 B/s, pending=0 bytes
[migrater] timestamp=1779269668.29, migrating=False, epoch=2, total_epochs=3, configured=0 B/s, rate=0 B/s, pending=0 bytes
[migrater] timestamp=1779269668.39, migrating=False, epoch=2, total_epochs=3, configured=0 B/s, rate=0 B/s, pending=0 bytes
[migrater] timestamp=1779269668.49, migrating=False, epoch=2, total_epochs=3, configured=0 B/s, rate=0 B/s, pending=0 bytes
[migrater] timestamp=1779269668.59, migrating=False, epoch=2, total_epochs=3, configured=0 B/s, rate=0 B/s, pending=0 bytes
[migrater] timestamp=1779269668.69, migrating=False, epoch=2, total_epochs=3, configured=0 B/s, rate=0 B/s, pending=0 bytes
[migrater] timestamp=1779269668.79, migrating=False, epoch=2, total_epochs=3, configured=0 B/s, rate=0 B/s, pending=0 bytes
[migrater] timestamp=1779269668.90, migrating=False, epoch=2, total_epochs=3, configured=0 B/s, rate=0 B/s, pending=0 bytes
[migrater] timestamp=1779269669.00, migrating=False, epoch=2, total_epochs=3, configured=0 B/s, rate=0 B/s, pending=0 bytes
[migrater] timestamp=1779269669.10, migrating=False, epoch=2, total_epochs=3, configured=0 B/s, rate=0 B/s, pending=0 bytes
[migrater] timestamp=1779269669.20, migrating=False, epoch=2, total_epochs=3, configured=0 B/s, rate=0 B/s, pending=0 bytes
[migrater] timestamp=1779269669.30, migrating=False, epoch=2, total_epochs=3, configured=0 B/s, rate=0 B/s, pending=0 bytes
[migrater] timestamp=1779269669.40, migrating=False, epoch=2, total_epochs=3, configured=0 B/s, rate=0 B/s, pending=0 bytes
[migrater] timestamp=1779269669.50, migrating=False, epoch=2, total_epochs=3, configured=0 B/s, rate=0 B/s, pending=0 bytes
[migrater] timestamp=1779269669.60, migrating=False, epoch=2, total_epochs=3, configured=0 B/s, rate=0 B/s, pending=0 bytes
[migrater] timestamp=1779269669.70, migrating=False, epoch=2, total_epochs=3, configured=0 B/s, rate=0 B/s, pending=0 bytes
[migrater] timestamp=1779269669.80, migrating=False, epoch=2, total_epochs=3, configured=0 B/s, rate=0 B/s, pending=0 bytes
[migrater] timestamp=1779269669.90, migrating=False, epoch=2, total_epochs=3, configured=0 B/s, rate=0 B/s, pending=0 bytes
[migrater] timestamp=1779269670.00, migrating=False, epoch=2, total_epochs=3, configured=0 B/s, rate=0 B/s, pending=0 bytes
[migrater] timestamp=1779269670.10, migrating=False, epoch=2, total_epochs=3, configured=0 B/s, rate=0 B/s, pending=0 bytes
[migrater] timestamp=1779269670.20, migrating=False, epoch=2, total_epochs=3, configured=0 B/s, rate=0 B/s, pending=0 bytes
[migrater] timestamp=1779269670.30, migrating=False, epoch=2, total_epochs=3, configured=0 B/s, rate=0 B/s, pending=0 bytes
[migrater] timestamp=1779269670.40, migrating=False, epoch=2, total_epochs=3, configured=0 B/s, rate=0 B/s, pending=0 bytes
[migrater] timestamp=1779269670.50, migrating=False, epoch=2, total_epochs=3, configured=0 B/s, rate=0 B/s, pending=0 bytes
[migrater] timestamp=1779269670.60, migrating=False, epoch=2, total_epochs=3, configured=0 B/s, rate=0 B/s, pending=0 bytes
[migrater] timestamp=1779269670.70, migrating=False, epoch=2, total_epochs=3, configured=0 B/s, rate=0 B/s, pending=0 bytes
[migrater] timestamp=1779269670.80, migrating=False, epoch=2, total_epochs=3, configured=0 B/s, rate=0 B/s, pending=0 bytes
[migrater] timestamp=1779269670.91, migrating=False, epoch=2, total_epochs=3, configured=0 B/s, rate=0 B/s, pending=0 bytes
[migrater] timestamp=1779269671.01, migrating=False, epoch=2, total_epochs=3, configured=0 B/s, rate=0 B/s, pending=0 bytes
[migrater] timestamp=1779269671.11, migrating=False, epoch=2, total_epochs=3, configured=0 B/s, rate=0 B/s, pending=0 bytes
[migrater] timestamp=1779269671.21, migrating=False, epoch=2, total_epochs=3, configured=0 B/s, rate=0 B/s, pending=0 bytes
[migrater] timestamp=1779269671.31, migrating=False, epoch=2, total_epochs=3, configured=0 B/s, rate=0 B/s, pending=0 bytes
[migrater] timestamp=1779269671.41, migrating=False, epoch=2, total_epochs=3, configured=0 B/s, rate=0 B/s, pending=0 bytes
[migrater] timestamp=1779269671.53, migrating=False, epoch=2, total_epochs=3, configured=0 B/s, rate=0 B/s, pending=0 bytes
[migrater] timestamp=1779269671.64, migrating=False, epoch=2, total_epochs=3, configured=0 B/s, rate=0 B/s, pending=0 bytes
[migrater] timestamp=1779269671.74, migrating=False, epoch=2, total_epochs=3, configured=0 B/s, rate=0 B/s, pending=0 bytes
[migrater] timestamp=1779269671.84, migrating=False, epoch=2, total_epochs=3, configured=0 B/s, rate=0 B/s, pending=0 bytes
[migrater] timestamp=1779269671.94, migrating=False, epoch=2, total_epochs=3, configured=0 B/s, rate=0 B/s, pending=0 bytes
[migrater] timestamp=1779269672.04, migrating=False, epoch=2, total_epochs=3, configured=0 B/s, rate=0 B/s, pending=0 bytes
[migrater] timestamp=1779269672.14, migrating=False, epoch=2, total_epochs=3, configured=0 B/s, rate=0 B/s, pending=0 bytes
[migrater] timestamp=1779269672.24, migrating=False, epoch=2, total_epochs=3, configured=0 B/s, rate=0 B/s, pending=0 bytes
[migrater] timestamp=1779269672.34, migrating=False, epoch=3, total_epochs=3, configured=0 B/s, rate=0 B/s, pending=5368709120 bytes
[migrater] timestamp=1779269672.44, migrating=True, epoch=3, total_epochs=3, configured=0 B/s, rate=0 B/s, pending=5368709120 bytes
[migrater] timestamp=1779269672.45, migrating=True, epoch=3, total_epochs=3, configured=526070310 B/s, rate=383503757 B/s, pending=5326766080 bytes ([0.78%] 41943040/5368709120 bytes copied)
[migrater] timestamp=1779269672.55, migrating=True, epoch=3, total_epochs=3, configured=567897680 B/s, rate=583355204 B/s, pending=5268045824 bytes ([1.88%] 100663296/5368709120 bytes copied)
[migrater] timestamp=1779269672.66, migrating=True, epoch=3, total_epochs=3, configured=591747592 B/s, rate=570198023 B/s, pending=5209325568 bytes ([2.97%] 159383552/5368709120 bytes copied)
[migrater] timestamp=1779269672.76, migrating=True, epoch=3, total_epochs=3, configured=504086807 B/s, rate=581162503 B/s, pending=5150605312 bytes ([4.06%] 218103808/5368709120 bytes copied)
[migrater] timestamp=1779269672.87, migrating=True, epoch=3, total_epochs=3, configured=503819919 B/s, rate=457611856 B/s, pending=5100273664 bytes ([5.00%] 268435456/5368709120 bytes copied)
[migrater] timestamp=1779269672.97, migrating=True, epoch=3, total_epochs=3, configured=503982378 B/s, rate=551902324 B/s, pending=5041553408 bytes ([6.09%] 327155712/5368709120 bytes copied)
[migrater] timestamp=1779269673.08, migrating=True, epoch=3, total_epochs=3, configured=503986759 B/s, rate=457642151 B/s, pending=4991221760 bytes ([7.03%] 377487360/5368709120 bytes copied)
[migrater] timestamp=1779269673.19, migrating=True, epoch=3, total_epochs=3, configured=504304028 B/s, rate=551898538 B/s, pending=4932501504 bytes ([8.12%] 436207616/5368709120 bytes copied)
[migrater] timestamp=1779269673.30, migrating=True, epoch=3, total_epochs=3, configured=504242709 B/s, rate=457947364 B/s, pending=4882169856 bytes ([9.06%] 486539264/5368709120 bytes copied)
[migrater] timestamp=1779269673.41, migrating=True, epoch=3, total_epochs=3, configured=504510749 B/s, rate=552388491 B/s, pending=4823449600 bytes ([10.16%] 545259520/5368709120 bytes copied)
[migrater] timestamp=1779269673.52, migrating=True, epoch=3, total_epochs=3, configured=504419309 B/s, rate=457953952 B/s, pending=4773117952 bytes ([11.09%] 595591168/5368709120 bytes copied)
[migrater] timestamp=1779269673.62, migrating=True, epoch=3, total_epochs=3, configured=504660592 B/s, rate=552698889 B/s, pending=4714397696 bytes ([12.19%] 654311424/5368709120 bytes copied)
[migrater] timestamp=1779269673.73, migrating=True, epoch=3, total_epochs=3, configured=504427359 B/s, rate=458009877 B/s, pending=4664066048 bytes ([13.12%] 704643072/5368709120 bytes copied)
[migrater] timestamp=1779269673.84, migrating=True, epoch=3, total_epochs=3, configured=504652561 B/s, rate=552736556 B/s, pending=4605345792 bytes ([14.22%] 763363328/5368709120 bytes copied)
[migrater] timestamp=1779269673.95, migrating=True, epoch=3, total_epochs=3, configured=0 B/s, rate=0 B/s, pending=4605345792 bytes
[migrater] timestamp=1779269673.95, migrating=True, epoch=3, total_epochs=3, configured=504401664 B/s, rate=458007793 B/s, pending=4555014144 bytes ([15.16%] 813694976/5368709120 bytes copied)
[migrater] timestamp=1779269674.05, migrating=True, epoch=3, total_epochs=3, configured=506881012 B/s, rate=554585046 B/s, pending=4496293888 bytes ([16.25%] 872415232/5368709120 bytes copied)
[migrater] timestamp=1779269674.16, migrating=True, epoch=3, total_epochs=3, configured=506011732 B/s, rate=460195419 B/s, pending=4445962240 bytes ([17.19%] 922746880/5368709120 bytes copied)
[migrater] timestamp=1779269674.27, migrating=True, epoch=3, total_epochs=3, configured=506237167 B/s, rate=554231563 B/s, pending=4387241984 bytes ([18.28%] 981467136/5368709120 bytes copied)
[migrater] timestamp=1779269674.38, migrating=True, epoch=3, total_epochs=3, configured=505969000 B/s, rate=459567476 B/s, pending=4336910336 bytes ([19.22%] 1031798784/5368709120 bytes copied)
[migrater] timestamp=1779269674.49, migrating=True, epoch=3, total_epochs=3, configured=506192908 B/s, rate=554138355 B/s, pending=4278190080 bytes ([20.31%] 1090519040/5368709120 bytes copied)
[migrater] timestamp=1779269674.60, migrating=True, epoch=3, total_epochs=3, configured=505914862 B/s, rate=459456006 B/s, pending=4227858432 bytes ([21.25%] 1140850688/5368709120 bytes copied)
[migrater] timestamp=1779269674.70, migrating=True, epoch=3, total_epochs=3, configured=506138484 B/s, rate=554506123 B/s, pending=4169138176 bytes ([22.34%] 1199570944/5368709120 bytes copied)
[migrater] timestamp=1779269674.81, migrating=True, epoch=3, total_epochs=3, configured=505850760 B/s, rate=459247440 B/s, pending=4118806528 bytes ([23.28%] 1249902592/5368709120 bytes copied)
[migrater] timestamp=1779269674.92, migrating=True, epoch=3, total_epochs=3, configured=506075010 B/s, rate=554052188 B/s, pending=4060086272 bytes ([24.38%] 1308622848/5368709120 bytes copied)
[migrater] timestamp=1779269675.03, migrating=True, epoch=3, total_epochs=3, configured=505777627 B/s, rate=459301125 B/s, pending=4009754624 bytes ([25.31%] 1358954496/5368709120 bytes copied)
[migrater] timestamp=1779269675.13, migrating=True, epoch=3, total_epochs=3, configured=506003222 B/s, rate=554336624 B/s, pending=3951034368 bytes ([26.41%] 1417674752/5368709120 bytes copied)
[migrater] timestamp=1779269675.24, migrating=True, epoch=3, total_epochs=3, configured=505696012 B/s, rate=459064599 B/s, pending=3900702720 bytes ([27.34%] 1468006400/5368709120 bytes copied)
[migrater] timestamp=1779269675.35, migrating=True, epoch=3, total_epochs=3, configured=505063553 B/s, rate=552987097 B/s, pending=3841982464 bytes ([28.44%] 1526726656/5368709120 bytes copied)
[migrater] timestamp=1779269675.46, migrating=True, epoch=3, total_epochs=3, configured=0 B/s, rate=0 B/s, pending=3841982464 bytes
[migrater] timestamp=1779269675.46, migrating=True, epoch=3, total_epochs=3, configured=503915039 B/s, rate=457751777 B/s, pending=3791650816 bytes ([29.38%] 1577058304/5368709120 bytes copied)
[migrater] timestamp=1779269675.56, migrating=True, epoch=3, total_epochs=3, configured=506689441 B/s, rate=554569285 B/s, pending=3732930560 bytes ([30.47%] 1635778560/5368709120 bytes copied)
[migrater] timestamp=1779269675.67, migrating=True, epoch=3, total_epochs=3, configured=506371216 B/s, rate=459940066 B/s, pending=3682598912 bytes ([31.41%] 1686110208/5368709120 bytes copied)
[migrater] timestamp=1779269675.78, migrating=True, epoch=3, total_epochs=3, configured=506469948 B/s, rate=554663471 B/s, pending=3623878656 bytes ([32.50%] 1744830464/5368709120 bytes copied)
[migrater] timestamp=1779269675.89, migrating=True, epoch=3, total_epochs=3, configured=506139678 B/s, rate=459589335 B/s, pending=3573547008 bytes ([33.44%] 1795162112/5368709120 bytes copied)
[migrater] timestamp=1779269675.99, migrating=True, epoch=3, total_epochs=3, configured=506236777 B/s, rate=554509736 B/s, pending=3514826752 bytes ([34.53%] 1853882368/5368709120 bytes copied)
[migrater] timestamp=1779269676.10, migrating=True, epoch=3, total_epochs=3, configured=506051233 B/s, rate=459567015 B/s, pending=3464495104 bytes ([35.47%] 1904214016/5368709120 bytes copied)
[migrater] timestamp=1779269676.21, migrating=True, epoch=3, total_epochs=3, configured=506148768 B/s, rate=554406861 B/s, pending=3405774848 bytes ([36.56%] 1962934272/5368709120 bytes copied)
[migrater] timestamp=1779269676.32, migrating=True, epoch=3, total_epochs=3, configured=505955512 B/s, rate=459280546 B/s, pending=3355443200 bytes ([37.50%] 2013265920/5368709120 bytes copied)
[migrater] timestamp=1779269676.43, migrating=True, epoch=3, total_epochs=3, configured=506053571 B/s, rate=554288007 B/s, pending=3296722944 bytes ([38.59%] 2071986176/5368709120 bytes copied)
[migrater] timestamp=1779269676.53, migrating=True, epoch=3, total_epochs=3, configured=506053571 B/s, rate=459361488 B/s, pending=3246391296 bytes ([39.53%] 2122317824/5368709120 bytes copied)
[migrater] timestamp=1779269676.64, migrating=True, epoch=3, total_epochs=3, configured=506053571 B/s, rate=554467644 B/s, pending=3187671040 bytes ([40.62%] 2181038080/5368709120 bytes copied)
[migrater] timestamp=1779269676.75, migrating=True, epoch=3, total_epochs=3, configured=506053571 B/s, rate=459314743 B/s, pending=3137339392 bytes ([41.56%] 2231369728/5368709120 bytes copied)
[migrater] timestamp=1779269676.86, migrating=True, epoch=3, total_epochs=3, configured=506053571 B/s, rate=554258138 B/s, pending=3078619136 bytes ([42.66%] 2290089984/5368709120 bytes copied)
[migrater] timestamp=1779269676.96, migrating=True, epoch=3, total_epochs=3, configured=0 B/s, rate=0 B/s, pending=3078619136 bytes
[migrater] timestamp=1779269676.97, migrating=True, epoch=3, total_epochs=3, configured=506053571 B/s, rate=459307957 B/s, pending=3028287488 bytes ([43.59%] 2340421632/5368709120 bytes copied)
[migrater] timestamp=1779269677.07, migrating=True, epoch=3, total_epochs=3, configured=506053571 B/s, rate=554545189 B/s, pending=2969567232 bytes ([44.69%] 2399141888/5368709120 bytes copied)
[migrater] timestamp=1779269677.18, migrating=True, epoch=3, total_epochs=3, configured=506053571 B/s, rate=459399475 B/s, pending=2919235584 bytes ([45.62%] 2449473536/5368709120 bytes copied)
[migrater] timestamp=1779269677.29, migrating=True, epoch=3, total_epochs=3, configured=506053571 B/s, rate=554164561 B/s, pending=2860515328 bytes ([46.72%] 2508193792/5368709120 bytes copied)
[migrater] timestamp=1779269677.40, migrating=True, epoch=3, total_epochs=3, configured=506053571 B/s, rate=459355577 B/s, pending=2810183680 bytes ([47.66%] 2558525440/5368709120 bytes copied)
[migrater] timestamp=1779269677.50, migrating=True, epoch=3, total_epochs=3, configured=506053571 B/s, rate=554426333 B/s, pending=2751463424 bytes ([48.75%] 2617245696/5368709120 bytes copied)
[migrater] timestamp=1779269677.61, migrating=True, epoch=3, total_epochs=3, configured=506053571 B/s, rate=459352307 B/s, pending=2701131776 bytes ([49.69%] 2667577344/5368709120 bytes copied)
[migrater] timestamp=1779269677.72, migrating=True, epoch=3, total_epochs=3, configured=506053571 B/s, rate=554538276 B/s, pending=2642411520 bytes ([50.78%] 2726297600/5368709120 bytes copied)
[migrater] timestamp=1779269677.83, migrating=True, epoch=3, total_epochs=3, configured=506053571 B/s, rate=459142072 B/s, pending=2592079872 bytes ([51.72%] 2776629248/5368709120 bytes copied)
[migrater] timestamp=1779269677.93, migrating=True, epoch=3, total_epochs=3, configured=506004592 B/s, rate=554344421 B/s, pending=2533359616 bytes ([52.81%] 2835349504/5368709120 bytes copied)
[migrater] timestamp=1779269678.04, migrating=True, epoch=3, total_epochs=3, configured=505887937 B/s, rate=459204116 B/s, pending=2483027968 bytes ([53.75%] 2885681152/5368709120 bytes copied)
[migrater] timestamp=1779269678.15, migrating=True, epoch=3, total_epochs=3, configured=509114933 B/s, rate=555543865 B/s, pending=2424307712 bytes ([54.84%] 2944401408/5368709120 bytes copied)
[migrater] timestamp=1779269678.26, migrating=True, epoch=3, total_epochs=3, configured=509095331 B/s, rate=461704490 B/s, pending=2373976064 bytes ([55.78%] 2994733056/5368709120 bytes copied)
[migrater] timestamp=1779269678.36, migrating=True, epoch=3, total_epochs=3, configured=507472791 B/s, rate=557500860 B/s, pending=2315255808 bytes ([56.88%] 3053453312/5368709120 bytes copied)
[migrater] timestamp=1779269678.47, migrating=True, epoch=3, total_epochs=3, configured=0 B/s, rate=0 B/s, pending=2315255808 bytes
[migrater] timestamp=1779269678.47, migrating=True, epoch=3, total_epochs=3, configured=507296671 B/s, rate=460605196 B/s, pending=2264924160 bytes ([57.81%] 3103784960/5368709120 bytes copied)
[migrater] timestamp=1779269678.58, migrating=True, epoch=3, total_epochs=3, configured=506058768 B/s, rate=555448171 B/s, pending=2206203904 bytes ([58.91%] 3162505216/5368709120 bytes copied)
[migrater] timestamp=1779269678.69, migrating=True, epoch=3, total_epochs=3, configured=508936629 B/s, rate=460007076 B/s, pending=2155872256 bytes ([59.84%] 3212836864/5368709120 bytes copied)
[migrater] timestamp=1779269678.79, migrating=True, epoch=3, total_epochs=3, configured=508902036 B/s, rate=557658689 B/s, pending=2097152000 bytes ([60.94%] 3271557120/5368709120 bytes copied)
[migrater] timestamp=1779269678.90, migrating=True, epoch=3, total_epochs=3, configured=508148593 B/s, rate=461628225 B/s, pending=2046820352 bytes ([61.88%] 3321888768/5368709120 bytes copied)
[migrater] timestamp=1779269679.01, migrating=True, epoch=3, total_epochs=3, configured=508613444 B/s, rate=556971104 B/s, pending=1988100096 bytes ([62.97%] 3380609024/5368709120 bytes copied)
[migrater] timestamp=1779269679.12, migrating=True, epoch=3, total_epochs=3, configured=508072383 B/s, rate=461078377 B/s, pending=1937768448 bytes ([63.91%] 3430940672/5368709120 bytes copied)
[migrater] timestamp=1779269679.22, migrating=True, epoch=3, total_epochs=3, configured=508558851 B/s, rate=557288373 B/s, pending=1879048192 bytes ([65.00%] 3489660928/5368709120 bytes copied)
[migrater] timestamp=1779269679.33, migrating=True, epoch=3, total_epochs=3, configured=507987580 B/s, rate=461242620 B/s, pending=1828716544 bytes ([65.94%] 3539992576/5368709120 bytes copied)
[migrater] timestamp=1779269679.44, migrating=True, epoch=3, total_epochs=3, configured=508497831 B/s, rate=556787207 B/s, pending=1769996288 bytes ([67.03%] 3598712832/5368709120 bytes copied)
[migrater] timestamp=1779269679.55, migrating=True, epoch=3, total_epochs=3, configured=507892774 B/s, rate=461030905 B/s, pending=1719664640 bytes ([67.97%] 3649044480/5368709120 bytes copied)
[migrater] timestamp=1779269679.65, migrating=True, epoch=3, total_epochs=3, configured=508135142 B/s, rate=556827286 B/s, pending=1660944384 bytes ([69.06%] 3707764736/5368709120 bytes copied)
[migrater] timestamp=1779269679.76, migrating=True, epoch=3, total_epochs=3, configured=507805280 B/s, rate=460715074 B/s, pending=1610612736 bytes ([70.00%] 3758096384/5368709120 bytes copied)
[migrater] timestamp=1779269679.87, migrating=True, epoch=3, total_epochs=3, configured=505777165 B/s, rate=555064828 B/s, pending=1551892480 bytes ([71.09%] 3816816640/5368709120 bytes copied)
[migrater] timestamp=1779269679.98, migrating=True, epoch=3, total_epochs=3, configured=505355369 B/s, rate=458783817 B/s, pending=1501560832 bytes ([72.03%] 3867148288/5368709120 bytes copied)
[migrater] timestamp=1779269680.08, migrating=True, epoch=3, total_epochs=3, configured=0 B/s, rate=0 B/s, pending=1501560832 bytes
[migrater] timestamp=1779269680.08, migrating=True, epoch=3, total_epochs=3, configured=505541302 B/s, rate=553768154 B/s, pending=1442840576 bytes ([73.12%] 3925868544/5368709120 bytes copied)
[migrater] timestamp=1779269680.19, migrating=True, epoch=3, total_epochs=3, configured=511423062 B/s, rate=463974102 B/s, pending=1392508928 bytes ([74.06%] 3976200192/5368709120 bytes copied)
[migrater] timestamp=1779269680.30, migrating=True, epoch=3, total_epochs=3, configured=512211646 B/s, rate=560968295 B/s, pending=1333788672 bytes ([75.16%] 4034920448/5368709120 bytes copied)
[migrater] timestamp=1779269680.40, migrating=True, epoch=3, total_epochs=3, configured=511583519 B/s, rate=464522137 B/s, pending=1283457024 bytes ([76.09%] 4085252096/5368709120 bytes copied)
[migrater] timestamp=1779269680.51, migrating=True, epoch=3, total_epochs=3, configured=510090697 B/s, rate=560489919 B/s, pending=1224736768 bytes ([77.19%] 4143972352/5368709120 bytes copied)
[migrater] timestamp=1779269680.62, migrating=True, epoch=3, total_epochs=3, configured=509731578 B/s, rate=462496676 B/s, pending=1174405120 bytes ([78.12%] 4194304000/5368709120 bytes copied)
[migrater] timestamp=1779269680.72, migrating=True, epoch=3, total_epochs=3, configured=510155715 B/s, rate=559091134 B/s, pending=1115684864 bytes ([79.22%] 4253024256/5368709120 bytes copied)
[migrater] timestamp=1779269680.83, migrating=True, epoch=3, total_epochs=3, configured=509766963 B/s, rate=462754149 B/s, pending=1065353216 bytes ([80.16%] 4303355904/5368709120 bytes copied)
[migrater] timestamp=1779269680.94, migrating=True, epoch=3, total_epochs=3, configured=510232673 B/s, rate=558671603 B/s, pending=1006632960 bytes ([81.25%] 4362076160/5368709120 bytes copied)
[migrater] timestamp=1779269681.04, migrating=True, epoch=3, total_epochs=3, configured=509808989 B/s, rate=462659078 B/s, pending=956301312 bytes ([82.19%] 4412407808/5368709120 bytes copied)
[migrater] timestamp=1779269681.15, migrating=True, epoch=3, total_epochs=3, configured=510325362 B/s, rate=559411356 B/s, pending=897581056 bytes ([83.28%] 4471128064/5368709120 bytes copied)
[migrater] timestamp=1779269681.26, migrating=True, epoch=3, total_epochs=3, configured=509859894 B/s, rate=462670774 B/s, pending=847249408 bytes ([84.22%] 4521459712/5368709120 bytes copied)
[migrater] timestamp=1779269681.36, migrating=True, epoch=3, total_epochs=3, configured=510439346 B/s, rate=553706171 B/s, pending=788529152 bytes ([85.31%] 4580179968/5368709120 bytes copied)
[migrater] timestamp=1779269681.47, migrating=True, epoch=3, total_epochs=3, configured=509923035 B/s, rate=466748045 B/s, pending=738197504 bytes ([86.25%] 4630511616/5368709120 bytes copied)
[migrater] timestamp=1779269681.58, migrating=True, epoch=3, total_epochs=3, configured=505869181 B/s, rate=555531619 B/s, pending=679477248 bytes ([87.34%] 4689231872/5368709120 bytes copied)
[migrater] timestamp=1779269681.69, migrating=True, epoch=3, total_epochs=3, configured=504989439 B/s, rate=458805317 B/s, pending=629145600 bytes ([88.28%] 4739563520/5368709120 bytes copied)
[migrater] timestamp=1779269681.79, migrating=True, epoch=3, total_epochs=3, configured=0 B/s, rate=0 B/s, pending=629145600 bytes
[migrater] timestamp=1779269681.79, migrating=True, epoch=3, total_epochs=3, configured=519904849 B/s, rate=552913882 B/s, pending=570425344 bytes ([89.38%] 4798283776/5368709120 bytes copied)
[migrater] timestamp=1779269681.90, migrating=True, epoch=3, total_epochs=3, configured=514193219 B/s, rate=471182022 B/s, pending=520093696 bytes ([90.31%] 4848615424/5368709120 bytes copied)
[migrater] timestamp=1779269682.01, migrating=True, epoch=3, total_epochs=3, configured=516495286 B/s, rate=564627966 B/s, pending=461373440 bytes ([91.41%] 4907335680/5368709120 bytes copied)
[migrater] timestamp=1779269682.11, migrating=True, epoch=3, total_epochs=3, configured=515280518 B/s, rate=467710976 B/s, pending=411041792 bytes ([92.34%] 4957667328/5368709120 bytes copied)
[migrater] timestamp=1779269682.22, migrating=True, epoch=3, total_epochs=3, configured=516987258 B/s, rate=565496840 B/s, pending=352321536 bytes ([93.44%] 5016387584/5368709120 bytes copied)
[migrater] timestamp=1779269682.32, migrating=True, epoch=3, total_epochs=3, configured=516945912 B/s, rate=468262778 B/s, pending=301989888 bytes ([94.38%] 5066719232/5368709120 bytes copied)
[migrater] timestamp=1779269682.43, migrating=True, epoch=3, total_epochs=3, configured=510939877 B/s, rate=565938202 B/s, pending=243269632 bytes ([95.47%] 5125439488/5368709120 bytes copied)
[migrater] timestamp=1779269682.54, migrating=True, epoch=3, total_epochs=3, configured=499791978 B/s, rate=460535993 B/s, pending=192937984 bytes ([96.41%] 5175771136/5368709120 bytes copied)
[migrater] timestamp=1779269682.64, migrating=True, epoch=3, total_epochs=3, configured=578122871 B/s, rate=580973726 B/s, pending=134217728 bytes ([97.50%] 5234491392/5368709120 bytes copied)
[migrater] timestamp=1779269682.74, migrating=True, epoch=3, total_epochs=3, configured=548682164 B/s, rate=566403854 B/s, pending=75497472 bytes ([98.59%] 5293211648/5368709120 bytes copied)
[migrater] timestamp=1779269682.84, migrating=True, epoch=3, total_epochs=3, configured=607708583 B/s, rate=571991348 B/s, pending=16777216 bytes ([99.69%] 5351931904/5368709120 bytes copied)
[migrater] timestamp=1779269682.91, migrating=False, epoch=3, total_epochs=3, configured=517138233 B/s, rate=0 B/s, pending=0 bytes ([100.00%] 5368709120/5368709120 bytes copied)
[migrater] timestamp=1779269683.10, migrating=False, epoch=3, total_epochs=3, configured=0 B/s, rate=0 B/s, pending=0 bytes
[migrater] timestamp=1779269683.20, migrating=False, epoch=3, total_epochs=3, configured=0 B/s, rate=0 B/s, pending=0 bytes
[migrater] timestamp=1779269683.30, migrating=False, epoch=3, total_epochs=3, configured=0 B/s, rate=0 B/s, pending=0 bytes
[migrater] timestamp=1779269683.40, migrating=False, epoch=3, total_epochs=3, configured=0 B/s, rate=0 B/s, pending=0 bytes
[migrater] timestamp=1779269683.50, migrating=False, epoch=3, total_epochs=3, configured=0 B/s, rate=0 B/s, pending=0 bytes
[migrater] timestamp=1779269683.60, migrating=False, epoch=3, total_epochs=3, configured=0 B/s, rate=0 B/s, pending=0 bytes
[migrater] timestamp=1779269683.70, migrating=False, epoch=3, total_epochs=3, configured=0 B/s, rate=0 B/s, pending=0 bytes
[migrater] timestamp=1779269683.80, migrating=False, epoch=3, total_epochs=3, configured=0 B/s, rate=0 B/s, pending=0 bytes
[migrater] timestamp=1779269683.90, migrating=False, epoch=3, total_epochs=3, configured=0 B/s, rate=0 B/s, pending=0 bytes
[migrater] timestamp=1779269684.00, migrating=False, epoch=3, total_epochs=3, configured=0 B/s, rate=0 B/s, pending=0 bytes
[migrater] timestamp=1779269684.10, migrating=False, epoch=3, total_epochs=3, configured=0 B/s, rate=0 B/s, pending=0 bytes
[migrater] timestamp=1779269684.20, migrating=False, epoch=3, total_epochs=3, configured=0 B/s, rate=0 B/s, pending=0 bytes
[migrater] timestamp=1779269684.30, migrating=False, epoch=3, total_epochs=3, configured=0 B/s, rate=0 B/s, pending=0 bytes
[migrater] timestamp=1779269684.40, migrating=False, epoch=3, total_epochs=3, configured=0 B/s, rate=0 B/s, pending=0 bytes
[migrater] timestamp=1779269684.51, migrating=False, epoch=3, total_epochs=3, configured=0 B/s, rate=0 B/s, pending=0 bytes
[migrater] timestamp=1779269684.61, migrating=False, epoch=3, total_epochs=3, configured=0 B/s, rate=0 B/s, pending=0 bytes
[migrater] timestamp=1779269684.71, migrating=False, epoch=3, total_epochs=3, configured=0 B/s, rate=0 B/s, pending=0 bytes
[migrater] timestamp=1779269684.81, migrating=False, epoch=3, total_epochs=3, configured=0 B/s, rate=0 B/s, pending=0 bytes
[migrater] timestamp=1779269684.91, migrating=False, epoch=3, total_epochs=3, configured=0 B/s, rate=0 B/s, pending=0 bytes
