[migrater] timestamp=1779269570.71, migrating=False, epoch=0, total_epochs=0, configured=0 B/s, rate=0 B/s, pending=0 bytesMigrater running on 50051

[migrater] timestamp=1779269570.86, migrating=False, epoch=0, total_epochs=0, configured=0 B/s, rate=0 B/s, pending=0 bytes
[migrater] timestamp=1779269570.96, migrating=False, epoch=0, total_epochs=0, configured=0 B/s, rate=0 B/s, pending=0 bytes
[migrater] timestamp=1779269571.06, migrating=False, epoch=0, total_epochs=0, configured=0 B/s, rate=0 B/s, pending=0 bytes
[migrater] timestamp=1779269571.16, migrating=False, epoch=0, total_epochs=0, configured=0 B/s, rate=0 B/s, pending=0 bytes
[migrater] timestamp=1779269571.26, migrating=False, epoch=0, total_epochs=0, configured=0 B/s, rate=0 B/s, pending=0 bytes
[migrater] timestamp=1779269571.36, migrating=False, epoch=0, total_epochs=0, configured=0 B/s, rate=0 B/s, pending=0 bytes
[migrater] timestamp=1779269571.46, migrating=False, epoch=0, total_epochs=0, configured=0 B/s, rate=0 B/s, pending=0 bytes
[migrater] timestamp=1779269571.56, migrating=False, epoch=0, total_epochs=0, configured=0 B/s, rate=0 B/s, pending=0 bytes
[migrater] timestamp=1779269571.66, migrating=False, epoch=0, total_epochs=0, configured=0 B/s, rate=0 B/s, pending=0 bytes
[migrater] timestamp=1779269571.76, migrating=False, epoch=0, total_epochs=0, configured=0 B/s, rate=0 B/s, pending=0 bytes
[migrater] timestamp=1779269571.86, migrating=False, epoch=0, total_epochs=0, configured=0 B/s, rate=0 B/s, pending=0 bytes
[migrater] timestamp=1779269571.96, migrating=False, epoch=0, total_epochs=0, configured=0 B/s, rate=0 B/s, pending=0 bytes
[migrater] timestamp=1779269572.06, migrating=False, epoch=0, total_epochs=0, configured=0 B/s, rate=0 B/s, pending=0 bytes
[migrater] timestamp=1779269572.17, migrating=False, epoch=0, total_epochs=0, configured=0 B/s, rate=0 B/s, pending=0 bytes
[migrater] timestamp=1779269572.27, migrating=False, epoch=0, total_epochs=0, configured=0 B/s, rate=0 B/s, pending=0 bytes
[migrater] timestamp=1779269572.37, migrating=False, epoch=0, total_epochs=0, configured=0 B/s, rate=0 B/s, pending=0 bytes
[migrater] timestamp=1779269572.47, migrating=False, epoch=0, total_epochs=0, configured=0 B/s, rate=0 B/s, pending=0 bytes
[migrater] timestamp=1779269572.57, migrating=False, epoch=0, total_epochs=0, configured=0 B/s, rate=0 B/s, pending=0 bytes
[migrater] timestamp=1779269572.67, migrating=False, epoch=0, total_epochs=0, configured=0 B/s, rate=0 B/s, pending=0 bytes
[migrater] timestamp=1779269572.77, migrating=False, epoch=0, total_epochs=0, configured=0 B/s, rate=0 B/s, pending=0 bytes
[migrater] timestamp=1779269572.87, migrating=False, epoch=0, total_epochs=0, configured=0 B/s, rate=0 B/s, pending=0 bytes
[migrater] timestamp=1779269572.97, migrating=False, epoch=0, total_epochs=0, configured=0 B/s, rate=0 B/s, pending=0 bytes
[migrater] timestamp=1779269573.07, migrating=False, epoch=0, total_epochs=0, configured=0 B/s, rate=0 B/s, pending=0 bytes
[migrater] timestamp=1779269573.17, migrating=False, epoch=0, total_epochs=0, configured=0 B/s, rate=0 B/s, pending=0 bytes
[migrater] timestamp=1779269573.27, migrating=False, epoch=0, total_epochs=0, configured=0 B/s, rate=0 B/s, pending=0 bytes
[migrater] timestamp=1779269573.37, migrating=False, epoch=0, total_epochs=0, configured=0 B/s, rate=0 B/s, pending=0 bytes
[migrater] timestamp=1779269573.47, migrating=False, epoch=0, total_epochs=0, configured=0 B/s, rate=0 B/s, pending=0 bytes
[migrater] timestamp=1779269573.57, migrating=False, epoch=0, total_epochs=0, configured=0 B/s, rate=0 B/s, pending=0 bytes
[migrater] timestamp=1779269573.67, migrating=False, epoch=0, total_epochs=0, configured=0 B/s, rate=0 B/s, pending=0 bytes
[migrater] timestamp=1779269573.77, migrating=False, epoch=0, total_epochs=0, configured=0 B/s, rate=0 B/s, pending=0 bytes
[migrater] timestamp=1779269573.87, migrating=False, epoch=0, total_epochs=0, configured=0 B/s, rate=0 B/s, pending=0 bytes
[migrater] timestamp=1779269573.97, migrating=False, epoch=0, total_epochs=0, configured=0 B/s, rate=0 B/s, pending=0 bytes
[migrater] timestamp=1779269574.07, migrating=False, epoch=0, total_epochs=0, configured=0 B/s, rate=0 B/s, pending=0 bytes
[migrater] timestamp=1779269574.17, migrating=False, epoch=0, total_epochs=0, configured=0 B/s, rate=0 B/s, pending=0 bytes
[migrater] timestamp=1779269574.27, migrating=False, epoch=0, total_epochs=0, configured=0 B/s, rate=0 B/s, pending=0 bytes
[migrater] timestamp=1779269574.37, migrating=False, epoch=0, total_epochs=0, configured=0 B/s, rate=0 B/s, pending=0 bytes
[migrater] timestamp=1779269574.47, migrating=False, epoch=0, total_epochs=0, configured=0 B/s, rate=0 B/s, pending=0 bytes
[migrater] timestamp=1779269574.57, migrating=False, epoch=0, total_epochs=0, configured=0 B/s, rate=0 B/s, pending=0 bytes
[migrater] timestamp=1779269574.67, migrating=False, epoch=0, total_epochs=0, configured=0 B/s, rate=0 B/s, pending=0 bytes
[migrater] timestamp=1779269574.78, migrating=False, epoch=0, total_epochs=0, configured=0 B/s, rate=0 B/s, pending=0 bytes
[migrater] timestamp=1779269574.88, migrating=False, epoch=0, total_epochs=0, configured=0 B/s, rate=0 B/s, pending=0 bytes
[migrater] timestamp=1779269574.98, migrating=False, epoch=0, total_epochs=0, configured=0 B/s, rate=0 B/s, pending=0 bytes
[migrater] timestamp=1779269575.08, migrating=False, epoch=0, total_epochs=0, configured=0 B/s, rate=0 B/s, pending=0 bytes
[migrater] timestamp=1779269575.18, migrating=False, epoch=0, total_epochs=0, configured=0 B/s, rate=0 B/s, pending=0 bytes
[migrater] timestamp=1779269575.28, migrating=False, epoch=0, total_epochs=0, configured=0 B/s, rate=0 B/s, pending=0 bytes
[migrater] timestamp=1779269575.38, migrating=False, epoch=0, total_epochs=0, configured=0 B/s, rate=0 B/s, pending=0 bytes
[migrater] timestamp=1779269575.48, migrating=False, epoch=0, total_epochs=0, configured=0 B/s, rate=0 B/s, pending=0 bytes
[migrater] timestamp=1779269575.58, migrating=False, epoch=0, total_epochs=0, configured=0 B/s, rate=0 B/s, pending=0 bytes
[migrater] timestamp=1779269575.68, migrating=False, epoch=0, total_epochs=0, configured=0 B/s, rate=0 B/s, pending=0 bytes
[migrater] timestamp=1779269575.78, migrating=False, epoch=0, total_epochs=0, configured=0 B/s, rate=0 B/s, pending=0 bytes
[migrater] timestamp=1779269575.88, migrating=False, epoch=0, total_epochs=0, configured=0 B/s, rate=0 B/s, pending=0 bytes
[migrater] timestamp=1779269575.98, migrating=False, epoch=0, total_epochs=0, configured=0 B/s, rate=0 B/s, pending=0 bytes
[migrater] timestamp=1779269576.08, migrating=False, epoch=0, total_epochs=0, configured=0 B/s, rate=0 B/s, pending=0 bytes
[migrater] timestamp=1779269576.18, migrating=False, epoch=0, total_epochs=0, configured=0 B/s, rate=0 B/s, pending=0 bytes
[migrater] timestamp=1779269576.28, migrating=False, epoch=0, total_epochs=0, configured=0 B/s, rate=0 B/s, pending=0 bytes
[migrater] timestamp=1779269576.38, migrating=False, epoch=0, total_epochs=0, configured=0 B/s, rate=0 B/s, pending=0 bytes
[migrater] timestamp=1779269576.48, migrating=False, epoch=0, total_epochs=0, configured=0 B/s, rate=0 B/s, pending=0 bytes
[migrater] timestamp=1779269576.58, migrating=False, epoch=0, total_epochs=0, configured=0 B/s, rate=0 B/s, pending=0 bytes
[migrater] timestamp=1779269576.68, migrating=False, epoch=0, total_epochs=0, configured=0 B/s, rate=0 B/s, pending=0 bytes
[migrater] timestamp=1779269576.78, migrating=False, epoch=0, total_epochs=0, configured=0 B/s, rate=0 B/s, pending=0 bytes
[migrater] timestamp=1779269576.88, migrating=False, epoch=0, total_epochs=0, configured=0 B/s, rate=0 B/s, pending=0 bytes
[migrater] timestamp=1779269576.98, migrating=False, epoch=0, total_epochs=0, configured=0 B/s, rate=0 B/s, pending=0 bytes
[migrater] timestamp=1779269577.08, migrating=False, epoch=0, total_epochs=0, configured=0 B/s, rate=0 B/s, pending=0 bytes
[migrater] timestamp=1779269577.18, migrating=False, epoch=0, total_epochs=0, configured=0 B/s, rate=0 B/s, pending=0 bytes
[migrater] timestamp=1779269577.28, migrating=False, epoch=0, total_epochs=0, configured=0 B/s, rate=0 B/s, pending=0 bytes
[migrater] timestamp=1779269577.38, migrating=False, epoch=0, total_epochs=0, configured=0 B/s, rate=0 B/s, pending=0 bytes
[migrater] timestamp=1779269577.49, migrating=False, epoch=0, total_epochs=0, configured=0 B/s, rate=0 B/s, pending=0 bytes
[migrater] timestamp=1779269577.59, migrating=False, epoch=0, total_epochs=0, configured=0 B/s, rate=0 B/s, pending=0 bytes
[migrater] timestamp=1779269577.69, migrating=False, epoch=0, total_epochs=0, configured=0 B/s, rate=0 B/s, pending=0 bytes
[migrater] timestamp=1779269577.79, migrating=False, epoch=0, total_epochs=0, configured=0 B/s, rate=0 B/s, pending=0 bytes
[migrater] timestamp=1779269577.89, migrating=False, epoch=0, total_epochs=0, configured=0 B/s, rate=0 B/s, pending=0 bytes
[migrater] timestamp=1779269577.99, migrating=False, epoch=0, total_epochs=0, configured=0 B/s, rate=0 B/s, pending=0 bytes
[migrater] timestamp=1779269578.09, migrating=False, epoch=0, total_epochs=0, configured=0 B/s, rate=0 B/s, pending=0 bytes
[migrater] timestamp=1779269578.19, migrating=False, epoch=0, total_epochs=0, configured=0 B/s, rate=0 B/s, pending=0 bytes
[migrater] timestamp=1779269578.29, migrating=False, epoch=0, total_epochs=0, configured=0 B/s, rate=0 B/s, pending=0 bytes
[migrater] timestamp=1779269578.39, migrating=False, epoch=0, total_epochs=0, configured=0 B/s, rate=0 B/s, pending=0 bytes
[migrater] timestamp=1779269578.49, migrating=False, epoch=0, total_epochs=0, configured=0 B/s, rate=0 B/s, pending=0 bytes
[migrater] timestamp=1779269578.59, migrating=False, epoch=0, total_epochs=0, configured=0 B/s, rate=0 B/s, pending=0 bytes
[migrater] timestamp=1779269578.69, migrating=False, epoch=0, total_epochs=0, configured=0 B/s, rate=0 B/s, pending=0 bytes
[migrater] timestamp=1779269578.79, migrating=False, epoch=0, total_epochs=0, configured=0 B/s, rate=0 B/s, pending=0 bytes
[migrater] timestamp=1779269578.89, migrating=False, epoch=0, total_epochs=0, configured=0 B/s, rate=0 B/s, pending=0 bytes
[migrater] timestamp=1779269578.99, migrating=False, epoch=0, total_epochs=0, configured=0 B/s, rate=0 B/s, pending=0 bytes
[migrater] timestamp=1779269579.09, migrating=False, epoch=0, total_epochs=0, configured=0 B/s, rate=0 B/s, pending=0 bytes
[migrater] timestamp=1779269579.19, migrating=False, epoch=0, total_epochs=0, configured=0 B/s, rate=0 B/s, pending=0 bytes
[migrater] timestamp=1779269579.29, migrating=False, epoch=0, total_epochs=0, configured=0 B/s, rate=0 B/s, pending=0 bytes
[migrater] timestamp=1779269579.39, migrating=False, epoch=0, total_epochs=0, configured=0 B/s, rate=0 B/s, pending=0 bytes
[migrater] timestamp=1779269579.49, migrating=False, epoch=0, total_epochs=0, configured=0 B/s, rate=0 B/s, pending=0 bytes
[migrater] timestamp=1779269579.59, migrating=False, epoch=0, total_epochs=0, configured=0 B/s, rate=0 B/s, pending=0 bytes
[migrater] timestamp=1779269579.69, migrating=False, epoch=0, total_epochs=0, configured=0 B/s, rate=0 B/s, pending=0 bytes
[migrater] timestamp=1779269579.79, migrating=False, epoch=0, total_epochs=0, configured=0 B/s, rate=0 B/s, pending=0 bytes
[migrater] timestamp=1779269579.89, migrating=False, epoch=0, total_epochs=0, configured=0 B/s, rate=0 B/s, pending=0 bytes
[migrater] timestamp=1779269580.00, migrating=False, epoch=0, total_epochs=0, configured=0 B/s, rate=0 B/s, pending=0 bytes
[migrater] timestamp=1779269580.10, migrating=False, epoch=0, total_epochs=0, configured=0 B/s, rate=0 B/s, pending=0 bytes
[migrater] timestamp=1779269580.20, migrating=False, epoch=0, total_epochs=0, configured=0 B/s, rate=0 B/s, pending=0 bytes
[migrater] timestamp=1779269580.30, migrating=False, epoch=0, total_epochs=0, configured=0 B/s, rate=0 B/s, pending=0 bytes
[migrater] timestamp=1779269580.40, migrating=False, epoch=0, total_epochs=0, configured=0 B/s, rate=0 B/s, pending=0 bytes
[migrater] timestamp=1779269580.50, migrating=False, epoch=0, total_epochs=0, configured=0 B/s, rate=0 B/s, pending=0 bytes
[migrater] timestamp=1779269580.60, migrating=False, epoch=0, total_epochs=0, configured=0 B/s, rate=0 B/s, pending=0 bytes
[migrater] timestamp=1779269580.70, migrating=False, epoch=0, total_epochs=0, configured=0 B/s, rate=0 B/s, pending=0 bytes
[migrater] timestamp=1779269580.80, migrating=False, epoch=0, total_epochs=0, configured=0 B/s, rate=0 B/s, pending=0 bytes
[migrater] timestamp=1779269580.90, migrating=False, epoch=0, total_epochs=0, configured=0 B/s, rate=0 B/s, pending=0 bytes
[migrater] timestamp=1779269581.00, migrating=False, epoch=0, total_epochs=0, configured=0 B/s, rate=0 B/s, pending=0 bytes
[migrater] timestamp=1779269581.10, migrating=False, epoch=0, total_epochs=0, configured=0 B/s, rate=0 B/s, pending=0 bytes
[migrater] timestamp=1779269581.20, migrating=False, epoch=0, total_epochs=0, configured=0 B/s, rate=0 B/s, pending=0 bytes
[migrater] timestamp=1779269581.30, migrating=False, epoch=0, total_epochs=0, configured=0 B/s, rate=0 B/s, pending=0 bytes
[migrater] timestamp=1779269581.40, migrating=False, epoch=0, total_epochs=0, configured=0 B/s, rate=0 B/s, pending=0 bytes
[migrater] timestamp=1779269581.50, migrating=False, epoch=0, total_epochs=0, configured=0 B/s, rate=0 B/s, pending=0 bytes
[migrater] timestamp=1779269581.60, migrating=False, epoch=0, total_epochs=0, configured=0 B/s, rate=0 B/s, pending=0 bytes
[migrater] timestamp=1779269581.70, migrating=False, epoch=0, total_epochs=0, configured=0 B/s, rate=0 B/s, pending=0 bytes
[migrater] timestamp=1779269581.80, migrating=False, epoch=0, total_epochs=0, configured=0 B/s, rate=0 B/s, pending=0 bytes
[migrater] timestamp=1779269581.90, migrating=False, epoch=0, total_epochs=0, configured=0 B/s, rate=0 B/s, pending=0 bytes
[migrater] timestamp=1779269582.00, migrating=False, epoch=0, total_epochs=0, configured=0 B/s, rate=0 B/s, pending=0 bytes
[migrater] timestamp=1779269582.10, migrating=False, epoch=0, total_epochs=0, configured=0 B/s, rate=0 B/s, pending=0 bytes
[migrater] timestamp=1779269582.20, migrating=False, epoch=0, total_epochs=0, configured=0 B/s, rate=0 B/s, pending=0 bytes
[migrater] timestamp=1779269582.31, migrating=False, epoch=0, total_epochs=0, configured=0 B/s, rate=0 B/s, pending=0 bytes
[migrater] timestamp=1779269582.41, migrating=False, epoch=0, total_epochs=0, configured=0 B/s, rate=0 B/s, pending=0 bytes
[migrater] timestamp=1779269582.51, migrating=False, epoch=0, total_epochs=0, configured=0 B/s, rate=0 B/s, pending=0 bytes
[migrater] timestamp=1779269582.61, migrating=False, epoch=0, total_epochs=0, configured=0 B/s, rate=0 B/s, pending=0 bytes
[migrater] timestamp=1779269582.71, migrating=False, epoch=0, total_epochs=0, configured=0 B/s, rate=0 B/s, pending=0 bytes
[migrater] timestamp=1779269582.81, migrating=False, epoch=0, total_epochs=0, configured=0 B/s, rate=0 B/s, pending=0 bytes
[migrater] timestamp=1779269582.91, migrating=False, epoch=0, total_epochs=0, configured=0 B/s, rate=0 B/s, pending=0 bytes
[migrater] timestamp=1779269583.01, migrating=False, epoch=0, total_epochs=0, configured=0 B/s, rate=0 B/s, pending=0 bytes
[migrater] timestamp=1779269583.11, migrating=False, epoch=0, total_epochs=0, configured=0 B/s, rate=0 B/s, pending=0 bytes
[migrater] timestamp=1779269583.21, migrating=False, epoch=0, total_epochs=0, configured=0 B/s, rate=0 B/s, pending=0 bytes
[migrater] timestamp=1779269583.31, migrating=False, epoch=0, total_epochs=0, configured=0 B/s, rate=0 B/s, pending=0 bytes
[migrater] timestamp=1779269583.41, migrating=False, epoch=0, total_epochs=0, configured=0 B/s, rate=0 B/s, pending=0 bytes
[migrater] timestamp=1779269583.51, migrating=False, epoch=0, total_epochs=0, configured=0 B/s, rate=0 B/s, pending=0 bytes
[migrater] timestamp=1779269583.61, migrating=False, epoch=0, total_epochs=0, configured=0 B/s, rate=0 B/s, pending=0 bytes
[migrater] timestamp=1779269583.71, migrating=False, epoch=0, total_epochs=0, configured=0 B/s, rate=0 B/s, pending=0 bytes
[migrater] timestamp=1779269583.81, migrating=False, epoch=0, total_epochs=0, configured=0 B/s, rate=0 B/s, pending=0 bytes
[migrater] timestamp=1779269583.91, migrating=False, epoch=0, total_epochs=0, configured=0 B/s, rate=0 B/s, pending=0 bytes
[migrater] timestamp=1779269584.01, migrating=False, epoch=0, total_epochs=0, configured=0 B/s, rate=0 B/s, pending=0 bytes
[migrater] timestamp=1779269584.11, migrating=False, epoch=0, total_epochs=0, configured=0 B/s, rate=0 B/s, pending=0 bytes
[migrater] timestamp=1779269584.21, migrating=False, epoch=0, total_epochs=0, configured=0 B/s, rate=0 B/s, pending=0 bytes
[migrater] timestamp=1779269584.31, migrating=False, epoch=0, total_epochs=0, configured=0 B/s, rate=0 B/s, pending=0 bytes
[migrater] timestamp=1779269584.41, migrating=False, epoch=0, total_epochs=0, configured=0 B/s, rate=0 B/s, pending=0 bytes
[migrater] timestamp=1779269584.51, migrating=False, epoch=0, total_epochs=0, configured=0 B/s, rate=0 B/s, pending=0 bytes
[migrater] timestamp=1779269584.61, migrating=False, epoch=0, total_epochs=0, configured=0 B/s, rate=0 B/s, pending=0 bytes
[migrater] timestamp=1779269584.71, migrating=False, epoch=0, total_epochs=0, configured=0 B/s, rate=0 B/s, pending=0 bytes
[migrater] timestamp=1779269584.82, migrating=False, epoch=0, total_epochs=0, configured=0 B/s, rate=0 B/s, pending=0 bytes
[migrater] timestamp=1779269584.92, migrating=False, epoch=0, total_epochs=0, configured=0 B/s, rate=0 B/s, pending=0 bytes
[migrater] timestamp=1779269585.02, migrating=False, epoch=0, total_epochs=0, configured=0 B/s, rate=0 B/s, pending=0 bytes
[migrater] timestamp=1779269585.12, migrating=False, epoch=0, total_epochs=0, configured=0 B/s, rate=0 B/s, pending=0 bytes
[migrater] timestamp=1779269585.22, migrating=False, epoch=0, total_epochs=0, configured=0 B/s, rate=0 B/s, pending=0 bytes
[migrater] timestamp=1779269585.32, migrating=False, epoch=0, total_epochs=0, configured=0 B/s, rate=0 B/s, pending=0 bytes
[migrater] timestamp=1779269585.42, migrating=False, epoch=0, total_epochs=0, configured=0 B/s, rate=0 B/s, pending=0 bytes
[migrater] timestamp=1779269585.52, migrating=False, epoch=0, total_epochs=0, configured=0 B/s, rate=0 B/s, pending=0 bytes
[migrater] timestamp=1779269585.62, migrating=False, epoch=0, total_epochs=0, configured=0 B/s, rate=0 B/s, pending=0 bytes
[migrater] timestamp=1779269585.72, migrating=False, epoch=0, total_epochs=0, configured=0 B/s, rate=0 B/s, pending=0 bytes
[migrater] timestamp=1779269585.82, migrating=False, epoch=0, total_epochs=0, configured=0 B/s, rate=0 B/s, pending=0 bytes
[migrater] timestamp=1779269585.92, migrating=False, epoch=0, total_epochs=0, configured=0 B/s, rate=0 B/s, pending=0 bytes
[migrater] timestamp=1779269586.02, migrating=False, epoch=0, total_epochs=0, configured=0 B/s, rate=0 B/s, pending=0 bytes
[migrater] timestamp=1779269586.12, migrating=False, epoch=0, total_epochs=0, configured=0 B/s, rate=0 B/s, pending=0 bytes
[migrater] timestamp=1779269586.22, migrating=False, epoch=0, total_epochs=0, configured=0 B/s, rate=0 B/s, pending=0 bytes
[migrater] timestamp=1779269586.32, migrating=False, epoch=0, total_epochs=0, configured=0 B/s, rate=0 B/s, pending=0 bytes
[migrater] timestamp=1779269586.42, migrating=False, epoch=0, total_epochs=0, configured=0 B/s, rate=0 B/s, pending=0 bytes
[migrater] timestamp=1779269586.52, migrating=False, epoch=0, total_epochs=0, configured=0 B/s, rate=0 B/s, pending=0 bytes
[migrater] timestamp=1779269586.62, migrating=False, epoch=0, total_epochs=0, configured=0 B/s, rate=0 B/s, pending=0 bytes
[migrater] timestamp=1779269586.72, migrating=False, epoch=0, total_epochs=0, configured=0 B/s, rate=0 B/s, pending=0 bytes
[migrater] timestamp=1779269586.82, migrating=False, epoch=0, total_epochs=0, configured=0 B/s, rate=0 B/s, pending=0 bytes
[migrater] timestamp=1779269586.92, migrating=False, epoch=0, total_epochs=0, configured=0 B/s, rate=0 B/s, pending=0 bytes
[migrater] timestamp=1779269587.02, migrating=False, epoch=0, total_epochs=0, configured=0 B/s, rate=0 B/s, pending=0 bytes
[migrater] timestamp=1779269587.12, migrating=False, epoch=0, total_epochs=0, configured=0 B/s, rate=0 B/s, pending=0 bytes
[migrater] timestamp=1779269587.22, migrating=False, epoch=0, total_epochs=0, configured=0 B/s, rate=0 B/s, pending=0 bytes
[migrater] timestamp=1779269587.32, migrating=False, epoch=0, total_epochs=0, configured=0 B/s, rate=0 B/s, pending=0 bytes
[migrater] timestamp=1779269587.43, migrating=False, epoch=0, total_epochs=0, configured=0 B/s, rate=0 B/s, pending=0 bytes
[migrater] timestamp=1779269587.53, migrating=False, epoch=0, total_epochs=0, configured=0 B/s, rate=0 B/s, pending=0 bytes
[migrater] timestamp=1779269587.63, migrating=False, epoch=0, total_epochs=0, configured=0 B/s, rate=0 B/s, pending=0 bytes
[migrater] timestamp=1779269587.73, migrating=False, epoch=0, total_epochs=0, configured=0 B/s, rate=0 B/s, pending=0 bytes
[migrater] timestamp=1779269587.83, migrating=False, epoch=0, total_epochs=0, configured=0 B/s, rate=0 B/s, pending=0 bytes
[migrater] timestamp=1779269587.93, migrating=False, epoch=0, total_epochs=0, configured=0 B/s, rate=0 B/s, pending=0 bytes
[migrater] timestamp=1779269588.03, migrating=False, epoch=0, total_epochs=0, configured=0 B/s, rate=0 B/s, pending=0 bytes
[migrater] timestamp=1779269588.13, migrating=False, epoch=0, total_epochs=0, configured=0 B/s, rate=0 B/s, pending=0 bytes
[migrater] timestamp=1779269588.23, migrating=False, epoch=0, total_epochs=0, configured=0 B/s, rate=0 B/s, pending=0 bytes
[migrater] timestamp=1779269588.33, migrating=False, epoch=0, total_epochs=0, configured=0 B/s, rate=0 B/s, pending=0 bytes
[migrater] timestamp=1779269588.43, migrating=False, epoch=0, total_epochs=0, configured=0 B/s, rate=0 B/s, pending=0 bytes
[migrater] timestamp=1779269588.53, migrating=False, epoch=0, total_epochs=0, configured=0 B/s, rate=0 B/s, pending=0 bytes
[migrater] timestamp=1779269588.63, migrating=False, epoch=0, total_epochs=0, configured=0 B/s, rate=0 B/s, pending=0 bytes
[migrater] timestamp=1779269588.73, migrating=False, epoch=0, total_epochs=0, configured=0 B/s, rate=0 B/s, pending=0 bytes
[migrater] timestamp=1779269588.83, migrating=False, epoch=0, total_epochs=0, configured=0 B/s, rate=0 B/s, pending=0 bytes
[migrater] timestamp=1779269588.93, migrating=False, epoch=0, total_epochs=0, configured=0 B/s, rate=0 B/s, pending=0 bytes
[migrater] timestamp=1779269589.03, migrating=False, epoch=0, total_epochs=0, configured=0 B/s, rate=0 B/s, pending=0 bytes
[migrater] timestamp=1779269589.13, migrating=False, epoch=0, total_epochs=0, configured=0 B/s, rate=0 B/s, pending=0 bytes
[migrater] timestamp=1779269589.23, migrating=False, epoch=0, total_epochs=0, configured=0 B/s, rate=0 B/s, pending=0 bytes
[migrater] timestamp=1779269589.33, migrating=False, epoch=0, total_epochs=0, configured=0 B/s, rate=0 B/s, pending=0 bytes
[migrater] timestamp=1779269589.43, migrating=False, epoch=0, total_epochs=0, configured=0 B/s, rate=0 B/s, pending=0 bytes
[migrater] timestamp=1779269589.53, migrating=False, epoch=0, total_epochs=0, configured=0 B/s, rate=0 B/s, pending=0 bytes
[migrater] timestamp=1779269589.63, migrating=False, epoch=0, total_epochs=0, configured=0 B/s, rate=0 B/s, pending=0 bytes
[migrater] timestamp=1779269589.73, migrating=False, epoch=0, total_epochs=0, configured=0 B/s, rate=0 B/s, pending=0 bytes
[migrater] timestamp=1779269589.83, migrating=False, epoch=0, total_epochs=0, configured=0 B/s, rate=0 B/s, pending=0 bytes
[migrater] timestamp=1779269589.93, migrating=False, epoch=0, total_epochs=0, configured=0 B/s, rate=0 B/s, pending=0 bytes
[migrater] timestamp=1779269590.04, migrating=False, epoch=0, total_epochs=0, configured=0 B/s, rate=0 B/s, pending=0 bytes
[migrater] timestamp=1779269590.14, migrating=False, epoch=0, total_epochs=0, configured=0 B/s, rate=0 B/s, pending=0 bytes
[migrater] timestamp=1779269590.24, migrating=False, epoch=0, total_epochs=0, configured=0 B/s, rate=0 B/s, pending=0 bytes
[migrater] timestamp=1779269590.34, migrating=False, epoch=0, total_epochs=0, configured=0 B/s, rate=0 B/s, pending=0 bytes
[migrater] timestamp=1779269590.44, migrating=False, epoch=0, total_epochs=0, configured=0 B/s, rate=0 B/s, pending=0 bytes
[migrater] timestamp=1779269590.54, migrating=False, epoch=0, total_epochs=0, configured=0 B/s, rate=0 B/s, pending=0 bytes
[migrater] timestamp=1779269590.64, migrating=False, epoch=0, total_epochs=0, configured=0 B/s, rate=0 B/s, pending=0 bytes
[migrater] timestamp=1779269590.74, migrating=False, epoch=0, total_epochs=0, configured=0 B/s, rate=0 B/s, pending=0 bytes
[migrater] timestamp=1779269590.84, migrating=False, epoch=0, total_epochs=0, configured=0 B/s, rate=0 B/s, pending=0 bytes
[migrater] timestamp=1779269590.94, migrating=False, epoch=0, total_epochs=0, configured=0 B/s, rate=0 B/s, pending=0 bytes
[migrater] timestamp=1779269591.04, migrating=False, epoch=0, total_epochs=0, configured=0 B/s, rate=0 B/s, pending=0 bytes
[migrater] timestamp=1779269591.14, migrating=False, epoch=0, total_epochs=0, configured=0 B/s, rate=0 B/s, pending=0 bytes
[migrater] timestamp=1779269591.24, migrating=False, epoch=0, total_epochs=0, configured=0 B/s, rate=0 B/s, pending=0 bytes
[migrater] timestamp=1779269591.34, migrating=False, epoch=0, total_epochs=0, configured=0 B/s, rate=0 B/s, pending=0 bytes
[migrater] timestamp=1779269591.44, migrating=False, epoch=0, total_epochs=0, configured=0 B/s, rate=0 B/s, pending=0 bytes
[migrater] timestamp=1779269591.54, migrating=False, epoch=0, total_epochs=0, configured=0 B/s, rate=0 B/s, pending=0 bytes
[migrater] timestamp=1779269591.64, migrating=False, epoch=0, total_epochs=0, configured=0 B/s, rate=0 B/s, pending=0 bytes
[migrater] timestamp=1779269591.74, migrating=False, epoch=0, total_epochs=0, configured=0 B/s, rate=0 B/s, pending=0 bytes
[migrater] timestamp=1779269591.84, migrating=False, epoch=0, total_epochs=0, configured=0 B/s, rate=0 B/s, pending=0 bytes
[migrater] timestamp=1779269591.94, migrating=False, epoch=0, total_epochs=0, configured=0 B/s, rate=0 B/s, pending=0 bytes
[migrater] timestamp=1779269592.04, migrating=False, epoch=0, total_epochs=0, configured=0 B/s, rate=0 B/s, pending=0 bytes
[migrater] timestamp=1779269592.14, migrating=False, epoch=0, total_epochs=0, configured=0 B/s, rate=0 B/s, pending=0 bytes
[migrater] timestamp=1779269592.24, migrating=False, epoch=0, total_epochs=0, configured=0 B/s, rate=0 B/s, pending=0 bytes
[migrater] timestamp=1779269592.34, migrating=False, epoch=0, total_epochs=0, configured=0 B/s, rate=0 B/s, pending=0 bytes
[migrater] timestamp=1779269592.44, migrating=False, epoch=0, total_epochs=0, configured=0 B/s, rate=0 B/s, pending=0 bytes
[migrater] timestamp=1779269592.54, migrating=False, epoch=0, total_epochs=0, configured=0 B/s, rate=0 B/s, pending=0 bytes
[migrater] timestamp=1779269592.65, migrating=False, epoch=0, total_epochs=0, configured=0 B/s, rate=0 B/s, pending=0 bytes
[migrater] timestamp=1779269592.75, migrating=False, epoch=0, total_epochs=0, configured=0 B/s, rate=0 B/s, pending=0 bytes
[migrater] timestamp=1779269592.85, migrating=False, epoch=0, total_epochs=0, configured=0 B/s, rate=0 B/s, pending=0 bytes
[migrater] timestamp=1779269592.95, migrating=False, epoch=0, total_epochs=0, configured=0 B/s, rate=0 B/s, pending=0 bytes
[migrater] timestamp=1779269593.05, migrating=False, epoch=0, total_epochs=0, configured=0 B/s, rate=0 B/s, pending=0 bytes
[migrater] timestamp=1779269593.15, migrating=False, epoch=0, total_epochs=0, configured=0 B/s, rate=0 B/s, pending=0 bytes
[migrater] timestamp=1779269593.25, migrating=False, epoch=1, total_epochs=3, configured=0 B/s, rate=0 B/s, pending=5368709120 bytes
[migrater] timestamp=1779269593.35, migrating=True, epoch=1, total_epochs=3, configured=0 B/s, rate=0 B/s, pending=5368709120 bytes
[migrater] timestamp=1779269593.35, migrating=True, epoch=1, total_epochs=3, configured=2000000000 B/s, rate=1922064865 B/s, pending=5175771136 bytes ([3.59%] 192937984/5368709120 bytes copied)
[migrater] timestamp=1779269593.45, migrating=True, epoch=1, total_epochs=3, configured=2000000000 B/s, rate=1999932569 B/s, pending=4974444544 bytes ([7.34%] 394264576/5368709120 bytes copied)
[migrater] timestamp=1779269593.56, migrating=True, epoch=1, total_epochs=3, configured=2000000000 B/s, rate=2000083371 B/s, pending=4773117952 bytes ([11.09%] 595591168/5368709120 bytes copied)
[migrater] timestamp=1779269593.66, migrating=True, epoch=1, total_epochs=3, configured=2000000000 B/s, rate=2000046037 B/s, pending=4571791360 bytes ([14.84%] 796917760/5368709120 bytes copied)
[migrater] timestamp=1779269593.76, migrating=True, epoch=1, total_epochs=3, configured=2000000000 B/s, rate=1999933563 B/s, pending=4370464768 bytes ([18.59%] 998244352/5368709120 bytes copied)
[migrater] timestamp=1779269593.86, migrating=True, epoch=1, total_epochs=3, configured=2000000000 B/s, rate=1999295840 B/s, pending=4169138176 bytes ([22.34%] 1199570944/5368709120 bytes copied)
[migrater] timestamp=1779269593.96, migrating=True, epoch=1, total_epochs=3, configured=2000000000 B/s, rate=2000494561 B/s, pending=3967811584 bytes ([26.09%] 1400897536/5368709120 bytes copied)
[migrater] timestamp=1779269594.06, migrating=True, epoch=1, total_epochs=3, configured=2000000000 B/s, rate=1999964555 B/s, pending=3766484992 bytes ([29.84%] 1602224128/5368709120 bytes copied)
[migrater] timestamp=1779269594.16, migrating=True, epoch=1, total_epochs=3, configured=2000000000 B/s, rate=2000381861 B/s, pending=3565158400 bytes ([33.59%] 1803550720/5368709120 bytes copied)
[migrater] timestamp=1779269594.26, migrating=True, epoch=1, total_epochs=3, configured=2000000000 B/s, rate=1999771462 B/s, pending=3363831808 bytes ([37.34%] 2004877312/5368709120 bytes copied)
[migrater] timestamp=1779269594.36, migrating=True, epoch=1, total_epochs=3, configured=2000000000 B/s, rate=1999992768 B/s, pending=3162505216 bytes ([41.09%] 2206203904/5368709120 bytes copied)
[migrater] timestamp=1779269594.47, migrating=True, epoch=1, total_epochs=3, configured=2000000000 B/s, rate=1744935863 B/s, pending=2977955840 bytes ([44.53%] 2390753280/5368709120 bytes copied)
[migrater] timestamp=1779269594.57, migrating=True, epoch=1, total_epochs=3, configured=2000000000 B/s, rate=1321984183 B/s, pending=2843738112 bytes ([47.03%] 2524971008/5368709120 bytes copied)
[migrater] timestamp=1779269594.67, migrating=True, epoch=1, total_epochs=3, configured=2000000000 B/s, rate=2171357539 B/s, pending=2625634304 bytes ([51.09%] 2743074816/5368709120 bytes copied)
[migrater] timestamp=1779269594.77, migrating=True, epoch=1, total_epochs=3, configured=2000000000 B/s, rate=2170802117 B/s, pending=2407530496 bytes ([55.16%] 2961178624/5368709120 bytes copied)
[migrater] timestamp=1779269594.87, migrating=True, epoch=1, total_epochs=3, configured=2000000000 B/s, rate=2147547633 B/s, pending=2189426688 bytes ([59.22%] 3179282432/5368709120 bytes copied)
[migrater] timestamp=1779269594.97, migrating=True, epoch=1, total_epochs=3, configured=2000000000 B/s, rate=2151487337 B/s, pending=1971322880 bytes ([63.28%] 3397386240/5368709120 bytes copied)
[migrater] timestamp=1779269595.07, migrating=True, epoch=1, total_epochs=3, configured=2000000000 B/s, rate=2169027762 B/s, pending=1753219072 bytes ([67.34%] 3615490048/5368709120 bytes copied)
[migrater] timestamp=1779269595.17, migrating=True, epoch=1, total_epochs=3, configured=2000000000 B/s, rate=2137790869 B/s, pending=1535115264 bytes ([71.41%] 3833593856/5368709120 bytes copied)
[migrater] timestamp=1779269595.27, migrating=True, epoch=1, total_epochs=3, configured=2000000000 B/s, rate=1999983232 B/s, pending=1333788672 bytes ([75.16%] 4034920448/5368709120 bytes copied)
[migrater] timestamp=1779269595.38, migrating=True, epoch=1, total_epochs=3, configured=2000000000 B/s, rate=1999746236 B/s, pending=1132462080 bytes ([78.91%] 4236247040/5368709120 bytes copied)
[migrater] timestamp=1779269595.48, migrating=True, epoch=1, total_epochs=3, configured=2000000000 B/s, rate=2000481244 B/s, pending=931135488 bytes ([82.66%] 4437573632/5368709120 bytes copied)
[migrater] timestamp=1779269595.58, migrating=True, epoch=1, total_epochs=3, configured=2000000000 B/s, rate=2000266388 B/s, pending=729808896 bytes ([86.41%] 4638900224/5368709120 bytes copied)
[migrater] timestamp=1779269595.68, migrating=True, epoch=1, total_epochs=3, configured=2000000000 B/s, rate=1999493410 B/s, pending=528482304 bytes ([90.16%] 4840226816/5368709120 bytes copied)
[migrater] timestamp=1779269595.78, migrating=True, epoch=1, total_epochs=3, configured=2000000000 B/s, rate=1998763889 B/s, pending=327155712 bytes ([93.91%] 5041553408/5368709120 bytes copied)
[migrater] timestamp=1779269595.88, migrating=True, epoch=1, total_epochs=3, configured=2000000000 B/s, rate=1998808935 B/s, pending=125829120 bytes ([97.66%] 5242880000/5368709120 bytes copied)
[migrater] timestamp=1779269596.00, migrating=False, epoch=1, total_epochs=3, configured=2000000000 B/s, rate=0 B/s, pending=0 bytes ([100.00%] 5368709120/5368709120 bytes copied)
[migrater] timestamp=1779269596.17, migrating=False, epoch=1, total_epochs=3, configured=0 B/s, rate=0 B/s, pending=0 bytes
[migrater] timestamp=1779269596.27, migrating=False, epoch=1, total_epochs=3, configured=0 B/s, rate=0 B/s, pending=0 bytes
[migrater] timestamp=1779269596.37, migrating=False, epoch=1, total_epochs=3, configured=0 B/s, rate=0 B/s, pending=0 bytes
[migrater] timestamp=1779269596.47, migrating=False, epoch=1, total_epochs=3, configured=0 B/s, rate=0 B/s, pending=0 bytes
[migrater] timestamp=1779269596.57, migrating=False, epoch=1, total_epochs=3, configured=0 B/s, rate=0 B/s, pending=0 bytes
[migrater] timestamp=1779269596.67, migrating=False, epoch=1, total_epochs=3, configured=0 B/s, rate=0 B/s, pending=0 bytes
[migrater] timestamp=1779269596.77, migrating=False, epoch=1, total_epochs=3, configured=0 B/s, rate=0 B/s, pending=0 bytes
[migrater] timestamp=1779269596.87, migrating=False, epoch=1, total_epochs=3, configured=0 B/s, rate=0 B/s, pending=0 bytes
[migrater] timestamp=1779269596.97, migrating=False, epoch=1, total_epochs=3, configured=0 B/s, rate=0 B/s, pending=0 bytes
[migrater] timestamp=1779269597.07, migrating=False, epoch=1, total_epochs=3, configured=0 B/s, rate=0 B/s, pending=0 bytes
[migrater] timestamp=1779269597.17, migrating=False, epoch=1, total_epochs=3, configured=0 B/s, rate=0 B/s, pending=0 bytes
[migrater] timestamp=1779269597.27, migrating=False, epoch=1, total_epochs=3, configured=0 B/s, rate=0 B/s, pending=0 bytes
[migrater] timestamp=1779269597.37, migrating=False, epoch=1, total_epochs=3, configured=0 B/s, rate=0 B/s, pending=0 bytes
[migrater] timestamp=1779269597.47, migrating=False, epoch=1, total_epochs=3, configured=0 B/s, rate=0 B/s, pending=0 bytes
[migrater] timestamp=1779269597.58, migrating=False, epoch=1, total_epochs=3, configured=0 B/s, rate=0 B/s, pending=0 bytes
[migrater] timestamp=1779269597.68, migrating=False, epoch=1, total_epochs=3, configured=0 B/s, rate=0 B/s, pending=0 bytes
[migrater] timestamp=1779269597.78, migrating=False, epoch=1, total_epochs=3, configured=0 B/s, rate=0 B/s, pending=0 bytes
[migrater] timestamp=1779269597.88, migrating=False, epoch=1, total_epochs=3, configured=0 B/s, rate=0 B/s, pending=0 bytes
[migrater] timestamp=1779269597.98, migrating=False, epoch=1, total_epochs=3, configured=0 B/s, rate=0 B/s, pending=0 bytes
[migrater] timestamp=1779269598.08, migrating=False, epoch=1, total_epochs=3, configured=0 B/s, rate=0 B/s, pending=0 bytes
[migrater] timestamp=1779269598.18, migrating=False, epoch=1, total_epochs=3, configured=0 B/s, rate=0 B/s, pending=0 bytes
[migrater] timestamp=1779269598.28, migrating=False, epoch=1, total_epochs=3, configured=0 B/s, rate=0 B/s, pending=0 bytes
[migrater] timestamp=1779269598.38, migrating=False, epoch=1, total_epochs=3, configured=0 B/s, rate=0 B/s, pending=0 bytes
[migrater] timestamp=1779269598.48, migrating=False, epoch=1, total_epochs=3, configured=0 B/s, rate=0 B/s, pending=0 bytes
[migrater] timestamp=1779269598.58, migrating=False, epoch=1, total_epochs=3, configured=0 B/s, rate=0 B/s, pending=0 bytes
[migrater] timestamp=1779269598.68, migrating=False, epoch=1, total_epochs=3, configured=0 B/s, rate=0 B/s, pending=0 bytes
[migrater] timestamp=1779269598.78, migrating=False, epoch=1, total_epochs=3, configured=0 B/s, rate=0 B/s, pending=0 bytes
[migrater] timestamp=1779269598.88, migrating=False, epoch=1, total_epochs=3, configured=0 B/s, rate=0 B/s, pending=0 bytes
[migrater] timestamp=1779269598.98, migrating=False, epoch=1, total_epochs=3, configured=0 B/s, rate=0 B/s, pending=0 bytes
[migrater] timestamp=1779269599.08, migrating=False, epoch=1, total_epochs=3, configured=0 B/s, rate=0 B/s, pending=0 bytes
[migrater] timestamp=1779269599.18, migrating=False, epoch=1, total_epochs=3, configured=0 B/s, rate=0 B/s, pending=0 bytes
[migrater] timestamp=1779269599.28, migrating=False, epoch=1, total_epochs=3, configured=0 B/s, rate=0 B/s, pending=0 bytes
[migrater] timestamp=1779269599.38, migrating=False, epoch=1, total_epochs=3, configured=0 B/s, rate=0 B/s, pending=0 bytes
[migrater] timestamp=1779269599.48, migrating=False, epoch=1, total_epochs=3, configured=0 B/s, rate=0 B/s, pending=0 bytes
[migrater] timestamp=1779269599.58, migrating=False, epoch=1, total_epochs=3, configured=0 B/s, rate=0 B/s, pending=0 bytes
[migrater] timestamp=1779269599.68, migrating=False, epoch=1, total_epochs=3, configured=0 B/s, rate=0 B/s, pending=0 bytes
[migrater] timestamp=1779269599.78, migrating=False, epoch=1, total_epochs=3, configured=0 B/s, rate=0 B/s, pending=0 bytes
[migrater] timestamp=1779269599.88, migrating=False, epoch=1, total_epochs=3, configured=0 B/s, rate=0 B/s, pending=0 bytes
[migrater] timestamp=1779269599.98, migrating=False, epoch=1, total_epochs=3, configured=0 B/s, rate=0 B/s, pending=0 bytes
[migrater] timestamp=1779269600.08, migrating=False, epoch=1, total_epochs=3, configured=0 B/s, rate=0 B/s, pending=0 bytes
[migrater] timestamp=1779269600.19, migrating=False, epoch=1, total_epochs=3, configured=0 B/s, rate=0 B/s, pending=0 bytes
[migrater] timestamp=1779269600.29, migrating=False, epoch=1, total_epochs=3, configured=0 B/s, rate=0 B/s, pending=0 bytes
[migrater] timestamp=1779269600.39, migrating=False, epoch=1, total_epochs=3, configured=0 B/s, rate=0 B/s, pending=0 bytes
[migrater] timestamp=1779269600.49, migrating=False, epoch=1, total_epochs=3, configured=0 B/s, rate=0 B/s, pending=0 bytes
[migrater] timestamp=1779269600.59, migrating=False, epoch=1, total_epochs=3, configured=0 B/s, rate=0 B/s, pending=0 bytes
[migrater] timestamp=1779269600.69, migrating=False, epoch=1, total_epochs=3, configured=0 B/s, rate=0 B/s, pending=0 bytes
[migrater] timestamp=1779269600.79, migrating=False, epoch=1, total_epochs=3, configured=0 B/s, rate=0 B/s, pending=0 bytes
[migrater] timestamp=1779269600.89, migrating=False, epoch=1, total_epochs=3, configured=0 B/s, rate=0 B/s, pending=0 bytes
[migrater] timestamp=1779269600.99, migrating=False, epoch=1, total_epochs=3, configured=0 B/s, rate=0 B/s, pending=0 bytes
[migrater] timestamp=1779269601.09, migrating=False, epoch=1, total_epochs=3, configured=0 B/s, rate=0 B/s, pending=0 bytes
[migrater] timestamp=1779269601.19, migrating=False, epoch=1, total_epochs=3, configured=0 B/s, rate=0 B/s, pending=0 bytes
[migrater] timestamp=1779269601.29, migrating=False, epoch=1, total_epochs=3, configured=0 B/s, rate=0 B/s, pending=0 bytes
[migrater] timestamp=1779269601.39, migrating=False, epoch=1, total_epochs=3, configured=0 B/s, rate=0 B/s, pending=0 bytes
[migrater] timestamp=1779269601.49, migrating=False, epoch=1, total_epochs=3, configured=0 B/s, rate=0 B/s, pending=0 bytes
[migrater] timestamp=1779269601.59, migrating=False, epoch=1, total_epochs=3, configured=0 B/s, rate=0 B/s, pending=0 bytes
[migrater] timestamp=1779269601.69, migrating=False, epoch=1, total_epochs=3, configured=0 B/s, rate=0 B/s, pending=0 bytes
[migrater] timestamp=1779269601.79, migrating=False, epoch=1, total_epochs=3, configured=0 B/s, rate=0 B/s, pending=0 bytes
[migrater] timestamp=1779269601.89, migrating=False, epoch=1, total_epochs=3, configured=0 B/s, rate=0 B/s, pending=0 bytes
[migrater] timestamp=1779269601.99, migrating=False, epoch=1, total_epochs=3, configured=0 B/s, rate=0 B/s, pending=0 bytes
[migrater] timestamp=1779269602.09, migrating=False, epoch=1, total_epochs=3, configured=0 B/s, rate=0 B/s, pending=0 bytes
[migrater] timestamp=1779269602.19, migrating=False, epoch=1, total_epochs=3, configured=0 B/s, rate=0 B/s, pending=0 bytes
[migrater] timestamp=1779269602.29, migrating=False, epoch=1, total_epochs=3, configured=0 B/s, rate=0 B/s, pending=0 bytes
[migrater] timestamp=1779269602.39, migrating=False, epoch=1, total_epochs=3, configured=0 B/s, rate=0 B/s, pending=0 bytes
[migrater] timestamp=1779269602.49, migrating=False, epoch=1, total_epochs=3, configured=0 B/s, rate=0 B/s, pending=0 bytes
[migrater] timestamp=1779269602.59, migrating=False, epoch=1, total_epochs=3, configured=0 B/s, rate=0 B/s, pending=0 bytes
[migrater] timestamp=1779269602.70, migrating=False, epoch=1, total_epochs=3, configured=0 B/s, rate=0 B/s, pending=0 bytes
[migrater] timestamp=1779269602.80, migrating=False, epoch=1, total_epochs=3, configured=0 B/s, rate=0 B/s, pending=0 bytes
[migrater] timestamp=1779269602.90, migrating=False, epoch=1, total_epochs=3, configured=0 B/s, rate=0 B/s, pending=0 bytes
[migrater] timestamp=1779269603.00, migrating=False, epoch=1, total_epochs=3, configured=0 B/s, rate=0 B/s, pending=0 bytes
[migrater] timestamp=1779269603.10, migrating=False, epoch=1, total_epochs=3, configured=0 B/s, rate=0 B/s, pending=0 bytes
[migrater] timestamp=1779269603.20, migrating=False, epoch=1, total_epochs=3, configured=0 B/s, rate=0 B/s, pending=0 bytes
[migrater] timestamp=1779269603.30, migrating=False, epoch=1, total_epochs=3, configured=0 B/s, rate=0 B/s, pending=0 bytes
[migrater] timestamp=1779269603.40, migrating=False, epoch=1, total_epochs=3, configured=0 B/s, rate=0 B/s, pending=0 bytes
[migrater] timestamp=1779269603.50, migrating=False, epoch=1, total_epochs=3, configured=0 B/s, rate=0 B/s, pending=0 bytes
[migrater] timestamp=1779269603.60, migrating=False, epoch=1, total_epochs=3, configured=0 B/s, rate=0 B/s, pending=0 bytes
[migrater] timestamp=1779269603.70, migrating=False, epoch=1, total_epochs=3, configured=0 B/s, rate=0 B/s, pending=0 bytes
[migrater] timestamp=1779269603.80, migrating=False, epoch=1, total_epochs=3, configured=0 B/s, rate=0 B/s, pending=0 bytes
[migrater] timestamp=1779269603.90, migrating=False, epoch=1, total_epochs=3, configured=0 B/s, rate=0 B/s, pending=0 bytes
[migrater] timestamp=1779269604.00, migrating=False, epoch=1, total_epochs=3, configured=0 B/s, rate=0 B/s, pending=0 bytes
[migrater] timestamp=1779269604.10, migrating=False, epoch=1, total_epochs=3, configured=0 B/s, rate=0 B/s, pending=0 bytes
[migrater] timestamp=1779269604.20, migrating=False, epoch=1, total_epochs=3, configured=0 B/s, rate=0 B/s, pending=0 bytes
[migrater] timestamp=1779269604.30, migrating=False, epoch=1, total_epochs=3, configured=0 B/s, rate=0 B/s, pending=0 bytes
[migrater] timestamp=1779269604.40, migrating=False, epoch=1, total_epochs=3, configured=0 B/s, rate=0 B/s, pending=0 bytes
[migrater] timestamp=1779269604.50, migrating=False, epoch=1, total_epochs=3, configured=0 B/s, rate=0 B/s, pending=0 bytes
[migrater] timestamp=1779269604.60, migrating=False, epoch=1, total_epochs=3, configured=0 B/s, rate=0 B/s, pending=0 bytes
[migrater] timestamp=1779269604.70, migrating=False, epoch=1, total_epochs=3, configured=0 B/s, rate=0 B/s, pending=0 bytes
[migrater] timestamp=1779269604.80, migrating=False, epoch=1, total_epochs=3, configured=0 B/s, rate=0 B/s, pending=0 bytes
[migrater] timestamp=1779269604.90, migrating=False, epoch=1, total_epochs=3, configured=0 B/s, rate=0 B/s, pending=0 bytes
[migrater] timestamp=1779269605.00, migrating=False, epoch=1, total_epochs=3, configured=0 B/s, rate=0 B/s, pending=0 bytes
[migrater] timestamp=1779269605.10, migrating=False, epoch=1, total_epochs=3, configured=0 B/s, rate=0 B/s, pending=0 bytes
[migrater] timestamp=1779269605.20, migrating=False, epoch=1, total_epochs=3, configured=0 B/s, rate=0 B/s, pending=0 bytes
[migrater] timestamp=1779269605.31, migrating=False, epoch=1, total_epochs=3, configured=0 B/s, rate=0 B/s, pending=0 bytes
[migrater] timestamp=1779269605.41, migrating=False, epoch=1, total_epochs=3, configured=0 B/s, rate=0 B/s, pending=0 bytes
[migrater] timestamp=1779269605.51, migrating=False, epoch=1, total_epochs=3, configured=0 B/s, rate=0 B/s, pending=0 bytes
[migrater] timestamp=1779269605.61, migrating=False, epoch=1, total_epochs=3, configured=0 B/s, rate=0 B/s, pending=0 bytes
[migrater] timestamp=1779269605.71, migrating=False, epoch=1, total_epochs=3, configured=0 B/s, rate=0 B/s, pending=0 bytes
[migrater] timestamp=1779269605.81, migrating=False, epoch=1, total_epochs=3, configured=0 B/s, rate=0 B/s, pending=0 bytes
[migrater] timestamp=1779269605.91, migrating=False, epoch=1, total_epochs=3, configured=0 B/s, rate=0 B/s, pending=0 bytes
[migrater] timestamp=1779269606.01, migrating=False, epoch=1, total_epochs=3, configured=0 B/s, rate=0 B/s, pending=0 bytes
[migrater] timestamp=1779269606.11, migrating=False, epoch=1, total_epochs=3, configured=0 B/s, rate=0 B/s, pending=0 bytes
[migrater] timestamp=1779269606.21, migrating=False, epoch=1, total_epochs=3, configured=0 B/s, rate=0 B/s, pending=0 bytes
[migrater] timestamp=1779269606.31, migrating=False, epoch=1, total_epochs=3, configured=0 B/s, rate=0 B/s, pending=0 bytes
[migrater] timestamp=1779269606.41, migrating=False, epoch=1, total_epochs=3, configured=0 B/s, rate=0 B/s, pending=0 bytes
[migrater] timestamp=1779269606.51, migrating=False, epoch=1, total_epochs=3, configured=0 B/s, rate=0 B/s, pending=0 bytes
[migrater] timestamp=1779269606.61, migrating=False, epoch=1, total_epochs=3, configured=0 B/s, rate=0 B/s, pending=0 bytes
[migrater] timestamp=1779269606.71, migrating=False, epoch=1, total_epochs=3, configured=0 B/s, rate=0 B/s, pending=0 bytes
[migrater] timestamp=1779269606.81, migrating=False, epoch=1, total_epochs=3, configured=0 B/s, rate=0 B/s, pending=0 bytes
[migrater] timestamp=1779269606.91, migrating=False, epoch=1, total_epochs=3, configured=0 B/s, rate=0 B/s, pending=0 bytes
[migrater] timestamp=1779269607.01, migrating=False, epoch=1, total_epochs=3, configured=0 B/s, rate=0 B/s, pending=0 bytes
[migrater] timestamp=1779269607.11, migrating=False, epoch=1, total_epochs=3, configured=0 B/s, rate=0 B/s, pending=0 bytes
[migrater] timestamp=1779269607.21, migrating=False, epoch=1, total_epochs=3, configured=0 B/s, rate=0 B/s, pending=0 bytes
[migrater] timestamp=1779269607.31, migrating=False, epoch=1, total_epochs=3, configured=0 B/s, rate=0 B/s, pending=0 bytes
[migrater] timestamp=1779269607.41, migrating=False, epoch=1, total_epochs=3, configured=0 B/s, rate=0 B/s, pending=0 bytes
[migrater] timestamp=1779269607.51, migrating=False, epoch=1, total_epochs=3, configured=0 B/s, rate=0 B/s, pending=0 bytes
[migrater] timestamp=1779269607.61, migrating=False, epoch=1, total_epochs=3, configured=0 B/s, rate=0 B/s, pending=0 bytes
[migrater] timestamp=1779269607.71, migrating=False, epoch=1, total_epochs=3, configured=0 B/s, rate=0 B/s, pending=0 bytes
[migrater] timestamp=1779269607.81, migrating=False, epoch=1, total_epochs=3, configured=0 B/s, rate=0 B/s, pending=0 bytes
[migrater] timestamp=1779269607.92, migrating=False, epoch=1, total_epochs=3, configured=0 B/s, rate=0 B/s, pending=0 bytes
[migrater] timestamp=1779269608.02, migrating=False, epoch=1, total_epochs=3, configured=0 B/s, rate=0 B/s, pending=0 bytes
[migrater] timestamp=1779269608.12, migrating=False, epoch=1, total_epochs=3, configured=0 B/s, rate=0 B/s, pending=0 bytes
[migrater] timestamp=1779269608.22, migrating=False, epoch=1, total_epochs=3, configured=0 B/s, rate=0 B/s, pending=0 bytes
[migrater] timestamp=1779269608.32, migrating=False, epoch=1, total_epochs=3, configured=0 B/s, rate=0 B/s, pending=0 bytes
[migrater] timestamp=1779269608.42, migrating=False, epoch=1, total_epochs=3, configured=0 B/s, rate=0 B/s, pending=0 bytes
[migrater] timestamp=1779269608.52, migrating=False, epoch=1, total_epochs=3, configured=0 B/s, rate=0 B/s, pending=0 bytes
[migrater] timestamp=1779269608.62, migrating=False, epoch=1, total_epochs=3, configured=0 B/s, rate=0 B/s, pending=0 bytes
[migrater] timestamp=1779269608.72, migrating=False, epoch=1, total_epochs=3, configured=0 B/s, rate=0 B/s, pending=0 bytes
[migrater] timestamp=1779269608.82, migrating=False, epoch=1, total_epochs=3, configured=0 B/s, rate=0 B/s, pending=0 bytes
[migrater] timestamp=1779269608.92, migrating=False, epoch=1, total_epochs=3, configured=0 B/s, rate=0 B/s, pending=0 bytes
[migrater] timestamp=1779269609.02, migrating=False, epoch=1, total_epochs=3, configured=0 B/s, rate=0 B/s, pending=0 bytes
[migrater] timestamp=1779269609.12, migrating=False, epoch=1, total_epochs=3, configured=0 B/s, rate=0 B/s, pending=0 bytes
[migrater] timestamp=1779269609.22, migrating=False, epoch=1, total_epochs=3, configured=0 B/s, rate=0 B/s, pending=0 bytes
[migrater] timestamp=1779269609.32, migrating=False, epoch=1, total_epochs=3, configured=0 B/s, rate=0 B/s, pending=0 bytes
[migrater] timestamp=1779269609.42, migrating=False, epoch=1, total_epochs=3, configured=0 B/s, rate=0 B/s, pending=0 bytes
[migrater] timestamp=1779269609.52, migrating=False, epoch=1, total_epochs=3, configured=0 B/s, rate=0 B/s, pending=0 bytes
[migrater] timestamp=1779269609.62, migrating=False, epoch=1, total_epochs=3, configured=0 B/s, rate=0 B/s, pending=0 bytes
[migrater] timestamp=1779269609.72, migrating=False, epoch=1, total_epochs=3, configured=0 B/s, rate=0 B/s, pending=0 bytes
[migrater] timestamp=1779269609.82, migrating=False, epoch=1, total_epochs=3, configured=0 B/s, rate=0 B/s, pending=0 bytes
[migrater] timestamp=1779269609.92, migrating=False, epoch=1, total_epochs=3, configured=0 B/s, rate=0 B/s, pending=0 bytes
[migrater] timestamp=1779269610.02, migrating=False, epoch=1, total_epochs=3, configured=0 B/s, rate=0 B/s, pending=0 bytes
[migrater] timestamp=1779269610.12, migrating=False, epoch=1, total_epochs=3, configured=0 B/s, rate=0 B/s, pending=0 bytes
[migrater] timestamp=1779269610.22, migrating=False, epoch=1, total_epochs=3, configured=0 B/s, rate=0 B/s, pending=0 bytes
[migrater] timestamp=1779269610.32, migrating=False, epoch=1, total_epochs=3, configured=0 B/s, rate=0 B/s, pending=0 bytes
[migrater] timestamp=1779269610.43, migrating=False, epoch=1, total_epochs=3, configured=0 B/s, rate=0 B/s, pending=0 bytes
[migrater] timestamp=1779269610.53, migrating=False, epoch=1, total_epochs=3, configured=0 B/s, rate=0 B/s, pending=0 bytes
[migrater] timestamp=1779269610.63, migrating=False, epoch=1, total_epochs=3, configured=0 B/s, rate=0 B/s, pending=0 bytes
[migrater] timestamp=1779269610.73, migrating=False, epoch=1, total_epochs=3, configured=0 B/s, rate=0 B/s, pending=0 bytes
[migrater] timestamp=1779269610.83, migrating=False, epoch=1, total_epochs=3, configured=0 B/s, rate=0 B/s, pending=0 bytes
[migrater] timestamp=1779269610.93, migrating=False, epoch=1, total_epochs=3, configured=0 B/s, rate=0 B/s, pending=0 bytes
[migrater] timestamp=1779269611.03, migrating=False, epoch=1, total_epochs=3, configured=0 B/s, rate=0 B/s, pending=0 bytes
[migrater] timestamp=1779269611.13, migrating=False, epoch=1, total_epochs=3, configured=0 B/s, rate=0 B/s, pending=0 bytes
[migrater] timestamp=1779269611.23, migrating=False, epoch=1, total_epochs=3, configured=0 B/s, rate=0 B/s, pending=0 bytes
[migrater] timestamp=1779269611.33, migrating=False, epoch=1, total_epochs=3, configured=0 B/s, rate=0 B/s, pending=0 bytes
[migrater] timestamp=1779269611.43, migrating=False, epoch=1, total_epochs=3, configured=0 B/s, rate=0 B/s, pending=0 bytes
[migrater] timestamp=1779269611.53, migrating=False, epoch=1, total_epochs=3, configured=0 B/s, rate=0 B/s, pending=0 bytes
[migrater] timestamp=1779269611.63, migrating=False, epoch=1, total_epochs=3, configured=0 B/s, rate=0 B/s, pending=0 bytes
[migrater] timestamp=1779269611.73, migrating=False, epoch=1, total_epochs=3, configured=0 B/s, rate=0 B/s, pending=0 bytes
[migrater] timestamp=1779269611.83, migrating=False, epoch=1, total_epochs=3, configured=0 B/s, rate=0 B/s, pending=0 bytes
[migrater] timestamp=1779269611.93, migrating=False, epoch=1, total_epochs=3, configured=0 B/s, rate=0 B/s, pending=0 bytes
[migrater] timestamp=1779269612.03, migrating=False, epoch=1, total_epochs=3, configured=0 B/s, rate=0 B/s, pending=0 bytes
[migrater] timestamp=1779269612.13, migrating=False, epoch=1, total_epochs=3, configured=0 B/s, rate=0 B/s, pending=0 bytes
[migrater] timestamp=1779269612.23, migrating=False, epoch=1, total_epochs=3, configured=0 B/s, rate=0 B/s, pending=0 bytes
[migrater] timestamp=1779269612.33, migrating=False, epoch=1, total_epochs=3, configured=0 B/s, rate=0 B/s, pending=0 bytes
[migrater] timestamp=1779269612.43, migrating=False, epoch=1, total_epochs=3, configured=0 B/s, rate=0 B/s, pending=0 bytes
[migrater] timestamp=1779269612.53, migrating=False, epoch=1, total_epochs=3, configured=0 B/s, rate=0 B/s, pending=0 bytes
[migrater] timestamp=1779269612.63, migrating=False, epoch=1, total_epochs=3, configured=0 B/s, rate=0 B/s, pending=0 bytes
[migrater] timestamp=1779269612.73, migrating=False, epoch=1, total_epochs=3, configured=0 B/s, rate=0 B/s, pending=0 bytes
[migrater] timestamp=1779269612.83, migrating=False, epoch=1, total_epochs=3, configured=0 B/s, rate=0 B/s, pending=0 bytes
[migrater] timestamp=1779269612.94, migrating=False, epoch=1, total_epochs=3, configured=0 B/s, rate=0 B/s, pending=0 bytes
[migrater] timestamp=1779269613.04, migrating=False, epoch=1, total_epochs=3, configured=0 B/s, rate=0 B/s, pending=0 bytes
[migrater] timestamp=1779269613.14, migrating=False, epoch=1, total_epochs=3, configured=0 B/s, rate=0 B/s, pending=0 bytes
[migrater] timestamp=1779269613.24, migrating=False, epoch=1, total_epochs=3, configured=0 B/s, rate=0 B/s, pending=0 bytes
[migrater] timestamp=1779269613.34, migrating=False, epoch=1, total_epochs=3, configured=0 B/s, rate=0 B/s, pending=0 bytes
[migrater] timestamp=1779269613.44, migrating=False, epoch=1, total_epochs=3, configured=0 B/s, rate=0 B/s, pending=0 bytes
[migrater] timestamp=1779269613.54, migrating=False, epoch=1, total_epochs=3, configured=0 B/s, rate=0 B/s, pending=0 bytes
[migrater] timestamp=1779269613.64, migrating=False, epoch=1, total_epochs=3, configured=0 B/s, rate=0 B/s, pending=0 bytes
[migrater] timestamp=1779269613.74, migrating=False, epoch=1, total_epochs=3, configured=0 B/s, rate=0 B/s, pending=0 bytes
[migrater] timestamp=1779269613.84, migrating=False, epoch=1, total_epochs=3, configured=0 B/s, rate=0 B/s, pending=0 bytes
[migrater] timestamp=1779269613.94, migrating=False, epoch=1, total_epochs=3, configured=0 B/s, rate=0 B/s, pending=0 bytes
[migrater] timestamp=1779269614.04, migrating=False, epoch=1, total_epochs=3, configured=0 B/s, rate=0 B/s, pending=0 bytes
[migrater] timestamp=1779269614.14, migrating=False, epoch=1, total_epochs=3, configured=0 B/s, rate=0 B/s, pending=0 bytes
[migrater] timestamp=1779269614.24, migrating=False, epoch=1, total_epochs=3, configured=0 B/s, rate=0 B/s, pending=0 bytes
[migrater] timestamp=1779269614.34, migrating=False, epoch=1, total_epochs=3, configured=0 B/s, rate=0 B/s, pending=0 bytes
[migrater] timestamp=1779269614.44, migrating=False, epoch=1, total_epochs=3, configured=0 B/s, rate=0 B/s, pending=0 bytes
[migrater] timestamp=1779269614.54, migrating=False, epoch=1, total_epochs=3, configured=0 B/s, rate=0 B/s, pending=0 bytes
[migrater] timestamp=1779269614.64, migrating=False, epoch=1, total_epochs=3, configured=0 B/s, rate=0 B/s, pending=0 bytes
[migrater] timestamp=1779269614.74, migrating=False, epoch=1, total_epochs=3, configured=0 B/s, rate=0 B/s, pending=0 bytes
[migrater] timestamp=1779269614.84, migrating=False, epoch=1, total_epochs=3, configured=0 B/s, rate=0 B/s, pending=0 bytes
[migrater] timestamp=1779269614.94, migrating=False, epoch=1, total_epochs=3, configured=0 B/s, rate=0 B/s, pending=0 bytes
[migrater] timestamp=1779269615.04, migrating=False, epoch=1, total_epochs=3, configured=0 B/s, rate=0 B/s, pending=0 bytes
[migrater] timestamp=1779269615.14, migrating=False, epoch=1, total_epochs=3, configured=0 B/s, rate=0 B/s, pending=0 bytes
[migrater] timestamp=1779269615.24, migrating=False, epoch=1, total_epochs=3, configured=0 B/s, rate=0 B/s, pending=0 bytes
[migrater] timestamp=1779269615.34, migrating=False, epoch=1, total_epochs=3, configured=0 B/s, rate=0 B/s, pending=0 bytes
[migrater] timestamp=1779269615.44, migrating=False, epoch=1, total_epochs=3, configured=0 B/s, rate=0 B/s, pending=0 bytes
[migrater] timestamp=1779269615.55, migrating=False, epoch=1, total_epochs=3, configured=0 B/s, rate=0 B/s, pending=0 bytes
[migrater] timestamp=1779269615.65, migrating=False, epoch=1, total_epochs=3, configured=0 B/s, rate=0 B/s, pending=0 bytes
[migrater] timestamp=1779269615.75, migrating=False, epoch=1, total_epochs=3, configured=0 B/s, rate=0 B/s, pending=0 bytes
[migrater] timestamp=1779269615.85, migrating=False, epoch=1, total_epochs=3, configured=0 B/s, rate=0 B/s, pending=0 bytes
[migrater] timestamp=1779269615.95, migrating=False, epoch=1, total_epochs=3, configured=0 B/s, rate=0 B/s, pending=0 bytes
[migrater] timestamp=1779269616.05, migrating=False, epoch=1, total_epochs=3, configured=0 B/s, rate=0 B/s, pending=0 bytes
[migrater] timestamp=1779269616.15, migrating=False, epoch=1, total_epochs=3, configured=0 B/s, rate=0 B/s, pending=0 bytes
[migrater] timestamp=1779269616.25, migrating=False, epoch=1, total_epochs=3, configured=0 B/s, rate=0 B/s, pending=0 bytes
[migrater] timestamp=1779269616.35, migrating=False, epoch=1, total_epochs=3, configured=0 B/s, rate=0 B/s, pending=0 bytes
[migrater] timestamp=1779269616.45, migrating=False, epoch=1, total_epochs=3, configured=0 B/s, rate=0 B/s, pending=0 bytes
[migrater] timestamp=1779269616.55, migrating=False, epoch=1, total_epochs=3, configured=0 B/s, rate=0 B/s, pending=0 bytes
[migrater] timestamp=1779269616.65, migrating=False, epoch=1, total_epochs=3, configured=0 B/s, rate=0 B/s, pending=0 bytes
[migrater] timestamp=1779269616.75, migrating=False, epoch=1, total_epochs=3, configured=0 B/s, rate=0 B/s, pending=0 bytes
[migrater] timestamp=1779269616.85, migrating=False, epoch=1, total_epochs=3, configured=0 B/s, rate=0 B/s, pending=0 bytes
[migrater] timestamp=1779269616.95, migrating=False, epoch=1, total_epochs=3, configured=0 B/s, rate=0 B/s, pending=0 bytes
[migrater] timestamp=1779269617.05, migrating=False, epoch=1, total_epochs=3, configured=0 B/s, rate=0 B/s, pending=0 bytes
[migrater] timestamp=1779269617.15, migrating=False, epoch=1, total_epochs=3, configured=0 B/s, rate=0 B/s, pending=0 bytes
[migrater] timestamp=1779269617.25, migrating=False, epoch=1, total_epochs=3, configured=0 B/s, rate=0 B/s, pending=0 bytes
[migrater] timestamp=1779269617.35, migrating=False, epoch=1, total_epochs=3, configured=0 B/s, rate=0 B/s, pending=0 bytes
[migrater] timestamp=1779269617.45, migrating=False, epoch=1, total_epochs=3, configured=0 B/s, rate=0 B/s, pending=0 bytes
[migrater] timestamp=1779269617.55, migrating=False, epoch=1, total_epochs=3, configured=0 B/s, rate=0 B/s, pending=0 bytes
[migrater] timestamp=1779269617.65, migrating=False, epoch=1, total_epochs=3, configured=0 B/s, rate=0 B/s, pending=0 bytes
[migrater] timestamp=1779269617.75, migrating=False, epoch=1, total_epochs=3, configured=0 B/s, rate=0 B/s, pending=0 bytes
[migrater] timestamp=1779269617.85, migrating=False, epoch=1, total_epochs=3, configured=0 B/s, rate=0 B/s, pending=0 bytes
[migrater] timestamp=1779269617.95, migrating=False, epoch=1, total_epochs=3, configured=0 B/s, rate=0 B/s, pending=0 bytes
[migrater] timestamp=1779269618.05, migrating=False, epoch=1, total_epochs=3, configured=0 B/s, rate=0 B/s, pending=0 bytes
[migrater] timestamp=1779269618.16, migrating=False, epoch=1, total_epochs=3, configured=0 B/s, rate=0 B/s, pending=0 bytes
[migrater] timestamp=1779269618.26, migrating=False, epoch=1, total_epochs=3, configured=0 B/s, rate=0 B/s, pending=0 bytes
[migrater] timestamp=1779269618.36, migrating=False, epoch=1, total_epochs=3, configured=0 B/s, rate=0 B/s, pending=0 bytes
[migrater] timestamp=1779269618.46, migrating=False, epoch=1, total_epochs=3, configured=0 B/s, rate=0 B/s, pending=0 bytes
[migrater] timestamp=1779269618.56, migrating=False, epoch=1, total_epochs=3, configured=0 B/s, rate=0 B/s, pending=0 bytes
[migrater] timestamp=1779269618.66, migrating=False, epoch=1, total_epochs=3, configured=0 B/s, rate=0 B/s, pending=0 bytes
[migrater] timestamp=1779269618.76, migrating=False, epoch=1, total_epochs=3, configured=0 B/s, rate=0 B/s, pending=0 bytes
[migrater] timestamp=1779269618.86, migrating=False, epoch=1, total_epochs=3, configured=0 B/s, rate=0 B/s, pending=0 bytes
[migrater] timestamp=1779269618.96, migrating=False, epoch=1, total_epochs=3, configured=0 B/s, rate=0 B/s, pending=0 bytes
[migrater] timestamp=1779269619.06, migrating=False, epoch=1, total_epochs=3, configured=0 B/s, rate=0 B/s, pending=0 bytes
[migrater] timestamp=1779269619.16, migrating=False, epoch=1, total_epochs=3, configured=0 B/s, rate=0 B/s, pending=0 bytes
[migrater] timestamp=1779269619.26, migrating=False, epoch=1, total_epochs=3, configured=0 B/s, rate=0 B/s, pending=0 bytes
[migrater] timestamp=1779269619.36, migrating=False, epoch=1, total_epochs=3, configured=0 B/s, rate=0 B/s, pending=0 bytes
[migrater] timestamp=1779269619.46, migrating=False, epoch=1, total_epochs=3, configured=0 B/s, rate=0 B/s, pending=0 bytes
[migrater] timestamp=1779269619.56, migrating=False, epoch=1, total_epochs=3, configured=0 B/s, rate=0 B/s, pending=0 bytes
[migrater] timestamp=1779269619.66, migrating=False, epoch=1, total_epochs=3, configured=0 B/s, rate=0 B/s, pending=0 bytes
[migrater] timestamp=1779269619.76, migrating=False, epoch=1, total_epochs=3, configured=0 B/s, rate=0 B/s, pending=0 bytes
[migrater] timestamp=1779269619.86, migrating=False, epoch=1, total_epochs=3, configured=0 B/s, rate=0 B/s, pending=0 bytes
[migrater] timestamp=1779269619.96, migrating=False, epoch=1, total_epochs=3, configured=0 B/s, rate=0 B/s, pending=0 bytes
[migrater] timestamp=1779269620.06, migrating=False, epoch=1, total_epochs=3, configured=0 B/s, rate=0 B/s, pending=0 bytes
[migrater] timestamp=1779269620.16, migrating=False, epoch=1, total_epochs=3, configured=0 B/s, rate=0 B/s, pending=0 bytes
[migrater] timestamp=1779269620.26, migrating=False, epoch=1, total_epochs=3, configured=0 B/s, rate=0 B/s, pending=0 bytes
[migrater] timestamp=1779269620.36, migrating=False, epoch=1, total_epochs=3, configured=0 B/s, rate=0 B/s, pending=0 bytes
[migrater] timestamp=1779269620.46, migrating=False, epoch=1, total_epochs=3, configured=0 B/s, rate=0 B/s, pending=0 bytes
[migrater] timestamp=1779269620.56, migrating=False, epoch=1, total_epochs=3, configured=0 B/s, rate=0 B/s, pending=0 bytes
[migrater] timestamp=1779269620.66, migrating=False, epoch=1, total_epochs=3, configured=0 B/s, rate=0 B/s, pending=0 bytes
[migrater] timestamp=1779269620.77, migrating=False, epoch=1, total_epochs=3, configured=0 B/s, rate=0 B/s, pending=0 bytes
[migrater] timestamp=1779269620.87, migrating=False, epoch=1, total_epochs=3, configured=0 B/s, rate=0 B/s, pending=0 bytes
[migrater] timestamp=1779269620.97, migrating=False, epoch=1, total_epochs=3, configured=0 B/s, rate=0 B/s, pending=0 bytes
[migrater] timestamp=1779269621.07, migrating=False, epoch=1, total_epochs=3, configured=0 B/s, rate=0 B/s, pending=0 bytes
[migrater] timestamp=1779269621.17, migrating=False, epoch=1, total_epochs=3, configured=0 B/s, rate=0 B/s, pending=0 bytes
[migrater] timestamp=1779269621.27, migrating=False, epoch=1, total_epochs=3, configured=0 B/s, rate=0 B/s, pending=0 bytes
[migrater] timestamp=1779269621.37, migrating=False, epoch=1, total_epochs=3, configured=0 B/s, rate=0 B/s, pending=0 bytes
[migrater] timestamp=1779269621.47, migrating=False, epoch=1, total_epochs=3, configured=0 B/s, rate=0 B/s, pending=0 bytes
[migrater] timestamp=1779269621.57, migrating=False, epoch=1, total_epochs=3, configured=0 B/s, rate=0 B/s, pending=0 bytes
[migrater] timestamp=1779269621.67, migrating=False, epoch=1, total_epochs=3, configured=0 B/s, rate=0 B/s, pending=0 bytes
[migrater] timestamp=1779269621.77, migrating=False, epoch=1, total_epochs=3, configured=0 B/s, rate=0 B/s, pending=0 bytes
[migrater] timestamp=1779269621.87, migrating=False, epoch=1, total_epochs=3, configured=0 B/s, rate=0 B/s, pending=0 bytes
[migrater] timestamp=1779269621.97, migrating=False, epoch=1, total_epochs=3, configured=0 B/s, rate=0 B/s, pending=0 bytes
[migrater] timestamp=1779269622.07, migrating=False, epoch=1, total_epochs=3, configured=0 B/s, rate=0 B/s, pending=0 bytes
[migrater] timestamp=1779269622.17, migrating=False, epoch=1, total_epochs=3, configured=0 B/s, rate=0 B/s, pending=0 bytes
[migrater] timestamp=1779269622.27, migrating=False, epoch=1, total_epochs=3, configured=0 B/s, rate=0 B/s, pending=0 bytes
[migrater] timestamp=1779269622.37, migrating=False, epoch=1, total_epochs=3, configured=0 B/s, rate=0 B/s, pending=0 bytes
[migrater] timestamp=1779269622.47, migrating=False, epoch=1, total_epochs=3, configured=0 B/s, rate=0 B/s, pending=0 bytes
[migrater] timestamp=1779269622.57, migrating=False, epoch=1, total_epochs=3, configured=0 B/s, rate=0 B/s, pending=0 bytes
[migrater] timestamp=1779269622.67, migrating=False, epoch=1, total_epochs=3, configured=0 B/s, rate=0 B/s, pending=0 bytes
[migrater] timestamp=1779269622.77, migrating=False, epoch=1, total_epochs=3, configured=0 B/s, rate=0 B/s, pending=0 bytes
[migrater] timestamp=1779269622.87, migrating=False, epoch=1, total_epochs=3, configured=0 B/s, rate=0 B/s, pending=0 bytes
[migrater] timestamp=1779269622.97, migrating=False, epoch=1, total_epochs=3, configured=0 B/s, rate=0 B/s, pending=0 bytes
[migrater] timestamp=1779269623.08, migrating=False, epoch=1, total_epochs=3, configured=0 B/s, rate=0 B/s, pending=0 bytes
[migrater] timestamp=1779269623.18, migrating=False, epoch=1, total_epochs=3, configured=0 B/s, rate=0 B/s, pending=0 bytes
[migrater] timestamp=1779269623.28, migrating=False, epoch=1, total_epochs=3, configured=0 B/s, rate=0 B/s, pending=0 bytes
[migrater] timestamp=1779269623.38, migrating=False, epoch=1, total_epochs=3, configured=0 B/s, rate=0 B/s, pending=0 bytes
[migrater] timestamp=1779269623.48, migrating=False, epoch=1, total_epochs=3, configured=0 B/s, rate=0 B/s, pending=0 bytes
[migrater] timestamp=1779269623.58, migrating=False, epoch=1, total_epochs=3, configured=0 B/s, rate=0 B/s, pending=0 bytes
[migrater] timestamp=1779269623.68, migrating=False, epoch=1, total_epochs=3, configured=0 B/s, rate=0 B/s, pending=0 bytes
[migrater] timestamp=1779269623.78, migrating=False, epoch=1, total_epochs=3, configured=0 B/s, rate=0 B/s, pending=0 bytes
[migrater] timestamp=1779269623.88, migrating=False, epoch=1, total_epochs=3, configured=0 B/s, rate=0 B/s, pending=0 bytes
[migrater] timestamp=1779269623.98, migrating=False, epoch=1, total_epochs=3, configured=0 B/s, rate=0 B/s, pending=0 bytes
[migrater] timestamp=1779269624.08, migrating=False, epoch=1, total_epochs=3, configured=0 B/s, rate=0 B/s, pending=0 bytes
[migrater] timestamp=1779269624.18, migrating=False, epoch=1, total_epochs=3, configured=0 B/s, rate=0 B/s, pending=0 bytes
[migrater] timestamp=1779269624.28, migrating=False, epoch=1, total_epochs=3, configured=0 B/s, rate=0 B/s, pending=0 bytes
[migrater] timestamp=1779269624.38, migrating=False, epoch=1, total_epochs=3, configured=0 B/s, rate=0 B/s, pending=0 bytes
[migrater] timestamp=1779269624.48, migrating=False, epoch=1, total_epochs=3, configured=0 B/s, rate=0 B/s, pending=0 bytes
[migrater] timestamp=1779269624.58, migrating=False, epoch=1, total_epochs=3, configured=0 B/s, rate=0 B/s, pending=0 bytes
[migrater] timestamp=1779269624.68, migrating=False, epoch=1, total_epochs=3, configured=0 B/s, rate=0 B/s, pending=0 bytes
[migrater] timestamp=1779269624.78, migrating=False, epoch=1, total_epochs=3, configured=0 B/s, rate=0 B/s, pending=0 bytes
[migrater] timestamp=1779269624.88, migrating=False, epoch=1, total_epochs=3, configured=0 B/s, rate=0 B/s, pending=0 bytes
[migrater] timestamp=1779269624.98, migrating=False, epoch=1, total_epochs=3, configured=0 B/s, rate=0 B/s, pending=0 bytes
[migrater] timestamp=1779269625.08, migrating=False, epoch=1, total_epochs=3, configured=0 B/s, rate=0 B/s, pending=0 bytes
[migrater] timestamp=1779269625.18, migrating=False, epoch=1, total_epochs=3, configured=0 B/s, rate=0 B/s, pending=0 bytes
[migrater] timestamp=1779269625.28, migrating=False, epoch=1, total_epochs=3, configured=0 B/s, rate=0 B/s, pending=0 bytes
[migrater] timestamp=1779269625.38, migrating=False, epoch=1, total_epochs=3, configured=0 B/s, rate=0 B/s, pending=0 bytes
[migrater] timestamp=1779269625.48, migrating=False, epoch=1, total_epochs=3, configured=0 B/s, rate=0 B/s, pending=0 bytes
[migrater] timestamp=1779269625.59, migrating=False, epoch=1, total_epochs=3, configured=0 B/s, rate=0 B/s, pending=0 bytes
[migrater] timestamp=1779269625.69, migrating=False, epoch=1, total_epochs=3, configured=0 B/s, rate=0 B/s, pending=0 bytes
[migrater] timestamp=1779269625.79, migrating=False, epoch=1, total_epochs=3, configured=0 B/s, rate=0 B/s, pending=0 bytes
[migrater] timestamp=1779269625.89, migrating=False, epoch=1, total_epochs=3, configured=0 B/s, rate=0 B/s, pending=0 bytes
[migrater] timestamp=1779269625.99, migrating=False, epoch=1, total_epochs=3, configured=0 B/s, rate=0 B/s, pending=0 bytes
[migrater] timestamp=1779269626.09, migrating=False, epoch=1, total_epochs=3, configured=0 B/s, rate=0 B/s, pending=0 bytes
[migrater] timestamp=1779269626.19, migrating=False, epoch=1, total_epochs=3, configured=0 B/s, rate=0 B/s, pending=0 bytes
[migrater] timestamp=1779269626.29, migrating=False, epoch=1, total_epochs=3, configured=0 B/s, rate=0 B/s, pending=0 bytes
[migrater] timestamp=1779269626.39, migrating=False, epoch=1, total_epochs=3, configured=0 B/s, rate=0 B/s, pending=0 bytes
[migrater] timestamp=1779269626.49, migrating=False, epoch=1, total_epochs=3, configured=0 B/s, rate=0 B/s, pending=0 bytes
[migrater] timestamp=1779269626.59, migrating=False, epoch=1, total_epochs=3, configured=0 B/s, rate=0 B/s, pending=0 bytes
[migrater] timestamp=1779269626.69, migrating=False, epoch=1, total_epochs=3, configured=0 B/s, rate=0 B/s, pending=0 bytes
[migrater] timestamp=1779269626.79, migrating=False, epoch=1, total_epochs=3, configured=0 B/s, rate=0 B/s, pending=0 bytes
[migrater] timestamp=1779269626.89, migrating=False, epoch=1, total_epochs=3, configured=0 B/s, rate=0 B/s, pending=0 bytes
[migrater] timestamp=1779269626.99, migrating=False, epoch=1, total_epochs=3, configured=0 B/s, rate=0 B/s, pending=0 bytes
[migrater] timestamp=1779269627.09, migrating=False, epoch=1, total_epochs=3, configured=0 B/s, rate=0 B/s, pending=0 bytes
[migrater] timestamp=1779269627.20, migrating=False, epoch=1, total_epochs=3, configured=0 B/s, rate=0 B/s, pending=0 bytes
[migrater] timestamp=1779269627.30, migrating=False, epoch=1, total_epochs=3, configured=0 B/s, rate=0 B/s, pending=0 bytes
[migrater] timestamp=1779269627.40, migrating=False, epoch=1, total_epochs=3, configured=0 B/s, rate=0 B/s, pending=0 bytes
[migrater] timestamp=1779269627.50, migrating=False, epoch=1, total_epochs=3, configured=0 B/s, rate=0 B/s, pending=0 bytes
[migrater] timestamp=1779269627.60, migrating=False, epoch=1, total_epochs=3, configured=0 B/s, rate=0 B/s, pending=0 bytes
[migrater] timestamp=1779269627.70, migrating=False, epoch=1, total_epochs=3, configured=0 B/s, rate=0 B/s, pending=0 bytes
[migrater] timestamp=1779269627.80, migrating=False, epoch=1, total_epochs=3, configured=0 B/s, rate=0 B/s, pending=0 bytes
[migrater] timestamp=1779269627.90, migrating=False, epoch=1, total_epochs=3, configured=0 B/s, rate=0 B/s, pending=0 bytes
[migrater] timestamp=1779269628.00, migrating=False, epoch=1, total_epochs=3, configured=0 B/s, rate=0 B/s, pending=0 bytes
[migrater] timestamp=1779269628.10, migrating=False, epoch=1, total_epochs=3, configured=0 B/s, rate=0 B/s, pending=0 bytes
[migrater] timestamp=1779269628.20, migrating=False, epoch=1, total_epochs=3, configured=0 B/s, rate=0 B/s, pending=0 bytes
[migrater] timestamp=1779269628.30, migrating=False, epoch=1, total_epochs=3, configured=0 B/s, rate=0 B/s, pending=0 bytes
[migrater] timestamp=1779269628.40, migrating=False, epoch=1, total_epochs=3, configured=0 B/s, rate=0 B/s, pending=0 bytes
[migrater] timestamp=1779269628.50, migrating=False, epoch=1, total_epochs=3, configured=0 B/s, rate=0 B/s, pending=0 bytes
[migrater] timestamp=1779269628.60, migrating=False, epoch=1, total_epochs=3, configured=0 B/s, rate=0 B/s, pending=0 bytes
[migrater] timestamp=1779269628.70, migrating=False, epoch=1, total_epochs=3, configured=0 B/s, rate=0 B/s, pending=0 bytes
[migrater] timestamp=1779269628.81, migrating=False, epoch=1, total_epochs=3, configured=0 B/s, rate=0 B/s, pending=0 bytes
[migrater] timestamp=1779269628.91, migrating=False, epoch=1, total_epochs=3, configured=0 B/s, rate=0 B/s, pending=0 bytes
[migrater] timestamp=1779269629.01, migrating=False, epoch=1, total_epochs=3, configured=0 B/s, rate=0 B/s, pending=0 bytes
[migrater] timestamp=1779269629.11, migrating=False, epoch=1, total_epochs=3, configured=0 B/s, rate=0 B/s, pending=0 bytes
[migrater] timestamp=1779269629.21, migrating=False, epoch=1, total_epochs=3, configured=0 B/s, rate=0 B/s, pending=0 bytes
[migrater] timestamp=1779269629.31, migrating=False, epoch=1, total_epochs=3, configured=0 B/s, rate=0 B/s, pending=0 bytes
[migrater] timestamp=1779269629.41, migrating=False, epoch=1, total_epochs=3, configured=0 B/s, rate=0 B/s, pending=0 bytes
[migrater] timestamp=1779269629.51, migrating=False, epoch=1, total_epochs=3, configured=0 B/s, rate=0 B/s, pending=0 bytes
[migrater] timestamp=1779269629.61, migrating=False, epoch=1, total_epochs=3, configured=0 B/s, rate=0 B/s, pending=0 bytes
[migrater] timestamp=1779269629.71, migrating=False, epoch=1, total_epochs=3, configured=0 B/s, rate=0 B/s, pending=0 bytes
[migrater] timestamp=1779269629.81, migrating=False, epoch=1, total_epochs=3, configured=0 B/s, rate=0 B/s, pending=0 bytes
[migrater] timestamp=1779269629.91, migrating=False, epoch=1, total_epochs=3, configured=0 B/s, rate=0 B/s, pending=0 bytes
[migrater] timestamp=1779269630.01, migrating=False, epoch=1, total_epochs=3, configured=0 B/s, rate=0 B/s, pending=0 bytes
[migrater] timestamp=1779269630.11, migrating=False, epoch=1, total_epochs=3, configured=0 B/s, rate=0 B/s, pending=0 bytes
[migrater] timestamp=1779269630.21, migrating=False, epoch=1, total_epochs=3, configured=0 B/s, rate=0 B/s, pending=0 bytes
[migrater] timestamp=1779269630.31, migrating=False, epoch=2, total_epochs=3, configured=0 B/s, rate=0 B/s, pending=5368709120 bytes
[migrater] timestamp=1779269630.41, migrating=True, epoch=2, total_epochs=3, configured=0 B/s, rate=0 B/s, pending=5368709120 bytes
[migrater] timestamp=1779269630.47, migrating=True, epoch=2, total_epochs=3, configured=2000000000 B/s, rate=1922621517 B/s, pending=5175771136 bytes ([3.59%] 192937984/5368709120 bytes copied)
[migrater] timestamp=1779269630.57, migrating=True, epoch=2, total_epochs=3, configured=2000000000 B/s, rate=1999459274 B/s, pending=4974444544 bytes ([7.34%] 394264576/5368709120 bytes copied)
[migrater] timestamp=1779269630.67, migrating=True, epoch=2, total_epochs=3, configured=2000000000 B/s, rate=2000073276 B/s, pending=4773117952 bytes ([11.09%] 595591168/5368709120 bytes copied)
[migrater] timestamp=1779269630.77, migrating=True, epoch=2, total_epochs=3, configured=2000000000 B/s, rate=1999753030 B/s, pending=4571791360 bytes ([14.84%] 796917760/5368709120 bytes copied)
[migrater] timestamp=1779269630.88, migrating=True, epoch=2, total_epochs=3, configured=2000000000 B/s, rate=1999763755 B/s, pending=4370464768 bytes ([18.59%] 998244352/5368709120 bytes copied)
[migrater] timestamp=1779269630.98, migrating=True, epoch=2, total_epochs=3, configured=2000000000 B/s, rate=2000361826 B/s, pending=4169138176 bytes ([22.34%] 1199570944/5368709120 bytes copied)
[migrater] timestamp=1779269631.08, migrating=True, epoch=2, total_epochs=3, configured=2000000000 B/s, rate=1999935987 B/s, pending=3967811584 bytes ([26.09%] 1400897536/5368709120 bytes copied)
[migrater] timestamp=1779269631.18, migrating=True, epoch=2, total_epochs=3, configured=2000000000 B/s, rate=1998630963 B/s, pending=3766484992 bytes ([29.84%] 1602224128/5368709120 bytes copied)
[migrater] timestamp=1779269631.28, migrating=True, epoch=2, total_epochs=3, configured=2000000000 B/s, rate=1999060040 B/s, pending=3565158400 bytes ([33.59%] 1803550720/5368709120 bytes copied)
[migrater] timestamp=1779269631.38, migrating=True, epoch=2, total_epochs=3, configured=2000000000 B/s, rate=1999566331 B/s, pending=3363831808 bytes ([37.34%] 2004877312/5368709120 bytes copied)
[migrater] timestamp=1779269631.48, migrating=True, epoch=2, total_epochs=3, configured=2000000000 B/s, rate=1999718467 B/s, pending=3162505216 bytes ([41.09%] 2206203904/5368709120 bytes copied)
[migrater] timestamp=1779269631.58, migrating=True, epoch=2, total_epochs=3, configured=2000000000 B/s, rate=2000168656 B/s, pending=2961178624 bytes ([44.84%] 2407530496/5368709120 bytes copied)
[migrater] timestamp=1779269631.68, migrating=True, epoch=2, total_epochs=3, configured=2000000000 B/s, rate=1999844584 B/s, pending=2759852032 bytes ([48.59%] 2608857088/5368709120 bytes copied)
[migrater] timestamp=1779269631.78, migrating=True, epoch=2, total_epochs=3, configured=2000000000 B/s, rate=2001012359 B/s, pending=2558525440 bytes ([52.34%] 2810183680/5368709120 bytes copied)
[migrater] timestamp=1779269631.88, migrating=True, epoch=2, total_epochs=3, configured=2000000000 B/s, rate=1999792957 B/s, pending=2357198848 bytes ([56.09%] 3011510272/5368709120 bytes copied)
[migrater] timestamp=1779269631.98, migrating=True, epoch=2, total_epochs=3, configured=2000000000 B/s, rate=2000921872 B/s, pending=2155872256 bytes ([59.84%] 3212836864/5368709120 bytes copied)
[migrater] timestamp=1779269632.08, migrating=True, epoch=2, total_epochs=3, configured=2000000000 B/s, rate=2001029664 B/s, pending=1954545664 bytes ([63.59%] 3414163456/5368709120 bytes copied)
[migrater] timestamp=1779269632.18, migrating=True, epoch=2, total_epochs=3, configured=2000000000 B/s, rate=2000106063 B/s, pending=1753219072 bytes ([67.34%] 3615490048/5368709120 bytes copied)
[migrater] timestamp=1779269632.28, migrating=True, epoch=2, total_epochs=3, configured=2000000000 B/s, rate=2001039807 B/s, pending=1551892480 bytes ([71.09%] 3816816640/5368709120 bytes copied)
[migrater] timestamp=1779269632.39, migrating=True, epoch=2, total_epochs=3, configured=2000000000 B/s, rate=1992989858 B/s, pending=1350565888 bytes ([74.84%] 4018143232/5368709120 bytes copied)
[migrater] timestamp=1779269632.49, migrating=True, epoch=2, total_epochs=3, configured=2000000000 B/s, rate=2003786866 B/s, pending=1149239296 bytes ([78.59%] 4219469824/5368709120 bytes copied)
[migrater] timestamp=1779269632.63, migrating=True, epoch=2, total_epochs=3, configured=0 B/s, rate=0 B/s, pending=1149239296 bytes
[migrater] timestamp=1779269632.71, migrating=True, epoch=2, total_epochs=3, configured=2000000000 B/s, rate=642011238 B/s, pending=1006632960 bytes ([81.25%] 4362076160/5368709120 bytes copied)
[migrater] timestamp=1779269632.81, migrating=True, epoch=2, total_epochs=3, configured=2000000000 B/s, rate=2118879129 B/s, pending=788529152 bytes ([85.31%] 4580179968/5368709120 bytes copied)
[migrater] timestamp=1779269632.91, migrating=True, epoch=2, total_epochs=3, configured=2000000000 B/s, rate=1877157928 B/s, pending=595591168 bytes ([88.91%] 4773117952/5368709120 bytes copied)
[migrater] timestamp=1779269633.02, migrating=True, epoch=2, total_epochs=3, configured=2000000000 B/s, rate=2104996959 B/s, pending=377487360 bytes ([92.97%] 4991221760/5368709120 bytes copied)
[migrater] timestamp=1779269633.12, migrating=True, epoch=2, total_epochs=3, configured=2000000000 B/s, rate=1894938144 B/s, pending=184549376 bytes ([96.56%] 5184159744/5368709120 bytes copied)
[migrater] timestamp=1779269633.24, migrating=True, epoch=2, total_epochs=3, configured=0 B/s, rate=0 B/s, pending=184549376 bytes
[migrater] timestamp=1779269633.34, migrating=True, epoch=2, total_epochs=3, configured=0 B/s, rate=0 B/s, pending=184549376 bytes
[migrater] timestamp=1779269633.44, migrating=True, epoch=2, total_epochs=3, configured=0 B/s, rate=0 B/s, pending=184549376 bytes
[migrater] timestamp=1779269633.53, migrating=True, epoch=2, total_epochs=3, configured=2000000000 B/s, rate=451299711 B/s, pending=0 bytes ([100.00%] 5368709120/5368709120 bytes copied)
[migrater] timestamp=1779269633.65, migrating=True, epoch=2, total_epochs=3, configured=0 B/s, rate=0 B/s, pending=0 bytes
[migrater] timestamp=1779269633.75, migrating=True, epoch=2, total_epochs=3, configured=0 B/s, rate=0 B/s, pending=0 bytes
[migrater] timestamp=1779269633.85, migrating=True, epoch=2, total_epochs=3, configured=0 B/s, rate=0 B/s, pending=0 bytes
[migrater] timestamp=1779269633.96, migrating=True, epoch=2, total_epochs=3, configured=0 B/s, rate=0 B/s, pending=0 bytes
[migrater] timestamp=1779269634.06, migrating=True, epoch=2, total_epochs=3, configured=0 B/s, rate=0 B/s, pending=0 bytes
[migrater] timestamp=1779269634.16, migrating=True, epoch=2, total_epochs=3, configured=0 B/s, rate=0 B/s, pending=0 bytes
[migrater] timestamp=1779269634.26, migrating=True, epoch=2, total_epochs=3, configured=0 B/s, rate=0 B/s, pending=0 bytes
[migrater] timestamp=1779269634.36, migrating=True, epoch=2, total_epochs=3, configured=0 B/s, rate=0 B/s, pending=0 bytes
[migrater] timestamp=1779269634.46, migrating=True, epoch=2, total_epochs=3, configured=0 B/s, rate=0 B/s, pending=0 bytes
[migrater] timestamp=1779269634.56, migrating=True, epoch=2, total_epochs=3, configured=0 B/s, rate=0 B/s, pending=0 bytes
[migrater] timestamp=1779269634.66, migrating=True, epoch=2, total_epochs=3, configured=0 B/s, rate=0 B/s, pending=0 bytes
[migrater] timestamp=1779269634.76, migrating=True, epoch=2, total_epochs=3, configured=0 B/s, rate=0 B/s, pending=0 bytes
[migrater] timestamp=1779269634.86, migrating=False, epoch=2, total_epochs=3, configured=0 B/s, rate=0 B/s, pending=0 bytes
[migrater] timestamp=1779269634.96, migrating=False, epoch=2, total_epochs=3, configured=0 B/s, rate=0 B/s, pending=0 bytes
[migrater] timestamp=1779269635.06, migrating=False, epoch=2, total_epochs=3, configured=0 B/s, rate=0 B/s, pending=0 bytes
[migrater] timestamp=1779269635.16, migrating=False, epoch=2, total_epochs=3, configured=0 B/s, rate=0 B/s, pending=0 bytes
[migrater] timestamp=1779269635.26, migrating=False, epoch=2, total_epochs=3, configured=0 B/s, rate=0 B/s, pending=0 bytes
[migrater] timestamp=1779269635.36, migrating=False, epoch=2, total_epochs=3, configured=0 B/s, rate=0 B/s, pending=0 bytes
[migrater] timestamp=1779269635.46, migrating=False, epoch=2, total_epochs=3, configured=0 B/s, rate=0 B/s, pending=0 bytes
[migrater] timestamp=1779269635.56, migrating=False, epoch=2, total_epochs=3, configured=0 B/s, rate=0 B/s, pending=0 bytes
[migrater] timestamp=1779269635.66, migrating=False, epoch=2, total_epochs=3, configured=0 B/s, rate=0 B/s, pending=0 bytes
[migrater] timestamp=1779269635.76, migrating=False, epoch=2, total_epochs=3, configured=0 B/s, rate=0 B/s, pending=0 bytes
[migrater] timestamp=1779269635.86, migrating=False, epoch=2, total_epochs=3, configured=0 B/s, rate=0 B/s, pending=0 bytes
[migrater] timestamp=1779269635.96, migrating=False, epoch=2, total_epochs=3, configured=0 B/s, rate=0 B/s, pending=0 bytes
[migrater] timestamp=1779269636.07, migrating=False, epoch=2, total_epochs=3, configured=0 B/s, rate=0 B/s, pending=0 bytes
[migrater] timestamp=1779269636.17, migrating=False, epoch=2, total_epochs=3, configured=0 B/s, rate=0 B/s, pending=0 bytes
[migrater] timestamp=1779269636.27, migrating=False, epoch=2, total_epochs=3, configured=0 B/s, rate=0 B/s, pending=0 bytes
[migrater] timestamp=1779269636.37, migrating=False, epoch=2, total_epochs=3, configured=0 B/s, rate=0 B/s, pending=0 bytes
[migrater] timestamp=1779269636.47, migrating=False, epoch=2, total_epochs=3, configured=0 B/s, rate=0 B/s, pending=0 bytes
[migrater] timestamp=1779269636.57, migrating=False, epoch=2, total_epochs=3, configured=0 B/s, rate=0 B/s, pending=0 bytes
[migrater] timestamp=1779269636.67, migrating=False, epoch=2, total_epochs=3, configured=0 B/s, rate=0 B/s, pending=0 bytes
[migrater] timestamp=1779269636.77, migrating=False, epoch=2, total_epochs=3, configured=0 B/s, rate=0 B/s, pending=0 bytes
[migrater] timestamp=1779269636.87, migrating=False, epoch=2, total_epochs=3, configured=0 B/s, rate=0 B/s, pending=0 bytes
[migrater] timestamp=1779269636.97, migrating=False, epoch=2, total_epochs=3, configured=0 B/s, rate=0 B/s, pending=0 bytes
[migrater] timestamp=1779269637.07, migrating=False, epoch=2, total_epochs=3, configured=0 B/s, rate=0 B/s, pending=0 bytes
[migrater] timestamp=1779269637.17, migrating=False, epoch=2, total_epochs=3, configured=0 B/s, rate=0 B/s, pending=0 bytes
[migrater] timestamp=1779269637.27, migrating=False, epoch=2, total_epochs=3, configured=0 B/s, rate=0 B/s, pending=0 bytes
[migrater] timestamp=1779269637.37, migrating=False, epoch=2, total_epochs=3, configured=0 B/s, rate=0 B/s, pending=0 bytes
[migrater] timestamp=1779269637.47, migrating=False, epoch=2, total_epochs=3, configured=0 B/s, rate=0 B/s, pending=0 bytes
[migrater] timestamp=1779269637.57, migrating=False, epoch=2, total_epochs=3, configured=0 B/s, rate=0 B/s, pending=0 bytes
[migrater] timestamp=1779269637.67, migrating=False, epoch=2, total_epochs=3, configured=0 B/s, rate=0 B/s, pending=0 bytes
[migrater] timestamp=1779269637.77, migrating=False, epoch=2, total_epochs=3, configured=0 B/s, rate=0 B/s, pending=0 bytes
[migrater] timestamp=1779269637.87, migrating=False, epoch=2, total_epochs=3, configured=0 B/s, rate=0 B/s, pending=0 bytes
[migrater] timestamp=1779269637.97, migrating=False, epoch=2, total_epochs=3, configured=0 B/s, rate=0 B/s, pending=0 bytes
[migrater] timestamp=1779269638.07, migrating=False, epoch=2, total_epochs=3, configured=0 B/s, rate=0 B/s, pending=0 bytes
[migrater] timestamp=1779269638.17, migrating=False, epoch=2, total_epochs=3, configured=0 B/s, rate=0 B/s, pending=0 bytes
[migrater] timestamp=1779269638.27, migrating=False, epoch=2, total_epochs=3, configured=0 B/s, rate=0 B/s, pending=0 bytes
[migrater] timestamp=1779269638.37, migrating=False, epoch=2, total_epochs=3, configured=0 B/s, rate=0 B/s, pending=0 bytes
[migrater] timestamp=1779269638.47, migrating=False, epoch=2, total_epochs=3, configured=0 B/s, rate=0 B/s, pending=0 bytes
[migrater] timestamp=1779269638.58, migrating=False, epoch=2, total_epochs=3, configured=0 B/s, rate=0 B/s, pending=0 bytes
[migrater] timestamp=1779269638.68, migrating=False, epoch=2, total_epochs=3, configured=0 B/s, rate=0 B/s, pending=0 bytes
[migrater] timestamp=1779269638.78, migrating=False, epoch=2, total_epochs=3, configured=0 B/s, rate=0 B/s, pending=0 bytes
[migrater] timestamp=1779269638.88, migrating=False, epoch=2, total_epochs=3, configured=0 B/s, rate=0 B/s, pending=0 bytes
[migrater] timestamp=1779269638.98, migrating=False, epoch=2, total_epochs=3, configured=0 B/s, rate=0 B/s, pending=0 bytes
[migrater] timestamp=1779269639.08, migrating=False, epoch=2, total_epochs=3, configured=0 B/s, rate=0 B/s, pending=0 bytes
[migrater] timestamp=1779269639.18, migrating=False, epoch=2, total_epochs=3, configured=0 B/s, rate=0 B/s, pending=0 bytes
[migrater] timestamp=1779269639.28, migrating=False, epoch=2, total_epochs=3, configured=0 B/s, rate=0 B/s, pending=0 bytes
[migrater] timestamp=1779269639.38, migrating=False, epoch=2, total_epochs=3, configured=0 B/s, rate=0 B/s, pending=0 bytes
[migrater] timestamp=1779269639.48, migrating=False, epoch=2, total_epochs=3, configured=0 B/s, rate=0 B/s, pending=0 bytes
[migrater] timestamp=1779269639.58, migrating=False, epoch=2, total_epochs=3, configured=0 B/s, rate=0 B/s, pending=0 bytes
[migrater] timestamp=1779269639.68, migrating=False, epoch=2, total_epochs=3, configured=0 B/s, rate=0 B/s, pending=0 bytes
[migrater] timestamp=1779269639.78, migrating=False, epoch=2, total_epochs=3, configured=0 B/s, rate=0 B/s, pending=0 bytes
[migrater] timestamp=1779269639.88, migrating=False, epoch=2, total_epochs=3, configured=0 B/s, rate=0 B/s, pending=0 bytes
[migrater] timestamp=1779269639.98, migrating=False, epoch=2, total_epochs=3, configured=0 B/s, rate=0 B/s, pending=0 bytes
[migrater] timestamp=1779269640.08, migrating=False, epoch=2, total_epochs=3, configured=0 B/s, rate=0 B/s, pending=0 bytes
[migrater] timestamp=1779269640.18, migrating=False, epoch=2, total_epochs=3, configured=0 B/s, rate=0 B/s, pending=0 bytes
[migrater] timestamp=1779269640.28, migrating=False, epoch=2, total_epochs=3, configured=0 B/s, rate=0 B/s, pending=0 bytes
[migrater] timestamp=1779269640.38, migrating=False, epoch=2, total_epochs=3, configured=0 B/s, rate=0 B/s, pending=0 bytes
[migrater] timestamp=1779269640.48, migrating=False, epoch=2, total_epochs=3, configured=0 B/s, rate=0 B/s, pending=0 bytes
[migrater] timestamp=1779269640.58, migrating=False, epoch=2, total_epochs=3, configured=0 B/s, rate=0 B/s, pending=0 bytes
[migrater] timestamp=1779269640.68, migrating=False, epoch=2, total_epochs=3, configured=0 B/s, rate=0 B/s, pending=0 bytes
[migrater] timestamp=1779269640.78, migrating=False, epoch=2, total_epochs=3, configured=0 B/s, rate=0 B/s, pending=0 bytes
[migrater] timestamp=1779269640.88, migrating=False, epoch=2, total_epochs=3, configured=0 B/s, rate=0 B/s, pending=0 bytes
[migrater] timestamp=1779269640.98, migrating=False, epoch=2, total_epochs=3, configured=0 B/s, rate=0 B/s, pending=0 bytes
[migrater] timestamp=1779269641.08, migrating=False, epoch=2, total_epochs=3, configured=0 B/s, rate=0 B/s, pending=0 bytes
[migrater] timestamp=1779269641.19, migrating=False, epoch=2, total_epochs=3, configured=0 B/s, rate=0 B/s, pending=0 bytes
[migrater] timestamp=1779269641.29, migrating=False, epoch=2, total_epochs=3, configured=0 B/s, rate=0 B/s, pending=0 bytes
[migrater] timestamp=1779269641.39, migrating=False, epoch=2, total_epochs=3, configured=0 B/s, rate=0 B/s, pending=0 bytes
[migrater] timestamp=1779269641.49, migrating=False, epoch=2, total_epochs=3, configured=0 B/s, rate=0 B/s, pending=0 bytes
[migrater] timestamp=1779269641.59, migrating=False, epoch=2, total_epochs=3, configured=0 B/s, rate=0 B/s, pending=0 bytes
[migrater] timestamp=1779269641.69, migrating=False, epoch=2, total_epochs=3, configured=0 B/s, rate=0 B/s, pending=0 bytes
[migrater] timestamp=1779269641.79, migrating=False, epoch=2, total_epochs=3, configured=0 B/s, rate=0 B/s, pending=0 bytes
[migrater] timestamp=1779269641.89, migrating=False, epoch=2, total_epochs=3, configured=0 B/s, rate=0 B/s, pending=0 bytes
[migrater] timestamp=1779269641.99, migrating=False, epoch=2, total_epochs=3, configured=0 B/s, rate=0 B/s, pending=0 bytes
[migrater] timestamp=1779269642.09, migrating=False, epoch=2, total_epochs=3, configured=0 B/s, rate=0 B/s, pending=0 bytes
[migrater] timestamp=1779269642.19, migrating=False, epoch=2, total_epochs=3, configured=0 B/s, rate=0 B/s, pending=0 bytes
[migrater] timestamp=1779269642.29, migrating=False, epoch=2, total_epochs=3, configured=0 B/s, rate=0 B/s, pending=0 bytes
[migrater] timestamp=1779269642.39, migrating=False, epoch=2, total_epochs=3, configured=0 B/s, rate=0 B/s, pending=0 bytes
[migrater] timestamp=1779269642.49, migrating=False, epoch=2, total_epochs=3, configured=0 B/s, rate=0 B/s, pending=0 bytes
[migrater] timestamp=1779269642.59, migrating=False, epoch=2, total_epochs=3, configured=0 B/s, rate=0 B/s, pending=0 bytes
[migrater] timestamp=1779269642.69, migrating=False, epoch=2, total_epochs=3, configured=0 B/s, rate=0 B/s, pending=0 bytes
[migrater] timestamp=1779269642.79, migrating=False, epoch=2, total_epochs=3, configured=0 B/s, rate=0 B/s, pending=0 bytes
[migrater] timestamp=1779269642.89, migrating=False, epoch=2, total_epochs=3, configured=0 B/s, rate=0 B/s, pending=0 bytes
[migrater] timestamp=1779269642.99, migrating=False, epoch=2, total_epochs=3, configured=0 B/s, rate=0 B/s, pending=0 bytes
[migrater] timestamp=1779269643.09, migrating=False, epoch=2, total_epochs=3, configured=0 B/s, rate=0 B/s, pending=0 bytes
[migrater] timestamp=1779269643.19, migrating=False, epoch=2, total_epochs=3, configured=0 B/s, rate=0 B/s, pending=0 bytes
[migrater] timestamp=1779269643.29, migrating=False, epoch=2, total_epochs=3, configured=0 B/s, rate=0 B/s, pending=0 bytes
[migrater] timestamp=1779269643.39, migrating=False, epoch=2, total_epochs=3, configured=0 B/s, rate=0 B/s, pending=0 bytes
[migrater] timestamp=1779269643.49, migrating=False, epoch=2, total_epochs=3, configured=0 B/s, rate=0 B/s, pending=0 bytes
[migrater] timestamp=1779269643.59, migrating=False, epoch=2, total_epochs=3, configured=0 B/s, rate=0 B/s, pending=0 bytes
[migrater] timestamp=1779269643.69, migrating=False, epoch=2, total_epochs=3, configured=0 B/s, rate=0 B/s, pending=0 bytes
[migrater] timestamp=1779269643.80, migrating=False, epoch=2, total_epochs=3, configured=0 B/s, rate=0 B/s, pending=0 bytes
[migrater] timestamp=1779269643.90, migrating=False, epoch=2, total_epochs=3, configured=0 B/s, rate=0 B/s, pending=0 bytes
[migrater] timestamp=1779269644.00, migrating=False, epoch=2, total_epochs=3, configured=0 B/s, rate=0 B/s, pending=0 bytes
[migrater] timestamp=1779269644.10, migrating=False, epoch=2, total_epochs=3, configured=0 B/s, rate=0 B/s, pending=0 bytes
[migrater] timestamp=1779269644.20, migrating=False, epoch=2, total_epochs=3, configured=0 B/s, rate=0 B/s, pending=0 bytes
[migrater] timestamp=1779269644.30, migrating=False, epoch=2, total_epochs=3, configured=0 B/s, rate=0 B/s, pending=0 bytes
[migrater] timestamp=1779269644.40, migrating=False, epoch=2, total_epochs=3, configured=0 B/s, rate=0 B/s, pending=0 bytes
[migrater] timestamp=1779269644.50, migrating=False, epoch=2, total_epochs=3, configured=0 B/s, rate=0 B/s, pending=0 bytes
[migrater] timestamp=1779269644.60, migrating=False, epoch=2, total_epochs=3, configured=0 B/s, rate=0 B/s, pending=0 bytes
[migrater] timestamp=1779269644.70, migrating=False, epoch=2, total_epochs=3, configured=0 B/s, rate=0 B/s, pending=0 bytes
[migrater] timestamp=1779269644.80, migrating=False, epoch=2, total_epochs=3, configured=0 B/s, rate=0 B/s, pending=0 bytes
[migrater] timestamp=1779269644.90, migrating=False, epoch=2, total_epochs=3, configured=0 B/s, rate=0 B/s, pending=0 bytes
[migrater] timestamp=1779269645.00, migrating=False, epoch=2, total_epochs=3, configured=0 B/s, rate=0 B/s, pending=0 bytes
[migrater] timestamp=1779269645.10, migrating=False, epoch=2, total_epochs=3, configured=0 B/s, rate=0 B/s, pending=0 bytes
[migrater] timestamp=1779269645.20, migrating=False, epoch=2, total_epochs=3, configured=0 B/s, rate=0 B/s, pending=0 bytes
[migrater] timestamp=1779269645.30, migrating=False, epoch=2, total_epochs=3, configured=0 B/s, rate=0 B/s, pending=0 bytes
[migrater] timestamp=1779269645.40, migrating=False, epoch=2, total_epochs=3, configured=0 B/s, rate=0 B/s, pending=0 bytes
[migrater] timestamp=1779269645.50, migrating=False, epoch=2, total_epochs=3, configured=0 B/s, rate=0 B/s, pending=0 bytes
[migrater] timestamp=1779269645.60, migrating=False, epoch=2, total_epochs=3, configured=0 B/s, rate=0 B/s, pending=0 bytes
[migrater] timestamp=1779269645.70, migrating=False, epoch=2, total_epochs=3, configured=0 B/s, rate=0 B/s, pending=0 bytes
[migrater] timestamp=1779269645.80, migrating=False, epoch=2, total_epochs=3, configured=0 B/s, rate=0 B/s, pending=0 bytes
[migrater] timestamp=1779269645.90, migrating=False, epoch=2, total_epochs=3, configured=0 B/s, rate=0 B/s, pending=0 bytes
[migrater] timestamp=1779269646.00, migrating=False, epoch=2, total_epochs=3, configured=0 B/s, rate=0 B/s, pending=0 bytes
[migrater] timestamp=1779269646.10, migrating=False, epoch=2, total_epochs=3, configured=0 B/s, rate=0 B/s, pending=0 bytes
[migrater] timestamp=1779269646.20, migrating=False, epoch=2, total_epochs=3, configured=0 B/s, rate=0 B/s, pending=0 bytes
[migrater] timestamp=1779269646.31, migrating=False, epoch=2, total_epochs=3, configured=0 B/s, rate=0 B/s, pending=0 bytes
[migrater] timestamp=1779269646.41, migrating=False, epoch=2, total_epochs=3, configured=0 B/s, rate=0 B/s, pending=0 bytes
[migrater] timestamp=1779269646.51, migrating=False, epoch=2, total_epochs=3, configured=0 B/s, rate=0 B/s, pending=0 bytes
[migrater] timestamp=1779269646.61, migrating=False, epoch=2, total_epochs=3, configured=0 B/s, rate=0 B/s, pending=0 bytes
[migrater] timestamp=1779269646.71, migrating=False, epoch=2, total_epochs=3, configured=0 B/s, rate=0 B/s, pending=0 bytes
[migrater] timestamp=1779269646.81, migrating=False, epoch=2, total_epochs=3, configured=0 B/s, rate=0 B/s, pending=0 bytes
[migrater] timestamp=1779269646.91, migrating=False, epoch=2, total_epochs=3, configured=0 B/s, rate=0 B/s, pending=0 bytes
[migrater] timestamp=1779269647.01, migrating=False, epoch=2, total_epochs=3, configured=0 B/s, rate=0 B/s, pending=0 bytes
[migrater] timestamp=1779269647.11, migrating=False, epoch=2, total_epochs=3, configured=0 B/s, rate=0 B/s, pending=0 bytes
[migrater] timestamp=1779269647.21, migrating=False, epoch=2, total_epochs=3, configured=0 B/s, rate=0 B/s, pending=0 bytes
[migrater] timestamp=1779269647.31, migrating=False, epoch=2, total_epochs=3, configured=0 B/s, rate=0 B/s, pending=0 bytes
[migrater] timestamp=1779269647.41, migrating=False, epoch=2, total_epochs=3, configured=0 B/s, rate=0 B/s, pending=0 bytes
[migrater] timestamp=1779269647.51, migrating=False, epoch=2, total_epochs=3, configured=0 B/s, rate=0 B/s, pending=0 bytes
[migrater] timestamp=1779269647.61, migrating=False, epoch=2, total_epochs=3, configured=0 B/s, rate=0 B/s, pending=0 bytes
[migrater] timestamp=1779269647.71, migrating=False, epoch=2, total_epochs=3, configured=0 B/s, rate=0 B/s, pending=0 bytes
[migrater] timestamp=1779269647.81, migrating=False, epoch=2, total_epochs=3, configured=0 B/s, rate=0 B/s, pending=0 bytes
[migrater] timestamp=1779269647.91, migrating=False, epoch=2, total_epochs=3, configured=0 B/s, rate=0 B/s, pending=0 bytes
[migrater] timestamp=1779269648.01, migrating=False, epoch=2, total_epochs=3, configured=0 B/s, rate=0 B/s, pending=0 bytes
[migrater] timestamp=1779269648.11, migrating=False, epoch=2, total_epochs=3, configured=0 B/s, rate=0 B/s, pending=0 bytes
[migrater] timestamp=1779269648.21, migrating=False, epoch=2, total_epochs=3, configured=0 B/s, rate=0 B/s, pending=0 bytes
[migrater] timestamp=1779269648.31, migrating=False, epoch=2, total_epochs=3, configured=0 B/s, rate=0 B/s, pending=0 bytes
[migrater] timestamp=1779269648.41, migrating=False, epoch=2, total_epochs=3, configured=0 B/s, rate=0 B/s, pending=0 bytes
[migrater] timestamp=1779269648.51, migrating=False, epoch=2, total_epochs=3, configured=0 B/s, rate=0 B/s, pending=0 bytes
[migrater] timestamp=1779269648.62, migrating=False, epoch=2, total_epochs=3, configured=0 B/s, rate=0 B/s, pending=0 bytes
[migrater] timestamp=1779269648.72, migrating=False, epoch=2, total_epochs=3, configured=0 B/s, rate=0 B/s, pending=0 bytes
[migrater] timestamp=1779269648.82, migrating=False, epoch=2, total_epochs=3, configured=0 B/s, rate=0 B/s, pending=0 bytes
[migrater] timestamp=1779269648.92, migrating=False, epoch=2, total_epochs=3, configured=0 B/s, rate=0 B/s, pending=0 bytes
[migrater] timestamp=1779269649.02, migrating=False, epoch=2, total_epochs=3, configured=0 B/s, rate=0 B/s, pending=0 bytes
[migrater] timestamp=1779269649.12, migrating=False, epoch=2, total_epochs=3, configured=0 B/s, rate=0 B/s, pending=0 bytes
[migrater] timestamp=1779269649.22, migrating=False, epoch=2, total_epochs=3, configured=0 B/s, rate=0 B/s, pending=0 bytes
[migrater] timestamp=1779269649.32, migrating=False, epoch=2, total_epochs=3, configured=0 B/s, rate=0 B/s, pending=0 bytes
[migrater] timestamp=1779269649.42, migrating=False, epoch=2, total_epochs=3, configured=0 B/s, rate=0 B/s, pending=0 bytes
[migrater] timestamp=1779269649.52, migrating=False, epoch=2, total_epochs=3, configured=0 B/s, rate=0 B/s, pending=0 bytes
[migrater] timestamp=1779269649.62, migrating=False, epoch=2, total_epochs=3, configured=0 B/s, rate=0 B/s, pending=0 bytes
[migrater] timestamp=1779269649.72, migrating=False, epoch=2, total_epochs=3, configured=0 B/s, rate=0 B/s, pending=0 bytes
[migrater] timestamp=1779269649.82, migrating=False, epoch=2, total_epochs=3, configured=0 B/s, rate=0 B/s, pending=0 bytes
[migrater] timestamp=1779269649.92, migrating=False, epoch=2, total_epochs=3, configured=0 B/s, rate=0 B/s, pending=0 bytes
[migrater] timestamp=1779269650.02, migrating=False, epoch=2, total_epochs=3, configured=0 B/s, rate=0 B/s, pending=0 bytes
[migrater] timestamp=1779269650.12, migrating=False, epoch=2, total_epochs=3, configured=0 B/s, rate=0 B/s, pending=0 bytes
[migrater] timestamp=1779269650.22, migrating=False, epoch=2, total_epochs=3, configured=0 B/s, rate=0 B/s, pending=0 bytes
[migrater] timestamp=1779269650.32, migrating=False, epoch=2, total_epochs=3, configured=0 B/s, rate=0 B/s, pending=0 bytes
[migrater] timestamp=1779269650.42, migrating=False, epoch=2, total_epochs=3, configured=0 B/s, rate=0 B/s, pending=0 bytes
[migrater] timestamp=1779269650.52, migrating=False, epoch=2, total_epochs=3, configured=0 B/s, rate=0 B/s, pending=0 bytes
[migrater] timestamp=1779269650.62, migrating=False, epoch=2, total_epochs=3, configured=0 B/s, rate=0 B/s, pending=0 bytes
[migrater] timestamp=1779269650.72, migrating=False, epoch=2, total_epochs=3, configured=0 B/s, rate=0 B/s, pending=0 bytes
[migrater] timestamp=1779269650.82, migrating=False, epoch=2, total_epochs=3, configured=0 B/s, rate=0 B/s, pending=0 bytes
[migrater] timestamp=1779269650.92, migrating=False, epoch=2, total_epochs=3, configured=0 B/s, rate=0 B/s, pending=0 bytes
[migrater] timestamp=1779269651.02, migrating=False, epoch=2, total_epochs=3, configured=0 B/s, rate=0 B/s, pending=0 bytes
[migrater] timestamp=1779269651.12, migrating=False, epoch=2, total_epochs=3, configured=0 B/s, rate=0 B/s, pending=0 bytes
[migrater] timestamp=1779269651.23, migrating=False, epoch=2, total_epochs=3, configured=0 B/s, rate=0 B/s, pending=0 bytes
[migrater] timestamp=1779269651.33, migrating=False, epoch=2, total_epochs=3, configured=0 B/s, rate=0 B/s, pending=0 bytes
[migrater] timestamp=1779269651.43, migrating=False, epoch=2, total_epochs=3, configured=0 B/s, rate=0 B/s, pending=0 bytes
[migrater] timestamp=1779269651.53, migrating=False, epoch=2, total_epochs=3, configured=0 B/s, rate=0 B/s, pending=0 bytes
[migrater] timestamp=1779269651.63, migrating=False, epoch=2, total_epochs=3, configured=0 B/s, rate=0 B/s, pending=0 bytes
[migrater] timestamp=1779269651.73, migrating=False, epoch=2, total_epochs=3, configured=0 B/s, rate=0 B/s, pending=0 bytes
[migrater] timestamp=1779269651.83, migrating=False, epoch=2, total_epochs=3, configured=0 B/s, rate=0 B/s, pending=0 bytes
[migrater] timestamp=1779269651.93, migrating=False, epoch=2, total_epochs=3, configured=0 B/s, rate=0 B/s, pending=0 bytes
[migrater] timestamp=1779269652.03, migrating=False, epoch=2, total_epochs=3, configured=0 B/s, rate=0 B/s, pending=0 bytes
[migrater] timestamp=1779269652.13, migrating=False, epoch=2, total_epochs=3, configured=0 B/s, rate=0 B/s, pending=0 bytes
[migrater] timestamp=1779269652.23, migrating=False, epoch=2, total_epochs=3, configured=0 B/s, rate=0 B/s, pending=0 bytes
[migrater] timestamp=1779269652.33, migrating=False, epoch=2, total_epochs=3, configured=0 B/s, rate=0 B/s, pending=0 bytes
[migrater] timestamp=1779269652.43, migrating=False, epoch=2, total_epochs=3, configured=0 B/s, rate=0 B/s, pending=0 bytes
[migrater] timestamp=1779269652.53, migrating=False, epoch=2, total_epochs=3, configured=0 B/s, rate=0 B/s, pending=0 bytes
[migrater] timestamp=1779269652.63, migrating=False, epoch=2, total_epochs=3, configured=0 B/s, rate=0 B/s, pending=0 bytes
[migrater] timestamp=1779269652.73, migrating=False, epoch=2, total_epochs=3, configured=0 B/s, rate=0 B/s, pending=0 bytes
[migrater] timestamp=1779269652.83, migrating=False, epoch=2, total_epochs=3, configured=0 B/s, rate=0 B/s, pending=0 bytes
[migrater] timestamp=1779269652.93, migrating=False, epoch=2, total_epochs=3, configured=0 B/s, rate=0 B/s, pending=0 bytes
[migrater] timestamp=1779269653.03, migrating=False, epoch=2, total_epochs=3, configured=0 B/s, rate=0 B/s, pending=0 bytes
[migrater] timestamp=1779269653.13, migrating=False, epoch=2, total_epochs=3, configured=0 B/s, rate=0 B/s, pending=0 bytes
[migrater] timestamp=1779269653.23, migrating=False, epoch=2, total_epochs=3, configured=0 B/s, rate=0 B/s, pending=0 bytes
[migrater] timestamp=1779269653.33, migrating=False, epoch=2, total_epochs=3, configured=0 B/s, rate=0 B/s, pending=0 bytes
[migrater] timestamp=1779269653.43, migrating=False, epoch=2, total_epochs=3, configured=0 B/s, rate=0 B/s, pending=0 bytes
[migrater] timestamp=1779269653.53, migrating=False, epoch=2, total_epochs=3, configured=0 B/s, rate=0 B/s, pending=0 bytes
[migrater] timestamp=1779269653.64, migrating=False, epoch=2, total_epochs=3, configured=0 B/s, rate=0 B/s, pending=0 bytes
[migrater] timestamp=1779269653.74, migrating=False, epoch=2, total_epochs=3, configured=0 B/s, rate=0 B/s, pending=0 bytes
[migrater] timestamp=1779269653.84, migrating=False, epoch=2, total_epochs=3, configured=0 B/s, rate=0 B/s, pending=0 bytes
[migrater] timestamp=1779269653.94, migrating=False, epoch=2, total_epochs=3, configured=0 B/s, rate=0 B/s, pending=0 bytes
[migrater] timestamp=1779269654.04, migrating=False, epoch=2, total_epochs=3, configured=0 B/s, rate=0 B/s, pending=0 bytes
[migrater] timestamp=1779269654.14, migrating=False, epoch=2, total_epochs=3, configured=0 B/s, rate=0 B/s, pending=0 bytes
[migrater] timestamp=1779269654.24, migrating=False, epoch=2, total_epochs=3, configured=0 B/s, rate=0 B/s, pending=0 bytes
[migrater] timestamp=1779269654.34, migrating=False, epoch=2, total_epochs=3, configured=0 B/s, rate=0 B/s, pending=0 bytes
[migrater] timestamp=1779269654.44, migrating=False, epoch=2, total_epochs=3, configured=0 B/s, rate=0 B/s, pending=0 bytes
[migrater] timestamp=1779269654.54, migrating=False, epoch=2, total_epochs=3, configured=0 B/s, rate=0 B/s, pending=0 bytes
[migrater] timestamp=1779269654.64, migrating=False, epoch=2, total_epochs=3, configured=0 B/s, rate=0 B/s, pending=0 bytes
[migrater] timestamp=1779269654.74, migrating=False, epoch=2, total_epochs=3, configured=0 B/s, rate=0 B/s, pending=0 bytes
[migrater] timestamp=1779269654.84, migrating=False, epoch=2, total_epochs=3, configured=0 B/s, rate=0 B/s, pending=0 bytes
[migrater] timestamp=1779269654.94, migrating=False, epoch=2, total_epochs=3, configured=0 B/s, rate=0 B/s, pending=0 bytes
[migrater] timestamp=1779269655.04, migrating=False, epoch=2, total_epochs=3, configured=0 B/s, rate=0 B/s, pending=0 bytes
[migrater] timestamp=1779269655.14, migrating=False, epoch=2, total_epochs=3, configured=0 B/s, rate=0 B/s, pending=0 bytes
[migrater] timestamp=1779269655.24, migrating=False, epoch=2, total_epochs=3, configured=0 B/s, rate=0 B/s, pending=0 bytes
[migrater] timestamp=1779269655.34, migrating=False, epoch=2, total_epochs=3, configured=0 B/s, rate=0 B/s, pending=0 bytes
[migrater] timestamp=1779269655.44, migrating=False, epoch=2, total_epochs=3, configured=0 B/s, rate=0 B/s, pending=0 bytes
[migrater] timestamp=1779269655.54, migrating=False, epoch=2, total_epochs=3, configured=0 B/s, rate=0 B/s, pending=0 bytes
[migrater] timestamp=1779269655.64, migrating=False, epoch=2, total_epochs=3, configured=0 B/s, rate=0 B/s, pending=0 bytes
[migrater] timestamp=1779269655.74, migrating=False, epoch=2, total_epochs=3, configured=0 B/s, rate=0 B/s, pending=0 bytes
[migrater] timestamp=1779269655.84, migrating=False, epoch=2, total_epochs=3, configured=0 B/s, rate=0 B/s, pending=0 bytes
[migrater] timestamp=1779269655.94, migrating=False, epoch=2, total_epochs=3, configured=0 B/s, rate=0 B/s, pending=0 bytes
[migrater] timestamp=1779269656.04, migrating=False, epoch=2, total_epochs=3, configured=0 B/s, rate=0 B/s, pending=0 bytes
[migrater] timestamp=1779269656.14, migrating=False, epoch=2, total_epochs=3, configured=0 B/s, rate=0 B/s, pending=0 bytes
[migrater] timestamp=1779269656.25, migrating=False, epoch=2, total_epochs=3, configured=0 B/s, rate=0 B/s, pending=0 bytes
[migrater] timestamp=1779269656.35, migrating=False, epoch=2, total_epochs=3, configured=0 B/s, rate=0 B/s, pending=0 bytes
[migrater] timestamp=1779269656.45, migrating=False, epoch=2, total_epochs=3, configured=0 B/s, rate=0 B/s, pending=0 bytes
[migrater] timestamp=1779269656.55, migrating=False, epoch=2, total_epochs=3, configured=0 B/s, rate=0 B/s, pending=0 bytes
[migrater] timestamp=1779269656.65, migrating=False, epoch=2, total_epochs=3, configured=0 B/s, rate=0 B/s, pending=0 bytes
[migrater] timestamp=1779269656.75, migrating=False, epoch=2, total_epochs=3, configured=0 B/s, rate=0 B/s, pending=0 bytes
[migrater] timestamp=1779269656.85, migrating=False, epoch=2, total_epochs=3, configured=0 B/s, rate=0 B/s, pending=0 bytes
[migrater] timestamp=1779269656.95, migrating=False, epoch=2, total_epochs=3, configured=0 B/s, rate=0 B/s, pending=0 bytes
[migrater] timestamp=1779269657.05, migrating=False, epoch=2, total_epochs=3, configured=0 B/s, rate=0 B/s, pending=0 bytes
[migrater] timestamp=1779269657.15, migrating=False, epoch=2, total_epochs=3, configured=0 B/s, rate=0 B/s, pending=0 bytes
[migrater] timestamp=1779269657.25, migrating=False, epoch=2, total_epochs=3, configured=0 B/s, rate=0 B/s, pending=0 bytes
[migrater] timestamp=1779269657.35, migrating=False, epoch=2, total_epochs=3, configured=0 B/s, rate=0 B/s, pending=0 bytes
[migrater] timestamp=1779269657.45, migrating=False, epoch=2, total_epochs=3, configured=0 B/s, rate=0 B/s, pending=0 bytes
[migrater] timestamp=1779269657.55, migrating=False, epoch=2, total_epochs=3, configured=0 B/s, rate=0 B/s, pending=0 bytes
[migrater] timestamp=1779269657.65, migrating=False, epoch=2, total_epochs=3, configured=0 B/s, rate=0 B/s, pending=0 bytes
[migrater] timestamp=1779269657.75, migrating=False, epoch=2, total_epochs=3, configured=0 B/s, rate=0 B/s, pending=0 bytes
[migrater] timestamp=1779269657.85, migrating=False, epoch=2, total_epochs=3, configured=0 B/s, rate=0 B/s, pending=0 bytes
[migrater] timestamp=1779269657.95, migrating=False, epoch=2, total_epochs=3, configured=0 B/s, rate=0 B/s, pending=0 bytes
[migrater] timestamp=1779269658.05, migrating=False, epoch=2, total_epochs=3, configured=0 B/s, rate=0 B/s, pending=0 bytes
[migrater] timestamp=1779269658.15, migrating=False, epoch=2, total_epochs=3, configured=0 B/s, rate=0 B/s, pending=0 bytes
[migrater] timestamp=1779269658.25, migrating=False, epoch=2, total_epochs=3, configured=0 B/s, rate=0 B/s, pending=0 bytes
[migrater] timestamp=1779269658.35, migrating=False, epoch=2, total_epochs=3, configured=0 B/s, rate=0 B/s, pending=0 bytes
[migrater] timestamp=1779269658.46, migrating=False, epoch=2, total_epochs=3, configured=0 B/s, rate=0 B/s, pending=0 bytes
[migrater] timestamp=1779269658.56, migrating=False, epoch=2, total_epochs=3, configured=0 B/s, rate=0 B/s, pending=0 bytes
[migrater] timestamp=1779269658.66, migrating=False, epoch=2, total_epochs=3, configured=0 B/s, rate=0 B/s, pending=0 bytes
[migrater] timestamp=1779269658.76, migrating=False, epoch=2, total_epochs=3, configured=0 B/s, rate=0 B/s, pending=0 bytes
[migrater] timestamp=1779269658.86, migrating=False, epoch=2, total_epochs=3, configured=0 B/s, rate=0 B/s, pending=0 bytes
[migrater] timestamp=1779269658.96, migrating=False, epoch=2, total_epochs=3, configured=0 B/s, rate=0 B/s, pending=0 bytes
[migrater] timestamp=1779269659.06, migrating=False, epoch=2, total_epochs=3, configured=0 B/s, rate=0 B/s, pending=0 bytes
[migrater] timestamp=1779269659.16, migrating=False, epoch=2, total_epochs=3, configured=0 B/s, rate=0 B/s, pending=0 bytes
[migrater] timestamp=1779269659.26, migrating=False, epoch=2, total_epochs=3, configured=0 B/s, rate=0 B/s, pending=0 bytes
[migrater] timestamp=1779269659.36, migrating=False, epoch=2, total_epochs=3, configured=0 B/s, rate=0 B/s, pending=0 bytes
[migrater] timestamp=1779269659.46, migrating=False, epoch=2, total_epochs=3, configured=0 B/s, rate=0 B/s, pending=0 bytes
[migrater] timestamp=1779269659.56, migrating=False, epoch=2, total_epochs=3, configured=0 B/s, rate=0 B/s, pending=0 bytes
[migrater] timestamp=1779269659.66, migrating=False, epoch=2, total_epochs=3, configured=0 B/s, rate=0 B/s, pending=0 bytes
[migrater] timestamp=1779269659.76, migrating=False, epoch=2, total_epochs=3, configured=0 B/s, rate=0 B/s, pending=0 bytes
[migrater] timestamp=1779269659.86, migrating=False, epoch=2, total_epochs=3, configured=0 B/s, rate=0 B/s, pending=0 bytes
[migrater] timestamp=1779269659.96, migrating=False, epoch=2, total_epochs=3, configured=0 B/s, rate=0 B/s, pending=0 bytes
[migrater] timestamp=1779269660.06, migrating=False, epoch=2, total_epochs=3, configured=0 B/s, rate=0 B/s, pending=0 bytes
[migrater] timestamp=1779269660.16, migrating=False, epoch=2, total_epochs=3, configured=0 B/s, rate=0 B/s, pending=0 bytes
[migrater] timestamp=1779269660.26, migrating=False, epoch=2, total_epochs=3, configured=0 B/s, rate=0 B/s, pending=0 bytes
[migrater] timestamp=1779269660.36, migrating=False, epoch=2, total_epochs=3, configured=0 B/s, rate=0 B/s, pending=0 bytes
[migrater] timestamp=1779269660.46, migrating=False, epoch=2, total_epochs=3, configured=0 B/s, rate=0 B/s, pending=0 bytes
[migrater] timestamp=1779269660.56, migrating=False, epoch=2, total_epochs=3, configured=0 B/s, rate=0 B/s, pending=0 bytes
[migrater] timestamp=1779269660.66, migrating=False, epoch=2, total_epochs=3, configured=0 B/s, rate=0 B/s, pending=0 bytes
[migrater] timestamp=1779269660.76, migrating=False, epoch=2, total_epochs=3, configured=0 B/s, rate=0 B/s, pending=0 bytes
[migrater] timestamp=1779269660.86, migrating=False, epoch=2, total_epochs=3, configured=0 B/s, rate=0 B/s, pending=0 bytes
[migrater] timestamp=1779269660.97, migrating=False, epoch=2, total_epochs=3, configured=0 B/s, rate=0 B/s, pending=0 bytes
[migrater] timestamp=1779269661.07, migrating=False, epoch=2, total_epochs=3, configured=0 B/s, rate=0 B/s, pending=0 bytes
[migrater] timestamp=1779269661.17, migrating=False, epoch=2, total_epochs=3, configured=0 B/s, rate=0 B/s, pending=0 bytes
[migrater] timestamp=1779269661.27, migrating=False, epoch=2, total_epochs=3, configured=0 B/s, rate=0 B/s, pending=0 bytes
[migrater] timestamp=1779269661.37, migrating=False, epoch=2, total_epochs=3, configured=0 B/s, rate=0 B/s, pending=0 bytes
[migrater] timestamp=1779269661.47, migrating=False, epoch=2, total_epochs=3, configured=0 B/s, rate=0 B/s, pending=0 bytes
[migrater] timestamp=1779269661.57, migrating=False, epoch=2, total_epochs=3, configured=0 B/s, rate=0 B/s, pending=0 bytes
[migrater] timestamp=1779269661.67, migrating=False, epoch=2, total_epochs=3, configured=0 B/s, rate=0 B/s, pending=0 bytes
[migrater] timestamp=1779269661.77, migrating=False, epoch=2, total_epochs=3, configured=0 B/s, rate=0 B/s, pending=0 bytes
[migrater] timestamp=1779269661.87, migrating=False, epoch=2, total_epochs=3, configured=0 B/s, rate=0 B/s, pending=0 bytes
[migrater] timestamp=1779269661.97, migrating=False, epoch=2, total_epochs=3, configured=0 B/s, rate=0 B/s, pending=0 bytes
[migrater] timestamp=1779269662.07, migrating=False, epoch=2, total_epochs=3, configured=0 B/s, rate=0 B/s, pending=0 bytes
[migrater] timestamp=1779269662.17, migrating=False, epoch=2, total_epochs=3, configured=0 B/s, rate=0 B/s, pending=0 bytes
[migrater] timestamp=1779269662.27, migrating=False, epoch=2, total_epochs=3, configured=0 B/s, rate=0 B/s, pending=0 bytes
[migrater] timestamp=1779269662.37, migrating=False, epoch=2, total_epochs=3, configured=0 B/s, rate=0 B/s, pending=0 bytes
[migrater] timestamp=1779269662.47, migrating=False, epoch=2, total_epochs=3, configured=0 B/s, rate=0 B/s, pending=0 bytes
[migrater] timestamp=1779269662.57, migrating=False, epoch=2, total_epochs=3, configured=0 B/s, rate=0 B/s, pending=0 bytes
[migrater] timestamp=1779269662.67, migrating=False, epoch=2, total_epochs=3, configured=0 B/s, rate=0 B/s, pending=0 bytes
[migrater] timestamp=1779269662.77, migrating=False, epoch=2, total_epochs=3, configured=0 B/s, rate=0 B/s, pending=0 bytes
[migrater] timestamp=1779269662.87, migrating=False, epoch=2, total_epochs=3, configured=0 B/s, rate=0 B/s, pending=0 bytes
[migrater] timestamp=1779269662.97, migrating=False, epoch=2, total_epochs=3, configured=0 B/s, rate=0 B/s, pending=0 bytes
[migrater] timestamp=1779269663.07, migrating=False, epoch=2, total_epochs=3, configured=0 B/s, rate=0 B/s, pending=0 bytes
[migrater] timestamp=1779269663.17, migrating=False, epoch=2, total_epochs=3, configured=0 B/s, rate=0 B/s, pending=0 bytes
[migrater] timestamp=1779269663.27, migrating=False, epoch=2, total_epochs=3, configured=0 B/s, rate=0 B/s, pending=0 bytes
[migrater] timestamp=1779269663.37, migrating=False, epoch=2, total_epochs=3, configured=0 B/s, rate=0 B/s, pending=0 bytes
[migrater] timestamp=1779269663.47, migrating=False, epoch=2, total_epochs=3, configured=0 B/s, rate=0 B/s, pending=0 bytes
[migrater] timestamp=1779269663.58, migrating=False, epoch=2, total_epochs=3, configured=0 B/s, rate=0 B/s, pending=0 bytes
[migrater] timestamp=1779269663.68, migrating=False, epoch=2, total_epochs=3, configured=0 B/s, rate=0 B/s, pending=0 bytes
[migrater] timestamp=1779269663.78, migrating=False, epoch=2, total_epochs=3, configured=0 B/s, rate=0 B/s, pending=0 bytes
[migrater] timestamp=1779269663.88, migrating=False, epoch=2, total_epochs=3, configured=0 B/s, rate=0 B/s, pending=0 bytes
[migrater] timestamp=1779269663.98, migrating=False, epoch=2, total_epochs=3, configured=0 B/s, rate=0 B/s, pending=0 bytes
[migrater] timestamp=1779269664.08, migrating=False, epoch=2, total_epochs=3, configured=0 B/s, rate=0 B/s, pending=0 bytes
[migrater] timestamp=1779269664.18, migrating=False, epoch=2, total_epochs=3, configured=0 B/s, rate=0 B/s, pending=0 bytes
[migrater] timestamp=1779269664.28, migrating=False, epoch=2, total_epochs=3, configured=0 B/s, rate=0 B/s, pending=0 bytes
[migrater] timestamp=1779269664.38, migrating=False, epoch=2, total_epochs=3, configured=0 B/s, rate=0 B/s, pending=0 bytes
[migrater] timestamp=1779269664.48, migrating=False, epoch=2, total_epochs=3, configured=0 B/s, rate=0 B/s, pending=0 bytes
[migrater] timestamp=1779269664.58, migrating=False, epoch=2, total_epochs=3, configured=0 B/s, rate=0 B/s, pending=0 bytes
[migrater] timestamp=1779269664.68, migrating=False, epoch=2, total_epochs=3, configured=0 B/s, rate=0 B/s, pending=0 bytes
[migrater] timestamp=1779269664.78, migrating=False, epoch=2, total_epochs=3, configured=0 B/s, rate=0 B/s, pending=0 bytes
[migrater] timestamp=1779269664.88, migrating=False, epoch=2, total_epochs=3, configured=0 B/s, rate=0 B/s, pending=0 bytes
[migrater] timestamp=1779269664.98, migrating=False, epoch=2, total_epochs=3, configured=0 B/s, rate=0 B/s, pending=0 bytes
[migrater] timestamp=1779269665.08, migrating=False, epoch=2, total_epochs=3, configured=0 B/s, rate=0 B/s, pending=0 bytes
[migrater] timestamp=1779269665.18, migrating=False, epoch=2, total_epochs=3, configured=0 B/s, rate=0 B/s, pending=0 bytes
[migrater] timestamp=1779269665.28, migrating=False, epoch=2, total_epochs=3, configured=0 B/s, rate=0 B/s, pending=0 bytes
[migrater] timestamp=1779269665.38, migrating=False, epoch=2, total_epochs=3, configured=0 B/s, rate=0 B/s, pending=0 bytes
[migrater] timestamp=1779269665.48, migrating=False, epoch=2, total_epochs=3, configured=0 B/s, rate=0 B/s, pending=0 bytes
[migrater] timestamp=1779269665.58, migrating=False, epoch=2, total_epochs=3, configured=0 B/s, rate=0 B/s, pending=0 bytes
[migrater] timestamp=1779269665.68, migrating=False, epoch=2, total_epochs=3, configured=0 B/s, rate=0 B/s, pending=0 bytes
[migrater] timestamp=1779269665.78, migrating=False, epoch=2, total_epochs=3, configured=0 B/s, rate=0 B/s, pending=0 bytes
[migrater] timestamp=1779269665.88, migrating=False, epoch=2, total_epochs=3, configured=0 B/s, rate=0 B/s, pending=0 bytes
[migrater] timestamp=1779269665.98, migrating=False, epoch=3, total_epochs=3, configured=0 B/s, rate=0 B/s, pending=5368709120 bytes
[migrater] timestamp=1779269666.09, migrating=True, epoch=3, total_epochs=3, configured=0 B/s, rate=0 B/s, pending=5368709120 bytes
[migrater] timestamp=1779269666.09, migrating=True, epoch=3, total_epochs=3, configured=2000000000 B/s, rate=1737662241 B/s, pending=5192548352 bytes ([3.28%] 176160768/5368709120 bytes copied)
[migrater] timestamp=1779269666.20, migrating=True, epoch=3, total_epochs=3, configured=2000000000 B/s, rate=2179775063 B/s, pending=4966055936 bytes ([7.50%] 402653184/5368709120 bytes copied)
[migrater] timestamp=1779269666.30, migrating=True, epoch=3, total_epochs=3, configured=2000000000 B/s, rate=2000228550 B/s, pending=4764729344 bytes ([11.25%] 603979776/5368709120 bytes copied)
[migrater] timestamp=1779269666.40, migrating=True, epoch=3, total_epochs=3, configured=2000000000 B/s, rate=1999698882 B/s, pending=4563402752 bytes ([15.00%] 805306368/5368709120 bytes copied)
[migrater] timestamp=1779269666.50, migrating=True, epoch=3, total_epochs=3, configured=2000000000 B/s, rate=1999332871 B/s, pending=4362076160 bytes ([18.75%] 1006632960/5368709120 bytes copied)
[migrater] timestamp=1779269666.60, migrating=True, epoch=3, total_epochs=3, configured=2000000000 B/s, rate=1999952753 B/s, pending=4160749568 bytes ([22.50%] 1207959552/5368709120 bytes copied)
[migrater] timestamp=1779269666.70, migrating=True, epoch=3, total_epochs=3, configured=2000000000 B/s, rate=2000273662 B/s, pending=3959422976 bytes ([26.25%] 1409286144/5368709120 bytes copied)
[migrater] timestamp=1779269666.80, migrating=True, epoch=3, total_epochs=3, configured=2000000000 B/s, rate=1999742583 B/s, pending=3758096384 bytes ([30.00%] 1610612736/5368709120 bytes copied)
[migrater] timestamp=1779269666.90, migrating=True, epoch=3, total_epochs=3, configured=2000000000 B/s, rate=1999550721 B/s, pending=3556769792 bytes ([33.75%] 1811939328/5368709120 bytes copied)
[migrater] timestamp=1779269667.00, migrating=True, epoch=3, total_epochs=3, configured=2000000000 B/s, rate=2000068985 B/s, pending=3355443200 bytes ([37.50%] 2013265920/5368709120 bytes copied)
[migrater] timestamp=1779269667.10, migrating=True, epoch=3, total_epochs=3, configured=2000000000 B/s, rate=2000202915 B/s, pending=3154116608 bytes ([41.25%] 2214592512/5368709120 bytes copied)
[migrater] timestamp=1779269667.20, migrating=True, epoch=3, total_epochs=3, configured=2000000000 B/s, rate=2000533245 B/s, pending=2952790016 bytes ([45.00%] 2415919104/5368709120 bytes copied)
[migrater] timestamp=1779269667.30, migrating=True, epoch=3, total_epochs=3, configured=2000000000 B/s, rate=1999935053 B/s, pending=2751463424 bytes ([48.75%] 2617245696/5368709120 bytes copied)
[migrater] timestamp=1779269667.40, migrating=True, epoch=3, total_epochs=3, configured=2000000000 B/s, rate=2000077729 B/s, pending=2550136832 bytes ([52.50%] 2818572288/5368709120 bytes copied)
[migrater] timestamp=1779269667.51, migrating=True, epoch=3, total_epochs=3, configured=2000000000 B/s, rate=1871225664 B/s, pending=2357198848 bytes ([56.09%] 3011510272/5368709120 bytes copied)
[migrater] timestamp=1779269667.61, migrating=True, epoch=3, total_epochs=3, configured=2000000000 B/s, rate=2129373724 B/s, pending=2139095040 bytes ([60.16%] 3229614080/5368709120 bytes copied)
[migrater] timestamp=1779269667.71, migrating=True, epoch=3, total_epochs=3, configured=2000000000 B/s, rate=2000163569 B/s, pending=1937768448 bytes ([63.91%] 3430940672/5368709120 bytes copied)
[migrater] timestamp=1779269667.81, migrating=True, epoch=3, total_epochs=3, configured=2000000000 B/s, rate=1999678622 B/s, pending=1736441856 bytes ([67.66%] 3632267264/5368709120 bytes copied)
[migrater] timestamp=1779269667.91, migrating=True, epoch=3, total_epochs=3, configured=1000000000 B/s, rate=1918302908 B/s, pending=1543503872 bytes ([71.25%] 3825205248/5368709120 bytes copied)
[migrater] timestamp=1779269668.01, migrating=True, epoch=3, total_epochs=3, configured=1000000000 B/s, rate=1000350916 B/s, pending=1442840576 bytes ([73.12%] 3925868544/5368709120 bytes copied)
[migrater] timestamp=1779269668.11, migrating=True, epoch=3, total_epochs=3, configured=1000000000 B/s, rate=1000030121 B/s, pending=1342177280 bytes ([75.00%] 4026531840/5368709120 bytes copied)
[migrater] timestamp=1779269668.21, migrating=True, epoch=3, total_epochs=3, configured=1000000000 B/s, rate=999907145 B/s, pending=1241513984 bytes ([76.88%] 4127195136/5368709120 bytes copied)
[migrater] timestamp=1779269668.31, migrating=True, epoch=3, total_epochs=3, configured=1000000000 B/s, rate=1000084070 B/s, pending=1140850688 bytes ([78.75%] 4227858432/5368709120 bytes copied)
[migrater] timestamp=1779269668.41, migrating=True, epoch=3, total_epochs=3, configured=1000000000 B/s, rate=999957991 B/s, pending=1040187392 bytes ([80.62%] 4328521728/5368709120 bytes copied)
[migrater] timestamp=1779269668.51, migrating=True, epoch=3, total_epochs=3, configured=1000000000 B/s, rate=1000067178 B/s, pending=939524096 bytes ([82.50%] 4429185024/5368709120 bytes copied)
[migrater] timestamp=1779269668.62, migrating=True, epoch=3, total_epochs=3, configured=1000000000 B/s, rate=999620483 B/s, pending=838860800 bytes ([84.38%] 4529848320/5368709120 bytes copied)
[migrater] timestamp=1779269668.72, migrating=True, epoch=3, total_epochs=3, configured=1000000000 B/s, rate=999821535 B/s, pending=738197504 bytes ([86.25%] 4630511616/5368709120 bytes copied)
[migrater] timestamp=1779269668.82, migrating=True, epoch=3, total_epochs=3, configured=1000000000 B/s, rate=1000016710 B/s, pending=637534208 bytes ([88.12%] 4731174912/5368709120 bytes copied)
[migrater] timestamp=1779269668.92, migrating=True, epoch=3, total_epochs=3, configured=1000000000 B/s, rate=999487187 B/s, pending=536870912 bytes ([90.00%] 4831838208/5368709120 bytes copied)
[migrater] timestamp=1779269669.02, migrating=True, epoch=3, total_epochs=3, configured=1000000000 B/s, rate=1000188703 B/s, pending=436207616 bytes ([91.88%] 4932501504/5368709120 bytes copied)
[migrater] timestamp=1779269669.12, migrating=True, epoch=3, total_epochs=3, configured=1000000000 B/s, rate=999868797 B/s, pending=335544320 bytes ([93.75%] 5033164800/5368709120 bytes copied)
[migrater] timestamp=1779269669.22, migrating=True, epoch=3, total_epochs=3, configured=1000000000 B/s, rate=1000261058 B/s, pending=234881024 bytes ([95.62%] 5133828096/5368709120 bytes copied)
[migrater] timestamp=1779269669.32, migrating=True, epoch=3, total_epochs=3, configured=1000000000 B/s, rate=999786383 B/s, pending=134217728 bytes ([97.50%] 5234491392/5368709120 bytes copied)
[migrater] timestamp=1779269669.42, migrating=True, epoch=3, total_epochs=3, configured=1000000000 B/s, rate=999971907 B/s, pending=33554432 bytes ([99.38%] 5335154688/5368709120 bytes copied)
[migrater] timestamp=1779269669.61, migrating=True, epoch=3, total_epochs=3, configured=0 B/s, rate=0 B/s, pending=33554432 bytes
