[migrater] timestamp=1779269570.71, migrating=False, epoch=0, total_epochs=0, configured=0 B/s, rate=0 B/s, pending=0 bytesMigrater running on 50051

[migrater] timestamp=1779269570.86, migrating=False, epoch=0, total_epochs=0, configured=0 B/s, rate=0 B/s, pending=0 bytes
[migrater] timestamp=1779269570.96, migrating=False, epoch=0, total_epochs=0, configured=0 B/s, rate=0 B/s, pending=0 bytes
[migrater] timestamp=1779269571.06, migrating=False, epoch=0, total_epochs=0, configured=0 B/s, rate=0 B/s, pending=0 bytes
[migrater] timestamp=1779269571.16, migrating=False, epoch=0, total_epochs=0, configured=0 B/s, rate=0 B/s, pending=0 bytes
[migrater] timestamp=1779269571.26, migrating=False, epoch=0, total_epochs=0, configured=0 B/s, rate=0 B/s, pending=0 bytes
[migrater] timestamp=1779269571.36, migrating=False, epoch=0, total_epochs=0, configured=0 B/s, rate=0 B/s, pending=0 bytes
[migrater] timestamp=1779269571.46, migrating=False, epoch=0, total_epochs=0, configured=0 B/s, rate=0 B/s, pending=0 bytes
[migrater] timestamp=1779269571.56, migrating=False, epoch=0, total_epochs=0, configured=0 B/s, rate=0 B/s, pending=0 bytes
[migrater] timestamp=1779269571.66, migrating=False, epoch=0, total_epochs=0, configured=0 B/s, rate=0 B/s, pending=0 bytes
[migrater] timestamp=1779269571.76, migrating=False, epoch=0, total_epochs=0, configured=0 B/s, rate=0 B/s, pending=0 bytes
[migrater] timestamp=1779269571.86, migrating=False, epoch=0, total_epochs=0, configured=0 B/s, rate=0 B/s, pending=0 bytes
[migrater] timestamp=1779269571.96, migrating=False, epoch=0, total_epochs=0, configured=0 B/s, rate=0 B/s, pending=0 bytes
[migrater] timestamp=1779269572.06, migrating=False, epoch=0, total_epochs=0, configured=0 B/s, rate=0 B/s, pending=0 bytes
[migrater] timestamp=1779269572.16, migrating=False, epoch=0, total_epochs=0, configured=0 B/s, rate=0 B/s, pending=0 bytes
[migrater] timestamp=1779269572.27, migrating=False, epoch=0, total_epochs=0, configured=0 B/s, rate=0 B/s, pending=0 bytes
[migrater] timestamp=1779269572.37, migrating=False, epoch=0, total_epochs=0, configured=0 B/s, rate=0 B/s, pending=0 bytes
[migrater] timestamp=1779269572.47, migrating=False, epoch=0, total_epochs=0, configured=0 B/s, rate=0 B/s, pending=0 bytes
[migrater] timestamp=1779269572.57, migrating=False, epoch=0, total_epochs=0, configured=0 B/s, rate=0 B/s, pending=0 bytes
[migrater] timestamp=1779269572.67, migrating=False, epoch=0, total_epochs=0, configured=0 B/s, rate=0 B/s, pending=0 bytes
[migrater] timestamp=1779269572.77, migrating=False, epoch=0, total_epochs=0, configured=0 B/s, rate=0 B/s, pending=0 bytes
[migrater] timestamp=1779269572.87, migrating=False, epoch=0, total_epochs=0, configured=0 B/s, rate=0 B/s, pending=0 bytes
[migrater] timestamp=1779269572.97, migrating=False, epoch=0, total_epochs=0, configured=0 B/s, rate=0 B/s, pending=0 bytes
[migrater] timestamp=1779269573.07, migrating=False, epoch=0, total_epochs=0, configured=0 B/s, rate=0 B/s, pending=0 bytes
[migrater] timestamp=1779269573.17, migrating=False, epoch=0, total_epochs=0, configured=0 B/s, rate=0 B/s, pending=0 bytes
[migrater] timestamp=1779269573.27, migrating=False, epoch=0, total_epochs=0, configured=0 B/s, rate=0 B/s, pending=0 bytes
[migrater] timestamp=1779269573.37, migrating=False, epoch=0, total_epochs=0, configured=0 B/s, rate=0 B/s, pending=0 bytes
[migrater] timestamp=1779269573.47, migrating=False, epoch=0, total_epochs=0, configured=0 B/s, rate=0 B/s, pending=0 bytes
[migrater] timestamp=1779269573.57, migrating=False, epoch=0, total_epochs=0, configured=0 B/s, rate=0 B/s, pending=0 bytes
[migrater] timestamp=1779269573.67, migrating=False, epoch=0, total_epochs=0, configured=0 B/s, rate=0 B/s, pending=0 bytes
[migrater] timestamp=1779269573.77, migrating=False, epoch=0, total_epochs=0, configured=0 B/s, rate=0 B/s, pending=0 bytes
[migrater] timestamp=1779269573.87, migrating=False, epoch=0, total_epochs=0, configured=0 B/s, rate=0 B/s, pending=0 bytes
[migrater] timestamp=1779269573.97, migrating=False, epoch=0, total_epochs=0, configured=0 B/s, rate=0 B/s, pending=0 bytes
[migrater] timestamp=1779269574.07, migrating=False, epoch=0, total_epochs=0, configured=0 B/s, rate=0 B/s, pending=0 bytes
[migrater] timestamp=1779269574.17, migrating=False, epoch=0, total_epochs=0, configured=0 B/s, rate=0 B/s, pending=0 bytes
[migrater] timestamp=1779269574.27, migrating=False, epoch=0, total_epochs=0, configured=0 B/s, rate=0 B/s, pending=0 bytes
[migrater] timestamp=1779269574.37, migrating=False, epoch=0, total_epochs=0, configured=0 B/s, rate=0 B/s, pending=0 bytes
[migrater] timestamp=1779269574.47, migrating=False, epoch=0, total_epochs=0, configured=0 B/s, rate=0 B/s, pending=0 bytes
[migrater] timestamp=1779269574.57, migrating=False, epoch=0, total_epochs=0, configured=0 B/s, rate=0 B/s, pending=0 bytes
[migrater] timestamp=1779269574.67, migrating=False, epoch=0, total_epochs=0, configured=0 B/s, rate=0 B/s, pending=0 bytes
[migrater] timestamp=1779269574.78, migrating=False, epoch=0, total_epochs=0, configured=0 B/s, rate=0 B/s, pending=0 bytes
[migrater] timestamp=1779269574.88, migrating=False, epoch=0, total_epochs=0, configured=0 B/s, rate=0 B/s, pending=0 bytes
[migrater] timestamp=1779269574.98, migrating=False, epoch=0, total_epochs=0, configured=0 B/s, rate=0 B/s, pending=0 bytes
[migrater] timestamp=1779269575.08, migrating=False, epoch=0, total_epochs=0, configured=0 B/s, rate=0 B/s, pending=0 bytes
[migrater] timestamp=1779269575.18, migrating=False, epoch=0, total_epochs=0, configured=0 B/s, rate=0 B/s, pending=0 bytes
[migrater] timestamp=1779269575.28, migrating=False, epoch=0, total_epochs=0, configured=0 B/s, rate=0 B/s, pending=0 bytes
[migrater] timestamp=1779269575.38, migrating=False, epoch=0, total_epochs=0, configured=0 B/s, rate=0 B/s, pending=0 bytes
[migrater] timestamp=1779269575.48, migrating=False, epoch=0, total_epochs=0, configured=0 B/s, rate=0 B/s, pending=0 bytes
[migrater] timestamp=1779269575.58, migrating=False, epoch=0, total_epochs=0, configured=0 B/s, rate=0 B/s, pending=0 bytes
[migrater] timestamp=1779269575.68, migrating=False, epoch=0, total_epochs=0, configured=0 B/s, rate=0 B/s, pending=0 bytes
[migrater] timestamp=1779269575.78, migrating=False, epoch=0, total_epochs=0, configured=0 B/s, rate=0 B/s, pending=0 bytes
[migrater] timestamp=1779269575.88, migrating=False, epoch=0, total_epochs=0, configured=0 B/s, rate=0 B/s, pending=0 bytes
[migrater] timestamp=1779269575.98, migrating=False, epoch=0, total_epochs=0, configured=0 B/s, rate=0 B/s, pending=0 bytes
[migrater] timestamp=1779269576.08, migrating=False, epoch=0, total_epochs=0, configured=0 B/s, rate=0 B/s, pending=0 bytes
[migrater] timestamp=1779269576.18, migrating=False, epoch=0, total_epochs=0, configured=0 B/s, rate=0 B/s, pending=0 bytes
[migrater] timestamp=1779269576.28, migrating=False, epoch=0, total_epochs=0, configured=0 B/s, rate=0 B/s, pending=0 bytes
[migrater] timestamp=1779269576.38, migrating=False, epoch=0, total_epochs=0, configured=0 B/s, rate=0 B/s, pending=0 bytes
[migrater] timestamp=1779269576.48, migrating=False, epoch=0, total_epochs=0, configured=0 B/s, rate=0 B/s, pending=0 bytes
[migrater] timestamp=1779269576.58, migrating=False, epoch=0, total_epochs=0, configured=0 B/s, rate=0 B/s, pending=0 bytes
[migrater] timestamp=1779269576.68, migrating=False, epoch=0, total_epochs=0, configured=0 B/s, rate=0 B/s, pending=0 bytes
[migrater] timestamp=1779269576.78, migrating=False, epoch=0, total_epochs=0, configured=0 B/s, rate=0 B/s, pending=0 bytes
[migrater] timestamp=1779269576.88, migrating=False, epoch=0, total_epochs=0, configured=0 B/s, rate=0 B/s, pending=0 bytes
[migrater] timestamp=1779269576.98, migrating=False, epoch=0, total_epochs=0, configured=0 B/s, rate=0 B/s, pending=0 bytes
[migrater] timestamp=1779269577.08, migrating=False, epoch=0, total_epochs=0, configured=0 B/s, rate=0 B/s, pending=0 bytes
[migrater] timestamp=1779269577.18, migrating=False, epoch=0, total_epochs=0, configured=0 B/s, rate=0 B/s, pending=0 bytes
[migrater] timestamp=1779269577.28, migrating=False, epoch=0, total_epochs=0, configured=0 B/s, rate=0 B/s, pending=0 bytes
[migrater] timestamp=1779269577.39, migrating=False, epoch=0, total_epochs=0, configured=0 B/s, rate=0 B/s, pending=0 bytes
[migrater] timestamp=1779269577.49, migrating=False, epoch=0, total_epochs=0, configured=0 B/s, rate=0 B/s, pending=0 bytes
[migrater] timestamp=1779269577.59, migrating=False, epoch=0, total_epochs=0, configured=0 B/s, rate=0 B/s, pending=0 bytes
[migrater] timestamp=1779269577.69, migrating=False, epoch=0, total_epochs=0, configured=0 B/s, rate=0 B/s, pending=0 bytes
[migrater] timestamp=1779269577.79, migrating=False, epoch=0, total_epochs=0, configured=0 B/s, rate=0 B/s, pending=0 bytes
[migrater] timestamp=1779269577.89, migrating=False, epoch=0, total_epochs=0, configured=0 B/s, rate=0 B/s, pending=0 bytes
[migrater] timestamp=1779269577.99, migrating=False, epoch=0, total_epochs=0, configured=0 B/s, rate=0 B/s, pending=0 bytes
[migrater] timestamp=1779269578.09, migrating=False, epoch=0, total_epochs=0, configured=0 B/s, rate=0 B/s, pending=0 bytes
[migrater] timestamp=1779269578.19, migrating=False, epoch=0, total_epochs=0, configured=0 B/s, rate=0 B/s, pending=0 bytes
[migrater] timestamp=1779269578.29, migrating=False, epoch=0, total_epochs=0, configured=0 B/s, rate=0 B/s, pending=0 bytes
[migrater] timestamp=1779269578.39, migrating=False, epoch=0, total_epochs=0, configured=0 B/s, rate=0 B/s, pending=0 bytes
[migrater] timestamp=1779269578.49, migrating=False, epoch=0, total_epochs=0, configured=0 B/s, rate=0 B/s, pending=0 bytes
[migrater] timestamp=1779269578.59, migrating=False, epoch=0, total_epochs=0, configured=0 B/s, rate=0 B/s, pending=0 bytes
[migrater] timestamp=1779269578.69, migrating=False, epoch=0, total_epochs=0, configured=0 B/s, rate=0 B/s, pending=0 bytes
[migrater] timestamp=1779269578.79, migrating=False, epoch=0, total_epochs=0, configured=0 B/s, rate=0 B/s, pending=0 bytes
[migrater] timestamp=1779269578.89, migrating=False, epoch=0, total_epochs=0, configured=0 B/s, rate=0 B/s, pending=0 bytes
[migrater] timestamp=1779269578.99, migrating=False, epoch=0, total_epochs=0, configured=0 B/s, rate=0 B/s, pending=0 bytes
[migrater] timestamp=1779269579.09, migrating=False, epoch=0, total_epochs=0, configured=0 B/s, rate=0 B/s, pending=0 bytes
[migrater] timestamp=1779269579.19, migrating=False, epoch=0, total_epochs=0, configured=0 B/s, rate=0 B/s, pending=0 bytes
[migrater] timestamp=1779269579.29, migrating=False, epoch=0, total_epochs=0, configured=0 B/s, rate=0 B/s, pending=0 bytes
[migrater] timestamp=1779269579.39, migrating=False, epoch=0, total_epochs=0, configured=0 B/s, rate=0 B/s, pending=0 bytes
[migrater] timestamp=1779269579.49, migrating=False, epoch=0, total_epochs=0, configured=0 B/s, rate=0 B/s, pending=0 bytes
[migrater] timestamp=1779269579.59, migrating=False, epoch=0, total_epochs=0, configured=0 B/s, rate=0 B/s, pending=0 bytes
[migrater] timestamp=1779269579.69, migrating=False, epoch=0, total_epochs=0, configured=0 B/s, rate=0 B/s, pending=0 bytes
[migrater] timestamp=1779269579.79, migrating=False, epoch=0, total_epochs=0, configured=0 B/s, rate=0 B/s, pending=0 bytes
[migrater] timestamp=1779269579.89, migrating=False, epoch=0, total_epochs=0, configured=0 B/s, rate=0 B/s, pending=0 bytes
[migrater] timestamp=1779269580.00, migrating=False, epoch=0, total_epochs=0, configured=0 B/s, rate=0 B/s, pending=0 bytes
[migrater] timestamp=1779269580.10, migrating=False, epoch=0, total_epochs=0, configured=0 B/s, rate=0 B/s, pending=0 bytes
[migrater] timestamp=1779269580.20, migrating=False, epoch=0, total_epochs=0, configured=0 B/s, rate=0 B/s, pending=0 bytes
[migrater] timestamp=1779269580.30, migrating=False, epoch=0, total_epochs=0, configured=0 B/s, rate=0 B/s, pending=0 bytes
[migrater] timestamp=1779269580.40, migrating=False, epoch=0, total_epochs=0, configured=0 B/s, rate=0 B/s, pending=0 bytes
[migrater] timestamp=1779269580.50, migrating=False, epoch=0, total_epochs=0, configured=0 B/s, rate=0 B/s, pending=0 bytes
[migrater] timestamp=1779269580.60, migrating=False, epoch=0, total_epochs=0, configured=0 B/s, rate=0 B/s, pending=0 bytes
[migrater] timestamp=1779269580.70, migrating=False, epoch=0, total_epochs=0, configured=0 B/s, rate=0 B/s, pending=0 bytes
[migrater] timestamp=1779269580.80, migrating=False, epoch=0, total_epochs=0, configured=0 B/s, rate=0 B/s, pending=0 bytes
[migrater] timestamp=1779269580.90, migrating=False, epoch=0, total_epochs=0, configured=0 B/s, rate=0 B/s, pending=0 bytes
[migrater] timestamp=1779269581.00, migrating=False, epoch=0, total_epochs=0, configured=0 B/s, rate=0 B/s, pending=0 bytes
[migrater] timestamp=1779269581.10, migrating=False, epoch=0, total_epochs=0, configured=0 B/s, rate=0 B/s, pending=0 bytes
[migrater] timestamp=1779269581.20, migrating=False, epoch=0, total_epochs=0, configured=0 B/s, rate=0 B/s, pending=0 bytes
[migrater] timestamp=1779269581.30, migrating=False, epoch=0, total_epochs=0, configured=0 B/s, rate=0 B/s, pending=0 bytes
[migrater] timestamp=1779269581.40, migrating=False, epoch=0, total_epochs=0, configured=0 B/s, rate=0 B/s, pending=0 bytes
[migrater] timestamp=1779269581.50, migrating=False, epoch=0, total_epochs=0, configured=0 B/s, rate=0 B/s, pending=0 bytes
[migrater] timestamp=1779269581.60, migrating=False, epoch=0, total_epochs=0, configured=0 B/s, rate=0 B/s, pending=0 bytes
[migrater] timestamp=1779269581.70, migrating=False, epoch=0, total_epochs=0, configured=0 B/s, rate=0 B/s, pending=0 bytes
[migrater] timestamp=1779269581.80, migrating=False, epoch=0, total_epochs=0, configured=0 B/s, rate=0 B/s, pending=0 bytes
[migrater] timestamp=1779269581.90, migrating=False, epoch=0, total_epochs=0, configured=0 B/s, rate=0 B/s, pending=0 bytes
[migrater] timestamp=1779269582.00, migrating=False, epoch=0, total_epochs=0, configured=0 B/s, rate=0 B/s, pending=0 bytes
[migrater] timestamp=1779269582.10, migrating=False, epoch=0, total_epochs=0, configured=0 B/s, rate=0 B/s, pending=0 bytes
[migrater] timestamp=1779269582.20, migrating=False, epoch=0, total_epochs=0, configured=0 B/s, rate=0 B/s, pending=0 bytes
[migrater] timestamp=1779269582.30, migrating=False, epoch=0, total_epochs=0, configured=0 B/s, rate=0 B/s, pending=0 bytes
[migrater] timestamp=1779269582.40, migrating=False, epoch=0, total_epochs=0, configured=0 B/s, rate=0 B/s, pending=0 bytes
[migrater] timestamp=1779269582.51, migrating=False, epoch=0, total_epochs=0, configured=0 B/s, rate=0 B/s, pending=0 bytes
[migrater] timestamp=1779269582.61, migrating=False, epoch=0, total_epochs=0, configured=0 B/s, rate=0 B/s, pending=0 bytes
[migrater] timestamp=1779269582.71, migrating=False, epoch=0, total_epochs=0, configured=0 B/s, rate=0 B/s, pending=0 bytes
[migrater] timestamp=1779269582.81, migrating=False, epoch=0, total_epochs=0, configured=0 B/s, rate=0 B/s, pending=0 bytes
[migrater] timestamp=1779269582.91, migrating=False, epoch=0, total_epochs=0, configured=0 B/s, rate=0 B/s, pending=0 bytes
[migrater] timestamp=1779269583.01, migrating=False, epoch=0, total_epochs=0, configured=0 B/s, rate=0 B/s, pending=0 bytes
[migrater] timestamp=1779269583.11, migrating=False, epoch=0, total_epochs=0, configured=0 B/s, rate=0 B/s, pending=0 bytes
[migrater] timestamp=1779269583.21, migrating=False, epoch=0, total_epochs=0, configured=0 B/s, rate=0 B/s, pending=0 bytes
[migrater] timestamp=1779269583.31, migrating=False, epoch=0, total_epochs=0, configured=0 B/s, rate=0 B/s, pending=0 bytes
[migrater] timestamp=1779269583.41, migrating=False, epoch=0, total_epochs=0, configured=0 B/s, rate=0 B/s, pending=0 bytes
[migrater] timestamp=1779269583.51, migrating=False, epoch=0, total_epochs=0, configured=0 B/s, rate=0 B/s, pending=0 bytes
[migrater] timestamp=1779269583.61, migrating=False, epoch=0, total_epochs=0, configured=0 B/s, rate=0 B/s, pending=0 bytes
[migrater] timestamp=1779269583.71, migrating=False, epoch=0, total_epochs=0, configured=0 B/s, rate=0 B/s, pending=0 bytes
[migrater] timestamp=1779269583.81, migrating=False, epoch=0, total_epochs=0, configured=0 B/s, rate=0 B/s, pending=0 bytes
[migrater] timestamp=1779269583.91, migrating=False, epoch=0, total_epochs=0, configured=0 B/s, rate=0 B/s, pending=0 bytes
[migrater] timestamp=1779269584.01, migrating=False, epoch=0, total_epochs=0, configured=0 B/s, rate=0 B/s, pending=0 bytes
[migrater] timestamp=1779269584.11, migrating=False, epoch=0, total_epochs=0, configured=0 B/s, rate=0 B/s, pending=0 bytes
[migrater] timestamp=1779269584.21, migrating=False, epoch=0, total_epochs=0, configured=0 B/s, rate=0 B/s, pending=0 bytes
[migrater] timestamp=1779269584.31, migrating=False, epoch=0, total_epochs=0, configured=0 B/s, rate=0 B/s, pending=0 bytes
[migrater] timestamp=1779269584.41, migrating=False, epoch=0, total_epochs=0, configured=0 B/s, rate=0 B/s, pending=0 bytes
[migrater] timestamp=1779269584.51, migrating=False, epoch=0, total_epochs=0, configured=0 B/s, rate=0 B/s, pending=0 bytes
[migrater] timestamp=1779269584.61, migrating=False, epoch=0, total_epochs=0, configured=0 B/s, rate=0 B/s, pending=0 bytes
[migrater] timestamp=1779269584.71, migrating=False, epoch=0, total_epochs=0, configured=0 B/s, rate=0 B/s, pending=0 bytes
[migrater] timestamp=1779269584.82, migrating=False, epoch=0, total_epochs=0, configured=0 B/s, rate=0 B/s, pending=0 bytes
[migrater] timestamp=1779269584.92, migrating=False, epoch=0, total_epochs=0, configured=0 B/s, rate=0 B/s, pending=0 bytes
[migrater] timestamp=1779269585.02, migrating=False, epoch=0, total_epochs=0, configured=0 B/s, rate=0 B/s, pending=0 bytes
[migrater] timestamp=1779269585.12, migrating=False, epoch=0, total_epochs=0, configured=0 B/s, rate=0 B/s, pending=0 bytes
[migrater] timestamp=1779269585.22, migrating=False, epoch=0, total_epochs=0, configured=0 B/s, rate=0 B/s, pending=0 bytes
[migrater] timestamp=1779269585.32, migrating=False, epoch=0, total_epochs=0, configured=0 B/s, rate=0 B/s, pending=0 bytes
[migrater] timestamp=1779269585.42, migrating=False, epoch=0, total_epochs=0, configured=0 B/s, rate=0 B/s, pending=0 bytes
[migrater] timestamp=1779269585.52, migrating=False, epoch=0, total_epochs=0, configured=0 B/s, rate=0 B/s, pending=0 bytes
[migrater] timestamp=1779269585.62, migrating=False, epoch=0, total_epochs=0, configured=0 B/s, rate=0 B/s, pending=0 bytes
[migrater] timestamp=1779269585.72, migrating=False, epoch=0, total_epochs=0, configured=0 B/s, rate=0 B/s, pending=0 bytes
[migrater] timestamp=1779269585.82, migrating=False, epoch=0, total_epochs=0, configured=0 B/s, rate=0 B/s, pending=0 bytes
[migrater] timestamp=1779269585.92, migrating=False, epoch=0, total_epochs=0, configured=0 B/s, rate=0 B/s, pending=0 bytes
[migrater] timestamp=1779269586.02, migrating=False, epoch=0, total_epochs=0, configured=0 B/s, rate=0 B/s, pending=0 bytes
[migrater] timestamp=1779269586.12, migrating=False, epoch=0, total_epochs=0, configured=0 B/s, rate=0 B/s, pending=0 bytes
[migrater] timestamp=1779269586.22, migrating=False, epoch=0, total_epochs=0, configured=0 B/s, rate=0 B/s, pending=0 bytes
[migrater] timestamp=1779269586.32, migrating=False, epoch=0, total_epochs=0, configured=0 B/s, rate=0 B/s, pending=0 bytes
[migrater] timestamp=1779269586.42, migrating=False, epoch=0, total_epochs=0, configured=0 B/s, rate=0 B/s, pending=0 bytes
[migrater] timestamp=1779269586.52, migrating=False, epoch=0, total_epochs=0, configured=0 B/s, rate=0 B/s, pending=0 bytes
[migrater] timestamp=1779269586.62, migrating=False, epoch=0, total_epochs=0, configured=0 B/s, rate=0 B/s, pending=0 bytes
[migrater] timestamp=1779269586.72, migrating=False, epoch=0, total_epochs=0, configured=0 B/s, rate=0 B/s, pending=0 bytes
[migrater] timestamp=1779269586.82, migrating=False, epoch=0, total_epochs=0, configured=0 B/s, rate=0 B/s, pending=0 bytes
[migrater] timestamp=1779269586.92, migrating=False, epoch=0, total_epochs=0, configured=0 B/s, rate=0 B/s, pending=0 bytes
[migrater] timestamp=1779269587.02, migrating=False, epoch=0, total_epochs=0, configured=0 B/s, rate=0 B/s, pending=0 bytes
[migrater] timestamp=1779269587.12, migrating=False, epoch=0, total_epochs=0, configured=0 B/s, rate=0 B/s, pending=0 bytes
[migrater] timestamp=1779269587.22, migrating=False, epoch=0, total_epochs=0, configured=0 B/s, rate=0 B/s, pending=0 bytes
[migrater] timestamp=1779269587.33, migrating=False, epoch=0, total_epochs=0, configured=0 B/s, rate=0 B/s, pending=0 bytes
[migrater] timestamp=1779269587.43, migrating=False, epoch=0, total_epochs=0, configured=0 B/s, rate=0 B/s, pending=0 bytes
[migrater] timestamp=1779269587.53, migrating=False, epoch=0, total_epochs=0, configured=0 B/s, rate=0 B/s, pending=0 bytes
[migrater] timestamp=1779269587.63, migrating=False, epoch=0, total_epochs=0, configured=0 B/s, rate=0 B/s, pending=0 bytes
[migrater] timestamp=1779269587.73, migrating=False, epoch=0, total_epochs=0, configured=0 B/s, rate=0 B/s, pending=0 bytes
[migrater] timestamp=1779269587.83, migrating=False, epoch=0, total_epochs=0, configured=0 B/s, rate=0 B/s, pending=0 bytes
[migrater] timestamp=1779269587.93, migrating=False, epoch=0, total_epochs=0, configured=0 B/s, rate=0 B/s, pending=0 bytes
[migrater] timestamp=1779269588.03, migrating=False, epoch=0, total_epochs=0, configured=0 B/s, rate=0 B/s, pending=0 bytes
[migrater] timestamp=1779269588.13, migrating=False, epoch=0, total_epochs=0, configured=0 B/s, rate=0 B/s, pending=0 bytes
[migrater] timestamp=1779269588.23, migrating=False, epoch=0, total_epochs=0, configured=0 B/s, rate=0 B/s, pending=0 bytes
[migrater] timestamp=1779269588.33, migrating=False, epoch=0, total_epochs=0, configured=0 B/s, rate=0 B/s, pending=0 bytes
[migrater] timestamp=1779269588.43, migrating=False, epoch=0, total_epochs=0, configured=0 B/s, rate=0 B/s, pending=0 bytes
[migrater] timestamp=1779269588.53, migrating=False, epoch=0, total_epochs=0, configured=0 B/s, rate=0 B/s, pending=0 bytes
[migrater] timestamp=1779269588.63, migrating=False, epoch=0, total_epochs=0, configured=0 B/s, rate=0 B/s, pending=0 bytes
[migrater] timestamp=1779269588.73, migrating=False, epoch=0, total_epochs=0, configured=0 B/s, rate=0 B/s, pending=0 bytes
[migrater] timestamp=1779269588.83, migrating=False, epoch=0, total_epochs=0, configured=0 B/s, rate=0 B/s, pending=0 bytes
[migrater] timestamp=1779269588.93, migrating=False, epoch=0, total_epochs=0, configured=0 B/s, rate=0 B/s, pending=0 bytes
[migrater] timestamp=1779269589.03, migrating=False, epoch=0, total_epochs=0, configured=0 B/s, rate=0 B/s, pending=0 bytes
[migrater] timestamp=1779269589.13, migrating=False, epoch=0, total_epochs=0, configured=0 B/s, rate=0 B/s, pending=0 bytes
[migrater] timestamp=1779269589.23, migrating=False, epoch=0, total_epochs=0, configured=0 B/s, rate=0 B/s, pending=0 bytes
[migrater] timestamp=1779269589.33, migrating=False, epoch=0, total_epochs=0, configured=0 B/s, rate=0 B/s, pending=0 bytes
[migrater] timestamp=1779269589.43, migrating=False, epoch=0, total_epochs=0, configured=0 B/s, rate=0 B/s, pending=0 bytes
[migrater] timestamp=1779269589.53, migrating=False, epoch=0, total_epochs=0, configured=0 B/s, rate=0 B/s, pending=0 bytes
[migrater] timestamp=1779269589.63, migrating=False, epoch=0, total_epochs=0, configured=0 B/s, rate=0 B/s, pending=0 bytes
[migrater] timestamp=1779269589.73, migrating=False, epoch=0, total_epochs=0, configured=0 B/s, rate=0 B/s, pending=0 bytes
[migrater] timestamp=1779269589.83, migrating=False, epoch=0, total_epochs=0, configured=0 B/s, rate=0 B/s, pending=0 bytes
[migrater] timestamp=1779269589.94, migrating=False, epoch=0, total_epochs=0, configured=0 B/s, rate=0 B/s, pending=0 bytes
[migrater] timestamp=1779269590.04, migrating=False, epoch=0, total_epochs=0, configured=0 B/s, rate=0 B/s, pending=0 bytes
[migrater] timestamp=1779269590.14, migrating=False, epoch=0, total_epochs=0, configured=0 B/s, rate=0 B/s, pending=0 bytes
[migrater] timestamp=1779269590.24, migrating=False, epoch=0, total_epochs=0, configured=0 B/s, rate=0 B/s, pending=0 bytes
[migrater] timestamp=1779269590.34, migrating=False, epoch=0, total_epochs=0, configured=0 B/s, rate=0 B/s, pending=0 bytes
[migrater] timestamp=1779269590.44, migrating=False, epoch=0, total_epochs=0, configured=0 B/s, rate=0 B/s, pending=0 bytes
[migrater] timestamp=1779269590.54, migrating=False, epoch=0, total_epochs=0, configured=0 B/s, rate=0 B/s, pending=0 bytes
[migrater] timestamp=1779269590.64, migrating=False, epoch=0, total_epochs=0, configured=0 B/s, rate=0 B/s, pending=0 bytes
[migrater] timestamp=1779269590.74, migrating=False, epoch=0, total_epochs=0, configured=0 B/s, rate=0 B/s, pending=0 bytes
[migrater] timestamp=1779269590.84, migrating=False, epoch=0, total_epochs=0, configured=0 B/s, rate=0 B/s, pending=0 bytes
[migrater] timestamp=1779269590.94, migrating=False, epoch=0, total_epochs=0, configured=0 B/s, rate=0 B/s, pending=0 bytes
[migrater] timestamp=1779269591.04, migrating=False, epoch=0, total_epochs=0, configured=0 B/s, rate=0 B/s, pending=0 bytes
[migrater] timestamp=1779269591.14, migrating=False, epoch=0, total_epochs=0, configured=0 B/s, rate=0 B/s, pending=0 bytes
[migrater] timestamp=1779269591.24, migrating=False, epoch=0, total_epochs=0, configured=0 B/s, rate=0 B/s, pending=0 bytes
[migrater] timestamp=1779269591.34, migrating=False, epoch=0, total_epochs=0, configured=0 B/s, rate=0 B/s, pending=0 bytes
[migrater] timestamp=1779269591.44, migrating=False, epoch=0, total_epochs=0, configured=0 B/s, rate=0 B/s, pending=0 bytes
[migrater] timestamp=1779269591.54, migrating=False, epoch=0, total_epochs=0, configured=0 B/s, rate=0 B/s, pending=0 bytes
[migrater] timestamp=1779269591.64, migrating=False, epoch=0, total_epochs=0, configured=0 B/s, rate=0 B/s, pending=0 bytes
[migrater] timestamp=1779269591.74, migrating=False, epoch=0, total_epochs=0, configured=0 B/s, rate=0 B/s, pending=0 bytes
[migrater] timestamp=1779269591.84, migrating=False, epoch=0, total_epochs=0, configured=0 B/s, rate=0 B/s, pending=0 bytes
[migrater] timestamp=1779269591.94, migrating=False, epoch=0, total_epochs=0, configured=0 B/s, rate=0 B/s, pending=0 bytes
[migrater] timestamp=1779269592.04, migrating=False, epoch=0, total_epochs=0, configured=0 B/s, rate=0 B/s, pending=0 bytes
[migrater] timestamp=1779269592.14, migrating=False, epoch=0, total_epochs=0, configured=0 B/s, rate=0 B/s, pending=0 bytes
[migrater] timestamp=1779269592.24, migrating=False, epoch=0, total_epochs=0, configured=0 B/s, rate=0 B/s, pending=0 bytes
[migrater] timestamp=1779269592.34, migrating=False, epoch=0, total_epochs=0, configured=0 B/s, rate=0 B/s, pending=0 bytes
[migrater] timestamp=1779269592.45, migrating=False, epoch=0, total_epochs=0, configured=0 B/s, rate=0 B/s, pending=0 bytes
[migrater] timestamp=1779269592.55, migrating=False, epoch=0, total_epochs=0, configured=0 B/s, rate=0 B/s, pending=0 bytes
[migrater] timestamp=1779269592.65, migrating=False, epoch=0, total_epochs=0, configured=0 B/s, rate=0 B/s, pending=0 bytes
[migrater] timestamp=1779269592.75, migrating=False, epoch=0, total_epochs=0, configured=0 B/s, rate=0 B/s, pending=0 bytes
[migrater] timestamp=1779269592.85, migrating=False, epoch=0, total_epochs=0, configured=0 B/s, rate=0 B/s, pending=0 bytes
[migrater] timestamp=1779269592.95, migrating=False, epoch=0, total_epochs=0, configured=0 B/s, rate=0 B/s, pending=0 bytes
[migrater] timestamp=1779269593.05, migrating=False, epoch=0, total_epochs=0, configured=0 B/s, rate=0 B/s, pending=0 bytes
[migrater] timestamp=1779269593.15, migrating=False, epoch=0, total_epochs=0, configured=0 B/s, rate=0 B/s, pending=0 bytes
[migrater] timestamp=1779269593.25, migrating=False, epoch=0, total_epochs=0, configured=0 B/s, rate=0 B/s, pending=0 bytes
[migrater] timestamp=1779269593.35, migrating=False, epoch=0, total_epochs=0, configured=0 B/s, rate=0 B/s, pending=0 bytes
[migrater] timestamp=1779269593.45, migrating=False, epoch=0, total_epochs=0, configured=0 B/s, rate=0 B/s, pending=0 bytes
[migrater] timestamp=1779269593.55, migrating=False, epoch=0, total_epochs=0, configured=0 B/s, rate=0 B/s, pending=0 bytes
[migrater] timestamp=1779269593.65, migrating=False, epoch=0, total_epochs=0, configured=0 B/s, rate=0 B/s, pending=0 bytes
[migrater] timestamp=1779269593.75, migrating=False, epoch=0, total_epochs=0, configured=0 B/s, rate=0 B/s, pending=0 bytes
[migrater] timestamp=1779269593.85, migrating=False, epoch=0, total_epochs=0, configured=0 B/s, rate=0 B/s, pending=0 bytes
[migrater] timestamp=1779269593.95, migrating=False, epoch=0, total_epochs=0, configured=0 B/s, rate=0 B/s, pending=0 bytes
[migrater] timestamp=1779269594.05, migrating=False, epoch=0, total_epochs=0, configured=0 B/s, rate=0 B/s, pending=0 bytes
[migrater] timestamp=1779269594.15, migrating=False, epoch=0, total_epochs=0, configured=0 B/s, rate=0 B/s, pending=0 bytes
[migrater] timestamp=1779269594.25, migrating=False, epoch=0, total_epochs=0, configured=0 B/s, rate=0 B/s, pending=0 bytes
[migrater] timestamp=1779269594.35, migrating=False, epoch=0, total_epochs=0, configured=0 B/s, rate=0 B/s, pending=0 bytes
[migrater] timestamp=1779269594.45, migrating=False, epoch=0, total_epochs=0, configured=0 B/s, rate=0 B/s, pending=0 bytes
[migrater] timestamp=1779269594.55, migrating=False, epoch=0, total_epochs=0, configured=0 B/s, rate=0 B/s, pending=0 bytes
[migrater] timestamp=1779269594.65, migrating=False, epoch=0, total_epochs=0, configured=0 B/s, rate=0 B/s, pending=0 bytes
[migrater] timestamp=1779269594.75, migrating=False, epoch=0, total_epochs=0, configured=0 B/s, rate=0 B/s, pending=0 bytes
[migrater] timestamp=1779269594.85, migrating=False, epoch=0, total_epochs=0, configured=0 B/s, rate=0 B/s, pending=0 bytes
[migrater] timestamp=1779269594.95, migrating=False, epoch=0, total_epochs=0, configured=0 B/s, rate=0 B/s, pending=0 bytes
[migrater] timestamp=1779269595.06, migrating=False, epoch=0, total_epochs=0, configured=0 B/s, rate=0 B/s, pending=0 bytes
[migrater] timestamp=1779269595.16, migrating=False, epoch=0, total_epochs=0, configured=0 B/s, rate=0 B/s, pending=0 bytes
[migrater] timestamp=1779269595.26, migrating=False, epoch=0, total_epochs=0, configured=0 B/s, rate=0 B/s, pending=0 bytes
[migrater] timestamp=1779269595.36, migrating=False, epoch=0, total_epochs=0, configured=0 B/s, rate=0 B/s, pending=0 bytes
[migrater] timestamp=1779269595.46, migrating=False, epoch=0, total_epochs=0, configured=0 B/s, rate=0 B/s, pending=0 bytes
[migrater] timestamp=1779269595.56, migrating=False, epoch=0, total_epochs=0, configured=0 B/s, rate=0 B/s, pending=0 bytes
[migrater] timestamp=1779269595.66, migrating=False, epoch=0, total_epochs=0, configured=0 B/s, rate=0 B/s, pending=0 bytes
[migrater] timestamp=1779269595.76, migrating=False, epoch=0, total_epochs=0, configured=0 B/s, rate=0 B/s, pending=0 bytes
[migrater] timestamp=1779269595.86, migrating=False, epoch=0, total_epochs=0, configured=0 B/s, rate=0 B/s, pending=0 bytes
[migrater] timestamp=1779269595.96, migrating=False, epoch=0, total_epochs=0, configured=0 B/s, rate=0 B/s, pending=0 bytes
[migrater] timestamp=1779269596.06, migrating=False, epoch=0, total_epochs=0, configured=0 B/s, rate=0 B/s, pending=0 bytes
[migrater] timestamp=1779269596.16, migrating=False, epoch=0, total_epochs=0, configured=0 B/s, rate=0 B/s, pending=0 bytes
[migrater] timestamp=1779269596.26, migrating=False, epoch=0, total_epochs=0, configured=0 B/s, rate=0 B/s, pending=0 bytes
[migrater] timestamp=1779269596.36, migrating=False, epoch=0, total_epochs=0, configured=0 B/s, rate=0 B/s, pending=0 bytes
[migrater] timestamp=1779269596.46, migrating=False, epoch=0, total_epochs=0, configured=0 B/s, rate=0 B/s, pending=0 bytes
[migrater] timestamp=1779269596.56, migrating=False, epoch=0, total_epochs=0, configured=0 B/s, rate=0 B/s, pending=0 bytes
[migrater] timestamp=1779269596.66, migrating=False, epoch=0, total_epochs=0, configured=0 B/s, rate=0 B/s, pending=0 bytes
[migrater] timestamp=1779269596.76, migrating=False, epoch=0, total_epochs=0, configured=0 B/s, rate=0 B/s, pending=0 bytes
[migrater] timestamp=1779269596.86, migrating=False, epoch=0, total_epochs=0, configured=0 B/s, rate=0 B/s, pending=0 bytes
[migrater] timestamp=1779269596.96, migrating=False, epoch=0, total_epochs=0, configured=0 B/s, rate=0 B/s, pending=0 bytes
[migrater] timestamp=1779269597.06, migrating=False, epoch=0, total_epochs=0, configured=0 B/s, rate=0 B/s, pending=0 bytes
[migrater] timestamp=1779269597.16, migrating=False, epoch=0, total_epochs=0, configured=0 B/s, rate=0 B/s, pending=0 bytes
[migrater] timestamp=1779269597.27, migrating=False, epoch=0, total_epochs=0, configured=0 B/s, rate=0 B/s, pending=0 bytes
[migrater] timestamp=1779269597.37, migrating=False, epoch=0, total_epochs=0, configured=0 B/s, rate=0 B/s, pending=0 bytes
[migrater] timestamp=1779269597.47, migrating=False, epoch=0, total_epochs=0, configured=0 B/s, rate=0 B/s, pending=0 bytes
[migrater] timestamp=1779269597.57, migrating=False, epoch=0, total_epochs=0, configured=0 B/s, rate=0 B/s, pending=0 bytes
[migrater] timestamp=1779269597.67, migrating=False, epoch=0, total_epochs=0, configured=0 B/s, rate=0 B/s, pending=0 bytes
[migrater] timestamp=1779269597.77, migrating=False, epoch=0, total_epochs=0, configured=0 B/s, rate=0 B/s, pending=0 bytes
[migrater] timestamp=1779269597.87, migrating=False, epoch=0, total_epochs=0, configured=0 B/s, rate=0 B/s, pending=0 bytes
[migrater] timestamp=1779269597.97, migrating=False, epoch=0, total_epochs=0, configured=0 B/s, rate=0 B/s, pending=0 bytes
[migrater] timestamp=1779269598.07, migrating=False, epoch=0, total_epochs=0, configured=0 B/s, rate=0 B/s, pending=0 bytes
[migrater] timestamp=1779269598.17, migrating=False, epoch=0, total_epochs=0, configured=0 B/s, rate=0 B/s, pending=0 bytes
[migrater] timestamp=1779269598.27, migrating=False, epoch=0, total_epochs=0, configured=0 B/s, rate=0 B/s, pending=0 bytes
[migrater] timestamp=1779269598.37, migrating=False, epoch=0, total_epochs=0, configured=0 B/s, rate=0 B/s, pending=0 bytes
[migrater] timestamp=1779269598.47, migrating=False, epoch=0, total_epochs=0, configured=0 B/s, rate=0 B/s, pending=0 bytes
[migrater] timestamp=1779269598.57, migrating=False, epoch=0, total_epochs=0, configured=0 B/s, rate=0 B/s, pending=0 bytes
[migrater] timestamp=1779269598.67, migrating=False, epoch=0, total_epochs=0, configured=0 B/s, rate=0 B/s, pending=0 bytes
[migrater] timestamp=1779269598.77, migrating=False, epoch=0, total_epochs=0, configured=0 B/s, rate=0 B/s, pending=0 bytes
[migrater] timestamp=1779269598.87, migrating=False, epoch=0, total_epochs=0, configured=0 B/s, rate=0 B/s, pending=0 bytes
[migrater] timestamp=1779269598.98, migrating=False, epoch=0, total_epochs=0, configured=0 B/s, rate=0 B/s, pending=0 bytes
[migrater] timestamp=1779269599.08, migrating=False, epoch=0, total_epochs=0, configured=0 B/s, rate=0 B/s, pending=0 bytes
[migrater] timestamp=1779269599.18, migrating=False, epoch=0, total_epochs=0, configured=0 B/s, rate=0 B/s, pending=0 bytes
[migrater] timestamp=1779269599.28, migrating=False, epoch=0, total_epochs=0, configured=0 B/s, rate=0 B/s, pending=0 bytes
[migrater] timestamp=1779269599.38, migrating=False, epoch=0, total_epochs=0, configured=0 B/s, rate=0 B/s, pending=0 bytes
[migrater] timestamp=1779269599.48, migrating=False, epoch=0, total_epochs=0, configured=0 B/s, rate=0 B/s, pending=0 bytes
[migrater] timestamp=1779269599.58, migrating=False, epoch=0, total_epochs=0, configured=0 B/s, rate=0 B/s, pending=0 bytes
[migrater] timestamp=1779269599.68, migrating=False, epoch=0, total_epochs=0, configured=0 B/s, rate=0 B/s, pending=0 bytes
[migrater] timestamp=1779269599.78, migrating=False, epoch=0, total_epochs=0, configured=0 B/s, rate=0 B/s, pending=0 bytes
[migrater] timestamp=1779269599.88, migrating=False, epoch=0, total_epochs=0, configured=0 B/s, rate=0 B/s, pending=0 bytes
[migrater] timestamp=1779269599.98, migrating=False, epoch=0, total_epochs=0, configured=0 B/s, rate=0 B/s, pending=0 bytes
[migrater] timestamp=1779269600.08, migrating=False, epoch=0, total_epochs=0, configured=0 B/s, rate=0 B/s, pending=0 bytes
[migrater] timestamp=1779269600.18, migrating=False, epoch=0, total_epochs=0, configured=0 B/s, rate=0 B/s, pending=0 bytes
[migrater] timestamp=1779269600.28, migrating=False, epoch=0, total_epochs=0, configured=0 B/s, rate=0 B/s, pending=0 bytes
[migrater] timestamp=1779269600.38, migrating=False, epoch=0, total_epochs=0, configured=0 B/s, rate=0 B/s, pending=0 bytes
[migrater] timestamp=1779269600.48, migrating=False, epoch=0, total_epochs=0, configured=0 B/s, rate=0 B/s, pending=0 bytes
[migrater] timestamp=1779269600.58, migrating=False, epoch=0, total_epochs=0, configured=0 B/s, rate=0 B/s, pending=0 bytes
[migrater] timestamp=1779269600.68, migrating=False, epoch=0, total_epochs=0, configured=0 B/s, rate=0 B/s, pending=0 bytes
[migrater] timestamp=1779269600.78, migrating=False, epoch=0, total_epochs=0, configured=0 B/s, rate=0 B/s, pending=0 bytes
[migrater] timestamp=1779269600.88, migrating=False, epoch=0, total_epochs=0, configured=0 B/s, rate=0 B/s, pending=0 bytes
[migrater] timestamp=1779269600.98, migrating=False, epoch=0, total_epochs=0, configured=0 B/s, rate=0 B/s, pending=0 bytes
[migrater] timestamp=1779269601.08, migrating=False, epoch=1, total_epochs=3, configured=0 B/s, rate=0 B/s, pending=5368709120 bytes
[migrater] timestamp=1779269601.18, migrating=True, epoch=1, total_epochs=3, configured=0 B/s, rate=0 B/s, pending=5368709120 bytes
[migrater] timestamp=1779269601.19, migrating=True, epoch=1, total_epochs=3, configured=1000000000 B/s, rate=1922701317 B/s, pending=5175771136 bytes ([3.59%] 192937984/5368709120 bytes copied)
[migrater] timestamp=1779269601.29, migrating=True, epoch=1, total_epochs=3, configured=1000000000 B/s, rate=1000712933 B/s, pending=5075107840 bytes ([5.47%] 293601280/5368709120 bytes copied)
[migrater] timestamp=1779269601.39, migrating=True, epoch=1, total_epochs=3, configured=1000000000 B/s, rate=1000122641 B/s, pending=4974444544 bytes ([7.34%] 394264576/5368709120 bytes copied)
[migrater] timestamp=1779269601.49, migrating=True, epoch=1, total_epochs=3, configured=1000000000 B/s, rate=999447512 B/s, pending=4873781248 bytes ([9.22%] 494927872/5368709120 bytes copied)
[migrater] timestamp=1779269601.60, migrating=True, epoch=1, total_epochs=3, configured=1000000000 B/s, rate=1000148677 B/s, pending=4773117952 bytes ([11.09%] 595591168/5368709120 bytes copied)
[migrater] timestamp=1779269601.70, migrating=True, epoch=1, total_epochs=3, configured=1000000000 B/s, rate=1000190015 B/s, pending=4672454656 bytes ([12.97%] 696254464/5368709120 bytes copied)
[migrater] timestamp=1779269601.80, migrating=True, epoch=1, total_epochs=3, configured=1000000000 B/s, rate=999582387 B/s, pending=4571791360 bytes ([14.84%] 796917760/5368709120 bytes copied)
[migrater] timestamp=1779269601.90, migrating=True, epoch=1, total_epochs=3, configured=1000000000 B/s, rate=1000229679 B/s, pending=4471128064 bytes ([16.72%] 897581056/5368709120 bytes copied)
[migrater] timestamp=1779269602.00, migrating=True, epoch=1, total_epochs=3, configured=1000000000 B/s, rate=999978782 B/s, pending=4370464768 bytes ([18.59%] 998244352/5368709120 bytes copied)
[migrater] timestamp=1779269602.10, migrating=True, epoch=1, total_epochs=3, configured=1000000000 B/s, rate=999909548 B/s, pending=4269801472 bytes ([20.47%] 1098907648/5368709120 bytes copied)
[migrater] timestamp=1779269602.20, migrating=True, epoch=1, total_epochs=3, configured=1000000000 B/s, rate=999591716 B/s, pending=4169138176 bytes ([22.34%] 1199570944/5368709120 bytes copied)
[migrater] timestamp=1779269602.30, migrating=True, epoch=1, total_epochs=3, configured=1000000000 B/s, rate=1000054283 B/s, pending=4068474880 bytes ([24.22%] 1300234240/5368709120 bytes copied)
[migrater] timestamp=1779269602.40, migrating=True, epoch=1, total_epochs=3, configured=1000000000 B/s, rate=1001058257 B/s, pending=3967811584 bytes ([26.09%] 1400897536/5368709120 bytes copied)
[migrater] timestamp=1779269602.50, migrating=True, epoch=1, total_epochs=3, configured=1000000000 B/s, rate=1000045639 B/s, pending=3867148288 bytes ([27.97%] 1501560832/5368709120 bytes copied)
[migrater] timestamp=1779269602.60, migrating=True, epoch=1, total_epochs=3, configured=1000000000 B/s, rate=1000052296 B/s, pending=3766484992 bytes ([29.84%] 1602224128/5368709120 bytes copied)
[migrater] timestamp=1779269602.70, migrating=True, epoch=1, total_epochs=3, configured=1000000000 B/s, rate=999960802 B/s, pending=3665821696 bytes ([31.72%] 1702887424/5368709120 bytes copied)
[migrater] timestamp=1779269602.80, migrating=True, epoch=1, total_epochs=3, configured=1000000000 B/s, rate=999911733 B/s, pending=3565158400 bytes ([33.59%] 1803550720/5368709120 bytes copied)
[migrater] timestamp=1779269602.90, migrating=True, epoch=1, total_epochs=3, configured=1000000000 B/s, rate=1000310786 B/s, pending=3464495104 bytes ([35.47%] 1904214016/5368709120 bytes copied)
[migrater] timestamp=1779269603.00, migrating=True, epoch=1, total_epochs=3, configured=1000000000 B/s, rate=999423985 B/s, pending=3363831808 bytes ([37.34%] 2004877312/5368709120 bytes copied)
[migrater] timestamp=1779269603.11, migrating=True, epoch=1, total_epochs=3, configured=1000000000 B/s, rate=1000062738 B/s, pending=3263168512 bytes ([39.22%] 2105540608/5368709120 bytes copied)
[migrater] timestamp=1779269603.21, migrating=True, epoch=1, total_epochs=3, configured=1000000000 B/s, rate=1000448468 B/s, pending=3162505216 bytes ([41.09%] 2206203904/5368709120 bytes copied)
[migrater] timestamp=1779269603.31, migrating=True, epoch=1, total_epochs=3, configured=1000000000 B/s, rate=999571666 B/s, pending=3061841920 bytes ([42.97%] 2306867200/5368709120 bytes copied)
[migrater] timestamp=1779269603.41, migrating=True, epoch=1, total_epochs=3, configured=1000000000 B/s, rate=1000046932 B/s, pending=2961178624 bytes ([44.84%] 2407530496/5368709120 bytes copied)
[migrater] timestamp=1779269603.51, migrating=True, epoch=1, total_epochs=3, configured=1000000000 B/s, rate=1000074551 B/s, pending=2860515328 bytes ([46.72%] 2508193792/5368709120 bytes copied)
[migrater] timestamp=1779269603.61, migrating=True, epoch=1, total_epochs=3, configured=1000000000 B/s, rate=999557076 B/s, pending=2759852032 bytes ([48.59%] 2608857088/5368709120 bytes copied)
[migrater] timestamp=1779269603.71, migrating=True, epoch=1, total_epochs=3, configured=1000000000 B/s, rate=1000466574 B/s, pending=2659188736 bytes ([50.47%] 2709520384/5368709120 bytes copied)
[migrater] timestamp=1779269603.81, migrating=True, epoch=1, total_epochs=3, configured=1000000000 B/s, rate=999897133 B/s, pending=2558525440 bytes ([52.34%] 2810183680/5368709120 bytes copied)
[migrater] timestamp=1779269603.91, migrating=True, epoch=1, total_epochs=3, configured=1000000000 B/s, rate=1000110122 B/s, pending=2457862144 bytes ([54.22%] 2910846976/5368709120 bytes copied)
[migrater] timestamp=1779269604.01, migrating=True, epoch=1, total_epochs=3, configured=1000000000 B/s, rate=999462198 B/s, pending=2357198848 bytes ([56.09%] 3011510272/5368709120 bytes copied)
[migrater] timestamp=1779269604.11, migrating=True, epoch=1, total_epochs=3, configured=1000000000 B/s, rate=999880844 B/s, pending=2256535552 bytes ([57.97%] 3112173568/5368709120 bytes copied)
[migrater] timestamp=1779269604.21, migrating=True, epoch=1, total_epochs=3, configured=1000000000 B/s, rate=1000205023 B/s, pending=2155872256 bytes ([59.84%] 3212836864/5368709120 bytes copied)
[migrater] timestamp=1779269604.31, migrating=True, epoch=1, total_epochs=3, configured=1000000000 B/s, rate=999243534 B/s, pending=2055208960 bytes ([61.72%] 3313500160/5368709120 bytes copied)
[migrater] timestamp=1779269604.41, migrating=True, epoch=1, total_epochs=3, configured=1000000000 B/s, rate=1000830027 B/s, pending=1954545664 bytes ([63.59%] 3414163456/5368709120 bytes copied)
[migrater] timestamp=1779269604.51, migrating=True, epoch=1, total_epochs=3, configured=1000000000 B/s, rate=1000063036 B/s, pending=1853882368 bytes ([65.47%] 3514826752/5368709120 bytes copied)
[migrater] timestamp=1779269604.62, migrating=True, epoch=1, total_epochs=3, configured=1000000000 B/s, rate=999572460 B/s, pending=1753219072 bytes ([67.34%] 3615490048/5368709120 bytes copied)
[migrater] timestamp=1779269604.72, migrating=True, epoch=1, total_epochs=3, configured=1000000000 B/s, rate=1000076539 B/s, pending=1652555776 bytes ([69.22%] 3716153344/5368709120 bytes copied)
[migrater] timestamp=1779269604.82, migrating=True, epoch=1, total_epochs=3, configured=1000000000 B/s, rate=999813710 B/s, pending=1551892480 bytes ([71.09%] 3816816640/5368709120 bytes copied)
[migrater] timestamp=1779269604.92, migrating=True, epoch=1, total_epochs=3, configured=1000000000 B/s, rate=999834267 B/s, pending=1451229184 bytes ([72.97%] 3917479936/5368709120 bytes copied)
[migrater] timestamp=1779269605.02, migrating=True, epoch=1, total_epochs=3, configured=1000000000 B/s, rate=1000233149 B/s, pending=1350565888 bytes ([74.84%] 4018143232/5368709120 bytes copied)
[migrater] timestamp=1779269605.12, migrating=True, epoch=1, total_epochs=3, configured=1000000000 B/s, rate=999774884 B/s, pending=1249902592 bytes ([76.72%] 4118806528/5368709120 bytes copied)
[migrater] timestamp=1779269605.22, migrating=True, epoch=1, total_epochs=3, configured=1000000000 B/s, rate=999995570 B/s, pending=1149239296 bytes ([78.59%] 4219469824/5368709120 bytes copied)
[migrater] timestamp=1779269605.32, migrating=True, epoch=1, total_epochs=3, configured=1000000000 B/s, rate=1000332357 B/s, pending=1048576000 bytes ([80.47%] 4320133120/5368709120 bytes copied)
[migrater] timestamp=1779269605.42, migrating=True, epoch=1, total_epochs=3, configured=1000000000 B/s, rate=1000353520 B/s, pending=947912704 bytes ([82.34%] 4420796416/5368709120 bytes copied)
[migrater] timestamp=1779269605.52, migrating=True, epoch=1, total_epochs=3, configured=1000000000 B/s, rate=999734275 B/s, pending=847249408 bytes ([84.22%] 4521459712/5368709120 bytes copied)
[migrater] timestamp=1779269605.62, migrating=True, epoch=1, total_epochs=3, configured=1000000000 B/s, rate=1000217544 B/s, pending=746586112 bytes ([86.09%] 4622123008/5368709120 bytes copied)
[migrater] timestamp=1779269605.72, migrating=True, epoch=1, total_epochs=3, configured=1000000000 B/s, rate=999855321 B/s, pending=645922816 bytes ([87.97%] 4722786304/5368709120 bytes copied)
[migrater] timestamp=1779269605.82, migrating=True, epoch=1, total_epochs=3, configured=1000000000 B/s, rate=999966364 B/s, pending=545259520 bytes ([89.84%] 4823449600/5368709120 bytes copied)
[migrater] timestamp=1779269605.92, migrating=True, epoch=1, total_epochs=3, configured=1000000000 B/s, rate=1000178299 B/s, pending=444596224 bytes ([91.72%] 4924112896/5368709120 bytes copied)
[migrater] timestamp=1779269606.02, migrating=True, epoch=1, total_epochs=3, configured=1000000000 B/s, rate=999947093 B/s, pending=343932928 bytes ([93.59%] 5024776192/5368709120 bytes copied)
[migrater] timestamp=1779269606.13, migrating=True, epoch=1, total_epochs=3, configured=1000000000 B/s, rate=1000134069 B/s, pending=243269632 bytes ([95.47%] 5125439488/5368709120 bytes copied)
[migrater] timestamp=1779269606.23, migrating=True, epoch=1, total_epochs=3, configured=1000000000 B/s, rate=999871311 B/s, pending=142606336 bytes ([97.34%] 5226102784/5368709120 bytes copied)
[migrater] timestamp=1779269606.38, migrating=False, epoch=1, total_epochs=3, configured=1000000000 B/s, rate=0 B/s, pending=0 bytes ([100.00%] 5368709120/5368709120 bytes copied)
[migrater] timestamp=1779269606.51, migrating=False, epoch=1, total_epochs=3, configured=0 B/s, rate=0 B/s, pending=0 bytes
[migrater] timestamp=1779269606.61, migrating=False, epoch=1, total_epochs=3, configured=0 B/s, rate=0 B/s, pending=0 bytes
[migrater] timestamp=1779269606.71, migrating=False, epoch=1, total_epochs=3, configured=0 B/s, rate=0 B/s, pending=0 bytes
[migrater] timestamp=1779269606.81, migrating=False, epoch=1, total_epochs=3, configured=0 B/s, rate=0 B/s, pending=0 bytes
[migrater] timestamp=1779269606.91, migrating=False, epoch=1, total_epochs=3, configured=0 B/s, rate=0 B/s, pending=0 bytes
[migrater] timestamp=1779269607.02, migrating=False, epoch=1, total_epochs=3, configured=0 B/s, rate=0 B/s, pending=0 bytes
[migrater] timestamp=1779269607.12, migrating=False, epoch=1, total_epochs=3, configured=0 B/s, rate=0 B/s, pending=0 bytes
[migrater] timestamp=1779269607.22, migrating=False, epoch=1, total_epochs=3, configured=0 B/s, rate=0 B/s, pending=0 bytes
[migrater] timestamp=1779269607.32, migrating=False, epoch=1, total_epochs=3, configured=0 B/s, rate=0 B/s, pending=0 bytes
[migrater] timestamp=1779269607.42, migrating=False, epoch=1, total_epochs=3, configured=0 B/s, rate=0 B/s, pending=0 bytes
[migrater] timestamp=1779269607.52, migrating=False, epoch=1, total_epochs=3, configured=0 B/s, rate=0 B/s, pending=0 bytes
[migrater] timestamp=1779269607.62, migrating=False, epoch=1, total_epochs=3, configured=0 B/s, rate=0 B/s, pending=0 bytes
[migrater] timestamp=1779269607.72, migrating=False, epoch=1, total_epochs=3, configured=0 B/s, rate=0 B/s, pending=0 bytes
[migrater] timestamp=1779269607.82, migrating=False, epoch=1, total_epochs=3, configured=0 B/s, rate=0 B/s, pending=0 bytes
[migrater] timestamp=1779269607.92, migrating=False, epoch=1, total_epochs=3, configured=0 B/s, rate=0 B/s, pending=0 bytes
[migrater] timestamp=1779269608.02, migrating=False, epoch=1, total_epochs=3, configured=0 B/s, rate=0 B/s, pending=0 bytes
[migrater] timestamp=1779269608.12, migrating=False, epoch=1, total_epochs=3, configured=0 B/s, rate=0 B/s, pending=0 bytes
[migrater] timestamp=1779269608.22, migrating=False, epoch=1, total_epochs=3, configured=0 B/s, rate=0 B/s, pending=0 bytes
[migrater] timestamp=1779269608.32, migrating=False, epoch=1, total_epochs=3, configured=0 B/s, rate=0 B/s, pending=0 bytes
[migrater] timestamp=1779269608.42, migrating=False, epoch=1, total_epochs=3, configured=0 B/s, rate=0 B/s, pending=0 bytes
[migrater] timestamp=1779269608.52, migrating=False, epoch=1, total_epochs=3, configured=0 B/s, rate=0 B/s, pending=0 bytes
[migrater] timestamp=1779269608.62, migrating=False, epoch=1, total_epochs=3, configured=0 B/s, rate=0 B/s, pending=0 bytes
[migrater] timestamp=1779269608.72, migrating=False, epoch=1, total_epochs=3, configured=0 B/s, rate=0 B/s, pending=0 bytes
[migrater] timestamp=1779269608.82, migrating=False, epoch=1, total_epochs=3, configured=0 B/s, rate=0 B/s, pending=0 bytes
[migrater] timestamp=1779269608.92, migrating=False, epoch=1, total_epochs=3, configured=0 B/s, rate=0 B/s, pending=0 bytes
[migrater] timestamp=1779269609.02, migrating=False, epoch=1, total_epochs=3, configured=0 B/s, rate=0 B/s, pending=0 bytes
[migrater] timestamp=1779269609.12, migrating=False, epoch=1, total_epochs=3, configured=0 B/s, rate=0 B/s, pending=0 bytes
[migrater] timestamp=1779269609.22, migrating=False, epoch=1, total_epochs=3, configured=0 B/s, rate=0 B/s, pending=0 bytes
[migrater] timestamp=1779269609.33, migrating=False, epoch=1, total_epochs=3, configured=0 B/s, rate=0 B/s, pending=0 bytes
[migrater] timestamp=1779269609.43, migrating=False, epoch=1, total_epochs=3, configured=0 B/s, rate=0 B/s, pending=0 bytes
[migrater] timestamp=1779269609.53, migrating=False, epoch=1, total_epochs=3, configured=0 B/s, rate=0 B/s, pending=0 bytes
[migrater] timestamp=1779269609.63, migrating=False, epoch=1, total_epochs=3, configured=0 B/s, rate=0 B/s, pending=0 bytes
[migrater] timestamp=1779269609.73, migrating=False, epoch=1, total_epochs=3, configured=0 B/s, rate=0 B/s, pending=0 bytes
[migrater] timestamp=1779269609.83, migrating=False, epoch=1, total_epochs=3, configured=0 B/s, rate=0 B/s, pending=0 bytes
[migrater] timestamp=1779269609.93, migrating=False, epoch=1, total_epochs=3, configured=0 B/s, rate=0 B/s, pending=0 bytes
[migrater] timestamp=1779269610.03, migrating=False, epoch=1, total_epochs=3, configured=0 B/s, rate=0 B/s, pending=0 bytes
[migrater] timestamp=1779269610.13, migrating=False, epoch=1, total_epochs=3, configured=0 B/s, rate=0 B/s, pending=0 bytes
[migrater] timestamp=1779269610.23, migrating=False, epoch=1, total_epochs=3, configured=0 B/s, rate=0 B/s, pending=0 bytes
[migrater] timestamp=1779269610.33, migrating=False, epoch=1, total_epochs=3, configured=0 B/s, rate=0 B/s, pending=0 bytes
[migrater] timestamp=1779269610.43, migrating=False, epoch=1, total_epochs=3, configured=0 B/s, rate=0 B/s, pending=0 bytes
[migrater] timestamp=1779269610.53, migrating=False, epoch=1, total_epochs=3, configured=0 B/s, rate=0 B/s, pending=0 bytes
[migrater] timestamp=1779269610.63, migrating=False, epoch=1, total_epochs=3, configured=0 B/s, rate=0 B/s, pending=0 bytes
[migrater] timestamp=1779269610.73, migrating=False, epoch=1, total_epochs=3, configured=0 B/s, rate=0 B/s, pending=0 bytes
[migrater] timestamp=1779269610.83, migrating=False, epoch=1, total_epochs=3, configured=0 B/s, rate=0 B/s, pending=0 bytes
[migrater] timestamp=1779269610.93, migrating=False, epoch=1, total_epochs=3, configured=0 B/s, rate=0 B/s, pending=0 bytes
[migrater] timestamp=1779269611.03, migrating=False, epoch=1, total_epochs=3, configured=0 B/s, rate=0 B/s, pending=0 bytes
[migrater] timestamp=1779269611.13, migrating=False, epoch=1, total_epochs=3, configured=0 B/s, rate=0 B/s, pending=0 bytes
[migrater] timestamp=1779269611.23, migrating=False, epoch=1, total_epochs=3, configured=0 B/s, rate=0 B/s, pending=0 bytes
[migrater] timestamp=1779269611.33, migrating=False, epoch=1, total_epochs=3, configured=0 B/s, rate=0 B/s, pending=0 bytes
[migrater] timestamp=1779269611.43, migrating=False, epoch=1, total_epochs=3, configured=0 B/s, rate=0 B/s, pending=0 bytes
[migrater] timestamp=1779269611.53, migrating=False, epoch=1, total_epochs=3, configured=0 B/s, rate=0 B/s, pending=0 bytes
[migrater] timestamp=1779269611.63, migrating=False, epoch=1, total_epochs=3, configured=0 B/s, rate=0 B/s, pending=0 bytes
[migrater] timestamp=1779269611.73, migrating=False, epoch=1, total_epochs=3, configured=0 B/s, rate=0 B/s, pending=0 bytes
[migrater] timestamp=1779269611.83, migrating=False, epoch=1, total_epochs=3, configured=0 B/s, rate=0 B/s, pending=0 bytes
[migrater] timestamp=1779269611.94, migrating=False, epoch=1, total_epochs=3, configured=0 B/s, rate=0 B/s, pending=0 bytes
[migrater] timestamp=1779269612.04, migrating=False, epoch=1, total_epochs=3, configured=0 B/s, rate=0 B/s, pending=0 bytes
[migrater] timestamp=1779269612.14, migrating=False, epoch=1, total_epochs=3, configured=0 B/s, rate=0 B/s, pending=0 bytes
[migrater] timestamp=1779269612.24, migrating=False, epoch=1, total_epochs=3, configured=0 B/s, rate=0 B/s, pending=0 bytes
[migrater] timestamp=1779269612.34, migrating=False, epoch=1, total_epochs=3, configured=0 B/s, rate=0 B/s, pending=0 bytes
[migrater] timestamp=1779269612.44, migrating=False, epoch=1, total_epochs=3, configured=0 B/s, rate=0 B/s, pending=0 bytes
[migrater] timestamp=1779269612.54, migrating=False, epoch=1, total_epochs=3, configured=0 B/s, rate=0 B/s, pending=0 bytes
[migrater] timestamp=1779269612.64, migrating=False, epoch=1, total_epochs=3, configured=0 B/s, rate=0 B/s, pending=0 bytes
[migrater] timestamp=1779269612.74, migrating=False, epoch=1, total_epochs=3, configured=0 B/s, rate=0 B/s, pending=0 bytes
[migrater] timestamp=1779269612.84, migrating=False, epoch=1, total_epochs=3, configured=0 B/s, rate=0 B/s, pending=0 bytes
[migrater] timestamp=1779269612.94, migrating=False, epoch=1, total_epochs=3, configured=0 B/s, rate=0 B/s, pending=0 bytes
[migrater] timestamp=1779269613.04, migrating=False, epoch=1, total_epochs=3, configured=0 B/s, rate=0 B/s, pending=0 bytes
[migrater] timestamp=1779269613.14, migrating=False, epoch=1, total_epochs=3, configured=0 B/s, rate=0 B/s, pending=0 bytes
[migrater] timestamp=1779269613.24, migrating=False, epoch=1, total_epochs=3, configured=0 B/s, rate=0 B/s, pending=0 bytes
[migrater] timestamp=1779269613.34, migrating=False, epoch=1, total_epochs=3, configured=0 B/s, rate=0 B/s, pending=0 bytes
[migrater] timestamp=1779269613.44, migrating=False, epoch=1, total_epochs=3, configured=0 B/s, rate=0 B/s, pending=0 bytes
[migrater] timestamp=1779269613.54, migrating=False, epoch=1, total_epochs=3, configured=0 B/s, rate=0 B/s, pending=0 bytes
[migrater] timestamp=1779269613.64, migrating=False, epoch=1, total_epochs=3, configured=0 B/s, rate=0 B/s, pending=0 bytes
[migrater] timestamp=1779269613.74, migrating=False, epoch=1, total_epochs=3, configured=0 B/s, rate=0 B/s, pending=0 bytes
[migrater] timestamp=1779269613.84, migrating=False, epoch=1, total_epochs=3, configured=0 B/s, rate=0 B/s, pending=0 bytes
[migrater] timestamp=1779269613.94, migrating=False, epoch=1, total_epochs=3, configured=0 B/s, rate=0 B/s, pending=0 bytes
[migrater] timestamp=1779269614.04, migrating=False, epoch=1, total_epochs=3, configured=0 B/s, rate=0 B/s, pending=0 bytes
[migrater] timestamp=1779269614.14, migrating=False, epoch=1, total_epochs=3, configured=0 B/s, rate=0 B/s, pending=0 bytes
[migrater] timestamp=1779269614.24, migrating=False, epoch=1, total_epochs=3, configured=0 B/s, rate=0 B/s, pending=0 bytes
[migrater] timestamp=1779269614.34, migrating=False, epoch=1, total_epochs=3, configured=0 B/s, rate=0 B/s, pending=0 bytes
[migrater] timestamp=1779269614.44, migrating=False, epoch=1, total_epochs=3, configured=0 B/s, rate=0 B/s, pending=0 bytes
[migrater] timestamp=1779269614.55, migrating=False, epoch=1, total_epochs=3, configured=0 B/s, rate=0 B/s, pending=0 bytes
[migrater] timestamp=1779269614.65, migrating=False, epoch=1, total_epochs=3, configured=0 B/s, rate=0 B/s, pending=0 bytes
[migrater] timestamp=1779269614.75, migrating=False, epoch=1, total_epochs=3, configured=0 B/s, rate=0 B/s, pending=0 bytes
[migrater] timestamp=1779269614.85, migrating=False, epoch=1, total_epochs=3, configured=0 B/s, rate=0 B/s, pending=0 bytes
[migrater] timestamp=1779269614.95, migrating=False, epoch=1, total_epochs=3, configured=0 B/s, rate=0 B/s, pending=0 bytes
[migrater] timestamp=1779269615.05, migrating=False, epoch=1, total_epochs=3, configured=0 B/s, rate=0 B/s, pending=0 bytes
[migrater] timestamp=1779269615.15, migrating=False, epoch=1, total_epochs=3, configured=0 B/s, rate=0 B/s, pending=0 bytes
[migrater] timestamp=1779269615.25, migrating=False, epoch=1, total_epochs=3, configured=0 B/s, rate=0 B/s, pending=0 bytes
[migrater] timestamp=1779269615.35, migrating=False, epoch=1, total_epochs=3, configured=0 B/s, rate=0 B/s, pending=0 bytes
[migrater] timestamp=1779269615.45, migrating=False, epoch=1, total_epochs=3, configured=0 B/s, rate=0 B/s, pending=0 bytes
[migrater] timestamp=1779269615.55, migrating=False, epoch=1, total_epochs=3, configured=0 B/s, rate=0 B/s, pending=0 bytes
[migrater] timestamp=1779269615.65, migrating=False, epoch=1, total_epochs=3, configured=0 B/s, rate=0 B/s, pending=0 bytes
[migrater] timestamp=1779269615.75, migrating=False, epoch=1, total_epochs=3, configured=0 B/s, rate=0 B/s, pending=0 bytes
[migrater] timestamp=1779269615.85, migrating=False, epoch=1, total_epochs=3, configured=0 B/s, rate=0 B/s, pending=0 bytes
[migrater] timestamp=1779269615.95, migrating=False, epoch=1, total_epochs=3, configured=0 B/s, rate=0 B/s, pending=0 bytes
[migrater] timestamp=1779269616.05, migrating=False, epoch=1, total_epochs=3, configured=0 B/s, rate=0 B/s, pending=0 bytes
[migrater] timestamp=1779269616.15, migrating=False, epoch=1, total_epochs=3, configured=0 B/s, rate=0 B/s, pending=0 bytes
[migrater] timestamp=1779269616.25, migrating=False, epoch=1, total_epochs=3, configured=0 B/s, rate=0 B/s, pending=0 bytes
[migrater] timestamp=1779269616.35, migrating=False, epoch=1, total_epochs=3, configured=0 B/s, rate=0 B/s, pending=0 bytes
[migrater] timestamp=1779269616.45, migrating=False, epoch=1, total_epochs=3, configured=0 B/s, rate=0 B/s, pending=0 bytes
[migrater] timestamp=1779269616.55, migrating=False, epoch=1, total_epochs=3, configured=0 B/s, rate=0 B/s, pending=0 bytes
[migrater] timestamp=1779269616.65, migrating=False, epoch=1, total_epochs=3, configured=0 B/s, rate=0 B/s, pending=0 bytes
[migrater] timestamp=1779269616.75, migrating=False, epoch=1, total_epochs=3, configured=0 B/s, rate=0 B/s, pending=0 bytes
[migrater] timestamp=1779269616.85, migrating=False, epoch=1, total_epochs=3, configured=0 B/s, rate=0 B/s, pending=0 bytes
[migrater] timestamp=1779269616.95, migrating=False, epoch=1, total_epochs=3, configured=0 B/s, rate=0 B/s, pending=0 bytes
[migrater] timestamp=1779269617.05, migrating=False, epoch=1, total_epochs=3, configured=0 B/s, rate=0 B/s, pending=0 bytes
[migrater] timestamp=1779269617.16, migrating=False, epoch=1, total_epochs=3, configured=0 B/s, rate=0 B/s, pending=0 bytes
[migrater] timestamp=1779269617.26, migrating=False, epoch=1, total_epochs=3, configured=0 B/s, rate=0 B/s, pending=0 bytes
[migrater] timestamp=1779269617.36, migrating=False, epoch=1, total_epochs=3, configured=0 B/s, rate=0 B/s, pending=0 bytes
[migrater] timestamp=1779269617.46, migrating=False, epoch=1, total_epochs=3, configured=0 B/s, rate=0 B/s, pending=0 bytes
[migrater] timestamp=1779269617.56, migrating=False, epoch=1, total_epochs=3, configured=0 B/s, rate=0 B/s, pending=0 bytes
[migrater] timestamp=1779269617.66, migrating=False, epoch=1, total_epochs=3, configured=0 B/s, rate=0 B/s, pending=0 bytes
[migrater] timestamp=1779269617.76, migrating=False, epoch=1, total_epochs=3, configured=0 B/s, rate=0 B/s, pending=0 bytes
[migrater] timestamp=1779269617.86, migrating=False, epoch=1, total_epochs=3, configured=0 B/s, rate=0 B/s, pending=0 bytes
[migrater] timestamp=1779269617.96, migrating=False, epoch=1, total_epochs=3, configured=0 B/s, rate=0 B/s, pending=0 bytes
[migrater] timestamp=1779269618.06, migrating=False, epoch=1, total_epochs=3, configured=0 B/s, rate=0 B/s, pending=0 bytes
[migrater] timestamp=1779269618.16, migrating=False, epoch=1, total_epochs=3, configured=0 B/s, rate=0 B/s, pending=0 bytes
[migrater] timestamp=1779269618.26, migrating=False, epoch=1, total_epochs=3, configured=0 B/s, rate=0 B/s, pending=0 bytes
[migrater] timestamp=1779269618.36, migrating=False, epoch=1, total_epochs=3, configured=0 B/s, rate=0 B/s, pending=0 bytes
[migrater] timestamp=1779269618.46, migrating=False, epoch=1, total_epochs=3, configured=0 B/s, rate=0 B/s, pending=0 bytes
[migrater] timestamp=1779269618.56, migrating=False, epoch=1, total_epochs=3, configured=0 B/s, rate=0 B/s, pending=0 bytes
[migrater] timestamp=1779269618.66, migrating=False, epoch=1, total_epochs=3, configured=0 B/s, rate=0 B/s, pending=0 bytes
[migrater] timestamp=1779269618.76, migrating=False, epoch=1, total_epochs=3, configured=0 B/s, rate=0 B/s, pending=0 bytes
[migrater] timestamp=1779269618.86, migrating=False, epoch=1, total_epochs=3, configured=0 B/s, rate=0 B/s, pending=0 bytes
[migrater] timestamp=1779269618.96, migrating=False, epoch=1, total_epochs=3, configured=0 B/s, rate=0 B/s, pending=0 bytes
[migrater] timestamp=1779269619.06, migrating=False, epoch=1, total_epochs=3, configured=0 B/s, rate=0 B/s, pending=0 bytes
[migrater] timestamp=1779269619.16, migrating=False, epoch=1, total_epochs=3, configured=0 B/s, rate=0 B/s, pending=0 bytes
[migrater] timestamp=1779269619.26, migrating=False, epoch=1, total_epochs=3, configured=0 B/s, rate=0 B/s, pending=0 bytes
[migrater] timestamp=1779269619.36, migrating=False, epoch=1, total_epochs=3, configured=0 B/s, rate=0 B/s, pending=0 bytes
[migrater] timestamp=1779269619.47, migrating=False, epoch=1, total_epochs=3, configured=0 B/s, rate=0 B/s, pending=0 bytes
[migrater] timestamp=1779269619.57, migrating=False, epoch=1, total_epochs=3, configured=0 B/s, rate=0 B/s, pending=0 bytes
[migrater] timestamp=1779269619.67, migrating=False, epoch=1, total_epochs=3, configured=0 B/s, rate=0 B/s, pending=0 bytes
[migrater] timestamp=1779269619.77, migrating=False, epoch=1, total_epochs=3, configured=0 B/s, rate=0 B/s, pending=0 bytes
[migrater] timestamp=1779269619.87, migrating=False, epoch=1, total_epochs=3, configured=0 B/s, rate=0 B/s, pending=0 bytes
[migrater] timestamp=1779269619.97, migrating=False, epoch=1, total_epochs=3, configured=0 B/s, rate=0 B/s, pending=0 bytes
[migrater] timestamp=1779269620.07, migrating=False, epoch=1, total_epochs=3, configured=0 B/s, rate=0 B/s, pending=0 bytes
[migrater] timestamp=1779269620.17, migrating=False, epoch=1, total_epochs=3, configured=0 B/s, rate=0 B/s, pending=0 bytes
[migrater] timestamp=1779269620.27, migrating=False, epoch=1, total_epochs=3, configured=0 B/s, rate=0 B/s, pending=0 bytes
[migrater] timestamp=1779269620.37, migrating=False, epoch=1, total_epochs=3, configured=0 B/s, rate=0 B/s, pending=0 bytes
[migrater] timestamp=1779269620.47, migrating=False, epoch=1, total_epochs=3, configured=0 B/s, rate=0 B/s, pending=0 bytes
[migrater] timestamp=1779269620.57, migrating=False, epoch=1, total_epochs=3, configured=0 B/s, rate=0 B/s, pending=0 bytes
[migrater] timestamp=1779269620.67, migrating=False, epoch=1, total_epochs=3, configured=0 B/s, rate=0 B/s, pending=0 bytes
[migrater] timestamp=1779269620.77, migrating=False, epoch=1, total_epochs=3, configured=0 B/s, rate=0 B/s, pending=0 bytes
[migrater] timestamp=1779269620.87, migrating=False, epoch=1, total_epochs=3, configured=0 B/s, rate=0 B/s, pending=0 bytes
[migrater] timestamp=1779269620.97, migrating=False, epoch=1, total_epochs=3, configured=0 B/s, rate=0 B/s, pending=0 bytes
[migrater] timestamp=1779269621.07, migrating=False, epoch=1, total_epochs=3, configured=0 B/s, rate=0 B/s, pending=0 bytes
[migrater] timestamp=1779269621.17, migrating=False, epoch=1, total_epochs=3, configured=0 B/s, rate=0 B/s, pending=0 bytes
[migrater] timestamp=1779269621.27, migrating=False, epoch=1, total_epochs=3, configured=0 B/s, rate=0 B/s, pending=0 bytes
[migrater] timestamp=1779269621.38, migrating=False, epoch=1, total_epochs=3, configured=0 B/s, rate=0 B/s, pending=0 bytes
[migrater] timestamp=1779269621.48, migrating=False, epoch=1, total_epochs=3, configured=0 B/s, rate=0 B/s, pending=0 bytes
[migrater] timestamp=1779269621.58, migrating=False, epoch=1, total_epochs=3, configured=0 B/s, rate=0 B/s, pending=0 bytes
[migrater] timestamp=1779269621.68, migrating=False, epoch=1, total_epochs=3, configured=0 B/s, rate=0 B/s, pending=0 bytes
[migrater] timestamp=1779269621.78, migrating=False, epoch=1, total_epochs=3, configured=0 B/s, rate=0 B/s, pending=0 bytes
[migrater] timestamp=1779269621.88, migrating=False, epoch=1, total_epochs=3, configured=0 B/s, rate=0 B/s, pending=0 bytes
[migrater] timestamp=1779269621.98, migrating=False, epoch=1, total_epochs=3, configured=0 B/s, rate=0 B/s, pending=0 bytes
[migrater] timestamp=1779269622.08, migrating=False, epoch=1, total_epochs=3, configured=0 B/s, rate=0 B/s, pending=0 bytes
[migrater] timestamp=1779269622.18, migrating=False, epoch=1, total_epochs=3, configured=0 B/s, rate=0 B/s, pending=0 bytes
[migrater] timestamp=1779269622.28, migrating=False, epoch=1, total_epochs=3, configured=0 B/s, rate=0 B/s, pending=0 bytes
[migrater] timestamp=1779269622.38, migrating=False, epoch=1, total_epochs=3, configured=0 B/s, rate=0 B/s, pending=0 bytes
[migrater] timestamp=1779269622.48, migrating=False, epoch=1, total_epochs=3, configured=0 B/s, rate=0 B/s, pending=0 bytes
[migrater] timestamp=1779269622.58, migrating=False, epoch=1, total_epochs=3, configured=0 B/s, rate=0 B/s, pending=0 bytes
[migrater] timestamp=1779269622.68, migrating=False, epoch=1, total_epochs=3, configured=0 B/s, rate=0 B/s, pending=0 bytes
[migrater] timestamp=1779269622.78, migrating=False, epoch=1, total_epochs=3, configured=0 B/s, rate=0 B/s, pending=0 bytes
[migrater] timestamp=1779269622.88, migrating=False, epoch=1, total_epochs=3, configured=0 B/s, rate=0 B/s, pending=0 bytes
[migrater] timestamp=1779269622.98, migrating=False, epoch=1, total_epochs=3, configured=0 B/s, rate=0 B/s, pending=0 bytes
[migrater] timestamp=1779269623.08, migrating=False, epoch=1, total_epochs=3, configured=0 B/s, rate=0 B/s, pending=0 bytes
[migrater] timestamp=1779269623.18, migrating=False, epoch=1, total_epochs=3, configured=0 B/s, rate=0 B/s, pending=0 bytes
[migrater] timestamp=1779269623.29, migrating=False, epoch=1, total_epochs=3, configured=0 B/s, rate=0 B/s, pending=0 bytes
[migrater] timestamp=1779269623.39, migrating=False, epoch=1, total_epochs=3, configured=0 B/s, rate=0 B/s, pending=0 bytes
[migrater] timestamp=1779269623.49, migrating=False, epoch=2, total_epochs=3, configured=0 B/s, rate=0 B/s, pending=5368709120 bytes
[migrater] timestamp=1779269623.59, migrating=True, epoch=2, total_epochs=3, configured=0 B/s, rate=0 B/s, pending=5368709120 bytes
[migrater] timestamp=1779269623.59, migrating=True, epoch=2, total_epochs=3, configured=2000000000 B/s, rate=1922586552 B/s, pending=5175771136 bytes ([3.59%] 192937984/5368709120 bytes copied)
[migrater] timestamp=1779269623.69, migrating=True, epoch=2, total_epochs=3, configured=2000000000 B/s, rate=2000048977 B/s, pending=4974444544 bytes ([7.34%] 394264576/5368709120 bytes copied)
[migrater] timestamp=1779269623.79, migrating=True, epoch=2, total_epochs=3, configured=2000000000 B/s, rate=1999877102 B/s, pending=4773117952 bytes ([11.09%] 595591168/5368709120 bytes copied)
[migrater] timestamp=1779269623.89, migrating=True, epoch=2, total_epochs=3, configured=2000000000 B/s, rate=1999757916 B/s, pending=4571791360 bytes ([14.84%] 796917760/5368709120 bytes copied)
[migrater] timestamp=1779269623.99, migrating=True, epoch=2, total_epochs=3, configured=2000000000 B/s, rate=2000112142 B/s, pending=4370464768 bytes ([18.59%] 998244352/5368709120 bytes copied)
[migrater] timestamp=1779269624.10, migrating=True, epoch=2, total_epochs=3, configured=2000000000 B/s, rate=1999351989 B/s, pending=4169138176 bytes ([22.34%] 1199570944/5368709120 bytes copied)
[migrater] timestamp=1779269624.20, migrating=True, epoch=2, total_epochs=3, configured=2000000000 B/s, rate=2000215475 B/s, pending=3967811584 bytes ([26.09%] 1400897536/5368709120 bytes copied)
[migrater] timestamp=1779269624.30, migrating=True, epoch=2, total_epochs=3, configured=2000000000 B/s, rate=1997427280 B/s, pending=3766484992 bytes ([29.84%] 1602224128/5368709120 bytes copied)
[migrater] timestamp=1779269624.40, migrating=True, epoch=2, total_epochs=3, configured=2000000000 B/s, rate=2001853514 B/s, pending=3565158400 bytes ([33.59%] 1803550720/5368709120 bytes copied)
[migrater] timestamp=1779269624.50, migrating=True, epoch=2, total_epochs=3, configured=2000000000 B/s, rate=2000799121 B/s, pending=3363831808 bytes ([37.34%] 2004877312/5368709120 bytes copied)
[migrater] timestamp=1779269624.63, migrating=True, epoch=2, total_epochs=3, configured=2000000000 B/s, rate=1483990695 B/s, pending=3162505216 bytes ([41.09%] 2206203904/5368709120 bytes copied)
[migrater] timestamp=1779269624.74, migrating=True, epoch=2, total_epochs=3, configured=2000000000 B/s, rate=247098659 B/s, pending=3137339392 bytes ([41.56%] 2231369728/5368709120 bytes copied)
[migrater] timestamp=1779269624.84, migrating=True, epoch=2, total_epochs=3, configured=2000000000 B/s, rate=2198199080 B/s, pending=2910846976 bytes ([45.78%] 2457862144/5368709120 bytes copied)
[migrater] timestamp=1779269624.94, migrating=True, epoch=2, total_epochs=3, configured=2000000000 B/s, rate=2207440810 B/s, pending=2684354560 bytes ([50.00%] 2684354560/5368709120 bytes copied)
[migrater] timestamp=1779269625.04, migrating=True, epoch=2, total_epochs=3, configured=2000000000 B/s, rate=2212130776 B/s, pending=2457862144 bytes ([54.22%] 2910846976/5368709120 bytes copied)
[migrater] timestamp=1779269625.15, migrating=True, epoch=2, total_epochs=3, configured=2000000000 B/s, rate=2189751206 B/s, pending=2231369728 bytes ([58.44%] 3137339392/5368709120 bytes copied)
[migrater] timestamp=1779269625.25, migrating=True, epoch=2, total_epochs=3, configured=2000000000 B/s, rate=1188618014 B/s, pending=2105540608 bytes ([60.78%] 3263168512/5368709120 bytes copied)
[migrater] timestamp=1779269625.35, migrating=True, epoch=2, total_epochs=3, configured=2000000000 B/s, rate=998767248 B/s, pending=2004877312 bytes ([62.66%] 3363831808/5368709120 bytes copied)
[migrater] timestamp=1779269625.45, migrating=True, epoch=2, total_epochs=3, configured=2000000000 B/s, rate=2172924813 B/s, pending=1786773504 bytes ([66.72%] 3581935616/5368709120 bytes copied)
[migrater] timestamp=1779269625.55, migrating=True, epoch=2, total_epochs=3, configured=2000000000 B/s, rate=2180519357 B/s, pending=1568669696 bytes ([70.78%] 3800039424/5368709120 bytes copied)
[migrater] timestamp=1779269625.66, migrating=True, epoch=2, total_epochs=3, configured=2000000000 B/s, rate=2186433261 B/s, pending=1342177280 bytes ([75.00%] 4026531840/5368709120 bytes copied)
[migrater] timestamp=1779269625.76, migrating=True, epoch=2, total_epochs=3, configured=2000000000 B/s, rate=2153220728 B/s, pending=1124073472 bytes ([79.06%] 4244635648/5368709120 bytes copied)
[migrater] timestamp=1779269625.86, migrating=True, epoch=2, total_epochs=3, configured=2000000000 B/s, rate=2142844934 B/s, pending=905969664 bytes ([83.12%] 4462739456/5368709120 bytes copied)
[migrater] timestamp=1779269625.96, migrating=True, epoch=2, total_epochs=3, configured=2000000000 B/s, rate=2144485602 B/s, pending=687865856 bytes ([87.19%] 4680843264/5368709120 bytes copied)
[migrater] timestamp=1779269626.06, migrating=True, epoch=2, total_epochs=3, configured=2000000000 B/s, rate=2140661185 B/s, pending=469762048 bytes ([91.25%] 4898947072/5368709120 bytes copied)
[migrater] timestamp=1779269626.17, migrating=True, epoch=2, total_epochs=3, configured=2000000000 B/s, rate=2133631792 B/s, pending=251658240 bytes ([95.31%] 5117050880/5368709120 bytes copied)
[migrater] timestamp=1779269626.27, migrating=True, epoch=2, total_epochs=3, configured=2000000000 B/s, rate=2130910956 B/s, pending=33554432 bytes ([99.38%] 5335154688/5368709120 bytes copied)
[migrater] timestamp=1779269626.40, migrating=True, epoch=2, total_epochs=3, configured=0 B/s, rate=0 B/s, pending=33554432 bytes
[migrater] timestamp=1779269626.43, migrating=True, epoch=2, total_epochs=3, configured=2000000000 B/s, rate=208534905 B/s, pending=0 bytes ([100.00%] 5368709120/5368709120 bytes copied)
[migrater] timestamp=1779269626.60, migrating=True, epoch=2, total_epochs=3, configured=0 B/s, rate=0 B/s, pending=0 bytes
[migrater] timestamp=1779269626.70, migrating=True, epoch=2, total_epochs=3, configured=0 B/s, rate=0 B/s, pending=0 bytes
[migrater] timestamp=1779269626.80, migrating=True, epoch=2, total_epochs=3, configured=0 B/s, rate=0 B/s, pending=0 bytes
[migrater] timestamp=1779269626.90, migrating=True, epoch=2, total_epochs=3, configured=0 B/s, rate=0 B/s, pending=0 bytes
[migrater] timestamp=1779269627.00, migrating=True, epoch=2, total_epochs=3, configured=0 B/s, rate=0 B/s, pending=0 bytes
[migrater] timestamp=1779269627.10, migrating=True, epoch=2, total_epochs=3, configured=0 B/s, rate=0 B/s, pending=0 bytes
[migrater] timestamp=1779269627.20, migrating=True, epoch=2, total_epochs=3, configured=0 B/s, rate=0 B/s, pending=0 bytes
[migrater] timestamp=1779269627.30, migrating=True, epoch=2, total_epochs=3, configured=0 B/s, rate=0 B/s, pending=0 bytes
[migrater] timestamp=1779269627.40, migrating=True, epoch=2, total_epochs=3, configured=0 B/s, rate=0 B/s, pending=0 bytes
[migrater] timestamp=1779269627.50, migrating=True, epoch=2, total_epochs=3, configured=0 B/s, rate=0 B/s, pending=0 bytes
[migrater] timestamp=1779269627.61, migrating=True, epoch=2, total_epochs=3, configured=0 B/s, rate=0 B/s, pending=0 bytes
[migrater] timestamp=1779269627.71, migrating=True, epoch=2, total_epochs=3, configured=0 B/s, rate=0 B/s, pending=0 bytes
[migrater] timestamp=1779269627.81, migrating=False, epoch=2, total_epochs=3, configured=0 B/s, rate=0 B/s, pending=0 bytes
[migrater] timestamp=1779269627.91, migrating=False, epoch=2, total_epochs=3, configured=0 B/s, rate=0 B/s, pending=0 bytes
[migrater] timestamp=1779269628.01, migrating=False, epoch=2, total_epochs=3, configured=0 B/s, rate=0 B/s, pending=0 bytes
[migrater] timestamp=1779269628.11, migrating=False, epoch=2, total_epochs=3, configured=0 B/s, rate=0 B/s, pending=0 bytes
[migrater] timestamp=1779269628.21, migrating=False, epoch=2, total_epochs=3, configured=0 B/s, rate=0 B/s, pending=0 bytes
[migrater] timestamp=1779269628.31, migrating=False, epoch=2, total_epochs=3, configured=0 B/s, rate=0 B/s, pending=0 bytes
[migrater] timestamp=1779269628.41, migrating=False, epoch=2, total_epochs=3, configured=0 B/s, rate=0 B/s, pending=0 bytes
[migrater] timestamp=1779269628.51, migrating=False, epoch=2, total_epochs=3, configured=0 B/s, rate=0 B/s, pending=0 bytes
[migrater] timestamp=1779269628.61, migrating=False, epoch=2, total_epochs=3, configured=0 B/s, rate=0 B/s, pending=0 bytes
[migrater] timestamp=1779269628.71, migrating=False, epoch=2, total_epochs=3, configured=0 B/s, rate=0 B/s, pending=0 bytes
[migrater] timestamp=1779269628.81, migrating=False, epoch=2, total_epochs=3, configured=0 B/s, rate=0 B/s, pending=0 bytes
[migrater] timestamp=1779269628.91, migrating=False, epoch=2, total_epochs=3, configured=0 B/s, rate=0 B/s, pending=0 bytes
[migrater] timestamp=1779269629.01, migrating=False, epoch=2, total_epochs=3, configured=0 B/s, rate=0 B/s, pending=0 bytes
[migrater] timestamp=1779269629.11, migrating=False, epoch=2, total_epochs=3, configured=0 B/s, rate=0 B/s, pending=0 bytes
[migrater] timestamp=1779269629.21, migrating=False, epoch=2, total_epochs=3, configured=0 B/s, rate=0 B/s, pending=0 bytes
[migrater] timestamp=1779269629.31, migrating=False, epoch=2, total_epochs=3, configured=0 B/s, rate=0 B/s, pending=0 bytes
[migrater] timestamp=1779269629.41, migrating=False, epoch=2, total_epochs=3, configured=0 B/s, rate=0 B/s, pending=0 bytes
[migrater] timestamp=1779269629.51, migrating=False, epoch=2, total_epochs=3, configured=0 B/s, rate=0 B/s, pending=0 bytes
[migrater] timestamp=1779269629.61, migrating=False, epoch=2, total_epochs=3, configured=0 B/s, rate=0 B/s, pending=0 bytes
[migrater] timestamp=1779269629.71, migrating=False, epoch=2, total_epochs=3, configured=0 B/s, rate=0 B/s, pending=0 bytes
[migrater] timestamp=1779269629.81, migrating=False, epoch=2, total_epochs=3, configured=0 B/s, rate=0 B/s, pending=0 bytes
[migrater] timestamp=1779269629.91, migrating=False, epoch=2, total_epochs=3, configured=0 B/s, rate=0 B/s, pending=0 bytes
[migrater] timestamp=1779269630.02, migrating=False, epoch=2, total_epochs=3, configured=0 B/s, rate=0 B/s, pending=0 bytes
[migrater] timestamp=1779269630.12, migrating=False, epoch=2, total_epochs=3, configured=0 B/s, rate=0 B/s, pending=0 bytes
[migrater] timestamp=1779269630.22, migrating=False, epoch=2, total_epochs=3, configured=0 B/s, rate=0 B/s, pending=0 bytes
[migrater] timestamp=1779269630.32, migrating=False, epoch=2, total_epochs=3, configured=0 B/s, rate=0 B/s, pending=0 bytes
[migrater] timestamp=1779269630.42, migrating=False, epoch=2, total_epochs=3, configured=0 B/s, rate=0 B/s, pending=0 bytes
[migrater] timestamp=1779269630.52, migrating=False, epoch=2, total_epochs=3, configured=0 B/s, rate=0 B/s, pending=0 bytes
[migrater] timestamp=1779269630.62, migrating=False, epoch=2, total_epochs=3, configured=0 B/s, rate=0 B/s, pending=0 bytes
[migrater] timestamp=1779269630.72, migrating=False, epoch=2, total_epochs=3, configured=0 B/s, rate=0 B/s, pending=0 bytes
[migrater] timestamp=1779269630.82, migrating=False, epoch=2, total_epochs=3, configured=0 B/s, rate=0 B/s, pending=0 bytes
[migrater] timestamp=1779269630.92, migrating=False, epoch=2, total_epochs=3, configured=0 B/s, rate=0 B/s, pending=0 bytes
[migrater] timestamp=1779269631.02, migrating=False, epoch=2, total_epochs=3, configured=0 B/s, rate=0 B/s, pending=0 bytes
[migrater] timestamp=1779269631.12, migrating=False, epoch=2, total_epochs=3, configured=0 B/s, rate=0 B/s, pending=0 bytes
[migrater] timestamp=1779269631.22, migrating=False, epoch=2, total_epochs=3, configured=0 B/s, rate=0 B/s, pending=0 bytes
[migrater] timestamp=1779269631.32, migrating=False, epoch=2, total_epochs=3, configured=0 B/s, rate=0 B/s, pending=0 bytes
[migrater] timestamp=1779269631.42, migrating=False, epoch=2, total_epochs=3, configured=0 B/s, rate=0 B/s, pending=0 bytes
[migrater] timestamp=1779269631.52, migrating=False, epoch=2, total_epochs=3, configured=0 B/s, rate=0 B/s, pending=0 bytes
[migrater] timestamp=1779269631.62, migrating=False, epoch=2, total_epochs=3, configured=0 B/s, rate=0 B/s, pending=0 bytes
[migrater] timestamp=1779269631.72, migrating=False, epoch=2, total_epochs=3, configured=0 B/s, rate=0 B/s, pending=0 bytes
[migrater] timestamp=1779269631.82, migrating=False, epoch=2, total_epochs=3, configured=0 B/s, rate=0 B/s, pending=0 bytes
[migrater] timestamp=1779269631.92, migrating=False, epoch=2, total_epochs=3, configured=0 B/s, rate=0 B/s, pending=0 bytes
[migrater] timestamp=1779269632.02, migrating=False, epoch=2, total_epochs=3, configured=0 B/s, rate=0 B/s, pending=0 bytes
[migrater] timestamp=1779269632.12, migrating=False, epoch=2, total_epochs=3, configured=0 B/s, rate=0 B/s, pending=0 bytes
[migrater] timestamp=1779269632.22, migrating=False, epoch=2, total_epochs=3, configured=0 B/s, rate=0 B/s, pending=0 bytes
[migrater] timestamp=1779269632.32, migrating=False, epoch=2, total_epochs=3, configured=0 B/s, rate=0 B/s, pending=0 bytes
[migrater] timestamp=1779269632.43, migrating=False, epoch=2, total_epochs=3, configured=0 B/s, rate=0 B/s, pending=0 bytes
[migrater] timestamp=1779269632.53, migrating=False, epoch=2, total_epochs=3, configured=0 B/s, rate=0 B/s, pending=0 bytes
[migrater] timestamp=1779269632.63, migrating=False, epoch=2, total_epochs=3, configured=0 B/s, rate=0 B/s, pending=0 bytes
[migrater] timestamp=1779269632.73, migrating=False, epoch=2, total_epochs=3, configured=0 B/s, rate=0 B/s, pending=0 bytes
[migrater] timestamp=1779269632.83, migrating=False, epoch=2, total_epochs=3, configured=0 B/s, rate=0 B/s, pending=0 bytes
[migrater] timestamp=1779269632.93, migrating=False, epoch=2, total_epochs=3, configured=0 B/s, rate=0 B/s, pending=0 bytes
[migrater] timestamp=1779269633.03, migrating=False, epoch=2, total_epochs=3, configured=0 B/s, rate=0 B/s, pending=0 bytes
[migrater] timestamp=1779269633.13, migrating=False, epoch=2, total_epochs=3, configured=0 B/s, rate=0 B/s, pending=0 bytes
[migrater] timestamp=1779269633.23, migrating=False, epoch=2, total_epochs=3, configured=0 B/s, rate=0 B/s, pending=0 bytes
[migrater] timestamp=1779269633.33, migrating=False, epoch=2, total_epochs=3, configured=0 B/s, rate=0 B/s, pending=0 bytes
[migrater] timestamp=1779269633.43, migrating=False, epoch=2, total_epochs=3, configured=0 B/s, rate=0 B/s, pending=0 bytes
[migrater] timestamp=1779269633.53, migrating=False, epoch=2, total_epochs=3, configured=0 B/s, rate=0 B/s, pending=0 bytes
[migrater] timestamp=1779269633.63, migrating=False, epoch=2, total_epochs=3, configured=0 B/s, rate=0 B/s, pending=0 bytes
[migrater] timestamp=1779269633.73, migrating=False, epoch=2, total_epochs=3, configured=0 B/s, rate=0 B/s, pending=0 bytes
[migrater] timestamp=1779269633.83, migrating=False, epoch=2, total_epochs=3, configured=0 B/s, rate=0 B/s, pending=0 bytes
[migrater] timestamp=1779269633.93, migrating=False, epoch=2, total_epochs=3, configured=0 B/s, rate=0 B/s, pending=0 bytes
[migrater] timestamp=1779269634.03, migrating=False, epoch=2, total_epochs=3, configured=0 B/s, rate=0 B/s, pending=0 bytes
[migrater] timestamp=1779269634.13, migrating=False, epoch=2, total_epochs=3, configured=0 B/s, rate=0 B/s, pending=0 bytes
[migrater] timestamp=1779269634.23, migrating=False, epoch=2, total_epochs=3, configured=0 B/s, rate=0 B/s, pending=0 bytes
[migrater] timestamp=1779269634.33, migrating=False, epoch=2, total_epochs=3, configured=0 B/s, rate=0 B/s, pending=0 bytes
[migrater] timestamp=1779269634.43, migrating=False, epoch=2, total_epochs=3, configured=0 B/s, rate=0 B/s, pending=0 bytes
[migrater] timestamp=1779269634.53, migrating=False, epoch=2, total_epochs=3, configured=0 B/s, rate=0 B/s, pending=0 bytes
[migrater] timestamp=1779269634.63, migrating=False, epoch=2, total_epochs=3, configured=0 B/s, rate=0 B/s, pending=0 bytes
[migrater] timestamp=1779269634.73, migrating=False, epoch=2, total_epochs=3, configured=0 B/s, rate=0 B/s, pending=0 bytes
[migrater] timestamp=1779269634.83, migrating=False, epoch=2, total_epochs=3, configured=0 B/s, rate=0 B/s, pending=0 bytes
[migrater] timestamp=1779269634.94, migrating=False, epoch=2, total_epochs=3, configured=0 B/s, rate=0 B/s, pending=0 bytes
[migrater] timestamp=1779269635.04, migrating=False, epoch=2, total_epochs=3, configured=0 B/s, rate=0 B/s, pending=0 bytes
[migrater] timestamp=1779269635.14, migrating=False, epoch=2, total_epochs=3, configured=0 B/s, rate=0 B/s, pending=0 bytes
[migrater] timestamp=1779269635.24, migrating=False, epoch=2, total_epochs=3, configured=0 B/s, rate=0 B/s, pending=0 bytes
[migrater] timestamp=1779269635.34, migrating=False, epoch=2, total_epochs=3, configured=0 B/s, rate=0 B/s, pending=0 bytes
[migrater] timestamp=1779269635.44, migrating=False, epoch=2, total_epochs=3, configured=0 B/s, rate=0 B/s, pending=0 bytes
[migrater] timestamp=1779269635.54, migrating=False, epoch=2, total_epochs=3, configured=0 B/s, rate=0 B/s, pending=0 bytes
[migrater] timestamp=1779269635.64, migrating=False, epoch=2, total_epochs=3, configured=0 B/s, rate=0 B/s, pending=0 bytes
[migrater] timestamp=1779269635.74, migrating=False, epoch=2, total_epochs=3, configured=0 B/s, rate=0 B/s, pending=0 bytes
[migrater] timestamp=1779269635.84, migrating=False, epoch=2, total_epochs=3, configured=0 B/s, rate=0 B/s, pending=0 bytes
[migrater] timestamp=1779269635.94, migrating=False, epoch=2, total_epochs=3, configured=0 B/s, rate=0 B/s, pending=0 bytes
[migrater] timestamp=1779269636.04, migrating=False, epoch=2, total_epochs=3, configured=0 B/s, rate=0 B/s, pending=0 bytes
[migrater] timestamp=1779269636.14, migrating=False, epoch=2, total_epochs=3, configured=0 B/s, rate=0 B/s, pending=0 bytes
[migrater] timestamp=1779269636.24, migrating=False, epoch=2, total_epochs=3, configured=0 B/s, rate=0 B/s, pending=0 bytes
[migrater] timestamp=1779269636.34, migrating=False, epoch=2, total_epochs=3, configured=0 B/s, rate=0 B/s, pending=0 bytes
[migrater] timestamp=1779269636.44, migrating=False, epoch=2, total_epochs=3, configured=0 B/s, rate=0 B/s, pending=0 bytes
[migrater] timestamp=1779269636.54, migrating=False, epoch=2, total_epochs=3, configured=0 B/s, rate=0 B/s, pending=0 bytes
[migrater] timestamp=1779269636.64, migrating=False, epoch=2, total_epochs=3, configured=0 B/s, rate=0 B/s, pending=0 bytes
[migrater] timestamp=1779269636.74, migrating=False, epoch=2, total_epochs=3, configured=0 B/s, rate=0 B/s, pending=0 bytes
[migrater] timestamp=1779269636.84, migrating=False, epoch=2, total_epochs=3, configured=0 B/s, rate=0 B/s, pending=0 bytes
[migrater] timestamp=1779269636.94, migrating=False, epoch=2, total_epochs=3, configured=0 B/s, rate=0 B/s, pending=0 bytes
[migrater] timestamp=1779269637.04, migrating=False, epoch=2, total_epochs=3, configured=0 B/s, rate=0 B/s, pending=0 bytes
[migrater] timestamp=1779269637.14, migrating=False, epoch=2, total_epochs=3, configured=0 B/s, rate=0 B/s, pending=0 bytes
[migrater] timestamp=1779269637.24, migrating=False, epoch=2, total_epochs=3, configured=0 B/s, rate=0 B/s, pending=0 bytes
[migrater] timestamp=1779269637.34, migrating=False, epoch=2, total_epochs=3, configured=0 B/s, rate=0 B/s, pending=0 bytes
[migrater] timestamp=1779269637.45, migrating=False, epoch=2, total_epochs=3, configured=0 B/s, rate=0 B/s, pending=0 bytes
[migrater] timestamp=1779269637.55, migrating=False, epoch=2, total_epochs=3, configured=0 B/s, rate=0 B/s, pending=0 bytes
[migrater] timestamp=1779269637.65, migrating=False, epoch=2, total_epochs=3, configured=0 B/s, rate=0 B/s, pending=0 bytes
[migrater] timestamp=1779269637.75, migrating=False, epoch=2, total_epochs=3, configured=0 B/s, rate=0 B/s, pending=0 bytes
[migrater] timestamp=1779269637.85, migrating=False, epoch=2, total_epochs=3, configured=0 B/s, rate=0 B/s, pending=0 bytes
[migrater] timestamp=1779269637.95, migrating=False, epoch=2, total_epochs=3, configured=0 B/s, rate=0 B/s, pending=0 bytes
[migrater] timestamp=1779269638.05, migrating=False, epoch=2, total_epochs=3, configured=0 B/s, rate=0 B/s, pending=0 bytes
[migrater] timestamp=1779269638.15, migrating=False, epoch=2, total_epochs=3, configured=0 B/s, rate=0 B/s, pending=0 bytes
[migrater] timestamp=1779269638.25, migrating=False, epoch=2, total_epochs=3, configured=0 B/s, rate=0 B/s, pending=0 bytes
[migrater] timestamp=1779269638.35, migrating=False, epoch=2, total_epochs=3, configured=0 B/s, rate=0 B/s, pending=0 bytes
[migrater] timestamp=1779269638.45, migrating=False, epoch=2, total_epochs=3, configured=0 B/s, rate=0 B/s, pending=0 bytes
[migrater] timestamp=1779269638.55, migrating=False, epoch=2, total_epochs=3, configured=0 B/s, rate=0 B/s, pending=0 bytes
[migrater] timestamp=1779269638.65, migrating=False, epoch=2, total_epochs=3, configured=0 B/s, rate=0 B/s, pending=0 bytes
[migrater] timestamp=1779269638.75, migrating=False, epoch=2, total_epochs=3, configured=0 B/s, rate=0 B/s, pending=0 bytes
[migrater] timestamp=1779269638.85, migrating=False, epoch=2, total_epochs=3, configured=0 B/s, rate=0 B/s, pending=0 bytes
[migrater] timestamp=1779269638.95, migrating=False, epoch=2, total_epochs=3, configured=0 B/s, rate=0 B/s, pending=0 bytes
[migrater] timestamp=1779269639.05, migrating=False, epoch=2, total_epochs=3, configured=0 B/s, rate=0 B/s, pending=0 bytes
[migrater] timestamp=1779269639.15, migrating=False, epoch=2, total_epochs=3, configured=0 B/s, rate=0 B/s, pending=0 bytes
[migrater] timestamp=1779269639.26, migrating=False, epoch=2, total_epochs=3, configured=0 B/s, rate=0 B/s, pending=0 bytes
[migrater] timestamp=1779269639.36, migrating=False, epoch=2, total_epochs=3, configured=0 B/s, rate=0 B/s, pending=0 bytes
[migrater] timestamp=1779269639.46, migrating=False, epoch=2, total_epochs=3, configured=0 B/s, rate=0 B/s, pending=0 bytes
[migrater] timestamp=1779269639.56, migrating=False, epoch=2, total_epochs=3, configured=0 B/s, rate=0 B/s, pending=0 bytes
[migrater] timestamp=1779269639.66, migrating=False, epoch=2, total_epochs=3, configured=0 B/s, rate=0 B/s, pending=0 bytes
[migrater] timestamp=1779269639.76, migrating=False, epoch=2, total_epochs=3, configured=0 B/s, rate=0 B/s, pending=0 bytes
[migrater] timestamp=1779269639.86, migrating=False, epoch=2, total_epochs=3, configured=0 B/s, rate=0 B/s, pending=0 bytes
[migrater] timestamp=1779269639.96, migrating=False, epoch=2, total_epochs=3, configured=0 B/s, rate=0 B/s, pending=0 bytes
[migrater] timestamp=1779269640.06, migrating=False, epoch=2, total_epochs=3, configured=0 B/s, rate=0 B/s, pending=0 bytes
[migrater] timestamp=1779269640.16, migrating=False, epoch=2, total_epochs=3, configured=0 B/s, rate=0 B/s, pending=0 bytes
[migrater] timestamp=1779269640.26, migrating=False, epoch=2, total_epochs=3, configured=0 B/s, rate=0 B/s, pending=0 bytes
[migrater] timestamp=1779269640.36, migrating=False, epoch=2, total_epochs=3, configured=0 B/s, rate=0 B/s, pending=0 bytes
[migrater] timestamp=1779269640.46, migrating=False, epoch=2, total_epochs=3, configured=0 B/s, rate=0 B/s, pending=0 bytes
[migrater] timestamp=1779269640.56, migrating=False, epoch=2, total_epochs=3, configured=0 B/s, rate=0 B/s, pending=0 bytes
[migrater] timestamp=1779269640.66, migrating=False, epoch=2, total_epochs=3, configured=0 B/s, rate=0 B/s, pending=0 bytes
[migrater] timestamp=1779269640.76, migrating=False, epoch=2, total_epochs=3, configured=0 B/s, rate=0 B/s, pending=0 bytes
[migrater] timestamp=1779269640.86, migrating=False, epoch=2, total_epochs=3, configured=0 B/s, rate=0 B/s, pending=0 bytes
[migrater] timestamp=1779269640.97, migrating=False, epoch=2, total_epochs=3, configured=0 B/s, rate=0 B/s, pending=0 bytes
[migrater] timestamp=1779269641.07, migrating=False, epoch=2, total_epochs=3, configured=0 B/s, rate=0 B/s, pending=0 bytes
[migrater] timestamp=1779269641.17, migrating=False, epoch=2, total_epochs=3, configured=0 B/s, rate=0 B/s, pending=0 bytes
[migrater] timestamp=1779269641.27, migrating=False, epoch=2, total_epochs=3, configured=0 B/s, rate=0 B/s, pending=0 bytes
[migrater] timestamp=1779269641.37, migrating=False, epoch=2, total_epochs=3, configured=0 B/s, rate=0 B/s, pending=0 bytes
[migrater] timestamp=1779269641.47, migrating=False, epoch=2, total_epochs=3, configured=0 B/s, rate=0 B/s, pending=0 bytes
[migrater] timestamp=1779269641.57, migrating=False, epoch=2, total_epochs=3, configured=0 B/s, rate=0 B/s, pending=0 bytes
[migrater] timestamp=1779269641.67, migrating=False, epoch=2, total_epochs=3, configured=0 B/s, rate=0 B/s, pending=0 bytes
[migrater] timestamp=1779269641.77, migrating=False, epoch=2, total_epochs=3, configured=0 B/s, rate=0 B/s, pending=0 bytes
[migrater] timestamp=1779269641.87, migrating=False, epoch=2, total_epochs=3, configured=0 B/s, rate=0 B/s, pending=0 bytes
[migrater] timestamp=1779269641.97, migrating=False, epoch=2, total_epochs=3, configured=0 B/s, rate=0 B/s, pending=0 bytes
[migrater] timestamp=1779269642.07, migrating=False, epoch=3, total_epochs=3, configured=0 B/s, rate=0 B/s, pending=5368709120 bytes
[migrater] timestamp=1779269642.17, migrating=True, epoch=3, total_epochs=3, configured=0 B/s, rate=0 B/s, pending=5368709120 bytes
[migrater] timestamp=1779269642.18, migrating=True, epoch=3, total_epochs=3, configured=2000000000 B/s, rate=1867337007 B/s, pending=5175771136 bytes ([3.59%] 192937984/5368709120 bytes copied)
[migrater] timestamp=1779269642.28, migrating=True, epoch=3, total_epochs=3, configured=2000000000 B/s, rate=2057362747 B/s, pending=4966055936 bytes ([7.50%] 402653184/5368709120 bytes copied)
[migrater] timestamp=1779269642.38, migrating=True, epoch=3, total_epochs=3, configured=2000000000 B/s, rate=1999836677 B/s, pending=4764729344 bytes ([11.25%] 603979776/5368709120 bytes copied)
[migrater] timestamp=1779269642.48, migrating=True, epoch=3, total_epochs=3, configured=2000000000 B/s, rate=1999568139 B/s, pending=4563402752 bytes ([15.00%] 805306368/5368709120 bytes copied)
[migrater] timestamp=1779269642.58, migrating=True, epoch=3, total_epochs=3, configured=2000000000 B/s, rate=1998498653 B/s, pending=4362076160 bytes ([18.75%] 1006632960/5368709120 bytes copied)
[migrater] timestamp=1779269642.69, migrating=True, epoch=3, total_epochs=3, configured=2000000000 B/s, rate=2001783551 B/s, pending=4160749568 bytes ([22.50%] 1207959552/5368709120 bytes copied)
[migrater] timestamp=1779269642.79, migrating=True, epoch=3, total_epochs=3, configured=2000000000 B/s, rate=2000987122 B/s, pending=3959422976 bytes ([26.25%] 1409286144/5368709120 bytes copied)
[migrater] timestamp=1779269642.89, migrating=True, epoch=3, total_epochs=3, configured=2000000000 B/s, rate=1999418406 B/s, pending=3758096384 bytes ([30.00%] 1610612736/5368709120 bytes copied)
[migrater] timestamp=1779269642.99, migrating=True, epoch=3, total_epochs=3, configured=2000000000 B/s, rate=1999306623 B/s, pending=3556769792 bytes ([33.75%] 1811939328/5368709120 bytes copied)
[migrater] timestamp=1779269643.09, migrating=True, epoch=3, total_epochs=3, configured=2000000000 B/s, rate=2000484682 B/s, pending=3355443200 bytes ([37.50%] 2013265920/5368709120 bytes copied)
[migrater] timestamp=1779269643.19, migrating=True, epoch=3, total_epochs=3, configured=2000000000 B/s, rate=1999961815 B/s, pending=3154116608 bytes ([41.25%] 2214592512/5368709120 bytes copied)
[migrater] timestamp=1779269643.29, migrating=True, epoch=3, total_epochs=3, configured=2000000000 B/s, rate=2000072302 B/s, pending=2952790016 bytes ([45.00%] 2415919104/5368709120 bytes copied)
[migrater] timestamp=1779269643.39, migrating=True, epoch=3, total_epochs=3, configured=2000000000 B/s, rate=1999735569 B/s, pending=2751463424 bytes ([48.75%] 2617245696/5368709120 bytes copied)
[migrater] timestamp=1779269643.49, migrating=True, epoch=3, total_epochs=3, configured=2000000000 B/s, rate=2000854479 B/s, pending=2550136832 bytes ([52.50%] 2818572288/5368709120 bytes copied)
[migrater] timestamp=1779269643.59, migrating=True, epoch=3, total_epochs=3, configured=2000000000 B/s, rate=1998944919 B/s, pending=2348810240 bytes ([56.25%] 3019898880/5368709120 bytes copied)
[migrater] timestamp=1779269643.69, migrating=True, epoch=3, total_epochs=3, configured=2000000000 B/s, rate=2000215375 B/s, pending=2147483648 bytes ([60.00%] 3221225472/5368709120 bytes copied)
[migrater] timestamp=1779269643.79, migrating=True, epoch=3, total_epochs=3, configured=2000000000 B/s, rate=1999881772 B/s, pending=1946157056 bytes ([63.75%] 3422552064/5368709120 bytes copied)
[migrater] timestamp=1779269643.89, migrating=True, epoch=3, total_epochs=3, configured=2000000000 B/s, rate=1999768939 B/s, pending=1744830464 bytes ([67.50%] 3623878656/5368709120 bytes copied)
[migrater] timestamp=1779269643.99, migrating=True, epoch=3, total_epochs=3, configured=2000000000 B/s, rate=2000422269 B/s, pending=1543503872 bytes ([71.25%] 3825205248/5368709120 bytes copied)
[migrater] timestamp=1779269644.09, migrating=True, epoch=3, total_epochs=3, configured=2000000000 B/s, rate=1999788981 B/s, pending=1342177280 bytes ([75.00%] 4026531840/5368709120 bytes copied)
[migrater] timestamp=1779269644.20, migrating=True, epoch=3, total_epochs=3, configured=2000000000 B/s, rate=1999907797 B/s, pending=1140850688 bytes ([78.75%] 4227858432/5368709120 bytes copied)
[migrater] timestamp=1779269644.30, migrating=True, epoch=3, total_epochs=3, configured=2000000000 B/s, rate=2000118203 B/s, pending=939524096 bytes ([82.50%] 4429185024/5368709120 bytes copied)
[migrater] timestamp=1779269644.40, migrating=True, epoch=3, total_epochs=3, configured=2000000000 B/s, rate=2000466795 B/s, pending=738197504 bytes ([86.25%] 4630511616/5368709120 bytes copied)
[migrater] timestamp=1779269644.50, migrating=True, epoch=3, total_epochs=3, configured=2000000000 B/s, rate=1999499804 B/s, pending=536870912 bytes ([90.00%] 4831838208/5368709120 bytes copied)
[migrater] timestamp=1779269644.60, migrating=True, epoch=3, total_epochs=3, configured=2000000000 B/s, rate=1998101586 B/s, pending=335544320 bytes ([93.75%] 5033164800/5368709120 bytes copied)
[migrater] timestamp=1779269644.70, migrating=True, epoch=3, total_epochs=3, configured=2000000000 B/s, rate=2000120190 B/s, pending=134217728 bytes ([97.50%] 5234491392/5368709120 bytes copied)
[migrater] timestamp=1779269644.80, migrating=False, epoch=3, total_epochs=3, configured=2000000000 B/s, rate=0 B/s, pending=0 bytes ([100.00%] 5368709120/5368709120 bytes copied)
[migrater] timestamp=1779269644.99, migrating=False, epoch=3, total_epochs=3, configured=0 B/s, rate=0 B/s, pending=0 bytes
[migrater] timestamp=1779269645.09, migrating=False, epoch=3, total_epochs=3, configured=0 B/s, rate=0 B/s, pending=0 bytes
[migrater] timestamp=1779269645.19, migrating=False, epoch=3, total_epochs=3, configured=0 B/s, rate=0 B/s, pending=0 bytes
[migrater] timestamp=1779269645.29, migrating=False, epoch=3, total_epochs=3, configured=0 B/s, rate=0 B/s, pending=0 bytes
[migrater] timestamp=1779269645.39, migrating=False, epoch=3, total_epochs=3, configured=0 B/s, rate=0 B/s, pending=0 bytes
[migrater] timestamp=1779269645.49, migrating=False, epoch=3, total_epochs=3, configured=0 B/s, rate=0 B/s, pending=0 bytes
[migrater] timestamp=1779269645.59, migrating=False, epoch=3, total_epochs=3, configured=0 B/s, rate=0 B/s, pending=0 bytes
[migrater] timestamp=1779269645.69, migrating=False, epoch=3, total_epochs=3, configured=0 B/s, rate=0 B/s, pending=0 bytes
[migrater] timestamp=1779269645.79, migrating=False, epoch=3, total_epochs=3, configured=0 B/s, rate=0 B/s, pending=0 bytes
[migrater] timestamp=1779269645.89, migrating=False, epoch=3, total_epochs=3, configured=0 B/s, rate=0 B/s, pending=0 bytes
[migrater] timestamp=1779269645.99, migrating=False, epoch=3, total_epochs=3, configured=0 B/s, rate=0 B/s, pending=0 bytes
[migrater] timestamp=1779269646.09, migrating=False, epoch=3, total_epochs=3, configured=0 B/s, rate=0 B/s, pending=0 bytes
[migrater] timestamp=1779269646.19, migrating=False, epoch=3, total_epochs=3, configured=0 B/s, rate=0 B/s, pending=0 bytes
