[migrater] timestamp=1779269570.71, migrating=False, epoch=0, total_epochs=0, configured=0 B/s, rate=0 B/s, pending=0 bytesMigrater running on 50051

[migrater] timestamp=1779269570.86, migrating=False, epoch=0, total_epochs=0, configured=0 B/s, rate=0 B/s, pending=0 bytes
[migrater] timestamp=1779269570.96, migrating=False, epoch=0, total_epochs=0, configured=0 B/s, rate=0 B/s, pending=0 bytes
[migrater] timestamp=1779269571.06, migrating=False, epoch=0, total_epochs=0, configured=0 B/s, rate=0 B/s, pending=0 bytes
[migrater] timestamp=1779269571.16, migrating=False, epoch=0, total_epochs=0, configured=0 B/s, rate=0 B/s, pending=0 bytes
[migrater] timestamp=1779269571.26, migrating=False, epoch=0, total_epochs=0, configured=0 B/s, rate=0 B/s, pending=0 bytes
[migrater] timestamp=1779269571.36, migrating=False, epoch=0, total_epochs=0, configured=0 B/s, rate=0 B/s, pending=0 bytes
[migrater] timestamp=1779269571.46, migrating=False, epoch=0, total_epochs=0, configured=0 B/s, rate=0 B/s, pending=0 bytes
[migrater] timestamp=1779269571.57, migrating=False, epoch=0, total_epochs=0, configured=0 B/s, rate=0 B/s, pending=0 bytes
[migrater] timestamp=1779269571.67, migrating=False, epoch=0, total_epochs=0, configured=0 B/s, rate=0 B/s, pending=0 bytes
[migrater] timestamp=1779269571.77, migrating=False, epoch=0, total_epochs=0, configured=0 B/s, rate=0 B/s, pending=0 bytes
[migrater] timestamp=1779269571.87, migrating=False, epoch=0, total_epochs=0, configured=0 B/s, rate=0 B/s, pending=0 bytes
[migrater] timestamp=1779269571.97, migrating=False, epoch=0, total_epochs=0, configured=0 B/s, rate=0 B/s, pending=0 bytes
[migrater] timestamp=1779269572.07, migrating=False, epoch=0, total_epochs=0, configured=0 B/s, rate=0 B/s, pending=0 bytes
[migrater] timestamp=1779269572.17, migrating=False, epoch=0, total_epochs=0, configured=0 B/s, rate=0 B/s, pending=0 bytes
[migrater] timestamp=1779269572.27, migrating=False, epoch=0, total_epochs=0, configured=0 B/s, rate=0 B/s, pending=0 bytes
[migrater] timestamp=1779269572.37, migrating=False, epoch=0, total_epochs=0, configured=0 B/s, rate=0 B/s, pending=0 bytes
[migrater] timestamp=1779269572.47, migrating=False, epoch=0, total_epochs=0, configured=0 B/s, rate=0 B/s, pending=0 bytes
[migrater] timestamp=1779269572.57, migrating=False, epoch=0, total_epochs=0, configured=0 B/s, rate=0 B/s, pending=0 bytes
[migrater] timestamp=1779269572.67, migrating=False, epoch=0, total_epochs=0, configured=0 B/s, rate=0 B/s, pending=0 bytes
[migrater] timestamp=1779269572.77, migrating=False, epoch=0, total_epochs=0, configured=0 B/s, rate=0 B/s, pending=0 bytes
[migrater] timestamp=1779269572.87, migrating=False, epoch=0, total_epochs=0, configured=0 B/s, rate=0 B/s, pending=0 bytes
[migrater] timestamp=1779269572.97, migrating=False, epoch=0, total_epochs=0, configured=0 B/s, rate=0 B/s, pending=0 bytes
[migrater] timestamp=1779269573.07, migrating=False, epoch=0, total_epochs=0, configured=0 B/s, rate=0 B/s, pending=0 bytes
[migrater] timestamp=1779269573.17, migrating=False, epoch=0, total_epochs=0, configured=0 B/s, rate=0 B/s, pending=0 bytes
[migrater] timestamp=1779269573.27, migrating=False, epoch=0, total_epochs=0, configured=0 B/s, rate=0 B/s, pending=0 bytes
[migrater] timestamp=1779269573.37, migrating=False, epoch=0, total_epochs=0, configured=0 B/s, rate=0 B/s, pending=0 bytes
[migrater] timestamp=1779269573.47, migrating=False, epoch=0, total_epochs=0, configured=0 B/s, rate=0 B/s, pending=0 bytes
[migrater] timestamp=1779269573.57, migrating=False, epoch=0, total_epochs=0, configured=0 B/s, rate=0 B/s, pending=0 bytes
[migrater] timestamp=1779269573.67, migrating=False, epoch=0, total_epochs=0, configured=0 B/s, rate=0 B/s, pending=0 bytes
[migrater] timestamp=1779269573.77, migrating=False, epoch=0, total_epochs=0, configured=0 B/s, rate=0 B/s, pending=0 bytes
[migrater] timestamp=1779269573.87, migrating=False, epoch=0, total_epochs=0, configured=0 B/s, rate=0 B/s, pending=0 bytes
[migrater] timestamp=1779269573.97, migrating=False, epoch=0, total_epochs=0, configured=0 B/s, rate=0 B/s, pending=0 bytes
[migrater] timestamp=1779269574.07, migrating=False, epoch=0, total_epochs=0, configured=0 B/s, rate=0 B/s, pending=0 bytes
[migrater] timestamp=1779269574.18, migrating=False, epoch=0, total_epochs=0, configured=0 B/s, rate=0 B/s, pending=0 bytes
[migrater] timestamp=1779269574.28, migrating=False, epoch=0, total_epochs=0, configured=0 B/s, rate=0 B/s, pending=0 bytes
[migrater] timestamp=1779269574.38, migrating=False, epoch=0, total_epochs=0, configured=0 B/s, rate=0 B/s, pending=0 bytes
[migrater] timestamp=1779269574.48, migrating=False, epoch=0, total_epochs=0, configured=0 B/s, rate=0 B/s, pending=0 bytes
[migrater] timestamp=1779269574.58, migrating=False, epoch=0, total_epochs=0, configured=0 B/s, rate=0 B/s, pending=0 bytes
[migrater] timestamp=1779269574.68, migrating=False, epoch=0, total_epochs=0, configured=0 B/s, rate=0 B/s, pending=0 bytes
[migrater] timestamp=1779269574.78, migrating=False, epoch=0, total_epochs=0, configured=0 B/s, rate=0 B/s, pending=0 bytes
[migrater] timestamp=1779269574.88, migrating=False, epoch=0, total_epochs=0, configured=0 B/s, rate=0 B/s, pending=0 bytes
[migrater] timestamp=1779269574.98, migrating=False, epoch=0, total_epochs=0, configured=0 B/s, rate=0 B/s, pending=0 bytes
[migrater] timestamp=1779269575.08, migrating=False, epoch=0, total_epochs=0, configured=0 B/s, rate=0 B/s, pending=0 bytes
[migrater] timestamp=1779269575.18, migrating=False, epoch=0, total_epochs=0, configured=0 B/s, rate=0 B/s, pending=0 bytes
[migrater] timestamp=1779269575.28, migrating=False, epoch=0, total_epochs=0, configured=0 B/s, rate=0 B/s, pending=0 bytes
[migrater] timestamp=1779269575.38, migrating=False, epoch=0, total_epochs=0, configured=0 B/s, rate=0 B/s, pending=0 bytes
[migrater] timestamp=1779269575.48, migrating=False, epoch=0, total_epochs=0, configured=0 B/s, rate=0 B/s, pending=0 bytes
[migrater] timestamp=1779269575.58, migrating=False, epoch=0, total_epochs=0, configured=0 B/s, rate=0 B/s, pending=0 bytes
[migrater] timestamp=1779269575.68, migrating=False, epoch=0, total_epochs=0, configured=0 B/s, rate=0 B/s, pending=0 bytes
[migrater] timestamp=1779269575.78, migrating=False, epoch=0, total_epochs=0, configured=0 B/s, rate=0 B/s, pending=0 bytes
[migrater] timestamp=1779269575.88, migrating=False, epoch=0, total_epochs=0, configured=0 B/s, rate=0 B/s, pending=0 bytes
[migrater] timestamp=1779269575.98, migrating=False, epoch=0, total_epochs=0, configured=0 B/s, rate=0 B/s, pending=0 bytes
[migrater] timestamp=1779269576.08, migrating=False, epoch=0, total_epochs=0, configured=0 B/s, rate=0 B/s, pending=0 bytes
[migrater] timestamp=1779269576.18, migrating=False, epoch=0, total_epochs=0, configured=0 B/s, rate=0 B/s, pending=0 bytes
[migrater] timestamp=1779269576.28, migrating=False, epoch=0, total_epochs=0, configured=0 B/s, rate=0 B/s, pending=0 bytes
[migrater] timestamp=1779269576.38, migrating=False, epoch=0, total_epochs=0, configured=0 B/s, rate=0 B/s, pending=0 bytes
[migrater] timestamp=1779269576.48, migrating=False, epoch=0, total_epochs=0, configured=0 B/s, rate=0 B/s, pending=0 bytes
[migrater] timestamp=1779269576.58, migrating=False, epoch=0, total_epochs=0, configured=0 B/s, rate=0 B/s, pending=0 bytes
[migrater] timestamp=1779269576.69, migrating=False, epoch=0, total_epochs=0, configured=0 B/s, rate=0 B/s, pending=0 bytes
[migrater] timestamp=1779269576.79, migrating=False, epoch=0, total_epochs=0, configured=0 B/s, rate=0 B/s, pending=0 bytes
[migrater] timestamp=1779269576.89, migrating=False, epoch=0, total_epochs=0, configured=0 B/s, rate=0 B/s, pending=0 bytes
[migrater] timestamp=1779269576.99, migrating=False, epoch=0, total_epochs=0, configured=0 B/s, rate=0 B/s, pending=0 bytes
[migrater] timestamp=1779269577.09, migrating=False, epoch=0, total_epochs=0, configured=0 B/s, rate=0 B/s, pending=0 bytes
[migrater] timestamp=1779269577.19, migrating=False, epoch=0, total_epochs=0, configured=0 B/s, rate=0 B/s, pending=0 bytes
[migrater] timestamp=1779269577.29, migrating=False, epoch=0, total_epochs=0, configured=0 B/s, rate=0 B/s, pending=0 bytes
[migrater] timestamp=1779269577.39, migrating=False, epoch=0, total_epochs=0, configured=0 B/s, rate=0 B/s, pending=0 bytes
[migrater] timestamp=1779269577.49, migrating=False, epoch=0, total_epochs=0, configured=0 B/s, rate=0 B/s, pending=0 bytes
[migrater] timestamp=1779269577.59, migrating=False, epoch=0, total_epochs=0, configured=0 B/s, rate=0 B/s, pending=0 bytes
[migrater] timestamp=1779269577.69, migrating=False, epoch=0, total_epochs=0, configured=0 B/s, rate=0 B/s, pending=0 bytes
[migrater] timestamp=1779269577.79, migrating=False, epoch=0, total_epochs=0, configured=0 B/s, rate=0 B/s, pending=0 bytes
[migrater] timestamp=1779269577.89, migrating=False, epoch=0, total_epochs=0, configured=0 B/s, rate=0 B/s, pending=0 bytes
[migrater] timestamp=1779269577.99, migrating=False, epoch=0, total_epochs=0, configured=0 B/s, rate=0 B/s, pending=0 bytes
[migrater] timestamp=1779269578.09, migrating=False, epoch=0, total_epochs=0, configured=0 B/s, rate=0 B/s, pending=0 bytes
[migrater] timestamp=1779269578.19, migrating=False, epoch=0, total_epochs=0, configured=0 B/s, rate=0 B/s, pending=0 bytes
[migrater] timestamp=1779269578.29, migrating=False, epoch=0, total_epochs=0, configured=0 B/s, rate=0 B/s, pending=0 bytes
[migrater] timestamp=1779269578.39, migrating=False, epoch=0, total_epochs=0, configured=0 B/s, rate=0 B/s, pending=0 bytes
[migrater] timestamp=1779269578.49, migrating=False, epoch=0, total_epochs=0, configured=0 B/s, rate=0 B/s, pending=0 bytes
[migrater] timestamp=1779269578.59, migrating=False, epoch=0, total_epochs=0, configured=0 B/s, rate=0 B/s, pending=0 bytes
[migrater] timestamp=1779269578.69, migrating=False, epoch=0, total_epochs=0, configured=0 B/s, rate=0 B/s, pending=0 bytes
[migrater] timestamp=1779269578.79, migrating=False, epoch=0, total_epochs=0, configured=0 B/s, rate=0 B/s, pending=0 bytes
[migrater] timestamp=1779269578.89, migrating=False, epoch=1, total_epochs=3, configured=0 B/s, rate=0 B/s, pending=5368709120 bytes
[migrater] timestamp=1779269578.99, migrating=True, epoch=1, total_epochs=3, configured=0 B/s, rate=0 B/s, pending=5368709120 bytes
[migrater] timestamp=1779269579.01, migrating=True, epoch=1, total_epochs=3, configured=500000000 B/s, rate=481820248 B/s, pending=5318377472 bytes ([0.94%] 50331648/5368709120 bytes copied)
[migrater] timestamp=1779269579.11, migrating=True, epoch=1, total_epochs=3, configured=500000000 B/s, rate=499994075 B/s, pending=5268045824 bytes ([1.88%] 100663296/5368709120 bytes copied)
[migrater] timestamp=1779269579.21, migrating=True, epoch=1, total_epochs=3, configured=500000000 B/s, rate=499721990 B/s, pending=5217714176 bytes ([2.81%] 150994944/5368709120 bytes copied)
[migrater] timestamp=1779269579.31, migrating=True, epoch=1, total_epochs=3, configured=500000000 B/s, rate=500088911 B/s, pending=5167382528 bytes ([3.75%] 201326592/5368709120 bytes copied)
[migrater] timestamp=1779269579.41, migrating=True, epoch=1, total_epochs=3, configured=500000000 B/s, rate=499955534 B/s, pending=5117050880 bytes ([4.69%] 251658240/5368709120 bytes copied)
[migrater] timestamp=1779269579.51, migrating=True, epoch=1, total_epochs=3, configured=500000000 B/s, rate=500020450 B/s, pending=5066719232 bytes ([5.62%] 301989888/5368709120 bytes copied)
[migrater] timestamp=1779269579.61, migrating=True, epoch=1, total_epochs=3, configured=500000000 B/s, rate=500023729 B/s, pending=5016387584 bytes ([6.56%] 352321536/5368709120 bytes copied)
[migrater] timestamp=1779269579.71, migrating=True, epoch=1, total_epochs=3, configured=500000000 B/s, rate=500093781 B/s, pending=4966055936 bytes ([7.50%] 402653184/5368709120 bytes copied)
[migrater] timestamp=1779269579.81, migrating=True, epoch=1, total_epochs=3, configured=500000000 B/s, rate=499907813 B/s, pending=4915724288 bytes ([8.44%] 452984832/5368709120 bytes copied)
[migrater] timestamp=1779269579.92, migrating=True, epoch=1, total_epochs=3, configured=500000000 B/s, rate=500005102 B/s, pending=4865392640 bytes ([9.38%] 503316480/5368709120 bytes copied)
[migrater] timestamp=1779269580.02, migrating=True, epoch=1, total_epochs=3, configured=500000000 B/s, rate=500056119 B/s, pending=4815060992 bytes ([10.31%] 553648128/5368709120 bytes copied)
[migrater] timestamp=1779269580.12, migrating=True, epoch=1, total_epochs=3, configured=500000000 B/s, rate=499974555 B/s, pending=4764729344 bytes ([11.25%] 603979776/5368709120 bytes copied)
[migrater] timestamp=1779269580.22, migrating=True, epoch=1, total_epochs=3, configured=500000000 B/s, rate=499948979 B/s, pending=4714397696 bytes ([12.19%] 654311424/5368709120 bytes copied)
[migrater] timestamp=1779269580.32, migrating=True, epoch=1, total_epochs=3, configured=500000000 B/s, rate=500020798 B/s, pending=4664066048 bytes ([13.12%] 704643072/5368709120 bytes copied)
[migrater] timestamp=1779269580.42, migrating=True, epoch=1, total_epochs=3, configured=500000000 B/s, rate=499957923 B/s, pending=4613734400 bytes ([14.06%] 754974720/5368709120 bytes copied)
[migrater] timestamp=1779269580.52, migrating=True, epoch=1, total_epochs=3, configured=500000000 B/s, rate=500061137 B/s, pending=4563402752 bytes ([15.00%] 805306368/5368709120 bytes copied)
[migrater] timestamp=1779269580.62, migrating=True, epoch=1, total_epochs=3, configured=500000000 B/s, rate=500101085 B/s, pending=4513071104 bytes ([15.94%] 855638016/5368709120 bytes copied)
[migrater] timestamp=1779269580.72, migrating=True, epoch=1, total_epochs=3, configured=500000000 B/s, rate=499748084 B/s, pending=4462739456 bytes ([16.88%] 905969664/5368709120 bytes copied)
[migrater] timestamp=1779269580.82, migrating=True, epoch=1, total_epochs=3, configured=500000000 B/s, rate=499917794 B/s, pending=4412407808 bytes ([17.81%] 956301312/5368709120 bytes copied)
[migrater] timestamp=1779269580.92, migrating=True, epoch=1, total_epochs=3, configured=500000000 B/s, rate=499836126 B/s, pending=4362076160 bytes ([18.75%] 1006632960/5368709120 bytes copied)
[migrater] timestamp=1779269581.02, migrating=True, epoch=1, total_epochs=3, configured=500000000 B/s, rate=500086477 B/s, pending=4311744512 bytes ([19.69%] 1056964608/5368709120 bytes copied)
[migrater] timestamp=1779269581.12, migrating=True, epoch=1, total_epochs=3, configured=500000000 B/s, rate=500014837 B/s, pending=4261412864 bytes ([20.62%] 1107296256/5368709120 bytes copied)
[migrater] timestamp=1779269581.22, migrating=True, epoch=1, total_epochs=3, configured=500000000 B/s, rate=500230315 B/s, pending=4211081216 bytes ([21.56%] 1157627904/5368709120 bytes copied)
[migrater] timestamp=1779269581.32, migrating=True, epoch=1, total_epochs=3, configured=500000000 B/s, rate=500013446 B/s, pending=4160749568 bytes ([22.50%] 1207959552/5368709120 bytes copied)
[migrater] timestamp=1779269581.43, migrating=True, epoch=1, total_epochs=3, configured=500000000 B/s, rate=499880159 B/s, pending=4110417920 bytes ([23.44%] 1258291200/5368709120 bytes copied)
[migrater] timestamp=1779269581.53, migrating=True, epoch=1, total_epochs=3, configured=500000000 B/s, rate=499663351 B/s, pending=4060086272 bytes ([24.38%] 1308622848/5368709120 bytes copied)
[migrater] timestamp=1779269581.63, migrating=True, epoch=1, total_epochs=3, configured=500000000 B/s, rate=500505247 B/s, pending=4009754624 bytes ([25.31%] 1358954496/5368709120 bytes copied)
[migrater] timestamp=1779269581.73, migrating=True, epoch=1, total_epochs=3, configured=500000000 B/s, rate=499997154 B/s, pending=3959422976 bytes ([26.25%] 1409286144/5368709120 bytes copied)
[migrater] timestamp=1779269581.83, migrating=True, epoch=1, total_epochs=3, configured=500000000 B/s, rate=499911984 B/s, pending=3909091328 bytes ([27.19%] 1459617792/5368709120 bytes copied)
[migrater] timestamp=1779269581.93, migrating=True, epoch=1, total_epochs=3, configured=500000000 B/s, rate=500047028 B/s, pending=3858759680 bytes ([28.12%] 1509949440/5368709120 bytes copied)
[migrater] timestamp=1779269582.03, migrating=True, epoch=1, total_epochs=3, configured=500000000 B/s, rate=499936961 B/s, pending=3808428032 bytes ([29.06%] 1560281088/5368709120 bytes copied)
[migrater] timestamp=1779269582.13, migrating=True, epoch=1, total_epochs=3, configured=500000000 B/s, rate=500046928 B/s, pending=3758096384 bytes ([30.00%] 1610612736/5368709120 bytes copied)
[migrater] timestamp=1779269582.23, migrating=True, epoch=1, total_epochs=3, configured=500000000 B/s, rate=500006591 B/s, pending=3707764736 bytes ([30.94%] 1660944384/5368709120 bytes copied)
[migrater] timestamp=1779269582.33, migrating=True, epoch=1, total_epochs=3, configured=500000000 B/s, rate=500083893 B/s, pending=3657433088 bytes ([31.87%] 1711276032/5368709120 bytes copied)
[migrater] timestamp=1779269582.43, migrating=True, epoch=1, total_epochs=3, configured=500000000 B/s, rate=499782473 B/s, pending=3607101440 bytes ([32.81%] 1761607680/5368709120 bytes copied)
[migrater] timestamp=1779269582.53, migrating=True, epoch=1, total_epochs=3, configured=500000000 B/s, rate=500178615 B/s, pending=3556769792 bytes ([33.75%] 1811939328/5368709120 bytes copied)
[migrater] timestamp=1779269582.63, migrating=True, epoch=1, total_epochs=3, configured=500000000 B/s, rate=499952058 B/s, pending=3506438144 bytes ([34.69%] 1862270976/5368709120 bytes copied)
[migrater] timestamp=1779269582.73, migrating=True, epoch=1, total_epochs=3, configured=500000000 B/s, rate=500183436 B/s, pending=3456106496 bytes ([35.62%] 1912602624/5368709120 bytes copied)
[migrater] timestamp=1779269582.83, migrating=True, epoch=1, total_epochs=3, configured=500000000 B/s, rate=500019660 B/s, pending=3405774848 bytes ([36.56%] 1962934272/5368709120 bytes copied)
[migrater] timestamp=1779269582.94, migrating=True, epoch=1, total_epochs=3, configured=500000000 B/s, rate=499919383 B/s, pending=3355443200 bytes ([37.50%] 2013265920/5368709120 bytes copied)
[migrater] timestamp=1779269583.04, migrating=True, epoch=1, total_epochs=3, configured=500000000 B/s, rate=499867450 B/s, pending=3305111552 bytes ([38.44%] 2063597568/5368709120 bytes copied)
[migrater] timestamp=1779269583.14, migrating=True, epoch=1, total_epochs=3, configured=500000000 B/s, rate=500124888 B/s, pending=3254779904 bytes ([39.38%] 2113929216/5368709120 bytes copied)
[migrater] timestamp=1779269583.24, migrating=True, epoch=1, total_epochs=3, configured=500000000 B/s, rate=500100042 B/s, pending=3204448256 bytes ([40.31%] 2164260864/5368709120 bytes copied)
[migrater] timestamp=1779269583.34, migrating=True, epoch=1, total_epochs=3, configured=500000000 B/s, rate=499999389 B/s, pending=3154116608 bytes ([41.25%] 2214592512/5368709120 bytes copied)
[migrater] timestamp=1779269583.44, migrating=True, epoch=1, total_epochs=3, configured=500000000 B/s, rate=499917247 B/s, pending=3103784960 bytes ([42.19%] 2264924160/5368709120 bytes copied)
[migrater] timestamp=1779269583.54, migrating=True, epoch=1, total_epochs=3, configured=500000000 B/s, rate=500012552 B/s, pending=3053453312 bytes ([43.12%] 2315255808/5368709120 bytes copied)
[migrater] timestamp=1779269583.64, migrating=True, epoch=1, total_epochs=3, configured=500000000 B/s, rate=500009820 B/s, pending=3003121664 bytes ([44.06%] 2365587456/5368709120 bytes copied)
[migrater] timestamp=1779269583.74, migrating=True, epoch=1, total_epochs=3, configured=500000000 B/s, rate=499842033 B/s, pending=2952790016 bytes ([45.00%] 2415919104/5368709120 bytes copied)
[migrater] timestamp=1779269583.84, migrating=True, epoch=1, total_epochs=3, configured=500000000 B/s, rate=500038632 B/s, pending=2902458368 bytes ([45.94%] 2466250752/5368709120 bytes copied)
[migrater] timestamp=1779269583.94, migrating=True, epoch=1, total_epochs=3, configured=500000000 B/s, rate=499934136 B/s, pending=2852126720 bytes ([46.88%] 2516582400/5368709120 bytes copied)
[migrater] timestamp=1779269584.04, migrating=True, epoch=1, total_epochs=3, configured=500000000 B/s, rate=500062925 B/s, pending=2801795072 bytes ([47.81%] 2566914048/5368709120 bytes copied)
[migrater] timestamp=1779269584.14, migrating=True, epoch=1, total_epochs=3, configured=500000000 B/s, rate=499898529 B/s, pending=2751463424 bytes ([48.75%] 2617245696/5368709120 bytes copied)
[migrater] timestamp=1779269584.24, migrating=True, epoch=1, total_epochs=3, configured=500000000 B/s, rate=500132591 B/s, pending=2701131776 bytes ([49.69%] 2667577344/5368709120 bytes copied)
[migrater] timestamp=1779269584.34, migrating=True, epoch=1, total_epochs=3, configured=500000000 B/s, rate=500163852 B/s, pending=2650800128 bytes ([50.62%] 2717908992/5368709120 bytes copied)
[migrater] timestamp=1779269584.45, migrating=True, epoch=1, total_epochs=3, configured=500000000 B/s, rate=499911190 B/s, pending=2600468480 bytes ([51.56%] 2768240640/5368709120 bytes copied)
[migrater] timestamp=1779269584.55, migrating=True, epoch=1, total_epochs=3, configured=500000000 B/s, rate=500059696 B/s, pending=2550136832 bytes ([52.50%] 2818572288/5368709120 bytes copied)
[migrater] timestamp=1779269584.65, migrating=True, epoch=1, total_epochs=3, configured=500000000 B/s, rate=500051201 B/s, pending=2499805184 bytes ([53.44%] 2868903936/5368709120 bytes copied)
[migrater] timestamp=1779269584.75, migrating=True, epoch=1, total_epochs=3, configured=500000000 B/s, rate=499730419 B/s, pending=2449473536 bytes ([54.37%] 2919235584/5368709120 bytes copied)
[migrater] timestamp=1779269584.85, migrating=True, epoch=1, total_epochs=3, configured=500000000 B/s, rate=500132243 B/s, pending=2399141888 bytes ([55.31%] 2969567232/5368709120 bytes copied)
[migrater] timestamp=1779269584.95, migrating=True, epoch=1, total_epochs=3, configured=500000000 B/s, rate=500127124 B/s, pending=2348810240 bytes ([56.25%] 3019898880/5368709120 bytes copied)
[migrater] timestamp=1779269585.05, migrating=True, epoch=1, total_epochs=3, configured=500000000 B/s, rate=499245195 B/s, pending=2298478592 bytes ([57.19%] 3070230528/5368709120 bytes copied)
[migrater] timestamp=1779269585.15, migrating=True, epoch=1, total_epochs=3, configured=500000000 B/s, rate=500265715 B/s, pending=2248146944 bytes ([58.13%] 3120562176/5368709120 bytes copied)
[migrater] timestamp=1779269585.25, migrating=True, epoch=1, total_epochs=3, configured=500000000 B/s, rate=499765253 B/s, pending=2197815296 bytes ([59.06%] 3170893824/5368709120 bytes copied)
[migrater] timestamp=1779269585.35, migrating=True, epoch=1, total_epochs=3, configured=500000000 B/s, rate=499982502 B/s, pending=2147483648 bytes ([60.00%] 3221225472/5368709120 bytes copied)
[migrater] timestamp=1779269585.45, migrating=True, epoch=1, total_epochs=3, configured=500000000 B/s, rate=499630263 B/s, pending=2097152000 bytes ([60.94%] 3271557120/5368709120 bytes copied)
[migrater] timestamp=1779269585.55, migrating=True, epoch=1, total_epochs=3, configured=500000000 B/s, rate=500296844 B/s, pending=2046820352 bytes ([61.88%] 3321888768/5368709120 bytes copied)
[migrater] timestamp=1779269585.65, migrating=True, epoch=1, total_epochs=3, configured=500000000 B/s, rate=499924348 B/s, pending=1996488704 bytes ([62.81%] 3372220416/5368709120 bytes copied)
[migrater] timestamp=1779269585.75, migrating=True, epoch=1, total_epochs=3, configured=500000000 B/s, rate=500044990 B/s, pending=1946157056 bytes ([63.75%] 3422552064/5368709120 bytes copied)
[migrater] timestamp=1779269585.85, migrating=True, epoch=1, total_epochs=3, configured=500000000 B/s, rate=500235634 B/s, pending=1895825408 bytes ([64.69%] 3472883712/5368709120 bytes copied)
[migrater] timestamp=1779269585.96, migrating=True, epoch=1, total_epochs=3, configured=500000000 B/s, rate=499857873 B/s, pending=1845493760 bytes ([65.62%] 3523215360/5368709120 bytes copied)
[migrater] timestamp=1779269586.06, migrating=True, epoch=1, total_epochs=3, configured=500000000 B/s, rate=500038433 B/s, pending=1795162112 bytes ([66.56%] 3573547008/5368709120 bytes copied)
[migrater] timestamp=1779269586.16, migrating=True, epoch=1, total_epochs=3, configured=500000000 B/s, rate=499801630 B/s, pending=1744830464 bytes ([67.50%] 3623878656/5368709120 bytes copied)
[migrater] timestamp=1779269586.26, migrating=True, epoch=1, total_epochs=3, configured=500000000 B/s, rate=500148694 B/s, pending=1694498816 bytes ([68.44%] 3674210304/5368709120 bytes copied)
[migrater] timestamp=1779269586.36, migrating=True, epoch=1, total_epochs=3, configured=500000000 B/s, rate=499907962 B/s, pending=1644167168 bytes ([69.38%] 3724541952/5368709120 bytes copied)
[migrater] timestamp=1779269586.46, migrating=True, epoch=1, total_epochs=3, configured=500000000 B/s, rate=500239412 B/s, pending=1593835520 bytes ([70.31%] 3774873600/5368709120 bytes copied)
[migrater] timestamp=1779269586.56, migrating=True, epoch=1, total_epochs=3, configured=500000000 B/s, rate=499850323 B/s, pending=1543503872 bytes ([71.25%] 3825205248/5368709120 bytes copied)
[migrater] timestamp=1779269586.66, migrating=True, epoch=1, total_epochs=3, configured=500000000 B/s, rate=500077284 B/s, pending=1493172224 bytes ([72.19%] 3875536896/5368709120 bytes copied)
[migrater] timestamp=1779269586.76, migrating=True, epoch=1, total_epochs=3, configured=500000000 B/s, rate=499925069 B/s, pending=1442840576 bytes ([73.12%] 3925868544/5368709120 bytes copied)
[migrater] timestamp=1779269586.86, migrating=True, epoch=1, total_epochs=3, configured=500000000 B/s, rate=499799456 B/s, pending=1392508928 bytes ([74.06%] 3976200192/5368709120 bytes copied)
[migrater] timestamp=1779269586.96, migrating=True, epoch=1, total_epochs=3, configured=500000000 B/s, rate=500121166 B/s, pending=1342177280 bytes ([75.00%] 4026531840/5368709120 bytes copied)
[migrater] timestamp=1779269587.06, migrating=True, epoch=1, total_epochs=3, configured=500000000 B/s, rate=500026620 B/s, pending=1291845632 bytes ([75.94%] 4076863488/5368709120 bytes copied)
[migrater] timestamp=1779269587.16, migrating=True, epoch=1, total_epochs=3, configured=500000000 B/s, rate=499916165 B/s, pending=1241513984 bytes ([76.88%] 4127195136/5368709120 bytes copied)
[migrater] timestamp=1779269587.26, migrating=True, epoch=1, total_epochs=3, configured=500000000 B/s, rate=500022442 B/s, pending=1191182336 bytes ([77.81%] 4177526784/5368709120 bytes copied)
[migrater] timestamp=1779269587.36, migrating=True, epoch=1, total_epochs=3, configured=500000000 B/s, rate=500014996 B/s, pending=1140850688 bytes ([78.75%] 4227858432/5368709120 bytes copied)
[migrater] timestamp=1779269587.47, migrating=True, epoch=1, total_epochs=3, configured=500000000 B/s, rate=500030495 B/s, pending=1090519040 bytes ([79.69%] 4278190080/5368709120 bytes copied)
[migrater] timestamp=1779269587.57, migrating=True, epoch=1, total_epochs=3, configured=500000000 B/s, rate=500185037 B/s, pending=1040187392 bytes ([80.62%] 4328521728/5368709120 bytes copied)
[migrater] timestamp=1779269587.67, migrating=True, epoch=1, total_epochs=3, configured=500000000 B/s, rate=499937760 B/s, pending=989855744 bytes ([81.56%] 4378853376/5368709120 bytes copied)
[migrater] timestamp=1779269587.77, migrating=True, epoch=1, total_epochs=3, configured=500000000 B/s, rate=500104772 B/s, pending=939524096 bytes ([82.50%] 4429185024/5368709120 bytes copied)
[migrater] timestamp=1779269587.87, migrating=True, epoch=1, total_epochs=3, configured=500000000 B/s, rate=499978439 B/s, pending=889192448 bytes ([83.44%] 4479516672/5368709120 bytes copied)
[migrater] timestamp=1779269587.97, migrating=True, epoch=1, total_epochs=3, configured=500000000 B/s, rate=499772856 B/s, pending=838860800 bytes ([84.38%] 4529848320/5368709120 bytes copied)
[migrater] timestamp=1779269588.07, migrating=True, epoch=1, total_epochs=3, configured=500000000 B/s, rate=500352949 B/s, pending=788529152 bytes ([85.31%] 4580179968/5368709120 bytes copied)
[migrater] timestamp=1779269588.17, migrating=True, epoch=1, total_epochs=3, configured=500000000 B/s, rate=500055831 B/s, pending=738197504 bytes ([86.25%] 4630511616/5368709120 bytes copied)
[migrater] timestamp=1779269588.27, migrating=True, epoch=1, total_epochs=3, configured=500000000 B/s, rate=499980972 B/s, pending=687865856 bytes ([87.19%] 4680843264/5368709120 bytes copied)
[migrater] timestamp=1779269588.37, migrating=True, epoch=1, total_epochs=3, configured=500000000 B/s, rate=499943819 B/s, pending=637534208 bytes ([88.12%] 4731174912/5368709120 bytes copied)
[migrater] timestamp=1779269588.47, migrating=True, epoch=1, total_epochs=3, configured=500000000 B/s, rate=499937766 B/s, pending=587202560 bytes ([89.06%] 4781506560/5368709120 bytes copied)
[migrater] timestamp=1779269588.57, migrating=True, epoch=1, total_epochs=3, configured=500000000 B/s, rate=499950777 B/s, pending=536870912 bytes ([90.00%] 4831838208/5368709120 bytes copied)
[migrater] timestamp=1779269588.67, migrating=True, epoch=1, total_epochs=3, configured=500000000 B/s, rate=500049621 B/s, pending=486539264 bytes ([90.94%] 4882169856/5368709120 bytes copied)
[migrater] timestamp=1779269588.77, migrating=True, epoch=1, total_epochs=3, configured=500000000 B/s, rate=500128471 B/s, pending=436207616 bytes ([91.88%] 4932501504/5368709120 bytes copied)
[migrater] timestamp=1779269588.87, migrating=True, epoch=1, total_epochs=3, configured=500000000 B/s, rate=499928083 B/s, pending=385875968 bytes ([92.81%] 4982833152/5368709120 bytes copied)
[migrater] timestamp=1779269588.98, migrating=True, epoch=1, total_epochs=3, configured=500000000 B/s, rate=500085940 B/s, pending=335544320 bytes ([93.75%] 5033164800/5368709120 bytes copied)
[migrater] timestamp=1779269589.08, migrating=True, epoch=1, total_epochs=3, configured=500000000 B/s, rate=499915817 B/s, pending=285212672 bytes ([94.69%] 5083496448/5368709120 bytes copied)
[migrater] timestamp=1779269589.18, migrating=True, epoch=1, total_epochs=3, configured=500000000 B/s, rate=499180486 B/s, pending=234881024 bytes ([95.62%] 5133828096/5368709120 bytes copied)
[migrater] timestamp=1779269589.28, migrating=True, epoch=1, total_epochs=3, configured=500000000 B/s, rate=499560693 B/s, pending=184549376 bytes ([96.56%] 5184159744/5368709120 bytes copied)
[migrater] timestamp=1779269589.38, migrating=True, epoch=1, total_epochs=3, configured=500000000 B/s, rate=499532536 B/s, pending=134217728 bytes ([97.50%] 5234491392/5368709120 bytes copied)
[migrater] timestamp=1779269589.49, migrating=True, epoch=1, total_epochs=3, configured=666666666 B/s, rate=535465942 B/s, pending=75497472 bytes ([98.59%] 5293211648/5368709120 bytes copied)
[migrater] timestamp=1779269589.63, migrating=False, epoch=1, total_epochs=3, configured=666666666 B/s, rate=0 B/s, pending=0 bytes ([100.00%] 5368709120/5368709120 bytes copied)
[migrater] timestamp=1779269589.76, migrating=False, epoch=1, total_epochs=3, configured=0 B/s, rate=0 B/s, pending=0 bytes
[migrater] timestamp=1779269589.86, migrating=False, epoch=1, total_epochs=3, configured=0 B/s, rate=0 B/s, pending=0 bytes
[migrater] timestamp=1779269589.97, migrating=False, epoch=1, total_epochs=3, configured=0 B/s, rate=0 B/s, pending=0 bytes
[migrater] timestamp=1779269590.07, migrating=False, epoch=1, total_epochs=3, configured=0 B/s, rate=0 B/s, pending=0 bytes
[migrater] timestamp=1779269590.17, migrating=False, epoch=1, total_epochs=3, configured=0 B/s, rate=0 B/s, pending=0 bytes
[migrater] timestamp=1779269590.27, migrating=False, epoch=1, total_epochs=3, configured=0 B/s, rate=0 B/s, pending=0 bytes
[migrater] timestamp=1779269590.37, migrating=False, epoch=1, total_epochs=3, configured=0 B/s, rate=0 B/s, pending=0 bytes
[migrater] timestamp=1779269590.47, migrating=False, epoch=1, total_epochs=3, configured=0 B/s, rate=0 B/s, pending=0 bytes
[migrater] timestamp=1779269590.57, migrating=False, epoch=1, total_epochs=3, configured=0 B/s, rate=0 B/s, pending=0 bytes
[migrater] timestamp=1779269590.67, migrating=False, epoch=1, total_epochs=3, configured=0 B/s, rate=0 B/s, pending=0 bytes
[migrater] timestamp=1779269590.77, migrating=False, epoch=1, total_epochs=3, configured=0 B/s, rate=0 B/s, pending=0 bytes
[migrater] timestamp=1779269590.87, migrating=False, epoch=1, total_epochs=3, configured=0 B/s, rate=0 B/s, pending=0 bytes
[migrater] timestamp=1779269590.97, migrating=False, epoch=1, total_epochs=3, configured=0 B/s, rate=0 B/s, pending=0 bytes
[migrater] timestamp=1779269591.07, migrating=False, epoch=1, total_epochs=3, configured=0 B/s, rate=0 B/s, pending=0 bytes
[migrater] timestamp=1779269591.17, migrating=False, epoch=1, total_epochs=3, configured=0 B/s, rate=0 B/s, pending=0 bytes
[migrater] timestamp=1779269591.27, migrating=False, epoch=1, total_epochs=3, configured=0 B/s, rate=0 B/s, pending=0 bytes
[migrater] timestamp=1779269591.37, migrating=False, epoch=1, total_epochs=3, configured=0 B/s, rate=0 B/s, pending=0 bytes
[migrater] timestamp=1779269591.47, migrating=False, epoch=1, total_epochs=3, configured=0 B/s, rate=0 B/s, pending=0 bytes
[migrater] timestamp=1779269591.57, migrating=False, epoch=1, total_epochs=3, configured=0 B/s, rate=0 B/s, pending=0 bytes
[migrater] timestamp=1779269591.67, migrating=False, epoch=1, total_epochs=3, configured=0 B/s, rate=0 B/s, pending=0 bytes
[migrater] timestamp=1779269591.77, migrating=False, epoch=1, total_epochs=3, configured=0 B/s, rate=0 B/s, pending=0 bytes
[migrater] timestamp=1779269591.87, migrating=False, epoch=1, total_epochs=3, configured=0 B/s, rate=0 B/s, pending=0 bytes
[migrater] timestamp=1779269591.98, migrating=False, epoch=1, total_epochs=3, configured=0 B/s, rate=0 B/s, pending=0 bytes
[migrater] timestamp=1779269592.08, migrating=False, epoch=1, total_epochs=3, configured=0 B/s, rate=0 B/s, pending=0 bytes
[migrater] timestamp=1779269592.18, migrating=False, epoch=1, total_epochs=3, configured=0 B/s, rate=0 B/s, pending=0 bytes
[migrater] timestamp=1779269592.28, migrating=False, epoch=1, total_epochs=3, configured=0 B/s, rate=0 B/s, pending=0 bytes
[migrater] timestamp=1779269592.38, migrating=False, epoch=1, total_epochs=3, configured=0 B/s, rate=0 B/s, pending=0 bytes
[migrater] timestamp=1779269592.48, migrating=False, epoch=1, total_epochs=3, configured=0 B/s, rate=0 B/s, pending=0 bytes
[migrater] timestamp=1779269592.58, migrating=False, epoch=1, total_epochs=3, configured=0 B/s, rate=0 B/s, pending=0 bytes
[migrater] timestamp=1779269592.68, migrating=False, epoch=1, total_epochs=3, configured=0 B/s, rate=0 B/s, pending=0 bytes
[migrater] timestamp=1779269592.78, migrating=False, epoch=1, total_epochs=3, configured=0 B/s, rate=0 B/s, pending=0 bytes
[migrater] timestamp=1779269592.88, migrating=False, epoch=1, total_epochs=3, configured=0 B/s, rate=0 B/s, pending=0 bytes
[migrater] timestamp=1779269592.98, migrating=False, epoch=1, total_epochs=3, configured=0 B/s, rate=0 B/s, pending=0 bytes
[migrater] timestamp=1779269593.08, migrating=False, epoch=1, total_epochs=3, configured=0 B/s, rate=0 B/s, pending=0 bytes
[migrater] timestamp=1779269593.18, migrating=False, epoch=1, total_epochs=3, configured=0 B/s, rate=0 B/s, pending=0 bytes
[migrater] timestamp=1779269593.28, migrating=False, epoch=1, total_epochs=3, configured=0 B/s, rate=0 B/s, pending=0 bytes
[migrater] timestamp=1779269593.38, migrating=False, epoch=1, total_epochs=3, configured=0 B/s, rate=0 B/s, pending=0 bytes
[migrater] timestamp=1779269593.48, migrating=False, epoch=1, total_epochs=3, configured=0 B/s, rate=0 B/s, pending=0 bytes
[migrater] timestamp=1779269593.58, migrating=False, epoch=1, total_epochs=3, configured=0 B/s, rate=0 B/s, pending=0 bytes
[migrater] timestamp=1779269593.68, migrating=False, epoch=1, total_epochs=3, configured=0 B/s, rate=0 B/s, pending=0 bytes
[migrater] timestamp=1779269593.78, migrating=False, epoch=1, total_epochs=3, configured=0 B/s, rate=0 B/s, pending=0 bytes
[migrater] timestamp=1779269593.88, migrating=False, epoch=1, total_epochs=3, configured=0 B/s, rate=0 B/s, pending=0 bytes
[migrater] timestamp=1779269593.98, migrating=False, epoch=1, total_epochs=3, configured=0 B/s, rate=0 B/s, pending=0 bytes
[migrater] timestamp=1779269594.08, migrating=False, epoch=1, total_epochs=3, configured=0 B/s, rate=0 B/s, pending=0 bytes
[migrater] timestamp=1779269594.18, migrating=False, epoch=1, total_epochs=3, configured=0 B/s, rate=0 B/s, pending=0 bytes
[migrater] timestamp=1779269594.28, migrating=False, epoch=1, total_epochs=3, configured=0 B/s, rate=0 B/s, pending=0 bytes
[migrater] timestamp=1779269594.38, migrating=False, epoch=1, total_epochs=3, configured=0 B/s, rate=0 B/s, pending=0 bytes
[migrater] timestamp=1779269594.48, migrating=False, epoch=1, total_epochs=3, configured=0 B/s, rate=0 B/s, pending=0 bytes
[migrater] timestamp=1779269594.59, migrating=False, epoch=1, total_epochs=3, configured=0 B/s, rate=0 B/s, pending=0 bytes
[migrater] timestamp=1779269594.69, migrating=False, epoch=1, total_epochs=3, configured=0 B/s, rate=0 B/s, pending=0 bytes
[migrater] timestamp=1779269594.79, migrating=False, epoch=1, total_epochs=3, configured=0 B/s, rate=0 B/s, pending=0 bytes
[migrater] timestamp=1779269594.89, migrating=False, epoch=1, total_epochs=3, configured=0 B/s, rate=0 B/s, pending=0 bytes
[migrater] timestamp=1779269594.99, migrating=False, epoch=1, total_epochs=3, configured=0 B/s, rate=0 B/s, pending=0 bytes
[migrater] timestamp=1779269595.09, migrating=False, epoch=1, total_epochs=3, configured=0 B/s, rate=0 B/s, pending=0 bytes
[migrater] timestamp=1779269595.19, migrating=False, epoch=1, total_epochs=3, configured=0 B/s, rate=0 B/s, pending=0 bytes
[migrater] timestamp=1779269595.29, migrating=False, epoch=1, total_epochs=3, configured=0 B/s, rate=0 B/s, pending=0 bytes
[migrater] timestamp=1779269595.39, migrating=False, epoch=1, total_epochs=3, configured=0 B/s, rate=0 B/s, pending=0 bytes
[migrater] timestamp=1779269595.49, migrating=False, epoch=1, total_epochs=3, configured=0 B/s, rate=0 B/s, pending=0 bytes
[migrater] timestamp=1779269595.59, migrating=False, epoch=1, total_epochs=3, configured=0 B/s, rate=0 B/s, pending=0 bytes
[migrater] timestamp=1779269595.69, migrating=False, epoch=1, total_epochs=3, configured=0 B/s, rate=0 B/s, pending=0 bytes
[migrater] timestamp=1779269595.79, migrating=False, epoch=1, total_epochs=3, configured=0 B/s, rate=0 B/s, pending=0 bytes
[migrater] timestamp=1779269595.89, migrating=False, epoch=1, total_epochs=3, configured=0 B/s, rate=0 B/s, pending=0 bytes
[migrater] timestamp=1779269595.99, migrating=False, epoch=1, total_epochs=3, configured=0 B/s, rate=0 B/s, pending=0 bytes
[migrater] timestamp=1779269596.09, migrating=False, epoch=1, total_epochs=3, configured=0 B/s, rate=0 B/s, pending=0 bytes
[migrater] timestamp=1779269596.19, migrating=False, epoch=1, total_epochs=3, configured=0 B/s, rate=0 B/s, pending=0 bytes
[migrater] timestamp=1779269596.29, migrating=False, epoch=1, total_epochs=3, configured=0 B/s, rate=0 B/s, pending=0 bytes
[migrater] timestamp=1779269596.39, migrating=False, epoch=1, total_epochs=3, configured=0 B/s, rate=0 B/s, pending=0 bytes
[migrater] timestamp=1779269596.49, migrating=False, epoch=1, total_epochs=3, configured=0 B/s, rate=0 B/s, pending=0 bytes
[migrater] timestamp=1779269596.59, migrating=False, epoch=1, total_epochs=3, configured=0 B/s, rate=0 B/s, pending=0 bytes
[migrater] timestamp=1779269596.69, migrating=False, epoch=1, total_epochs=3, configured=0 B/s, rate=0 B/s, pending=0 bytes
[migrater] timestamp=1779269596.79, migrating=False, epoch=1, total_epochs=3, configured=0 B/s, rate=0 B/s, pending=0 bytes
[migrater] timestamp=1779269596.89, migrating=False, epoch=1, total_epochs=3, configured=0 B/s, rate=0 B/s, pending=0 bytes
[migrater] timestamp=1779269596.99, migrating=False, epoch=1, total_epochs=3, configured=0 B/s, rate=0 B/s, pending=0 bytes
[migrater] timestamp=1779269597.09, migrating=False, epoch=1, total_epochs=3, configured=0 B/s, rate=0 B/s, pending=0 bytes
[migrater] timestamp=1779269597.20, migrating=False, epoch=1, total_epochs=3, configured=0 B/s, rate=0 B/s, pending=0 bytes
[migrater] timestamp=1779269597.30, migrating=False, epoch=1, total_epochs=3, configured=0 B/s, rate=0 B/s, pending=0 bytes
[migrater] timestamp=1779269597.40, migrating=False, epoch=1, total_epochs=3, configured=0 B/s, rate=0 B/s, pending=0 bytes
[migrater] timestamp=1779269597.50, migrating=False, epoch=1, total_epochs=3, configured=0 B/s, rate=0 B/s, pending=0 bytes
[migrater] timestamp=1779269597.60, migrating=False, epoch=1, total_epochs=3, configured=0 B/s, rate=0 B/s, pending=0 bytes
[migrater] timestamp=1779269597.70, migrating=False, epoch=1, total_epochs=3, configured=0 B/s, rate=0 B/s, pending=0 bytes
[migrater] timestamp=1779269597.80, migrating=False, epoch=1, total_epochs=3, configured=0 B/s, rate=0 B/s, pending=0 bytes
[migrater] timestamp=1779269597.90, migrating=False, epoch=1, total_epochs=3, configured=0 B/s, rate=0 B/s, pending=0 bytes
[migrater] timestamp=1779269598.00, migrating=False, epoch=1, total_epochs=3, configured=0 B/s, rate=0 B/s, pending=0 bytes
[migrater] timestamp=1779269598.10, migrating=False, epoch=1, total_epochs=3, configured=0 B/s, rate=0 B/s, pending=0 bytes
[migrater] timestamp=1779269598.20, migrating=False, epoch=1, total_epochs=3, configured=0 B/s, rate=0 B/s, pending=0 bytes
[migrater] timestamp=1779269598.30, migrating=False, epoch=1, total_epochs=3, configured=0 B/s, rate=0 B/s, pending=0 bytes
[migrater] timestamp=1779269598.40, migrating=False, epoch=1, total_epochs=3, configured=0 B/s, rate=0 B/s, pending=0 bytes
[migrater] timestamp=1779269598.50, migrating=False, epoch=1, total_epochs=3, configured=0 B/s, rate=0 B/s, pending=0 bytes
[migrater] timestamp=1779269598.60, migrating=False, epoch=1, total_epochs=3, configured=0 B/s, rate=0 B/s, pending=0 bytes
[migrater] timestamp=1779269598.70, migrating=False, epoch=1, total_epochs=3, configured=0 B/s, rate=0 B/s, pending=0 bytes
[migrater] timestamp=1779269598.80, migrating=False, epoch=1, total_epochs=3, configured=0 B/s, rate=0 B/s, pending=0 bytes
[migrater] timestamp=1779269598.90, migrating=False, epoch=1, total_epochs=3, configured=0 B/s, rate=0 B/s, pending=0 bytes
[migrater] timestamp=1779269599.00, migrating=False, epoch=1, total_epochs=3, configured=0 B/s, rate=0 B/s, pending=0 bytes
[migrater] timestamp=1779269599.10, migrating=False, epoch=1, total_epochs=3, configured=0 B/s, rate=0 B/s, pending=0 bytes
[migrater] timestamp=1779269599.20, migrating=False, epoch=1, total_epochs=3, configured=0 B/s, rate=0 B/s, pending=0 bytes
[migrater] timestamp=1779269599.30, migrating=False, epoch=1, total_epochs=3, configured=0 B/s, rate=0 B/s, pending=0 bytes
[migrater] timestamp=1779269599.40, migrating=False, epoch=1, total_epochs=3, configured=0 B/s, rate=0 B/s, pending=0 bytes
[migrater] timestamp=1779269599.50, migrating=False, epoch=1, total_epochs=3, configured=0 B/s, rate=0 B/s, pending=0 bytes
[migrater] timestamp=1779269599.60, migrating=False, epoch=1, total_epochs=3, configured=0 B/s, rate=0 B/s, pending=0 bytes
[migrater] timestamp=1779269599.71, migrating=False, epoch=1, total_epochs=3, configured=0 B/s, rate=0 B/s, pending=0 bytes
[migrater] timestamp=1779269599.81, migrating=False, epoch=1, total_epochs=3, configured=0 B/s, rate=0 B/s, pending=0 bytes
[migrater] timestamp=1779269599.91, migrating=False, epoch=1, total_epochs=3, configured=0 B/s, rate=0 B/s, pending=0 bytes
[migrater] timestamp=1779269600.01, migrating=False, epoch=1, total_epochs=3, configured=0 B/s, rate=0 B/s, pending=0 bytes
[migrater] timestamp=1779269600.11, migrating=False, epoch=1, total_epochs=3, configured=0 B/s, rate=0 B/s, pending=0 bytes
[migrater] timestamp=1779269600.21, migrating=False, epoch=1, total_epochs=3, configured=0 B/s, rate=0 B/s, pending=0 bytes
[migrater] timestamp=1779269600.31, migrating=False, epoch=1, total_epochs=3, configured=0 B/s, rate=0 B/s, pending=0 bytes
[migrater] timestamp=1779269600.41, migrating=False, epoch=1, total_epochs=3, configured=0 B/s, rate=0 B/s, pending=0 bytes
[migrater] timestamp=1779269600.51, migrating=False, epoch=1, total_epochs=3, configured=0 B/s, rate=0 B/s, pending=0 bytes
[migrater] timestamp=1779269600.61, migrating=False, epoch=1, total_epochs=3, configured=0 B/s, rate=0 B/s, pending=0 bytes
[migrater] timestamp=1779269600.71, migrating=False, epoch=1, total_epochs=3, configured=0 B/s, rate=0 B/s, pending=0 bytes
[migrater] timestamp=1779269600.81, migrating=False, epoch=1, total_epochs=3, configured=0 B/s, rate=0 B/s, pending=0 bytes
[migrater] timestamp=1779269600.91, migrating=False, epoch=1, total_epochs=3, configured=0 B/s, rate=0 B/s, pending=0 bytes
[migrater] timestamp=1779269601.01, migrating=False, epoch=1, total_epochs=3, configured=0 B/s, rate=0 B/s, pending=0 bytes
[migrater] timestamp=1779269601.11, migrating=False, epoch=1, total_epochs=3, configured=0 B/s, rate=0 B/s, pending=0 bytes
[migrater] timestamp=1779269601.21, migrating=False, epoch=1, total_epochs=3, configured=0 B/s, rate=0 B/s, pending=0 bytes
[migrater] timestamp=1779269601.31, migrating=False, epoch=1, total_epochs=3, configured=0 B/s, rate=0 B/s, pending=0 bytes
[migrater] timestamp=1779269601.41, migrating=False, epoch=1, total_epochs=3, configured=0 B/s, rate=0 B/s, pending=0 bytes
[migrater] timestamp=1779269601.51, migrating=False, epoch=1, total_epochs=3, configured=0 B/s, rate=0 B/s, pending=0 bytes
[migrater] timestamp=1779269601.61, migrating=False, epoch=1, total_epochs=3, configured=0 B/s, rate=0 B/s, pending=0 bytes
[migrater] timestamp=1779269601.71, migrating=False, epoch=1, total_epochs=3, configured=0 B/s, rate=0 B/s, pending=0 bytes
[migrater] timestamp=1779269601.81, migrating=False, epoch=1, total_epochs=3, configured=0 B/s, rate=0 B/s, pending=0 bytes
[migrater] timestamp=1779269601.91, migrating=False, epoch=1, total_epochs=3, configured=0 B/s, rate=0 B/s, pending=0 bytes
[migrater] timestamp=1779269602.01, migrating=False, epoch=1, total_epochs=3, configured=0 B/s, rate=0 B/s, pending=0 bytes
[migrater] timestamp=1779269602.11, migrating=False, epoch=1, total_epochs=3, configured=0 B/s, rate=0 B/s, pending=0 bytes
[migrater] timestamp=1779269602.22, migrating=False, epoch=1, total_epochs=3, configured=0 B/s, rate=0 B/s, pending=0 bytes
[migrater] timestamp=1779269602.32, migrating=False, epoch=1, total_epochs=3, configured=0 B/s, rate=0 B/s, pending=0 bytes
[migrater] timestamp=1779269602.42, migrating=False, epoch=1, total_epochs=3, configured=0 B/s, rate=0 B/s, pending=0 bytes
[migrater] timestamp=1779269602.52, migrating=False, epoch=1, total_epochs=3, configured=0 B/s, rate=0 B/s, pending=0 bytes
[migrater] timestamp=1779269602.62, migrating=False, epoch=1, total_epochs=3, configured=0 B/s, rate=0 B/s, pending=0 bytes
[migrater] timestamp=1779269602.72, migrating=False, epoch=1, total_epochs=3, configured=0 B/s, rate=0 B/s, pending=0 bytes
[migrater] timestamp=1779269602.82, migrating=False, epoch=1, total_epochs=3, configured=0 B/s, rate=0 B/s, pending=0 bytes
[migrater] timestamp=1779269602.92, migrating=False, epoch=1, total_epochs=3, configured=0 B/s, rate=0 B/s, pending=0 bytes
[migrater] timestamp=1779269603.02, migrating=False, epoch=1, total_epochs=3, configured=0 B/s, rate=0 B/s, pending=0 bytes
[migrater] timestamp=1779269603.12, migrating=False, epoch=1, total_epochs=3, configured=0 B/s, rate=0 B/s, pending=0 bytes
[migrater] timestamp=1779269603.22, migrating=False, epoch=1, total_epochs=3, configured=0 B/s, rate=0 B/s, pending=0 bytes
[migrater] timestamp=1779269603.32, migrating=False, epoch=1, total_epochs=3, configured=0 B/s, rate=0 B/s, pending=0 bytes
[migrater] timestamp=1779269603.42, migrating=False, epoch=1, total_epochs=3, configured=0 B/s, rate=0 B/s, pending=0 bytes
[migrater] timestamp=1779269603.52, migrating=False, epoch=1, total_epochs=3, configured=0 B/s, rate=0 B/s, pending=0 bytes
[migrater] timestamp=1779269603.62, migrating=False, epoch=1, total_epochs=3, configured=0 B/s, rate=0 B/s, pending=0 bytes
[migrater] timestamp=1779269603.72, migrating=False, epoch=1, total_epochs=3, configured=0 B/s, rate=0 B/s, pending=0 bytes
[migrater] timestamp=1779269603.82, migrating=False, epoch=1, total_epochs=3, configured=0 B/s, rate=0 B/s, pending=0 bytes
[migrater] timestamp=1779269603.92, migrating=False, epoch=1, total_epochs=3, configured=0 B/s, rate=0 B/s, pending=0 bytes
[migrater] timestamp=1779269604.02, migrating=False, epoch=1, total_epochs=3, configured=0 B/s, rate=0 B/s, pending=0 bytes
[migrater] timestamp=1779269604.12, migrating=False, epoch=1, total_epochs=3, configured=0 B/s, rate=0 B/s, pending=0 bytes
[migrater] timestamp=1779269604.22, migrating=False, epoch=1, total_epochs=3, configured=0 B/s, rate=0 B/s, pending=0 bytes
[migrater] timestamp=1779269604.32, migrating=False, epoch=1, total_epochs=3, configured=0 B/s, rate=0 B/s, pending=0 bytes
[migrater] timestamp=1779269604.42, migrating=False, epoch=1, total_epochs=3, configured=0 B/s, rate=0 B/s, pending=0 bytes
[migrater] timestamp=1779269604.52, migrating=False, epoch=1, total_epochs=3, configured=0 B/s, rate=0 B/s, pending=0 bytes
[migrater] timestamp=1779269604.62, migrating=False, epoch=1, total_epochs=3, configured=0 B/s, rate=0 B/s, pending=0 bytes
[migrater] timestamp=1779269604.73, migrating=False, epoch=1, total_epochs=3, configured=0 B/s, rate=0 B/s, pending=0 bytes
[migrater] timestamp=1779269604.83, migrating=False, epoch=1, total_epochs=3, configured=0 B/s, rate=0 B/s, pending=0 bytes
[migrater] timestamp=1779269604.93, migrating=False, epoch=1, total_epochs=3, configured=0 B/s, rate=0 B/s, pending=0 bytes
[migrater] timestamp=1779269605.03, migrating=False, epoch=1, total_epochs=3, configured=0 B/s, rate=0 B/s, pending=0 bytes
[migrater] timestamp=1779269605.13, migrating=False, epoch=1, total_epochs=3, configured=0 B/s, rate=0 B/s, pending=0 bytes
[migrater] timestamp=1779269605.23, migrating=False, epoch=1, total_epochs=3, configured=0 B/s, rate=0 B/s, pending=0 bytes
[migrater] timestamp=1779269605.33, migrating=False, epoch=1, total_epochs=3, configured=0 B/s, rate=0 B/s, pending=0 bytes
[migrater] timestamp=1779269605.43, migrating=False, epoch=1, total_epochs=3, configured=0 B/s, rate=0 B/s, pending=0 bytes
[migrater] timestamp=1779269605.53, migrating=False, epoch=1, total_epochs=3, configured=0 B/s, rate=0 B/s, pending=0 bytes
[migrater] timestamp=1779269605.63, migrating=False, epoch=1, total_epochs=3, configured=0 B/s, rate=0 B/s, pending=0 bytes
[migrater] timestamp=1779269605.73, migrating=False, epoch=1, total_epochs=3, configured=0 B/s, rate=0 B/s, pending=0 bytes
[migrater] timestamp=1779269605.83, migrating=False, epoch=1, total_epochs=3, configured=0 B/s, rate=0 B/s, pending=0 bytes
[migrater] timestamp=1779269605.93, migrating=False, epoch=1, total_epochs=3, configured=0 B/s, rate=0 B/s, pending=0 bytes
[migrater] timestamp=1779269606.03, migrating=False, epoch=1, total_epochs=3, configured=0 B/s, rate=0 B/s, pending=0 bytes
[migrater] timestamp=1779269606.13, migrating=False, epoch=1, total_epochs=3, configured=0 B/s, rate=0 B/s, pending=0 bytes
[migrater] timestamp=1779269606.23, migrating=False, epoch=1, total_epochs=3, configured=0 B/s, rate=0 B/s, pending=0 bytes
[migrater] timestamp=1779269606.33, migrating=False, epoch=1, total_epochs=3, configured=0 B/s, rate=0 B/s, pending=0 bytes
[migrater] timestamp=1779269606.43, migrating=False, epoch=1, total_epochs=3, configured=0 B/s, rate=0 B/s, pending=0 bytes
[migrater] timestamp=1779269606.53, migrating=False, epoch=1, total_epochs=3, configured=0 B/s, rate=0 B/s, pending=0 bytes
[migrater] timestamp=1779269606.63, migrating=False, epoch=1, total_epochs=3, configured=0 B/s, rate=0 B/s, pending=0 bytes
[migrater] timestamp=1779269606.73, migrating=False, epoch=1, total_epochs=3, configured=0 B/s, rate=0 B/s, pending=0 bytes
[migrater] timestamp=1779269606.83, migrating=False, epoch=1, total_epochs=3, configured=0 B/s, rate=0 B/s, pending=0 bytes
[migrater] timestamp=1779269606.93, migrating=False, epoch=1, total_epochs=3, configured=0 B/s, rate=0 B/s, pending=0 bytes
[migrater] timestamp=1779269607.03, migrating=False, epoch=1, total_epochs=3, configured=0 B/s, rate=0 B/s, pending=0 bytes
[migrater] timestamp=1779269607.13, migrating=False, epoch=1, total_epochs=3, configured=0 B/s, rate=0 B/s, pending=0 bytes
[migrater] timestamp=1779269607.23, migrating=False, epoch=1, total_epochs=3, configured=0 B/s, rate=0 B/s, pending=0 bytes
[migrater] timestamp=1779269607.34, migrating=False, epoch=1, total_epochs=3, configured=0 B/s, rate=0 B/s, pending=0 bytes
[migrater] timestamp=1779269607.44, migrating=False, epoch=1, total_epochs=3, configured=0 B/s, rate=0 B/s, pending=0 bytes
[migrater] timestamp=1779269607.54, migrating=False, epoch=1, total_epochs=3, configured=0 B/s, rate=0 B/s, pending=0 bytes
[migrater] timestamp=1779269607.64, migrating=False, epoch=1, total_epochs=3, configured=0 B/s, rate=0 B/s, pending=0 bytes
[migrater] timestamp=1779269607.74, migrating=False, epoch=1, total_epochs=3, configured=0 B/s, rate=0 B/s, pending=0 bytes
[migrater] timestamp=1779269607.84, migrating=False, epoch=1, total_epochs=3, configured=0 B/s, rate=0 B/s, pending=0 bytes
[migrater] timestamp=1779269607.94, migrating=False, epoch=1, total_epochs=3, configured=0 B/s, rate=0 B/s, pending=0 bytes
[migrater] timestamp=1779269608.04, migrating=False, epoch=1, total_epochs=3, configured=0 B/s, rate=0 B/s, pending=0 bytes
[migrater] timestamp=1779269608.14, migrating=False, epoch=1, total_epochs=3, configured=0 B/s, rate=0 B/s, pending=0 bytes
[migrater] timestamp=1779269608.24, migrating=False, epoch=1, total_epochs=3, configured=0 B/s, rate=0 B/s, pending=0 bytes
[migrater] timestamp=1779269608.34, migrating=False, epoch=1, total_epochs=3, configured=0 B/s, rate=0 B/s, pending=0 bytes
[migrater] timestamp=1779269608.44, migrating=False, epoch=1, total_epochs=3, configured=0 B/s, rate=0 B/s, pending=0 bytes
[migrater] timestamp=1779269608.54, migrating=False, epoch=1, total_epochs=3, configured=0 B/s, rate=0 B/s, pending=0 bytes
[migrater] timestamp=1779269608.64, migrating=False, epoch=1, total_epochs=3, configured=0 B/s, rate=0 B/s, pending=0 bytes
[migrater] timestamp=1779269608.74, migrating=False, epoch=1, total_epochs=3, configured=0 B/s, rate=0 B/s, pending=0 bytes
[migrater] timestamp=1779269608.84, migrating=False, epoch=1, total_epochs=3, configured=0 B/s, rate=0 B/s, pending=0 bytes
[migrater] timestamp=1779269608.94, migrating=False, epoch=1, total_epochs=3, configured=0 B/s, rate=0 B/s, pending=0 bytes
[migrater] timestamp=1779269609.04, migrating=False, epoch=1, total_epochs=3, configured=0 B/s, rate=0 B/s, pending=0 bytes
[migrater] timestamp=1779269609.14, migrating=False, epoch=1, total_epochs=3, configured=0 B/s, rate=0 B/s, pending=0 bytes
[migrater] timestamp=1779269609.24, migrating=False, epoch=1, total_epochs=3, configured=0 B/s, rate=0 B/s, pending=0 bytes
[migrater] timestamp=1779269609.34, migrating=False, epoch=1, total_epochs=3, configured=0 B/s, rate=0 B/s, pending=0 bytes
[migrater] timestamp=1779269609.44, migrating=False, epoch=1, total_epochs=3, configured=0 B/s, rate=0 B/s, pending=0 bytes
[migrater] timestamp=1779269609.54, migrating=False, epoch=1, total_epochs=3, configured=0 B/s, rate=0 B/s, pending=0 bytes
[migrater] timestamp=1779269609.64, migrating=False, epoch=1, total_epochs=3, configured=0 B/s, rate=0 B/s, pending=0 bytes
[migrater] timestamp=1779269609.74, migrating=False, epoch=1, total_epochs=3, configured=0 B/s, rate=0 B/s, pending=0 bytes
[migrater] timestamp=1779269609.84, migrating=False, epoch=1, total_epochs=3, configured=0 B/s, rate=0 B/s, pending=0 bytes
[migrater] timestamp=1779269609.95, migrating=False, epoch=1, total_epochs=3, configured=0 B/s, rate=0 B/s, pending=0 bytes
[migrater] timestamp=1779269610.05, migrating=False, epoch=1, total_epochs=3, configured=0 B/s, rate=0 B/s, pending=0 bytes
[migrater] timestamp=1779269610.15, migrating=False, epoch=1, total_epochs=3, configured=0 B/s, rate=0 B/s, pending=0 bytes
[migrater] timestamp=1779269610.25, migrating=False, epoch=1, total_epochs=3, configured=0 B/s, rate=0 B/s, pending=0 bytes
[migrater] timestamp=1779269610.35, migrating=False, epoch=1, total_epochs=3, configured=0 B/s, rate=0 B/s, pending=0 bytes
[migrater] timestamp=1779269610.45, migrating=False, epoch=1, total_epochs=3, configured=0 B/s, rate=0 B/s, pending=0 bytes
[migrater] timestamp=1779269610.55, migrating=False, epoch=1, total_epochs=3, configured=0 B/s, rate=0 B/s, pending=0 bytes
[migrater] timestamp=1779269610.65, migrating=False, epoch=1, total_epochs=3, configured=0 B/s, rate=0 B/s, pending=0 bytes
[migrater] timestamp=1779269610.75, migrating=False, epoch=1, total_epochs=3, configured=0 B/s, rate=0 B/s, pending=0 bytes
[migrater] timestamp=1779269610.85, migrating=False, epoch=1, total_epochs=3, configured=0 B/s, rate=0 B/s, pending=0 bytes
[migrater] timestamp=1779269610.95, migrating=False, epoch=1, total_epochs=3, configured=0 B/s, rate=0 B/s, pending=0 bytes
[migrater] timestamp=1779269611.05, migrating=False, epoch=1, total_epochs=3, configured=0 B/s, rate=0 B/s, pending=0 bytes
[migrater] timestamp=1779269611.15, migrating=False, epoch=1, total_epochs=3, configured=0 B/s, rate=0 B/s, pending=0 bytes
[migrater] timestamp=1779269611.25, migrating=False, epoch=1, total_epochs=3, configured=0 B/s, rate=0 B/s, pending=0 bytes
[migrater] timestamp=1779269611.35, migrating=False, epoch=1, total_epochs=3, configured=0 B/s, rate=0 B/s, pending=0 bytes
[migrater] timestamp=1779269611.45, migrating=False, epoch=1, total_epochs=3, configured=0 B/s, rate=0 B/s, pending=0 bytes
[migrater] timestamp=1779269611.55, migrating=False, epoch=1, total_epochs=3, configured=0 B/s, rate=0 B/s, pending=0 bytes
[migrater] timestamp=1779269611.65, migrating=False, epoch=1, total_epochs=3, configured=0 B/s, rate=0 B/s, pending=0 bytes
[migrater] timestamp=1779269611.75, migrating=False, epoch=1, total_epochs=3, configured=0 B/s, rate=0 B/s, pending=0 bytes
[migrater] timestamp=1779269611.85, migrating=False, epoch=1, total_epochs=3, configured=0 B/s, rate=0 B/s, pending=0 bytes
[migrater] timestamp=1779269611.95, migrating=False, epoch=1, total_epochs=3, configured=0 B/s, rate=0 B/s, pending=0 bytes
[migrater] timestamp=1779269612.05, migrating=False, epoch=1, total_epochs=3, configured=0 B/s, rate=0 B/s, pending=0 bytes
[migrater] timestamp=1779269612.15, migrating=False, epoch=1, total_epochs=3, configured=0 B/s, rate=0 B/s, pending=0 bytes
[migrater] timestamp=1779269612.25, migrating=False, epoch=1, total_epochs=3, configured=0 B/s, rate=0 B/s, pending=0 bytes
[migrater] timestamp=1779269612.35, migrating=False, epoch=1, total_epochs=3, configured=0 B/s, rate=0 B/s, pending=0 bytes
[migrater] timestamp=1779269612.45, migrating=False, epoch=1, total_epochs=3, configured=0 B/s, rate=0 B/s, pending=0 bytes
[migrater] timestamp=1779269612.56, migrating=False, epoch=1, total_epochs=3, configured=0 B/s, rate=0 B/s, pending=0 bytes
[migrater] timestamp=1779269612.66, migrating=False, epoch=1, total_epochs=3, configured=0 B/s, rate=0 B/s, pending=0 bytes
[migrater] timestamp=1779269612.76, migrating=False, epoch=1, total_epochs=3, configured=0 B/s, rate=0 B/s, pending=0 bytes
[migrater] timestamp=1779269612.86, migrating=False, epoch=1, total_epochs=3, configured=0 B/s, rate=0 B/s, pending=0 bytes
[migrater] timestamp=1779269612.96, migrating=False, epoch=1, total_epochs=3, configured=0 B/s, rate=0 B/s, pending=0 bytes
[migrater] timestamp=1779269613.06, migrating=False, epoch=1, total_epochs=3, configured=0 B/s, rate=0 B/s, pending=0 bytes
[migrater] timestamp=1779269613.16, migrating=False, epoch=1, total_epochs=3, configured=0 B/s, rate=0 B/s, pending=0 bytes
[migrater] timestamp=1779269613.26, migrating=False, epoch=1, total_epochs=3, configured=0 B/s, rate=0 B/s, pending=0 bytes
[migrater] timestamp=1779269613.36, migrating=False, epoch=1, total_epochs=3, configured=0 B/s, rate=0 B/s, pending=0 bytes
[migrater] timestamp=1779269613.46, migrating=False, epoch=1, total_epochs=3, configured=0 B/s, rate=0 B/s, pending=0 bytes
[migrater] timestamp=1779269613.56, migrating=False, epoch=1, total_epochs=3, configured=0 B/s, rate=0 B/s, pending=0 bytes
[migrater] timestamp=1779269613.66, migrating=False, epoch=1, total_epochs=3, configured=0 B/s, rate=0 B/s, pending=0 bytes
[migrater] timestamp=1779269613.76, migrating=False, epoch=1, total_epochs=3, configured=0 B/s, rate=0 B/s, pending=0 bytes
[migrater] timestamp=1779269613.86, migrating=False, epoch=1, total_epochs=3, configured=0 B/s, rate=0 B/s, pending=0 bytes
[migrater] timestamp=1779269613.96, migrating=False, epoch=1, total_epochs=3, configured=0 B/s, rate=0 B/s, pending=0 bytes
[migrater] timestamp=1779269614.06, migrating=False, epoch=1, total_epochs=3, configured=0 B/s, rate=0 B/s, pending=0 bytes
[migrater] timestamp=1779269614.16, migrating=False, epoch=1, total_epochs=3, configured=0 B/s, rate=0 B/s, pending=0 bytes
[migrater] timestamp=1779269614.26, migrating=False, epoch=1, total_epochs=3, configured=0 B/s, rate=0 B/s, pending=0 bytes
[migrater] timestamp=1779269614.36, migrating=False, epoch=1, total_epochs=3, configured=0 B/s, rate=0 B/s, pending=0 bytes
[migrater] timestamp=1779269614.46, migrating=False, epoch=1, total_epochs=3, configured=0 B/s, rate=0 B/s, pending=0 bytes
[migrater] timestamp=1779269614.56, migrating=False, epoch=1, total_epochs=3, configured=0 B/s, rate=0 B/s, pending=0 bytes
[migrater] timestamp=1779269614.66, migrating=False, epoch=1, total_epochs=3, configured=0 B/s, rate=0 B/s, pending=0 bytes
[migrater] timestamp=1779269614.76, migrating=False, epoch=1, total_epochs=3, configured=0 B/s, rate=0 B/s, pending=0 bytes
[migrater] timestamp=1779269614.86, migrating=False, epoch=1, total_epochs=3, configured=0 B/s, rate=0 B/s, pending=0 bytes
[migrater] timestamp=1779269614.96, migrating=False, epoch=1, total_epochs=3, configured=0 B/s, rate=0 B/s, pending=0 bytes
[migrater] timestamp=1779269615.07, migrating=False, epoch=1, total_epochs=3, configured=0 B/s, rate=0 B/s, pending=0 bytes
[migrater] timestamp=1779269615.17, migrating=False, epoch=1, total_epochs=3, configured=0 B/s, rate=0 B/s, pending=0 bytes
[migrater] timestamp=1779269615.27, migrating=False, epoch=1, total_epochs=3, configured=0 B/s, rate=0 B/s, pending=0 bytes
[migrater] timestamp=1779269615.37, migrating=False, epoch=1, total_epochs=3, configured=0 B/s, rate=0 B/s, pending=0 bytes
[migrater] timestamp=1779269615.47, migrating=False, epoch=1, total_epochs=3, configured=0 B/s, rate=0 B/s, pending=0 bytes
[migrater] timestamp=1779269615.57, migrating=False, epoch=1, total_epochs=3, configured=0 B/s, rate=0 B/s, pending=0 bytes
[migrater] timestamp=1779269615.67, migrating=False, epoch=1, total_epochs=3, configured=0 B/s, rate=0 B/s, pending=0 bytes
[migrater] timestamp=1779269615.77, migrating=False, epoch=1, total_epochs=3, configured=0 B/s, rate=0 B/s, pending=0 bytes
[migrater] timestamp=1779269615.87, migrating=False, epoch=1, total_epochs=3, configured=0 B/s, rate=0 B/s, pending=0 bytes
[migrater] timestamp=1779269615.97, migrating=False, epoch=1, total_epochs=3, configured=0 B/s, rate=0 B/s, pending=0 bytes
[migrater] timestamp=1779269616.07, migrating=False, epoch=1, total_epochs=3, configured=0 B/s, rate=0 B/s, pending=0 bytes
[migrater] timestamp=1779269616.17, migrating=False, epoch=1, total_epochs=3, configured=0 B/s, rate=0 B/s, pending=0 bytes
[migrater] timestamp=1779269616.27, migrating=False, epoch=1, total_epochs=3, configured=0 B/s, rate=0 B/s, pending=0 bytes
[migrater] timestamp=1779269616.37, migrating=False, epoch=1, total_epochs=3, configured=0 B/s, rate=0 B/s, pending=0 bytes
[migrater] timestamp=1779269616.47, migrating=False, epoch=1, total_epochs=3, configured=0 B/s, rate=0 B/s, pending=0 bytes
[migrater] timestamp=1779269616.57, migrating=False, epoch=1, total_epochs=3, configured=0 B/s, rate=0 B/s, pending=0 bytes
[migrater] timestamp=1779269616.67, migrating=False, epoch=1, total_epochs=3, configured=0 B/s, rate=0 B/s, pending=0 bytes
[migrater] timestamp=1779269616.77, migrating=False, epoch=1, total_epochs=3, configured=0 B/s, rate=0 B/s, pending=0 bytes
[migrater] timestamp=1779269616.87, migrating=False, epoch=1, total_epochs=3, configured=0 B/s, rate=0 B/s, pending=0 bytes
[migrater] timestamp=1779269616.97, migrating=False, epoch=1, total_epochs=3, configured=0 B/s, rate=0 B/s, pending=0 bytes
[migrater] timestamp=1779269617.07, migrating=False, epoch=1, total_epochs=3, configured=0 B/s, rate=0 B/s, pending=0 bytes
[migrater] timestamp=1779269617.17, migrating=False, epoch=1, total_epochs=3, configured=0 B/s, rate=0 B/s, pending=0 bytes
[migrater] timestamp=1779269617.27, migrating=False, epoch=1, total_epochs=3, configured=0 B/s, rate=0 B/s, pending=0 bytes
[migrater] timestamp=1779269617.37, migrating=False, epoch=1, total_epochs=3, configured=0 B/s, rate=0 B/s, pending=0 bytes
[migrater] timestamp=1779269617.47, migrating=False, epoch=1, total_epochs=3, configured=0 B/s, rate=0 B/s, pending=0 bytes
[migrater] timestamp=1779269617.58, migrating=False, epoch=1, total_epochs=3, configured=0 B/s, rate=0 B/s, pending=0 bytes
[migrater] timestamp=1779269617.68, migrating=False, epoch=1, total_epochs=3, configured=0 B/s, rate=0 B/s, pending=0 bytes
[migrater] timestamp=1779269617.78, migrating=False, epoch=1, total_epochs=3, configured=0 B/s, rate=0 B/s, pending=0 bytes
[migrater] timestamp=1779269617.88, migrating=False, epoch=1, total_epochs=3, configured=0 B/s, rate=0 B/s, pending=0 bytes
[migrater] timestamp=1779269617.98, migrating=False, epoch=1, total_epochs=3, configured=0 B/s, rate=0 B/s, pending=0 bytes
[migrater] timestamp=1779269618.08, migrating=False, epoch=1, total_epochs=3, configured=0 B/s, rate=0 B/s, pending=0 bytes
[migrater] timestamp=1779269618.18, migrating=False, epoch=1, total_epochs=3, configured=0 B/s, rate=0 B/s, pending=0 bytes
[migrater] timestamp=1779269618.28, migrating=False, epoch=1, total_epochs=3, configured=0 B/s, rate=0 B/s, pending=0 bytes
[migrater] timestamp=1779269618.38, migrating=False, epoch=1, total_epochs=3, configured=0 B/s, rate=0 B/s, pending=0 bytes
[migrater] timestamp=1779269618.48, migrating=False, epoch=1, total_epochs=3, configured=0 B/s, rate=0 B/s, pending=0 bytes
[migrater] timestamp=1779269618.58, migrating=False, epoch=1, total_epochs=3, configured=0 B/s, rate=0 B/s, pending=0 bytes
[migrater] timestamp=1779269618.68, migrating=False, epoch=1, total_epochs=3, configured=0 B/s, rate=0 B/s, pending=0 bytes
[migrater] timestamp=1779269618.78, migrating=False, epoch=1, total_epochs=3, configured=0 B/s, rate=0 B/s, pending=0 bytes
[migrater] timestamp=1779269618.88, migrating=False, epoch=1, total_epochs=3, configured=0 B/s, rate=0 B/s, pending=0 bytes
[migrater] timestamp=1779269618.98, migrating=False, epoch=1, total_epochs=3, configured=0 B/s, rate=0 B/s, pending=0 bytes
[migrater] timestamp=1779269619.08, migrating=False, epoch=1, total_epochs=3, configured=0 B/s, rate=0 B/s, pending=0 bytes
[migrater] timestamp=1779269619.18, migrating=False, epoch=1, total_epochs=3, configured=0 B/s, rate=0 B/s, pending=0 bytes
[migrater] timestamp=1779269619.28, migrating=False, epoch=1, total_epochs=3, configured=0 B/s, rate=0 B/s, pending=0 bytes
[migrater] timestamp=1779269619.38, migrating=False, epoch=1, total_epochs=3, configured=0 B/s, rate=0 B/s, pending=0 bytes
[migrater] timestamp=1779269619.48, migrating=False, epoch=1, total_epochs=3, configured=0 B/s, rate=0 B/s, pending=0 bytes
[migrater] timestamp=1779269619.58, migrating=False, epoch=1, total_epochs=3, configured=0 B/s, rate=0 B/s, pending=0 bytes
[migrater] timestamp=1779269619.68, migrating=False, epoch=1, total_epochs=3, configured=0 B/s, rate=0 B/s, pending=0 bytes
[migrater] timestamp=1779269619.78, migrating=False, epoch=1, total_epochs=3, configured=0 B/s, rate=0 B/s, pending=0 bytes
[migrater] timestamp=1779269619.88, migrating=False, epoch=1, total_epochs=3, configured=0 B/s, rate=0 B/s, pending=0 bytes
[migrater] timestamp=1779269619.98, migrating=False, epoch=1, total_epochs=3, configured=0 B/s, rate=0 B/s, pending=0 bytes
[migrater] timestamp=1779269620.09, migrating=False, epoch=1, total_epochs=3, configured=0 B/s, rate=0 B/s, pending=0 bytes
[migrater] timestamp=1779269620.19, migrating=False, epoch=1, total_epochs=3, configured=0 B/s, rate=0 B/s, pending=0 bytes
[migrater] timestamp=1779269620.29, migrating=False, epoch=1, total_epochs=3, configured=0 B/s, rate=0 B/s, pending=0 bytes
[migrater] timestamp=1779269620.39, migrating=False, epoch=1, total_epochs=3, configured=0 B/s, rate=0 B/s, pending=0 bytes
[migrater] timestamp=1779269620.49, migrating=False, epoch=1, total_epochs=3, configured=0 B/s, rate=0 B/s, pending=0 bytes
[migrater] timestamp=1779269620.59, migrating=False, epoch=1, total_epochs=3, configured=0 B/s, rate=0 B/s, pending=0 bytes
[migrater] timestamp=1779269620.69, migrating=False, epoch=1, total_epochs=3, configured=0 B/s, rate=0 B/s, pending=0 bytes
[migrater] timestamp=1779269620.79, migrating=False, epoch=1, total_epochs=3, configured=0 B/s, rate=0 B/s, pending=0 bytes
[migrater] timestamp=1779269620.89, migrating=False, epoch=1, total_epochs=3, configured=0 B/s, rate=0 B/s, pending=0 bytes
[migrater] timestamp=1779269620.99, migrating=False, epoch=1, total_epochs=3, configured=0 B/s, rate=0 B/s, pending=0 bytes
[migrater] timestamp=1779269621.09, migrating=False, epoch=1, total_epochs=3, configured=0 B/s, rate=0 B/s, pending=0 bytes
[migrater] timestamp=1779269621.19, migrating=False, epoch=1, total_epochs=3, configured=0 B/s, rate=0 B/s, pending=0 bytes
[migrater] timestamp=1779269621.29, migrating=False, epoch=1, total_epochs=3, configured=0 B/s, rate=0 B/s, pending=0 bytes
[migrater] timestamp=1779269621.39, migrating=False, epoch=1, total_epochs=3, configured=0 B/s, rate=0 B/s, pending=0 bytes
[migrater] timestamp=1779269621.49, migrating=False, epoch=1, total_epochs=3, configured=0 B/s, rate=0 B/s, pending=0 bytes
[migrater] timestamp=1779269621.59, migrating=False, epoch=1, total_epochs=3, configured=0 B/s, rate=0 B/s, pending=0 bytes
[migrater] timestamp=1779269621.69, migrating=False, epoch=1, total_epochs=3, configured=0 B/s, rate=0 B/s, pending=0 bytes
[migrater] timestamp=1779269621.79, migrating=False, epoch=1, total_epochs=3, configured=0 B/s, rate=0 B/s, pending=0 bytes
[migrater] timestamp=1779269621.89, migrating=False, epoch=1, total_epochs=3, configured=0 B/s, rate=0 B/s, pending=0 bytes
[migrater] timestamp=1779269621.99, migrating=False, epoch=1, total_epochs=3, configured=0 B/s, rate=0 B/s, pending=0 bytes
[migrater] timestamp=1779269622.09, migrating=False, epoch=1, total_epochs=3, configured=0 B/s, rate=0 B/s, pending=0 bytes
[migrater] timestamp=1779269622.19, migrating=False, epoch=1, total_epochs=3, configured=0 B/s, rate=0 B/s, pending=0 bytes
[migrater] timestamp=1779269622.29, migrating=False, epoch=1, total_epochs=3, configured=0 B/s, rate=0 B/s, pending=0 bytes
[migrater] timestamp=1779269622.39, migrating=False, epoch=1, total_epochs=3, configured=0 B/s, rate=0 B/s, pending=0 bytes
[migrater] timestamp=1779269622.49, migrating=False, epoch=1, total_epochs=3, configured=0 B/s, rate=0 B/s, pending=0 bytes
[migrater] timestamp=1779269622.60, migrating=False, epoch=1, total_epochs=3, configured=0 B/s, rate=0 B/s, pending=0 bytes
[migrater] timestamp=1779269622.70, migrating=False, epoch=1, total_epochs=3, configured=0 B/s, rate=0 B/s, pending=0 bytes
[migrater] timestamp=1779269622.80, migrating=False, epoch=1, total_epochs=3, configured=0 B/s, rate=0 B/s, pending=0 bytes
[migrater] timestamp=1779269622.90, migrating=False, epoch=1, total_epochs=3, configured=0 B/s, rate=0 B/s, pending=0 bytes
[migrater] timestamp=1779269623.00, migrating=False, epoch=1, total_epochs=3, configured=0 B/s, rate=0 B/s, pending=0 bytes
[migrater] timestamp=1779269623.10, migrating=False, epoch=1, total_epochs=3, configured=0 B/s, rate=0 B/s, pending=0 bytes
[migrater] timestamp=1779269623.20, migrating=False, epoch=1, total_epochs=3, configured=0 B/s, rate=0 B/s, pending=0 bytes
[migrater] timestamp=1779269623.30, migrating=False, epoch=1, total_epochs=3, configured=0 B/s, rate=0 B/s, pending=0 bytes
[migrater] timestamp=1779269623.40, migrating=False, epoch=1, total_epochs=3, configured=0 B/s, rate=0 B/s, pending=0 bytes
[migrater] timestamp=1779269623.50, migrating=False, epoch=1, total_epochs=3, configured=0 B/s, rate=0 B/s, pending=0 bytes
[migrater] timestamp=1779269623.60, migrating=False, epoch=1, total_epochs=3, configured=0 B/s, rate=0 B/s, pending=0 bytes
[migrater] timestamp=1779269623.70, migrating=False, epoch=1, total_epochs=3, configured=0 B/s, rate=0 B/s, pending=0 bytes
[migrater] timestamp=1779269623.80, migrating=False, epoch=1, total_epochs=3, configured=0 B/s, rate=0 B/s, pending=0 bytes
[migrater] timestamp=1779269623.90, migrating=False, epoch=1, total_epochs=3, configured=0 B/s, rate=0 B/s, pending=0 bytes
[migrater] timestamp=1779269624.00, migrating=False, epoch=1, total_epochs=3, configured=0 B/s, rate=0 B/s, pending=0 bytes
[migrater] timestamp=1779269624.10, migrating=False, epoch=1, total_epochs=3, configured=0 B/s, rate=0 B/s, pending=0 bytes
[migrater] timestamp=1779269624.20, migrating=False, epoch=1, total_epochs=3, configured=0 B/s, rate=0 B/s, pending=0 bytes
[migrater] timestamp=1779269624.30, migrating=False, epoch=1, total_epochs=3, configured=0 B/s, rate=0 B/s, pending=0 bytes
[migrater] timestamp=1779269624.40, migrating=False, epoch=1, total_epochs=3, configured=0 B/s, rate=0 B/s, pending=0 bytes
[migrater] timestamp=1779269624.50, migrating=False, epoch=1, total_epochs=3, configured=0 B/s, rate=0 B/s, pending=0 bytes
[migrater] timestamp=1779269624.60, migrating=False, epoch=1, total_epochs=3, configured=0 B/s, rate=0 B/s, pending=0 bytes
[migrater] timestamp=1779269624.70, migrating=False, epoch=1, total_epochs=3, configured=0 B/s, rate=0 B/s, pending=0 bytes
[migrater] timestamp=1779269624.80, migrating=False, epoch=1, total_epochs=3, configured=0 B/s, rate=0 B/s, pending=0 bytes
[migrater] timestamp=1779269624.90, migrating=False, epoch=1, total_epochs=3, configured=0 B/s, rate=0 B/s, pending=0 bytes
[migrater] timestamp=1779269625.00, migrating=False, epoch=1, total_epochs=3, configured=0 B/s, rate=0 B/s, pending=0 bytes
[migrater] timestamp=1779269625.11, migrating=False, epoch=1, total_epochs=3, configured=0 B/s, rate=0 B/s, pending=0 bytes
[migrater] timestamp=1779269625.21, migrating=False, epoch=1, total_epochs=3, configured=0 B/s, rate=0 B/s, pending=0 bytes
[migrater] timestamp=1779269625.31, migrating=False, epoch=1, total_epochs=3, configured=0 B/s, rate=0 B/s, pending=0 bytes
[migrater] timestamp=1779269625.41, migrating=False, epoch=1, total_epochs=3, configured=0 B/s, rate=0 B/s, pending=0 bytes
[migrater] timestamp=1779269625.51, migrating=False, epoch=1, total_epochs=3, configured=0 B/s, rate=0 B/s, pending=0 bytes
[migrater] timestamp=1779269625.61, migrating=False, epoch=1, total_epochs=3, configured=0 B/s, rate=0 B/s, pending=0 bytes
[migrater] timestamp=1779269625.71, migrating=False, epoch=2, total_epochs=3, configured=0 B/s, rate=0 B/s, pending=5368709120 bytes
[migrater] timestamp=1779269625.81, migrating=True, epoch=2, total_epochs=3, configured=0 B/s, rate=0 B/s, pending=5368709120 bytes
[migrater] timestamp=1779269625.82, migrating=True, epoch=2, total_epochs=3, configured=500000000 B/s, rate=963397326 B/s, pending=5268045824 bytes ([1.88%] 100663296/5368709120 bytes copied)
[migrater] timestamp=1779269625.92, migrating=True, epoch=2, total_epochs=3, configured=500000000 B/s, rate=500458372 B/s, pending=5217714176 bytes ([2.81%] 150994944/5368709120 bytes copied)
[migrater] timestamp=1779269626.02, migrating=True, epoch=2, total_epochs=3, configured=500000000 B/s, rate=499961603 B/s, pending=5167382528 bytes ([3.75%] 201326592/5368709120 bytes copied)
[migrater] timestamp=1779269626.12, migrating=True, epoch=2, total_epochs=3, configured=500000000 B/s, rate=499958374 B/s, pending=5117050880 bytes ([4.69%] 251658240/5368709120 bytes copied)
[migrater] timestamp=1779269626.22, migrating=True, epoch=2, total_epochs=3, configured=500000000 B/s, rate=499796176 B/s, pending=5066719232 bytes ([5.62%] 301989888/5368709120 bytes copied)
[migrater] timestamp=1779269626.32, migrating=True, epoch=2, total_epochs=3, configured=500000000 B/s, rate=500240218 B/s, pending=5016387584 bytes ([6.56%] 352321536/5368709120 bytes copied)
[migrater] timestamp=1779269626.42, migrating=True, epoch=2, total_epochs=3, configured=500000000 B/s, rate=499999648 B/s, pending=4966055936 bytes ([7.50%] 402653184/5368709120 bytes copied)
[migrater] timestamp=1779269626.52, migrating=True, epoch=2, total_epochs=3, configured=500000000 B/s, rate=500061395 B/s, pending=4915724288 bytes ([8.44%] 452984832/5368709120 bytes copied)
[migrater] timestamp=1779269626.63, migrating=True, epoch=2, total_epochs=3, configured=500000000 B/s, rate=499952808 B/s, pending=4865392640 bytes ([9.38%] 503316480/5368709120 bytes copied)
[migrater] timestamp=1779269626.73, migrating=True, epoch=2, total_epochs=3, configured=500000000 B/s, rate=500015145 B/s, pending=4815060992 bytes ([10.31%] 553648128/5368709120 bytes copied)
[migrater] timestamp=1779269626.83, migrating=True, epoch=2, total_epochs=3, configured=500000000 B/s, rate=500039834 B/s, pending=4764729344 bytes ([11.25%] 603979776/5368709120 bytes copied)
[migrater] timestamp=1779269626.93, migrating=True, epoch=2, total_epochs=3, configured=500000000 B/s, rate=499966812 B/s, pending=4714397696 bytes ([12.19%] 654311424/5368709120 bytes copied)
[migrater] timestamp=1779269627.03, migrating=True, epoch=2, total_epochs=3, configured=500000000 B/s, rate=499960808 B/s, pending=4664066048 bytes ([13.12%] 704643072/5368709120 bytes copied)
[migrater] timestamp=1779269627.13, migrating=True, epoch=2, total_epochs=3, configured=500000000 B/s, rate=500012164 B/s, pending=4613734400 bytes ([14.06%] 754974720/5368709120 bytes copied)
[migrater] timestamp=1779269627.23, migrating=True, epoch=2, total_epochs=3, configured=500000000 B/s, rate=500019864 B/s, pending=4563402752 bytes ([15.00%] 805306368/5368709120 bytes copied)
[migrater] timestamp=1779269627.33, migrating=True, epoch=2, total_epochs=3, configured=500000000 B/s, rate=500106556 B/s, pending=4513071104 bytes ([15.94%] 855638016/5368709120 bytes copied)
[migrater] timestamp=1779269627.43, migrating=True, epoch=2, total_epochs=3, configured=500000000 B/s, rate=499724674 B/s, pending=4462739456 bytes ([16.88%] 905969664/5368709120 bytes copied)
[migrater] timestamp=1779269627.53, migrating=True, epoch=2, total_epochs=3, configured=500000000 B/s, rate=499974714 B/s, pending=4412407808 bytes ([17.81%] 956301312/5368709120 bytes copied)
[migrater] timestamp=1779269627.63, migrating=True, epoch=2, total_epochs=3, configured=500000000 B/s, rate=499989763 B/s, pending=4362076160 bytes ([18.75%] 1006632960/5368709120 bytes copied)
[migrater] timestamp=1779269627.73, migrating=True, epoch=2, total_epochs=3, configured=500000000 B/s, rate=500006547 B/s, pending=4311744512 bytes ([19.69%] 1056964608/5368709120 bytes copied)
[migrater] timestamp=1779269627.83, migrating=True, epoch=2, total_epochs=3, configured=500000000 B/s, rate=499977595 B/s, pending=4261412864 bytes ([20.62%] 1107296256/5368709120 bytes copied)
[migrater] timestamp=1779269627.93, migrating=True, epoch=2, total_epochs=3, configured=500000000 B/s, rate=500107256 B/s, pending=4211081216 bytes ([21.56%] 1157627904/5368709120 bytes copied)
[migrater] timestamp=1779269628.03, migrating=True, epoch=2, total_epochs=3, configured=500000000 B/s, rate=500055831 B/s, pending=4160749568 bytes ([22.50%] 1207959552/5368709120 bytes copied)
[migrater] timestamp=1779269628.13, migrating=True, epoch=2, total_epochs=3, configured=500000000 B/s, rate=500014544 B/s, pending=4110417920 bytes ([23.44%] 1258291200/5368709120 bytes copied)
[migrater] timestamp=1779269628.24, migrating=True, epoch=2, total_epochs=3, configured=500000000 B/s, rate=500003174 B/s, pending=4060086272 bytes ([24.38%] 1308622848/5368709120 bytes copied)
[migrater] timestamp=1779269628.34, migrating=True, epoch=2, total_epochs=3, configured=500000000 B/s, rate=500085543 B/s, pending=4009754624 bytes ([25.31%] 1358954496/5368709120 bytes copied)
[migrater] timestamp=1779269628.44, migrating=True, epoch=2, total_epochs=3, configured=500000000 B/s, rate=499934930 B/s, pending=3959422976 bytes ([26.25%] 1409286144/5368709120 bytes copied)
[migrater] timestamp=1779269628.54, migrating=True, epoch=2, total_epochs=3, configured=500000000 B/s, rate=500025726 B/s, pending=3909091328 bytes ([27.19%] 1459617792/5368709120 bytes copied)
[migrater] timestamp=1779269628.64, migrating=True, epoch=2, total_epochs=3, configured=500000000 B/s, rate=499923713 B/s, pending=3858759680 bytes ([28.12%] 1509949440/5368709120 bytes copied)
[migrater] timestamp=1779269628.74, migrating=True, epoch=2, total_epochs=3, configured=500000000 B/s, rate=500080623 B/s, pending=3808428032 bytes ([29.06%] 1560281088/5368709120 bytes copied)
[migrater] timestamp=1779269628.84, migrating=True, epoch=2, total_epochs=3, configured=500000000 B/s, rate=499988864 B/s, pending=3758096384 bytes ([30.00%] 1610612736/5368709120 bytes copied)
[migrater] timestamp=1779269628.94, migrating=True, epoch=2, total_epochs=3, configured=500000000 B/s, rate=500200645 B/s, pending=3707764736 bytes ([30.94%] 1660944384/5368709120 bytes copied)
[migrater] timestamp=1779269629.04, migrating=True, epoch=2, total_epochs=3, configured=500000000 B/s, rate=499833058 B/s, pending=3657433088 bytes ([31.87%] 1711276032/5368709120 bytes copied)
[migrater] timestamp=1779269629.14, migrating=True, epoch=2, total_epochs=3, configured=500000000 B/s, rate=499996468 B/s, pending=3607101440 bytes ([32.81%] 1761607680/5368709120 bytes copied)
[migrater] timestamp=1779269629.24, migrating=True, epoch=2, total_epochs=3, configured=500000000 B/s, rate=499949232 B/s, pending=3556769792 bytes ([33.75%] 1811939328/5368709120 bytes copied)
[migrater] timestamp=1779269629.34, migrating=True, epoch=2, total_epochs=3, configured=500000000 B/s, rate=500040629 B/s, pending=3506438144 bytes ([34.69%] 1862270976/5368709120 bytes copied)
[migrater] timestamp=1779269629.44, migrating=True, epoch=2, total_epochs=3, configured=500000000 B/s, rate=500103132 B/s, pending=3456106496 bytes ([35.62%] 1912602624/5368709120 bytes copied)
[migrater] timestamp=1779269629.54, migrating=True, epoch=2, total_epochs=3, configured=500000000 B/s, rate=500080419 B/s, pending=3405774848 bytes ([36.56%] 1962934272/5368709120 bytes copied)
[migrater] timestamp=1779269629.64, migrating=True, epoch=2, total_epochs=3, configured=500000000 B/s, rate=499987677 B/s, pending=3355443200 bytes ([37.50%] 2013265920/5368709120 bytes copied)
[migrater] timestamp=1779269629.75, migrating=True, epoch=2, total_epochs=3, configured=500000000 B/s, rate=499928033 B/s, pending=3305111552 bytes ([38.44%] 2063597568/5368709120 bytes copied)
[migrater] timestamp=1779269629.85, migrating=True, epoch=2, total_epochs=3, configured=500000000 B/s, rate=500068152 B/s, pending=3254779904 bytes ([39.38%] 2113929216/5368709120 bytes copied)
[migrater] timestamp=1779269629.95, migrating=True, epoch=2, total_epochs=3, configured=500000000 B/s, rate=500132397 B/s, pending=3204448256 bytes ([40.31%] 2164260864/5368709120 bytes copied)
[migrater] timestamp=1779269630.05, migrating=True, epoch=2, total_epochs=3, configured=500000000 B/s, rate=499893722 B/s, pending=3154116608 bytes ([41.25%] 2214592512/5368709120 bytes copied)
[migrater] timestamp=1779269630.15, migrating=True, epoch=2, total_epochs=3, configured=500000000 B/s, rate=499759904 B/s, pending=3103784960 bytes ([42.19%] 2264924160/5368709120 bytes copied)
[migrater] timestamp=1779269630.25, migrating=True, epoch=2, total_epochs=3, configured=500000000 B/s, rate=500143435 B/s, pending=3053453312 bytes ([43.12%] 2315255808/5368709120 bytes copied)
[migrater] timestamp=1779269630.35, migrating=True, epoch=2, total_epochs=3, configured=500000000 B/s, rate=500045443 B/s, pending=3003121664 bytes ([44.06%] 2365587456/5368709120 bytes copied)
[migrater] timestamp=1779269630.45, migrating=True, epoch=2, total_epochs=3, configured=500000000 B/s, rate=499515879 B/s, pending=2952790016 bytes ([45.00%] 2415919104/5368709120 bytes copied)
[migrater] timestamp=1779269630.55, migrating=True, epoch=2, total_epochs=3, configured=500000000 B/s, rate=500284471 B/s, pending=2902458368 bytes ([45.94%] 2466250752/5368709120 bytes copied)
[migrater] timestamp=1779269630.65, migrating=True, epoch=2, total_epochs=3, configured=500000000 B/s, rate=499963440 B/s, pending=2852126720 bytes ([46.88%] 2516582400/5368709120 bytes copied)
[migrater] timestamp=1779269630.75, migrating=True, epoch=2, total_epochs=3, configured=500000000 B/s, rate=499963733 B/s, pending=2801795072 bytes ([47.81%] 2566914048/5368709120 bytes copied)
[migrater] timestamp=1779269630.85, migrating=True, epoch=2, total_epochs=3, configured=500000000 B/s, rate=500105468 B/s, pending=2751463424 bytes ([48.75%] 2617245696/5368709120 bytes copied)
[migrater] timestamp=1779269630.95, migrating=True, epoch=2, total_epochs=3, configured=500000000 B/s, rate=499797322 B/s, pending=2701131776 bytes ([49.69%] 2667577344/5368709120 bytes copied)
[migrater] timestamp=1779269631.05, migrating=True, epoch=2, total_epochs=3, configured=500000000 B/s, rate=499598631 B/s, pending=2650800128 bytes ([50.62%] 2717908992/5368709120 bytes copied)
[migrater] timestamp=1779269631.15, migrating=True, epoch=2, total_epochs=3, configured=500000000 B/s, rate=500400904 B/s, pending=2600468480 bytes ([51.56%] 2768240640/5368709120 bytes copied)
[migrater] timestamp=1779269631.26, migrating=True, epoch=2, total_epochs=3, configured=500000000 B/s, rate=500006055 B/s, pending=2550136832 bytes ([52.50%] 2818572288/5368709120 bytes copied)
[migrater] timestamp=1779269631.36, migrating=True, epoch=2, total_epochs=3, configured=500000000 B/s, rate=500041424 B/s, pending=2499805184 bytes ([53.44%] 2868903936/5368709120 bytes copied)
[migrater] timestamp=1779269631.46, migrating=True, epoch=2, total_epochs=3, configured=500000000 B/s, rate=500016084 B/s, pending=2449473536 bytes ([54.37%] 2919235584/5368709120 bytes copied)
[migrater] timestamp=1779269631.56, migrating=True, epoch=2, total_epochs=3, configured=500000000 B/s, rate=500026967 B/s, pending=2399141888 bytes ([55.31%] 2969567232/5368709120 bytes copied)
[migrater] timestamp=1779269631.66, migrating=True, epoch=2, total_epochs=3, configured=500000000 B/s, rate=500013158 B/s, pending=2348810240 bytes ([56.25%] 3019898880/5368709120 bytes copied)
[migrater] timestamp=1779269631.76, migrating=True, epoch=2, total_epochs=3, configured=500000000 B/s, rate=499490051 B/s, pending=2298478592 bytes ([57.19%] 3070230528/5368709120 bytes copied)
[migrater] timestamp=1779269631.86, migrating=True, epoch=2, total_epochs=3, configured=500000000 B/s, rate=500265223 B/s, pending=2248146944 bytes ([58.13%] 3120562176/5368709120 bytes copied)
[migrater] timestamp=1779269631.96, migrating=True, epoch=2, total_epochs=3, configured=500000000 B/s, rate=499998555 B/s, pending=2197815296 bytes ([59.06%] 3170893824/5368709120 bytes copied)
[migrater] timestamp=1779269632.06, migrating=True, epoch=2, total_epochs=3, configured=500000000 B/s, rate=499858226 B/s, pending=2147483648 bytes ([60.00%] 3221225472/5368709120 bytes copied)
[migrater] timestamp=1779269632.16, migrating=True, epoch=2, total_epochs=3, configured=500000000 B/s, rate=500047832 B/s, pending=2097152000 bytes ([60.94%] 3271557120/5368709120 bytes copied)
[migrater] timestamp=1779269632.26, migrating=True, epoch=2, total_epochs=3, configured=500000000 B/s, rate=499992391 B/s, pending=2046820352 bytes ([61.88%] 3321888768/5368709120 bytes copied)
[migrater] timestamp=1779269632.36, migrating=True, epoch=2, total_epochs=3, configured=500000000 B/s, rate=500055235 B/s, pending=1996488704 bytes ([62.81%] 3372220416/5368709120 bytes copied)
[migrater] timestamp=1779269632.46, migrating=True, epoch=2, total_epochs=3, configured=500000000 B/s, rate=499761591 B/s, pending=1946157056 bytes ([63.75%] 3422552064/5368709120 bytes copied)
[migrater] timestamp=1779269632.56, migrating=True, epoch=2, total_epochs=3, configured=500000000 B/s, rate=500244195 B/s, pending=1895825408 bytes ([64.69%] 3472883712/5368709120 bytes copied)
[migrater] timestamp=1779269632.66, migrating=True, epoch=2, total_epochs=3, configured=500000000 B/s, rate=500084544 B/s, pending=1845493760 bytes ([65.62%] 3523215360/5368709120 bytes copied)
[migrater] timestamp=1779269632.77, migrating=True, epoch=2, total_epochs=3, configured=500000000 B/s, rate=500039785 B/s, pending=1795162112 bytes ([66.56%] 3573547008/5368709120 bytes copied)
[migrater] timestamp=1779269632.87, migrating=True, epoch=2, total_epochs=3, configured=500000000 B/s, rate=500024633 B/s, pending=1744830464 bytes ([67.50%] 3623878656/5368709120 bytes copied)
[migrater] timestamp=1779269632.97, migrating=True, epoch=2, total_epochs=3, configured=500000000 B/s, rate=499945557 B/s, pending=1694498816 bytes ([68.44%] 3674210304/5368709120 bytes copied)
[migrater] timestamp=1779269633.07, migrating=True, epoch=2, total_epochs=3, configured=500000000 B/s, rate=499961553 B/s, pending=1644167168 bytes ([69.38%] 3724541952/5368709120 bytes copied)
[migrater] timestamp=1779269633.17, migrating=True, epoch=2, total_epochs=3, configured=500000000 B/s, rate=500076947 B/s, pending=1593835520 bytes ([70.31%] 3774873600/5368709120 bytes copied)
[migrater] timestamp=1779269633.27, migrating=True, epoch=2, total_epochs=3, configured=500000000 B/s, rate=499993041 B/s, pending=1543503872 bytes ([71.25%] 3825205248/5368709120 bytes copied)
[migrater] timestamp=1779269633.37, migrating=True, epoch=2, total_epochs=3, configured=500000000 B/s, rate=500004212 B/s, pending=1493172224 bytes ([72.19%] 3875536896/5368709120 bytes copied)
[migrater] timestamp=1779269633.47, migrating=True, epoch=2, total_epochs=3, configured=500000000 B/s, rate=499915073 B/s, pending=1442840576 bytes ([73.12%] 3925868544/5368709120 bytes copied)
[migrater] timestamp=1779269633.57, migrating=True, epoch=2, total_epochs=3, configured=500000000 B/s, rate=499843185 B/s, pending=1392508928 bytes ([74.06%] 3976200192/5368709120 bytes copied)
[migrater] timestamp=1779269633.67, migrating=True, epoch=2, total_epochs=3, configured=500000000 B/s, rate=499816530 B/s, pending=1342177280 bytes ([75.00%] 4026531840/5368709120 bytes copied)
[migrater] timestamp=1779269633.77, migrating=True, epoch=2, total_epochs=3, configured=500000000 B/s, rate=500271388 B/s, pending=1291845632 bytes ([75.94%] 4076863488/5368709120 bytes copied)
[migrater] timestamp=1779269633.87, migrating=True, epoch=2, total_epochs=3, configured=500000000 B/s, rate=499731272 B/s, pending=1241513984 bytes ([76.88%] 4127195136/5368709120 bytes copied)
[migrater] timestamp=1779269633.97, migrating=True, epoch=2, total_epochs=3, configured=500000000 B/s, rate=500087679 B/s, pending=1191182336 bytes ([77.81%] 4177526784/5368709120 bytes copied)
[migrater] timestamp=1779269634.07, migrating=True, epoch=2, total_epochs=3, configured=500000000 B/s, rate=500054042 B/s, pending=1140850688 bytes ([78.75%] 4227858432/5368709120 bytes copied)
[migrater] timestamp=1779269634.17, migrating=True, epoch=2, total_epochs=3, configured=500000000 B/s, rate=499537440 B/s, pending=1090519040 bytes ([79.69%] 4278190080/5368709120 bytes copied)
[migrater] timestamp=1779269634.28, migrating=True, epoch=2, total_epochs=3, configured=500000000 B/s, rate=499712915 B/s, pending=1040187392 bytes ([80.62%] 4328521728/5368709120 bytes copied)
[migrater] timestamp=1779269634.38, migrating=True, epoch=2, total_epochs=3, configured=500000000 B/s, rate=499525942 B/s, pending=989855744 bytes ([81.56%] 4378853376/5368709120 bytes copied)
[migrater] timestamp=1779269634.48, migrating=True, epoch=2, total_epochs=3, configured=500000000 B/s, rate=499572747 B/s, pending=939524096 bytes ([82.50%] 4429185024/5368709120 bytes copied)
[migrater] timestamp=1779269634.58, migrating=True, epoch=2, total_epochs=3, configured=500000000 B/s, rate=502067346 B/s, pending=889192448 bytes ([83.44%] 4479516672/5368709120 bytes copied)
[migrater] timestamp=1779269634.68, migrating=True, epoch=2, total_epochs=3, configured=500000000 B/s, rate=499988025 B/s, pending=838860800 bytes ([84.38%] 4529848320/5368709120 bytes copied)
[migrater] timestamp=1779269634.78, migrating=True, epoch=2, total_epochs=3, configured=500000000 B/s, rate=498557070 B/s, pending=788529152 bytes ([85.31%] 4580179968/5368709120 bytes copied)
[migrater] timestamp=1779269634.88, migrating=True, epoch=2, total_epochs=3, configured=500000000 B/s, rate=501539535 B/s, pending=738197504 bytes ([86.25%] 4630511616/5368709120 bytes copied)
[migrater] timestamp=1779269634.98, migrating=True, epoch=2, total_epochs=3, configured=500000000 B/s, rate=499979383 B/s, pending=687865856 bytes ([87.19%] 4680843264/5368709120 bytes copied)
[migrater] timestamp=1779269635.08, migrating=True, epoch=2, total_epochs=3, configured=500000000 B/s, rate=496897871 B/s, pending=637534208 bytes ([88.12%] 4731174912/5368709120 bytes copied)
[migrater] timestamp=1779269635.18, migrating=True, epoch=2, total_epochs=3, configured=500000000 B/s, rate=499557921 B/s, pending=587202560 bytes ([89.06%] 4781506560/5368709120 bytes copied)
[migrater] timestamp=1779269635.28, migrating=True, epoch=2, total_epochs=3, configured=500000000 B/s, rate=499599524 B/s, pending=536870912 bytes ([90.00%] 4831838208/5368709120 bytes copied)
[migrater] timestamp=1779269635.39, migrating=True, epoch=2, total_epochs=3, configured=500000000 B/s, rate=457321831 B/s, pending=486539264 bytes ([90.94%] 4882169856/5368709120 bytes copied)
[migrater] timestamp=1779269635.49, migrating=True, epoch=2, total_epochs=3, configured=500000000 B/s, rate=500054439 B/s, pending=436207616 bytes ([91.88%] 4932501504/5368709120 bytes copied)
[migrater] timestamp=1779269635.59, migrating=True, epoch=2, total_epochs=3, configured=500000000 B/s, rate=500102089 B/s, pending=385875968 bytes ([92.81%] 4982833152/5368709120 bytes copied)
[migrater] timestamp=1779269635.69, migrating=True, epoch=2, total_epochs=3, configured=500000000 B/s, rate=499870438 B/s, pending=335544320 bytes ([93.75%] 5033164800/5368709120 bytes copied)
[migrater] timestamp=1779269635.80, migrating=True, epoch=2, total_epochs=3, configured=500000000 B/s, rate=500068893 B/s, pending=285212672 bytes ([94.69%] 5083496448/5368709120 bytes copied)
[migrater] timestamp=1779269635.90, migrating=True, epoch=2, total_epochs=3, configured=500000000 B/s, rate=500096225 B/s, pending=234881024 bytes ([95.62%] 5133828096/5368709120 bytes copied)
[migrater] timestamp=1779269636.00, migrating=True, epoch=2, total_epochs=3, configured=500000000 B/s, rate=499953855 B/s, pending=184549376 bytes ([96.56%] 5184159744/5368709120 bytes copied)
[migrater] timestamp=1779269636.10, migrating=True, epoch=2, total_epochs=3, configured=500000000 B/s, rate=499999990 B/s, pending=134217728 bytes ([97.50%] 5234491392/5368709120 bytes copied)
[migrater] timestamp=1779269636.21, migrating=True, epoch=2, total_epochs=3, configured=666666666 B/s, rate=596249194 B/s, pending=67108864 bytes ([98.75%] 5301600256/5368709120 bytes copied)
[migrater] timestamp=1779269636.32, migrating=False, epoch=2, total_epochs=3, configured=666666666 B/s, rate=0 B/s, pending=0 bytes ([100.00%] 5368709120/5368709120 bytes copied)
[migrater] timestamp=1779269636.47, migrating=False, epoch=2, total_epochs=3, configured=0 B/s, rate=0 B/s, pending=0 bytes
[migrater] timestamp=1779269636.57, migrating=False, epoch=2, total_epochs=3, configured=0 B/s, rate=0 B/s, pending=0 bytes
[migrater] timestamp=1779269636.67, migrating=False, epoch=2, total_epochs=3, configured=0 B/s, rate=0 B/s, pending=0 bytes
[migrater] timestamp=1779269636.78, migrating=False, epoch=2, total_epochs=3, configured=0 B/s, rate=0 B/s, pending=0 bytes
[migrater] timestamp=1779269636.88, migrating=False, epoch=2, total_epochs=3, configured=0 B/s, rate=0 B/s, pending=0 bytes
[migrater] timestamp=1779269636.98, migrating=False, epoch=2, total_epochs=3, configured=0 B/s, rate=0 B/s, pending=0 bytes
[migrater] timestamp=1779269637.08, migrating=False, epoch=2, total_epochs=3, configured=0 B/s, rate=0 B/s, pending=0 bytes
[migrater] timestamp=1779269637.18, migrating=False, epoch=2, total_epochs=3, configured=0 B/s, rate=0 B/s, pending=0 bytes
[migrater] timestamp=1779269637.28, migrating=False, epoch=2, total_epochs=3, configured=0 B/s, rate=0 B/s, pending=0 bytes
[migrater] timestamp=1779269637.38, migrating=False, epoch=2, total_epochs=3, configured=0 B/s, rate=0 B/s, pending=0 bytes
[migrater] timestamp=1779269637.48, migrating=False, epoch=2, total_epochs=3, configured=0 B/s, rate=0 B/s, pending=0 bytes
[migrater] timestamp=1779269637.58, migrating=False, epoch=2, total_epochs=3, configured=0 B/s, rate=0 B/s, pending=0 bytes
[migrater] timestamp=1779269637.68, migrating=False, epoch=2, total_epochs=3, configured=0 B/s, rate=0 B/s, pending=0 bytes
[migrater] timestamp=1779269637.78, migrating=False, epoch=2, total_epochs=3, configured=0 B/s, rate=0 B/s, pending=0 bytes
[migrater] timestamp=1779269637.88, migrating=False, epoch=2, total_epochs=3, configured=0 B/s, rate=0 B/s, pending=0 bytes
[migrater] timestamp=1779269637.98, migrating=False, epoch=2, total_epochs=3, configured=0 B/s, rate=0 B/s, pending=0 bytes
[migrater] timestamp=1779269638.08, migrating=False, epoch=2, total_epochs=3, configured=0 B/s, rate=0 B/s, pending=0 bytes
[migrater] timestamp=1779269638.18, migrating=False, epoch=2, total_epochs=3, configured=0 B/s, rate=0 B/s, pending=0 bytes
[migrater] timestamp=1779269638.28, migrating=False, epoch=2, total_epochs=3, configured=0 B/s, rate=0 B/s, pending=0 bytes
[migrater] timestamp=1779269638.38, migrating=False, epoch=2, total_epochs=3, configured=0 B/s, rate=0 B/s, pending=0 bytes
[migrater] timestamp=1779269638.48, migrating=False, epoch=2, total_epochs=3, configured=0 B/s, rate=0 B/s, pending=0 bytes
[migrater] timestamp=1779269638.58, migrating=False, epoch=2, total_epochs=3, configured=0 B/s, rate=0 B/s, pending=0 bytes
[migrater] timestamp=1779269638.68, migrating=False, epoch=2, total_epochs=3, configured=0 B/s, rate=0 B/s, pending=0 bytes
[migrater] timestamp=1779269638.78, migrating=False, epoch=2, total_epochs=3, configured=0 B/s, rate=0 B/s, pending=0 bytes
[migrater] timestamp=1779269638.89, migrating=False, epoch=2, total_epochs=3, configured=0 B/s, rate=0 B/s, pending=0 bytes
[migrater] timestamp=1779269638.99, migrating=False, epoch=2, total_epochs=3, configured=0 B/s, rate=0 B/s, pending=0 bytes
[migrater] timestamp=1779269639.09, migrating=False, epoch=2, total_epochs=3, configured=0 B/s, rate=0 B/s, pending=0 bytes
[migrater] timestamp=1779269639.19, migrating=False, epoch=2, total_epochs=3, configured=0 B/s, rate=0 B/s, pending=0 bytes
[migrater] timestamp=1779269639.29, migrating=False, epoch=2, total_epochs=3, configured=0 B/s, rate=0 B/s, pending=0 bytes
[migrater] timestamp=1779269639.39, migrating=False, epoch=2, total_epochs=3, configured=0 B/s, rate=0 B/s, pending=0 bytes
[migrater] timestamp=1779269639.49, migrating=False, epoch=2, total_epochs=3, configured=0 B/s, rate=0 B/s, pending=0 bytes
[migrater] timestamp=1779269639.59, migrating=False, epoch=2, total_epochs=3, configured=0 B/s, rate=0 B/s, pending=0 bytes
[migrater] timestamp=1779269639.69, migrating=False, epoch=2, total_epochs=3, configured=0 B/s, rate=0 B/s, pending=0 bytes
[migrater] timestamp=1779269639.79, migrating=False, epoch=2, total_epochs=3, configured=0 B/s, rate=0 B/s, pending=0 bytes
[migrater] timestamp=1779269639.89, migrating=False, epoch=2, total_epochs=3, configured=0 B/s, rate=0 B/s, pending=0 bytes
[migrater] timestamp=1779269639.99, migrating=False, epoch=2, total_epochs=3, configured=0 B/s, rate=0 B/s, pending=0 bytes
[migrater] timestamp=1779269640.09, migrating=False, epoch=2, total_epochs=3, configured=0 B/s, rate=0 B/s, pending=0 bytes
[migrater] timestamp=1779269640.19, migrating=False, epoch=2, total_epochs=3, configured=0 B/s, rate=0 B/s, pending=0 bytes
[migrater] timestamp=1779269640.29, migrating=False, epoch=2, total_epochs=3, configured=0 B/s, rate=0 B/s, pending=0 bytes
[migrater] timestamp=1779269640.39, migrating=False, epoch=2, total_epochs=3, configured=0 B/s, rate=0 B/s, pending=0 bytes
[migrater] timestamp=1779269640.49, migrating=False, epoch=2, total_epochs=3, configured=0 B/s, rate=0 B/s, pending=0 bytes
[migrater] timestamp=1779269640.59, migrating=False, epoch=2, total_epochs=3, configured=0 B/s, rate=0 B/s, pending=0 bytes
[migrater] timestamp=1779269640.69, migrating=False, epoch=2, total_epochs=3, configured=0 B/s, rate=0 B/s, pending=0 bytes
[migrater] timestamp=1779269640.79, migrating=False, epoch=2, total_epochs=3, configured=0 B/s, rate=0 B/s, pending=0 bytes
[migrater] timestamp=1779269640.89, migrating=False, epoch=2, total_epochs=3, configured=0 B/s, rate=0 B/s, pending=0 bytes
[migrater] timestamp=1779269640.99, migrating=False, epoch=2, total_epochs=3, configured=0 B/s, rate=0 B/s, pending=0 bytes
[migrater] timestamp=1779269641.09, migrating=False, epoch=2, total_epochs=3, configured=0 B/s, rate=0 B/s, pending=0 bytes
[migrater] timestamp=1779269641.19, migrating=False, epoch=2, total_epochs=3, configured=0 B/s, rate=0 B/s, pending=0 bytes
[migrater] timestamp=1779269641.29, migrating=False, epoch=2, total_epochs=3, configured=0 B/s, rate=0 B/s, pending=0 bytes
[migrater] timestamp=1779269641.40, migrating=False, epoch=2, total_epochs=3, configured=0 B/s, rate=0 B/s, pending=0 bytes
[migrater] timestamp=1779269641.50, migrating=False, epoch=2, total_epochs=3, configured=0 B/s, rate=0 B/s, pending=0 bytes
[migrater] timestamp=1779269641.60, migrating=False, epoch=2, total_epochs=3, configured=0 B/s, rate=0 B/s, pending=0 bytes
[migrater] timestamp=1779269641.70, migrating=False, epoch=2, total_epochs=3, configured=0 B/s, rate=0 B/s, pending=0 bytes
[migrater] timestamp=1779269641.80, migrating=False, epoch=2, total_epochs=3, configured=0 B/s, rate=0 B/s, pending=0 bytes
[migrater] timestamp=1779269641.90, migrating=False, epoch=2, total_epochs=3, configured=0 B/s, rate=0 B/s, pending=0 bytes
[migrater] timestamp=1779269642.00, migrating=False, epoch=2, total_epochs=3, configured=0 B/s, rate=0 B/s, pending=0 bytes
[migrater] timestamp=1779269642.10, migrating=False, epoch=2, total_epochs=3, configured=0 B/s, rate=0 B/s, pending=0 bytes
[migrater] timestamp=1779269642.20, migrating=False, epoch=2, total_epochs=3, configured=0 B/s, rate=0 B/s, pending=0 bytes
[migrater] timestamp=1779269642.30, migrating=False, epoch=2, total_epochs=3, configured=0 B/s, rate=0 B/s, pending=0 bytes
[migrater] timestamp=1779269642.40, migrating=False, epoch=2, total_epochs=3, configured=0 B/s, rate=0 B/s, pending=0 bytes
[migrater] timestamp=1779269642.50, migrating=False, epoch=2, total_epochs=3, configured=0 B/s, rate=0 B/s, pending=0 bytes
[migrater] timestamp=1779269642.60, migrating=False, epoch=2, total_epochs=3, configured=0 B/s, rate=0 B/s, pending=0 bytes
[migrater] timestamp=1779269642.70, migrating=False, epoch=2, total_epochs=3, configured=0 B/s, rate=0 B/s, pending=0 bytes
[migrater] timestamp=1779269642.80, migrating=False, epoch=2, total_epochs=3, configured=0 B/s, rate=0 B/s, pending=0 bytes
[migrater] timestamp=1779269642.90, migrating=False, epoch=2, total_epochs=3, configured=0 B/s, rate=0 B/s, pending=0 bytes
[migrater] timestamp=1779269643.00, migrating=False, epoch=2, total_epochs=3, configured=0 B/s, rate=0 B/s, pending=0 bytes
[migrater] timestamp=1779269643.10, migrating=False, epoch=2, total_epochs=3, configured=0 B/s, rate=0 B/s, pending=0 bytes
[migrater] timestamp=1779269643.20, migrating=False, epoch=2, total_epochs=3, configured=0 B/s, rate=0 B/s, pending=0 bytes
[migrater] timestamp=1779269643.30, migrating=False, epoch=2, total_epochs=3, configured=0 B/s, rate=0 B/s, pending=0 bytes
[migrater] timestamp=1779269643.40, migrating=False, epoch=2, total_epochs=3, configured=0 B/s, rate=0 B/s, pending=0 bytes
[migrater] timestamp=1779269643.50, migrating=False, epoch=2, total_epochs=3, configured=0 B/s, rate=0 B/s, pending=0 bytes
[migrater] timestamp=1779269643.60, migrating=False, epoch=2, total_epochs=3, configured=0 B/s, rate=0 B/s, pending=0 bytes
[migrater] timestamp=1779269643.70, migrating=False, epoch=2, total_epochs=3, configured=0 B/s, rate=0 B/s, pending=0 bytes
[migrater] timestamp=1779269643.80, migrating=False, epoch=2, total_epochs=3, configured=0 B/s, rate=0 B/s, pending=0 bytes
[migrater] timestamp=1779269643.91, migrating=False, epoch=2, total_epochs=3, configured=0 B/s, rate=0 B/s, pending=0 bytes
[migrater] timestamp=1779269644.01, migrating=False, epoch=2, total_epochs=3, configured=0 B/s, rate=0 B/s, pending=0 bytes
[migrater] timestamp=1779269644.11, migrating=False, epoch=2, total_epochs=3, configured=0 B/s, rate=0 B/s, pending=0 bytes
[migrater] timestamp=1779269644.21, migrating=False, epoch=2, total_epochs=3, configured=0 B/s, rate=0 B/s, pending=0 bytes
[migrater] timestamp=1779269644.31, migrating=False, epoch=2, total_epochs=3, configured=0 B/s, rate=0 B/s, pending=0 bytes
[migrater] timestamp=1779269644.41, migrating=False, epoch=2, total_epochs=3, configured=0 B/s, rate=0 B/s, pending=0 bytes
[migrater] timestamp=1779269644.51, migrating=False, epoch=2, total_epochs=3, configured=0 B/s, rate=0 B/s, pending=0 bytes
[migrater] timestamp=1779269644.61, migrating=False, epoch=2, total_epochs=3, configured=0 B/s, rate=0 B/s, pending=0 bytes
[migrater] timestamp=1779269644.71, migrating=False, epoch=2, total_epochs=3, configured=0 B/s, rate=0 B/s, pending=0 bytes
[migrater] timestamp=1779269644.81, migrating=False, epoch=2, total_epochs=3, configured=0 B/s, rate=0 B/s, pending=0 bytes
[migrater] timestamp=1779269644.91, migrating=False, epoch=2, total_epochs=3, configured=0 B/s, rate=0 B/s, pending=0 bytes
[migrater] timestamp=1779269645.01, migrating=False, epoch=2, total_epochs=3, configured=0 B/s, rate=0 B/s, pending=0 bytes
[migrater] timestamp=1779269645.11, migrating=False, epoch=2, total_epochs=3, configured=0 B/s, rate=0 B/s, pending=0 bytes
[migrater] timestamp=1779269645.21, migrating=False, epoch=2, total_epochs=3, configured=0 B/s, rate=0 B/s, pending=0 bytes
[migrater] timestamp=1779269645.31, migrating=False, epoch=2, total_epochs=3, configured=0 B/s, rate=0 B/s, pending=0 bytes
[migrater] timestamp=1779269645.41, migrating=False, epoch=2, total_epochs=3, configured=0 B/s, rate=0 B/s, pending=0 bytes
[migrater] timestamp=1779269645.51, migrating=False, epoch=2, total_epochs=3, configured=0 B/s, rate=0 B/s, pending=0 bytes
[migrater] timestamp=1779269645.61, migrating=False, epoch=2, total_epochs=3, configured=0 B/s, rate=0 B/s, pending=0 bytes
[migrater] timestamp=1779269645.71, migrating=False, epoch=2, total_epochs=3, configured=0 B/s, rate=0 B/s, pending=0 bytes
[migrater] timestamp=1779269645.81, migrating=False, epoch=2, total_epochs=3, configured=0 B/s, rate=0 B/s, pending=0 bytes
[migrater] timestamp=1779269645.91, migrating=False, epoch=2, total_epochs=3, configured=0 B/s, rate=0 B/s, pending=0 bytes
[migrater] timestamp=1779269646.01, migrating=False, epoch=2, total_epochs=3, configured=0 B/s, rate=0 B/s, pending=0 bytes
[migrater] timestamp=1779269646.11, migrating=False, epoch=2, total_epochs=3, configured=0 B/s, rate=0 B/s, pending=0 bytes
[migrater] timestamp=1779269646.21, migrating=False, epoch=2, total_epochs=3, configured=0 B/s, rate=0 B/s, pending=0 bytes
[migrater] timestamp=1779269646.32, migrating=False, epoch=2, total_epochs=3, configured=0 B/s, rate=0 B/s, pending=0 bytes
[migrater] timestamp=1779269646.42, migrating=False, epoch=2, total_epochs=3, configured=0 B/s, rate=0 B/s, pending=0 bytes
[migrater] timestamp=1779269646.52, migrating=False, epoch=2, total_epochs=3, configured=0 B/s, rate=0 B/s, pending=0 bytes
[migrater] timestamp=1779269646.62, migrating=False, epoch=2, total_epochs=3, configured=0 B/s, rate=0 B/s, pending=0 bytes
[migrater] timestamp=1779269646.72, migrating=False, epoch=2, total_epochs=3, configured=0 B/s, rate=0 B/s, pending=0 bytes
[migrater] timestamp=1779269646.82, migrating=False, epoch=2, total_epochs=3, configured=0 B/s, rate=0 B/s, pending=0 bytes
[migrater] timestamp=1779269646.92, migrating=False, epoch=2, total_epochs=3, configured=0 B/s, rate=0 B/s, pending=0 bytes
[migrater] timestamp=1779269647.02, migrating=False, epoch=2, total_epochs=3, configured=0 B/s, rate=0 B/s, pending=0 bytes
[migrater] timestamp=1779269647.12, migrating=False, epoch=2, total_epochs=3, configured=0 B/s, rate=0 B/s, pending=0 bytes
[migrater] timestamp=1779269647.22, migrating=False, epoch=2, total_epochs=3, configured=0 B/s, rate=0 B/s, pending=0 bytes
[migrater] timestamp=1779269647.32, migrating=False, epoch=2, total_epochs=3, configured=0 B/s, rate=0 B/s, pending=0 bytes
[migrater] timestamp=1779269647.42, migrating=False, epoch=2, total_epochs=3, configured=0 B/s, rate=0 B/s, pending=0 bytes
[migrater] timestamp=1779269647.52, migrating=False, epoch=2, total_epochs=3, configured=0 B/s, rate=0 B/s, pending=0 bytes
[migrater] timestamp=1779269647.62, migrating=False, epoch=2, total_epochs=3, configured=0 B/s, rate=0 B/s, pending=0 bytes
[migrater] timestamp=1779269647.72, migrating=False, epoch=2, total_epochs=3, configured=0 B/s, rate=0 B/s, pending=0 bytes
[migrater] timestamp=1779269647.82, migrating=False, epoch=2, total_epochs=3, configured=0 B/s, rate=0 B/s, pending=0 bytes
[migrater] timestamp=1779269647.92, migrating=False, epoch=2, total_epochs=3, configured=0 B/s, rate=0 B/s, pending=0 bytes
[migrater] timestamp=1779269648.02, migrating=False, epoch=2, total_epochs=3, configured=0 B/s, rate=0 B/s, pending=0 bytes
[migrater] timestamp=1779269648.12, migrating=False, epoch=2, total_epochs=3, configured=0 B/s, rate=0 B/s, pending=0 bytes
[migrater] timestamp=1779269648.22, migrating=False, epoch=2, total_epochs=3, configured=0 B/s, rate=0 B/s, pending=0 bytes
[migrater] timestamp=1779269648.32, migrating=False, epoch=2, total_epochs=3, configured=0 B/s, rate=0 B/s, pending=0 bytes
[migrater] timestamp=1779269648.42, migrating=False, epoch=2, total_epochs=3, configured=0 B/s, rate=0 B/s, pending=0 bytes
[migrater] timestamp=1779269648.52, migrating=False, epoch=2, total_epochs=3, configured=0 B/s, rate=0 B/s, pending=0 bytes
[migrater] timestamp=1779269648.62, migrating=False, epoch=2, total_epochs=3, configured=0 B/s, rate=0 B/s, pending=0 bytes
[migrater] timestamp=1779269648.72, migrating=False, epoch=2, total_epochs=3, configured=0 B/s, rate=0 B/s, pending=0 bytes
[migrater] timestamp=1779269648.83, migrating=False, epoch=2, total_epochs=3, configured=0 B/s, rate=0 B/s, pending=0 bytes
[migrater] timestamp=1779269648.93, migrating=False, epoch=2, total_epochs=3, configured=0 B/s, rate=0 B/s, pending=0 bytes
[migrater] timestamp=1779269649.03, migrating=False, epoch=2, total_epochs=3, configured=0 B/s, rate=0 B/s, pending=0 bytes
[migrater] timestamp=1779269649.13, migrating=False, epoch=2, total_epochs=3, configured=0 B/s, rate=0 B/s, pending=0 bytes
[migrater] timestamp=1779269649.23, migrating=False, epoch=2, total_epochs=3, configured=0 B/s, rate=0 B/s, pending=0 bytes
[migrater] timestamp=1779269649.33, migrating=False, epoch=2, total_epochs=3, configured=0 B/s, rate=0 B/s, pending=0 bytes
[migrater] timestamp=1779269649.43, migrating=False, epoch=2, total_epochs=3, configured=0 B/s, rate=0 B/s, pending=0 bytes
[migrater] timestamp=1779269649.53, migrating=False, epoch=2, total_epochs=3, configured=0 B/s, rate=0 B/s, pending=0 bytes
[migrater] timestamp=1779269649.63, migrating=False, epoch=2, total_epochs=3, configured=0 B/s, rate=0 B/s, pending=0 bytes
[migrater] timestamp=1779269649.73, migrating=False, epoch=2, total_epochs=3, configured=0 B/s, rate=0 B/s, pending=0 bytes
[migrater] timestamp=1779269649.83, migrating=False, epoch=2, total_epochs=3, configured=0 B/s, rate=0 B/s, pending=0 bytes
[migrater] timestamp=1779269649.93, migrating=False, epoch=2, total_epochs=3, configured=0 B/s, rate=0 B/s, pending=0 bytes
[migrater] timestamp=1779269650.03, migrating=False, epoch=2, total_epochs=3, configured=0 B/s, rate=0 B/s, pending=0 bytes
[migrater] timestamp=1779269650.13, migrating=False, epoch=2, total_epochs=3, configured=0 B/s, rate=0 B/s, pending=0 bytes
[migrater] timestamp=1779269650.23, migrating=False, epoch=2, total_epochs=3, configured=0 B/s, rate=0 B/s, pending=0 bytes
[migrater] timestamp=1779269650.33, migrating=False, epoch=2, total_epochs=3, configured=0 B/s, rate=0 B/s, pending=0 bytes
[migrater] timestamp=1779269650.43, migrating=False, epoch=2, total_epochs=3, configured=0 B/s, rate=0 B/s, pending=0 bytes
[migrater] timestamp=1779269650.53, migrating=False, epoch=2, total_epochs=3, configured=0 B/s, rate=0 B/s, pending=0 bytes
[migrater] timestamp=1779269650.63, migrating=False, epoch=2, total_epochs=3, configured=0 B/s, rate=0 B/s, pending=0 bytes
[migrater] timestamp=1779269650.73, migrating=False, epoch=2, total_epochs=3, configured=0 B/s, rate=0 B/s, pending=0 bytes
[migrater] timestamp=1779269650.83, migrating=False, epoch=2, total_epochs=3, configured=0 B/s, rate=0 B/s, pending=0 bytes
[migrater] timestamp=1779269650.93, migrating=False, epoch=2, total_epochs=3, configured=0 B/s, rate=0 B/s, pending=0 bytes
[migrater] timestamp=1779269651.03, migrating=False, epoch=2, total_epochs=3, configured=0 B/s, rate=0 B/s, pending=0 bytes
[migrater] timestamp=1779269651.13, migrating=False, epoch=2, total_epochs=3, configured=0 B/s, rate=0 B/s, pending=0 bytes
[migrater] timestamp=1779269651.23, migrating=False, epoch=2, total_epochs=3, configured=0 B/s, rate=0 B/s, pending=0 bytes
[migrater] timestamp=1779269651.33, migrating=False, epoch=2, total_epochs=3, configured=0 B/s, rate=0 B/s, pending=0 bytes
[migrater] timestamp=1779269651.44, migrating=False, epoch=2, total_epochs=3, configured=0 B/s, rate=0 B/s, pending=0 bytes
[migrater] timestamp=1779269651.54, migrating=False, epoch=2, total_epochs=3, configured=0 B/s, rate=0 B/s, pending=0 bytes
[migrater] timestamp=1779269651.64, migrating=False, epoch=2, total_epochs=3, configured=0 B/s, rate=0 B/s, pending=0 bytes
[migrater] timestamp=1779269651.74, migrating=False, epoch=2, total_epochs=3, configured=0 B/s, rate=0 B/s, pending=0 bytes
[migrater] timestamp=1779269651.84, migrating=False, epoch=2, total_epochs=3, configured=0 B/s, rate=0 B/s, pending=0 bytes
[migrater] timestamp=1779269651.94, migrating=False, epoch=2, total_epochs=3, configured=0 B/s, rate=0 B/s, pending=0 bytes
[migrater] timestamp=1779269652.04, migrating=False, epoch=2, total_epochs=3, configured=0 B/s, rate=0 B/s, pending=0 bytes
[migrater] timestamp=1779269652.14, migrating=False, epoch=2, total_epochs=3, configured=0 B/s, rate=0 B/s, pending=0 bytes
[migrater] timestamp=1779269652.24, migrating=False, epoch=2, total_epochs=3, configured=0 B/s, rate=0 B/s, pending=0 bytes
[migrater] timestamp=1779269652.34, migrating=False, epoch=2, total_epochs=3, configured=0 B/s, rate=0 B/s, pending=0 bytes
[migrater] timestamp=1779269652.44, migrating=False, epoch=2, total_epochs=3, configured=0 B/s, rate=0 B/s, pending=0 bytes
[migrater] timestamp=1779269652.54, migrating=False, epoch=2, total_epochs=3, configured=0 B/s, rate=0 B/s, pending=0 bytes
[migrater] timestamp=1779269652.64, migrating=False, epoch=2, total_epochs=3, configured=0 B/s, rate=0 B/s, pending=0 bytes
[migrater] timestamp=1779269652.74, migrating=False, epoch=2, total_epochs=3, configured=0 B/s, rate=0 B/s, pending=0 bytes
[migrater] timestamp=1779269652.84, migrating=False, epoch=2, total_epochs=3, configured=0 B/s, rate=0 B/s, pending=0 bytes
[migrater] timestamp=1779269652.94, migrating=False, epoch=2, total_epochs=3, configured=0 B/s, rate=0 B/s, pending=0 bytes
[migrater] timestamp=1779269653.04, migrating=False, epoch=2, total_epochs=3, configured=0 B/s, rate=0 B/s, pending=0 bytes
[migrater] timestamp=1779269653.14, migrating=False, epoch=2, total_epochs=3, configured=0 B/s, rate=0 B/s, pending=0 bytes
[migrater] timestamp=1779269653.24, migrating=False, epoch=2, total_epochs=3, configured=0 B/s, rate=0 B/s, pending=0 bytes
[migrater] timestamp=1779269653.34, migrating=False, epoch=2, total_epochs=3, configured=0 B/s, rate=0 B/s, pending=0 bytes
[migrater] timestamp=1779269653.44, migrating=False, epoch=2, total_epochs=3, configured=0 B/s, rate=0 B/s, pending=0 bytes
[migrater] timestamp=1779269653.54, migrating=False, epoch=2, total_epochs=3, configured=0 B/s, rate=0 B/s, pending=0 bytes
[migrater] timestamp=1779269653.64, migrating=False, epoch=2, total_epochs=3, configured=0 B/s, rate=0 B/s, pending=0 bytes
[migrater] timestamp=1779269653.74, migrating=False, epoch=2, total_epochs=3, configured=0 B/s, rate=0 B/s, pending=0 bytes
[migrater] timestamp=1779269653.85, migrating=False, epoch=2, total_epochs=3, configured=0 B/s, rate=0 B/s, pending=0 bytes
[migrater] timestamp=1779269653.95, migrating=False, epoch=2, total_epochs=3, configured=0 B/s, rate=0 B/s, pending=0 bytes
[migrater] timestamp=1779269654.05, migrating=False, epoch=2, total_epochs=3, configured=0 B/s, rate=0 B/s, pending=0 bytes
[migrater] timestamp=1779269654.15, migrating=False, epoch=2, total_epochs=3, configured=0 B/s, rate=0 B/s, pending=0 bytes
[migrater] timestamp=1779269654.25, migrating=False, epoch=2, total_epochs=3, configured=0 B/s, rate=0 B/s, pending=0 bytes
[migrater] timestamp=1779269654.35, migrating=False, epoch=2, total_epochs=3, configured=0 B/s, rate=0 B/s, pending=0 bytes
[migrater] timestamp=1779269654.45, migrating=False, epoch=2, total_epochs=3, configured=0 B/s, rate=0 B/s, pending=0 bytes
[migrater] timestamp=1779269654.55, migrating=False, epoch=2, total_epochs=3, configured=0 B/s, rate=0 B/s, pending=0 bytes
[migrater] timestamp=1779269654.65, migrating=False, epoch=2, total_epochs=3, configured=0 B/s, rate=0 B/s, pending=0 bytes
[migrater] timestamp=1779269654.75, migrating=False, epoch=2, total_epochs=3, configured=0 B/s, rate=0 B/s, pending=0 bytes
[migrater] timestamp=1779269654.85, migrating=False, epoch=2, total_epochs=3, configured=0 B/s, rate=0 B/s, pending=0 bytes
[migrater] timestamp=1779269654.95, migrating=False, epoch=2, total_epochs=3, configured=0 B/s, rate=0 B/s, pending=0 bytes
[migrater] timestamp=1779269655.05, migrating=False, epoch=2, total_epochs=3, configured=0 B/s, rate=0 B/s, pending=0 bytes
[migrater] timestamp=1779269655.15, migrating=False, epoch=2, total_epochs=3, configured=0 B/s, rate=0 B/s, pending=0 bytes
[migrater] timestamp=1779269655.25, migrating=False, epoch=2, total_epochs=3, configured=0 B/s, rate=0 B/s, pending=0 bytes
[migrater] timestamp=1779269655.35, migrating=False, epoch=2, total_epochs=3, configured=0 B/s, rate=0 B/s, pending=0 bytes
[migrater] timestamp=1779269655.45, migrating=False, epoch=2, total_epochs=3, configured=0 B/s, rate=0 B/s, pending=0 bytes
[migrater] timestamp=1779269655.55, migrating=False, epoch=2, total_epochs=3, configured=0 B/s, rate=0 B/s, pending=0 bytes
[migrater] timestamp=1779269655.65, migrating=False, epoch=2, total_epochs=3, configured=0 B/s, rate=0 B/s, pending=0 bytes
[migrater] timestamp=1779269655.75, migrating=False, epoch=2, total_epochs=3, configured=0 B/s, rate=0 B/s, pending=0 bytes
[migrater] timestamp=1779269655.85, migrating=False, epoch=2, total_epochs=3, configured=0 B/s, rate=0 B/s, pending=0 bytes
[migrater] timestamp=1779269655.95, migrating=False, epoch=2, total_epochs=3, configured=0 B/s, rate=0 B/s, pending=0 bytes
[migrater] timestamp=1779269656.05, migrating=False, epoch=2, total_epochs=3, configured=0 B/s, rate=0 B/s, pending=0 bytes
[migrater] timestamp=1779269656.15, migrating=False, epoch=2, total_epochs=3, configured=0 B/s, rate=0 B/s, pending=0 bytes
[migrater] timestamp=1779269656.25, migrating=False, epoch=2, total_epochs=3, configured=0 B/s, rate=0 B/s, pending=0 bytes
[migrater] timestamp=1779269656.36, migrating=False, epoch=2, total_epochs=3, configured=0 B/s, rate=0 B/s, pending=0 bytes
[migrater] timestamp=1779269656.46, migrating=False, epoch=2, total_epochs=3, configured=0 B/s, rate=0 B/s, pending=0 bytes
[migrater] timestamp=1779269656.56, migrating=False, epoch=2, total_epochs=3, configured=0 B/s, rate=0 B/s, pending=0 bytes
[migrater] timestamp=1779269656.66, migrating=False, epoch=2, total_epochs=3, configured=0 B/s, rate=0 B/s, pending=0 bytes
[migrater] timestamp=1779269656.76, migrating=False, epoch=2, total_epochs=3, configured=0 B/s, rate=0 B/s, pending=0 bytes
[migrater] timestamp=1779269656.86, migrating=False, epoch=2, total_epochs=3, configured=0 B/s, rate=0 B/s, pending=0 bytes
[migrater] timestamp=1779269656.96, migrating=False, epoch=2, total_epochs=3, configured=0 B/s, rate=0 B/s, pending=0 bytes
[migrater] timestamp=1779269657.06, migrating=False, epoch=2, total_epochs=3, configured=0 B/s, rate=0 B/s, pending=0 bytes
[migrater] timestamp=1779269657.16, migrating=False, epoch=2, total_epochs=3, configured=0 B/s, rate=0 B/s, pending=0 bytes
[migrater] timestamp=1779269657.26, migrating=False, epoch=2, total_epochs=3, configured=0 B/s, rate=0 B/s, pending=0 bytes
[migrater] timestamp=1779269657.36, migrating=False, epoch=2, total_epochs=3, configured=0 B/s, rate=0 B/s, pending=0 bytes
[migrater] timestamp=1779269657.46, migrating=False, epoch=2, total_epochs=3, configured=0 B/s, rate=0 B/s, pending=0 bytes
[migrater] timestamp=1779269657.56, migrating=False, epoch=2, total_epochs=3, configured=0 B/s, rate=0 B/s, pending=0 bytes
[migrater] timestamp=1779269657.66, migrating=False, epoch=2, total_epochs=3, configured=0 B/s, rate=0 B/s, pending=0 bytes
[migrater] timestamp=1779269657.76, migrating=False, epoch=2, total_epochs=3, configured=0 B/s, rate=0 B/s, pending=0 bytes
[migrater] timestamp=1779269657.86, migrating=False, epoch=2, total_epochs=3, configured=0 B/s, rate=0 B/s, pending=0 bytes
[migrater] timestamp=1779269657.96, migrating=False, epoch=2, total_epochs=3, configured=0 B/s, rate=0 B/s, pending=0 bytes
[migrater] timestamp=1779269658.06, migrating=False, epoch=2, total_epochs=3, configured=0 B/s, rate=0 B/s, pending=0 bytes
[migrater] timestamp=1779269658.16, migrating=False, epoch=2, total_epochs=3, configured=0 B/s, rate=0 B/s, pending=0 bytes
[migrater] timestamp=1779269658.26, migrating=False, epoch=2, total_epochs=3, configured=0 B/s, rate=0 B/s, pending=0 bytes
[migrater] timestamp=1779269658.36, migrating=False, epoch=2, total_epochs=3, configured=0 B/s, rate=0 B/s, pending=0 bytes
[migrater] timestamp=1779269658.46, migrating=False, epoch=2, total_epochs=3, configured=0 B/s, rate=0 B/s, pending=0 bytes
[migrater] timestamp=1779269658.56, migrating=False, epoch=2, total_epochs=3, configured=0 B/s, rate=0 B/s, pending=0 bytes
[migrater] timestamp=1779269658.66, migrating=False, epoch=2, total_epochs=3, configured=0 B/s, rate=0 B/s, pending=0 bytes
[migrater] timestamp=1779269658.76, migrating=False, epoch=2, total_epochs=3, configured=0 B/s, rate=0 B/s, pending=0 bytes
[migrater] timestamp=1779269658.87, migrating=False, epoch=2, total_epochs=3, configured=0 B/s, rate=0 B/s, pending=0 bytes
[migrater] timestamp=1779269658.97, migrating=False, epoch=2, total_epochs=3, configured=0 B/s, rate=0 B/s, pending=0 bytes
[migrater] timestamp=1779269659.07, migrating=False, epoch=2, total_epochs=3, configured=0 B/s, rate=0 B/s, pending=0 bytes
[migrater] timestamp=1779269659.17, migrating=False, epoch=2, total_epochs=3, configured=0 B/s, rate=0 B/s, pending=0 bytes
[migrater] timestamp=1779269659.27, migrating=False, epoch=2, total_epochs=3, configured=0 B/s, rate=0 B/s, pending=0 bytes
[migrater] timestamp=1779269659.37, migrating=False, epoch=2, total_epochs=3, configured=0 B/s, rate=0 B/s, pending=0 bytes
[migrater] timestamp=1779269659.47, migrating=False, epoch=2, total_epochs=3, configured=0 B/s, rate=0 B/s, pending=0 bytes
[migrater] timestamp=1779269659.57, migrating=False, epoch=2, total_epochs=3, configured=0 B/s, rate=0 B/s, pending=0 bytes
[migrater] timestamp=1779269659.67, migrating=False, epoch=2, total_epochs=3, configured=0 B/s, rate=0 B/s, pending=0 bytes
[migrater] timestamp=1779269659.77, migrating=False, epoch=2, total_epochs=3, configured=0 B/s, rate=0 B/s, pending=0 bytes
[migrater] timestamp=1779269659.87, migrating=False, epoch=2, total_epochs=3, configured=0 B/s, rate=0 B/s, pending=0 bytes
[migrater] timestamp=1779269659.97, migrating=False, epoch=2, total_epochs=3, configured=0 B/s, rate=0 B/s, pending=0 bytes
[migrater] timestamp=1779269660.07, migrating=False, epoch=2, total_epochs=3, configured=0 B/s, rate=0 B/s, pending=0 bytes
[migrater] timestamp=1779269660.17, migrating=False, epoch=2, total_epochs=3, configured=0 B/s, rate=0 B/s, pending=0 bytes
[migrater] timestamp=1779269660.27, migrating=False, epoch=2, total_epochs=3, configured=0 B/s, rate=0 B/s, pending=0 bytes
[migrater] timestamp=1779269660.37, migrating=False, epoch=2, total_epochs=3, configured=0 B/s, rate=0 B/s, pending=0 bytes
[migrater] timestamp=1779269660.47, migrating=False, epoch=2, total_epochs=3, configured=0 B/s, rate=0 B/s, pending=0 bytes
[migrater] timestamp=1779269660.57, migrating=False, epoch=2, total_epochs=3, configured=0 B/s, rate=0 B/s, pending=0 bytes
[migrater] timestamp=1779269660.67, migrating=False, epoch=2, total_epochs=3, configured=0 B/s, rate=0 B/s, pending=0 bytes
[migrater] timestamp=1779269660.77, migrating=False, epoch=2, total_epochs=3, configured=0 B/s, rate=0 B/s, pending=0 bytes
[migrater] timestamp=1779269660.87, migrating=False, epoch=2, total_epochs=3, configured=0 B/s, rate=0 B/s, pending=0 bytes
[migrater] timestamp=1779269660.97, migrating=False, epoch=2, total_epochs=3, configured=0 B/s, rate=0 B/s, pending=0 bytes
[migrater] timestamp=1779269661.07, migrating=False, epoch=2, total_epochs=3, configured=0 B/s, rate=0 B/s, pending=0 bytes
[migrater] timestamp=1779269661.17, migrating=False, epoch=2, total_epochs=3, configured=0 B/s, rate=0 B/s, pending=0 bytes
[migrater] timestamp=1779269661.27, migrating=False, epoch=2, total_epochs=3, configured=0 B/s, rate=0 B/s, pending=0 bytes
[migrater] timestamp=1779269661.38, migrating=False, epoch=2, total_epochs=3, configured=0 B/s, rate=0 B/s, pending=0 bytes
[migrater] timestamp=1779269661.48, migrating=False, epoch=2, total_epochs=3, configured=0 B/s, rate=0 B/s, pending=0 bytes
[migrater] timestamp=1779269661.58, migrating=False, epoch=2, total_epochs=3, configured=0 B/s, rate=0 B/s, pending=0 bytes
[migrater] timestamp=1779269661.68, migrating=False, epoch=2, total_epochs=3, configured=0 B/s, rate=0 B/s, pending=0 bytes
[migrater] timestamp=1779269661.78, migrating=False, epoch=2, total_epochs=3, configured=0 B/s, rate=0 B/s, pending=0 bytes
[migrater] timestamp=1779269661.88, migrating=False, epoch=2, total_epochs=3, configured=0 B/s, rate=0 B/s, pending=0 bytes
[migrater] timestamp=1779269661.98, migrating=False, epoch=2, total_epochs=3, configured=0 B/s, rate=0 B/s, pending=0 bytes
[migrater] timestamp=1779269662.08, migrating=False, epoch=2, total_epochs=3, configured=0 B/s, rate=0 B/s, pending=0 bytes
[migrater] timestamp=1779269662.18, migrating=False, epoch=2, total_epochs=3, configured=0 B/s, rate=0 B/s, pending=0 bytes
[migrater] timestamp=1779269662.28, migrating=False, epoch=2, total_epochs=3, configured=0 B/s, rate=0 B/s, pending=0 bytes
[migrater] timestamp=1779269662.38, migrating=False, epoch=2, total_epochs=3, configured=0 B/s, rate=0 B/s, pending=0 bytes
[migrater] timestamp=1779269662.48, migrating=False, epoch=2, total_epochs=3, configured=0 B/s, rate=0 B/s, pending=0 bytes
[migrater] timestamp=1779269662.58, migrating=False, epoch=2, total_epochs=3, configured=0 B/s, rate=0 B/s, pending=0 bytes
[migrater] timestamp=1779269662.68, migrating=False, epoch=2, total_epochs=3, configured=0 B/s, rate=0 B/s, pending=0 bytes
[migrater] timestamp=1779269662.78, migrating=False, epoch=2, total_epochs=3, configured=0 B/s, rate=0 B/s, pending=0 bytes
[migrater] timestamp=1779269662.88, migrating=False, epoch=2, total_epochs=3, configured=0 B/s, rate=0 B/s, pending=0 bytes
[migrater] timestamp=1779269662.98, migrating=False, epoch=2, total_epochs=3, configured=0 B/s, rate=0 B/s, pending=0 bytes
[migrater] timestamp=1779269663.08, migrating=False, epoch=2, total_epochs=3, configured=0 B/s, rate=0 B/s, pending=0 bytes
[migrater] timestamp=1779269663.18, migrating=False, epoch=2, total_epochs=3, configured=0 B/s, rate=0 B/s, pending=0 bytes
[migrater] timestamp=1779269663.28, migrating=False, epoch=2, total_epochs=3, configured=0 B/s, rate=0 B/s, pending=0 bytes
[migrater] timestamp=1779269663.38, migrating=False, epoch=2, total_epochs=3, configured=0 B/s, rate=0 B/s, pending=0 bytes
[migrater] timestamp=1779269663.48, migrating=False, epoch=2, total_epochs=3, configured=0 B/s, rate=0 B/s, pending=0 bytes
[migrater] timestamp=1779269663.58, migrating=False, epoch=2, total_epochs=3, configured=0 B/s, rate=0 B/s, pending=0 bytes
[migrater] timestamp=1779269663.68, migrating=False, epoch=2, total_epochs=3, configured=0 B/s, rate=0 B/s, pending=0 bytes
[migrater] timestamp=1779269663.79, migrating=False, epoch=2, total_epochs=3, configured=0 B/s, rate=0 B/s, pending=0 bytes
[migrater] timestamp=1779269663.89, migrating=False, epoch=2, total_epochs=3, configured=0 B/s, rate=0 B/s, pending=0 bytes
[migrater] timestamp=1779269663.99, migrating=False, epoch=2, total_epochs=3, configured=0 B/s, rate=0 B/s, pending=0 bytes
[migrater] timestamp=1779269664.09, migrating=False, epoch=2, total_epochs=3, configured=0 B/s, rate=0 B/s, pending=0 bytes
[migrater] timestamp=1779269664.19, migrating=False, epoch=2, total_epochs=3, configured=0 B/s, rate=0 B/s, pending=0 bytes
[migrater] timestamp=1779269664.29, migrating=False, epoch=2, total_epochs=3, configured=0 B/s, rate=0 B/s, pending=0 bytes
[migrater] timestamp=1779269664.39, migrating=False, epoch=2, total_epochs=3, configured=0 B/s, rate=0 B/s, pending=0 bytes
[migrater] timestamp=1779269664.49, migrating=False, epoch=2, total_epochs=3, configured=0 B/s, rate=0 B/s, pending=0 bytes
[migrater] timestamp=1779269664.59, migrating=False, epoch=2, total_epochs=3, configured=0 B/s, rate=0 B/s, pending=0 bytes
[migrater] timestamp=1779269664.69, migrating=False, epoch=2, total_epochs=3, configured=0 B/s, rate=0 B/s, pending=0 bytes
[migrater] timestamp=1779269664.79, migrating=False, epoch=2, total_epochs=3, configured=0 B/s, rate=0 B/s, pending=0 bytes
[migrater] timestamp=1779269664.89, migrating=False, epoch=2, total_epochs=3, configured=0 B/s, rate=0 B/s, pending=0 bytes
[migrater] timestamp=1779269664.99, migrating=False, epoch=2, total_epochs=3, configured=0 B/s, rate=0 B/s, pending=0 bytes
[migrater] timestamp=1779269665.09, migrating=False, epoch=2, total_epochs=3, configured=0 B/s, rate=0 B/s, pending=0 bytes
[migrater] timestamp=1779269665.19, migrating=False, epoch=2, total_epochs=3, configured=0 B/s, rate=0 B/s, pending=0 bytes
[migrater] timestamp=1779269665.29, migrating=False, epoch=2, total_epochs=3, configured=0 B/s, rate=0 B/s, pending=0 bytes
[migrater] timestamp=1779269665.39, migrating=False, epoch=2, total_epochs=3, configured=0 B/s, rate=0 B/s, pending=0 bytes
[migrater] timestamp=1779269665.49, migrating=False, epoch=2, total_epochs=3, configured=0 B/s, rate=0 B/s, pending=0 bytes
[migrater] timestamp=1779269665.59, migrating=False, epoch=2, total_epochs=3, configured=0 B/s, rate=0 B/s, pending=0 bytes
[migrater] timestamp=1779269665.69, migrating=False, epoch=2, total_epochs=3, configured=0 B/s, rate=0 B/s, pending=0 bytes
[migrater] timestamp=1779269665.79, migrating=False, epoch=2, total_epochs=3, configured=0 B/s, rate=0 B/s, pending=0 bytes
[migrater] timestamp=1779269665.89, migrating=False, epoch=2, total_epochs=3, configured=0 B/s, rate=0 B/s, pending=0 bytes
[migrater] timestamp=1779269665.99, migrating=False, epoch=2, total_epochs=3, configured=0 B/s, rate=0 B/s, pending=0 bytes
[migrater] timestamp=1779269666.09, migrating=False, epoch=2, total_epochs=3, configured=0 B/s, rate=0 B/s, pending=0 bytes
[migrater] timestamp=1779269666.20, migrating=False, epoch=2, total_epochs=3, configured=0 B/s, rate=0 B/s, pending=0 bytes
[migrater] timestamp=1779269666.30, migrating=False, epoch=2, total_epochs=3, configured=0 B/s, rate=0 B/s, pending=0 bytes
[migrater] timestamp=1779269666.40, migrating=False, epoch=2, total_epochs=3, configured=0 B/s, rate=0 B/s, pending=0 bytes
[migrater] timestamp=1779269666.50, migrating=False, epoch=2, total_epochs=3, configured=0 B/s, rate=0 B/s, pending=0 bytes
[migrater] timestamp=1779269666.60, migrating=False, epoch=2, total_epochs=3, configured=0 B/s, rate=0 B/s, pending=0 bytes
[migrater] timestamp=1779269666.70, migrating=False, epoch=2, total_epochs=3, configured=0 B/s, rate=0 B/s, pending=0 bytes
[migrater] timestamp=1779269666.80, migrating=False, epoch=2, total_epochs=3, configured=0 B/s, rate=0 B/s, pending=0 bytes
[migrater] timestamp=1779269666.90, migrating=False, epoch=2, total_epochs=3, configured=0 B/s, rate=0 B/s, pending=0 bytes
[migrater] timestamp=1779269667.00, migrating=False, epoch=2, total_epochs=3, configured=0 B/s, rate=0 B/s, pending=0 bytes
[migrater] timestamp=1779269667.10, migrating=False, epoch=2, total_epochs=3, configured=0 B/s, rate=0 B/s, pending=0 bytes
[migrater] timestamp=1779269667.20, migrating=False, epoch=2, total_epochs=3, configured=0 B/s, rate=0 B/s, pending=0 bytes
[migrater] timestamp=1779269667.30, migrating=False, epoch=2, total_epochs=3, configured=0 B/s, rate=0 B/s, pending=0 bytes
[migrater] timestamp=1779269667.40, migrating=False, epoch=2, total_epochs=3, configured=0 B/s, rate=0 B/s, pending=0 bytes
[migrater] timestamp=1779269667.50, migrating=False, epoch=2, total_epochs=3, configured=0 B/s, rate=0 B/s, pending=0 bytes
[migrater] timestamp=1779269667.60, migrating=False, epoch=2, total_epochs=3, configured=0 B/s, rate=0 B/s, pending=0 bytes
[migrater] timestamp=1779269667.70, migrating=False, epoch=2, total_epochs=3, configured=0 B/s, rate=0 B/s, pending=0 bytes
[migrater] timestamp=1779269667.80, migrating=False, epoch=2, total_epochs=3, configured=0 B/s, rate=0 B/s, pending=0 bytes
[migrater] timestamp=1779269667.90, migrating=False, epoch=2, total_epochs=3, configured=0 B/s, rate=0 B/s, pending=0 bytes
[migrater] timestamp=1779269668.00, migrating=False, epoch=2, total_epochs=3, configured=0 B/s, rate=0 B/s, pending=0 bytes
[migrater] timestamp=1779269668.10, migrating=False, epoch=2, total_epochs=3, configured=0 B/s, rate=0 B/s, pending=0 bytes
[migrater] timestamp=1779269668.20, migrating=False, epoch=2, total_epochs=3, configured=0 B/s, rate=0 B/s, pending=0 bytes
[migrater] timestamp=1779269668.30, migrating=False, epoch=2, total_epochs=3, configured=0 B/s, rate=0 B/s, pending=0 bytes
[migrater] timestamp=1779269668.41, migrating=False, epoch=2, total_epochs=3, configured=0 B/s, rate=0 B/s, pending=0 bytes
[migrater] timestamp=1779269668.51, migrating=False, epoch=2, total_epochs=3, configured=0 B/s, rate=0 B/s, pending=0 bytes
[migrater] timestamp=1779269668.61, migrating=False, epoch=2, total_epochs=3, configured=0 B/s, rate=0 B/s, pending=0 bytes
[migrater] timestamp=1779269668.71, migrating=False, epoch=2, total_epochs=3, configured=0 B/s, rate=0 B/s, pending=0 bytes
[migrater] timestamp=1779269668.81, migrating=False, epoch=2, total_epochs=3, configured=0 B/s, rate=0 B/s, pending=0 bytes
[migrater] timestamp=1779269668.91, migrating=False, epoch=2, total_epochs=3, configured=0 B/s, rate=0 B/s, pending=0 bytes
[migrater] timestamp=1779269669.01, migrating=False, epoch=2, total_epochs=3, configured=0 B/s, rate=0 B/s, pending=0 bytes
[migrater] timestamp=1779269669.11, migrating=False, epoch=2, total_epochs=3, configured=0 B/s, rate=0 B/s, pending=0 bytes
[migrater] timestamp=1779269669.21, migrating=False, epoch=2, total_epochs=3, configured=0 B/s, rate=0 B/s, pending=0 bytes
[migrater] timestamp=1779269669.31, migrating=False, epoch=2, total_epochs=3, configured=0 B/s, rate=0 B/s, pending=0 bytes
[migrater] timestamp=1779269669.41, migrating=False, epoch=2, total_epochs=3, configured=0 B/s, rate=0 B/s, pending=0 bytes
[migrater] timestamp=1779269669.51, migrating=False, epoch=2, total_epochs=3, configured=0 B/s, rate=0 B/s, pending=0 bytes
[migrater] timestamp=1779269669.61, migrating=False, epoch=2, total_epochs=3, configured=0 B/s, rate=0 B/s, pending=0 bytes
[migrater] timestamp=1779269669.71, migrating=False, epoch=2, total_epochs=3, configured=0 B/s, rate=0 B/s, pending=0 bytes
[migrater] timestamp=1779269669.81, migrating=False, epoch=2, total_epochs=3, configured=0 B/s, rate=0 B/s, pending=0 bytes
[migrater] timestamp=1779269669.91, migrating=False, epoch=2, total_epochs=3, configured=0 B/s, rate=0 B/s, pending=0 bytes
[migrater] timestamp=1779269670.01, migrating=False, epoch=2, total_epochs=3, configured=0 B/s, rate=0 B/s, pending=0 bytes
[migrater] timestamp=1779269670.11, migrating=False, epoch=2, total_epochs=3, configured=0 B/s, rate=0 B/s, pending=0 bytes
[migrater] timestamp=1779269670.22, migrating=False, epoch=2, total_epochs=3, configured=0 B/s, rate=0 B/s, pending=0 bytes
[migrater] timestamp=1779269670.32, migrating=False, epoch=2, total_epochs=3, configured=0 B/s, rate=0 B/s, pending=0 bytes
[migrater] timestamp=1779269670.42, migrating=False, epoch=2, total_epochs=3, configured=0 B/s, rate=0 B/s, pending=0 bytes
[migrater] timestamp=1779269670.52, migrating=False, epoch=2, total_epochs=3, configured=0 B/s, rate=0 B/s, pending=0 bytes
[migrater] timestamp=1779269670.62, migrating=False, epoch=2, total_epochs=3, configured=0 B/s, rate=0 B/s, pending=0 bytes
[migrater] timestamp=1779269670.72, migrating=False, epoch=2, total_epochs=3, configured=0 B/s, rate=0 B/s, pending=0 bytes
[migrater] timestamp=1779269670.82, migrating=False, epoch=2, total_epochs=3, configured=0 B/s, rate=0 B/s, pending=0 bytes
[migrater] timestamp=1779269670.92, migrating=False, epoch=2, total_epochs=3, configured=0 B/s, rate=0 B/s, pending=0 bytes
[migrater] timestamp=1779269671.02, migrating=False, epoch=2, total_epochs=3, configured=0 B/s, rate=0 B/s, pending=0 bytes
[migrater] timestamp=1779269671.12, migrating=False, epoch=2, total_epochs=3, configured=0 B/s, rate=0 B/s, pending=0 bytes
[migrater] timestamp=1779269671.22, migrating=False, epoch=2, total_epochs=3, configured=0 B/s, rate=0 B/s, pending=0 bytes
[migrater] timestamp=1779269671.32, migrating=False, epoch=2, total_epochs=3, configured=0 B/s, rate=0 B/s, pending=0 bytes
[migrater] timestamp=1779269671.42, migrating=False, epoch=2, total_epochs=3, configured=0 B/s, rate=0 B/s, pending=0 bytes
[migrater] timestamp=1779269671.52, migrating=False, epoch=2, total_epochs=3, configured=0 B/s, rate=0 B/s, pending=0 bytes
[migrater] timestamp=1779269671.62, migrating=False, epoch=2, total_epochs=3, configured=0 B/s, rate=0 B/s, pending=0 bytes
[migrater] timestamp=1779269671.72, migrating=False, epoch=2, total_epochs=3, configured=0 B/s, rate=0 B/s, pending=0 bytes
[migrater] timestamp=1779269671.83, migrating=False, epoch=2, total_epochs=3, configured=0 B/s, rate=0 B/s, pending=0 bytes
[migrater] timestamp=1779269671.93, migrating=False, epoch=2, total_epochs=3, configured=0 B/s, rate=0 B/s, pending=0 bytes
[migrater] timestamp=1779269672.03, migrating=False, epoch=2, total_epochs=3, configured=0 B/s, rate=0 B/s, pending=0 bytes
[migrater] timestamp=1779269672.13, migrating=False, epoch=2, total_epochs=3, configured=0 B/s, rate=0 B/s, pending=0 bytes
[migrater] timestamp=1779269672.23, migrating=False, epoch=2, total_epochs=3, configured=0 B/s, rate=0 B/s, pending=0 bytes
[migrater] timestamp=1779269672.33, migrating=False, epoch=3, total_epochs=3, configured=0 B/s, rate=0 B/s, pending=5368709120 bytes
[migrater] timestamp=1779269672.43, migrating=True, epoch=3, total_epochs=3, configured=0 B/s, rate=0 B/s, pending=5368709120 bytes
[migrater] timestamp=1779269672.44, migrating=True, epoch=3, total_epochs=3, configured=666666666 B/s, rate=642334596 B/s, pending=5301600256 bytes ([1.25%] 67108864/5368709120 bytes copied)
[migrater] timestamp=1779269672.54, migrating=True, epoch=3, total_epochs=3, configured=666666666 B/s, rate=666674813 B/s, pending=5234491392 bytes ([2.50%] 134217728/5368709120 bytes copied)
[migrater] timestamp=1779269672.64, migrating=True, epoch=3, total_epochs=3, configured=500000000 B/s, rate=647844686 B/s, pending=5167382528 bytes ([3.75%] 201326592/5368709120 bytes copied)
[migrater] timestamp=1779269672.74, migrating=True, epoch=3, total_epochs=3, configured=500000000 B/s, rate=499824625 B/s, pending=5117050880 bytes ([4.69%] 251658240/5368709120 bytes copied)
[migrater] timestamp=1779269672.84, migrating=True, epoch=3, total_epochs=3, configured=500000000 B/s, rate=500078089 B/s, pending=5066719232 bytes ([5.62%] 301989888/5368709120 bytes copied)
[migrater] timestamp=1779269672.94, migrating=True, epoch=3, total_epochs=3, configured=500000000 B/s, rate=500026575 B/s, pending=5016387584 bytes ([6.56%] 352321536/5368709120 bytes copied)
[migrater] timestamp=1779269673.04, migrating=True, epoch=3, total_epochs=3, configured=500000000 B/s, rate=499978444 B/s, pending=4966055936 bytes ([7.50%] 402653184/5368709120 bytes copied)
[migrater] timestamp=1779269673.14, migrating=True, epoch=3, total_epochs=3, configured=500000000 B/s, rate=499968759 B/s, pending=4915724288 bytes ([8.44%] 452984832/5368709120 bytes copied)
[migrater] timestamp=1779269673.24, migrating=True, epoch=3, total_epochs=3, configured=500000000 B/s, rate=500108902 B/s, pending=4865392640 bytes ([9.38%] 503316480/5368709120 bytes copied)
[migrater] timestamp=1779269673.35, migrating=True, epoch=3, total_epochs=3, configured=500000000 B/s, rate=500033331 B/s, pending=4815060992 bytes ([10.31%] 553648128/5368709120 bytes copied)
[migrater] timestamp=1779269673.45, migrating=True, epoch=3, total_epochs=3, configured=500000000 B/s, rate=499981275 B/s, pending=4764729344 bytes ([11.25%] 603979776/5368709120 bytes copied)
[migrater] timestamp=1779269673.55, migrating=True, epoch=3, total_epochs=3, configured=500000000 B/s, rate=499895415 B/s, pending=4714397696 bytes ([12.19%] 654311424/5368709120 bytes copied)
[migrater] timestamp=1779269673.65, migrating=True, epoch=3, total_epochs=3, configured=500000000 B/s, rate=500058171 B/s, pending=4664066048 bytes ([13.12%] 704643072/5368709120 bytes copied)
[migrater] timestamp=1779269673.75, migrating=True, epoch=3, total_epochs=3, configured=500000000 B/s, rate=499889805 B/s, pending=4613734400 bytes ([14.06%] 754974720/5368709120 bytes copied)
[migrater] timestamp=1779269673.85, migrating=True, epoch=3, total_epochs=3, configured=500000000 B/s, rate=499982765 B/s, pending=4563402752 bytes ([15.00%] 805306368/5368709120 bytes copied)
[migrater] timestamp=1779269673.95, migrating=True, epoch=3, total_epochs=3, configured=500000000 B/s, rate=500154622 B/s, pending=4513071104 bytes ([15.94%] 855638016/5368709120 bytes copied)
[migrater] timestamp=1779269674.05, migrating=True, epoch=3, total_epochs=3, configured=500000000 B/s, rate=499974168 B/s, pending=4462739456 bytes ([16.88%] 905969664/5368709120 bytes copied)
[migrater] timestamp=1779269674.15, migrating=True, epoch=3, total_epochs=3, configured=500000000 B/s, rate=499860067 B/s, pending=4412407808 bytes ([17.81%] 956301312/5368709120 bytes copied)
[migrater] timestamp=1779269674.25, migrating=True, epoch=3, total_epochs=3, configured=500000000 B/s, rate=499980679 B/s, pending=4362076160 bytes ([18.75%] 1006632960/5368709120 bytes copied)
[migrater] timestamp=1779269674.35, migrating=True, epoch=3, total_epochs=3, configured=500000000 B/s, rate=499906835 B/s, pending=4311744512 bytes ([19.69%] 1056964608/5368709120 bytes copied)
[migrater] timestamp=1779269674.45, migrating=True, epoch=3, total_epochs=3, configured=500000000 B/s, rate=499861557 B/s, pending=4261412864 bytes ([20.62%] 1107296256/5368709120 bytes copied)
[migrater] timestamp=1779269674.55, migrating=True, epoch=3, total_epochs=3, configured=500000000 B/s, rate=500140309 B/s, pending=4211081216 bytes ([21.56%] 1157627904/5368709120 bytes copied)
[migrater] timestamp=1779269674.65, migrating=True, epoch=3, total_epochs=3, configured=500000000 B/s, rate=500104479 B/s, pending=4160749568 bytes ([22.50%] 1207959552/5368709120 bytes copied)
[migrater] timestamp=1779269674.75, migrating=True, epoch=3, total_epochs=3, configured=500000000 B/s, rate=500055190 B/s, pending=4110417920 bytes ([23.44%] 1258291200/5368709120 bytes copied)
[migrater] timestamp=1779269674.86, migrating=True, epoch=3, total_epochs=3, configured=500000000 B/s, rate=499967269 B/s, pending=4060086272 bytes ([24.38%] 1308622848/5368709120 bytes copied)
[migrater] timestamp=1779269674.96, migrating=True, epoch=3, total_epochs=3, configured=500000000 B/s, rate=500125549 B/s, pending=4009754624 bytes ([25.31%] 1358954496/5368709120 bytes copied)
[migrater] timestamp=1779269675.06, migrating=True, epoch=3, total_epochs=3, configured=500000000 B/s, rate=499707413 B/s, pending=3959422976 bytes ([26.25%] 1409286144/5368709120 bytes copied)
[migrater] timestamp=1779269675.16, migrating=True, epoch=3, total_epochs=3, configured=500000000 B/s, rate=500023942 B/s, pending=3909091328 bytes ([27.19%] 1459617792/5368709120 bytes copied)
[migrater] timestamp=1779269675.26, migrating=True, epoch=3, total_epochs=3, configured=500000000 B/s, rate=499928683 B/s, pending=3858759680 bytes ([28.12%] 1509949440/5368709120 bytes copied)
[migrater] timestamp=1779269675.36, migrating=True, epoch=3, total_epochs=3, configured=500000000 B/s, rate=500092250 B/s, pending=3808428032 bytes ([29.06%] 1560281088/5368709120 bytes copied)
[migrater] timestamp=1779269675.46, migrating=True, epoch=3, total_epochs=3, configured=500000000 B/s, rate=499938367 B/s, pending=3758096384 bytes ([30.00%] 1610612736/5368709120 bytes copied)
[migrater] timestamp=1779269675.56, migrating=True, epoch=3, total_epochs=3, configured=500000000 B/s, rate=500145577 B/s, pending=3707764736 bytes ([30.94%] 1660944384/5368709120 bytes copied)
[migrater] timestamp=1779269675.66, migrating=True, epoch=3, total_epochs=3, configured=500000000 B/s, rate=499843140 B/s, pending=3657433088 bytes ([31.87%] 1711276032/5368709120 bytes copied)
[migrater] timestamp=1779269675.76, migrating=True, epoch=3, total_epochs=3, configured=500000000 B/s, rate=499931663 B/s, pending=3607101440 bytes ([32.81%] 1761607680/5368709120 bytes copied)
[migrater] timestamp=1779269675.86, migrating=True, epoch=3, total_epochs=3, configured=500000000 B/s, rate=499900579 B/s, pending=3556769792 bytes ([33.75%] 1811939328/5368709120 bytes copied)
[migrater] timestamp=1779269675.96, migrating=True, epoch=3, total_epochs=3, configured=500000000 B/s, rate=500063785 B/s, pending=3506438144 bytes ([34.69%] 1862270976/5368709120 bytes copied)
[migrater] timestamp=1779269676.06, migrating=True, epoch=3, total_epochs=3, configured=500000000 B/s, rate=500008395 B/s, pending=3456106496 bytes ([35.62%] 1912602624/5368709120 bytes copied)
[migrater] timestamp=1779269676.16, migrating=True, epoch=3, total_epochs=3, configured=500000000 B/s, rate=499752664 B/s, pending=3405774848 bytes ([36.56%] 1962934272/5368709120 bytes copied)
[migrater] timestamp=1779269676.26, migrating=True, epoch=3, total_epochs=3, configured=500000000 B/s, rate=500197270 B/s, pending=3355443200 bytes ([37.50%] 2013265920/5368709120 bytes copied)
[migrater] timestamp=1779269676.37, migrating=True, epoch=3, total_epochs=3, configured=500000000 B/s, rate=499981920 B/s, pending=3305111552 bytes ([38.44%] 2063597568/5368709120 bytes copied)
[migrater] timestamp=1779269676.47, migrating=True, epoch=3, total_epochs=3, configured=500000000 B/s, rate=499920490 B/s, pending=3254779904 bytes ([39.38%] 2113929216/5368709120 bytes copied)
[migrater] timestamp=1779269676.57, migrating=True, epoch=3, total_epochs=3, configured=500000000 B/s, rate=500145920 B/s, pending=3204448256 bytes ([40.31%] 2164260864/5368709120 bytes copied)
[migrater] timestamp=1779269676.67, migrating=True, epoch=3, total_epochs=3, configured=500000000 B/s, rate=499917560 B/s, pending=3154116608 bytes ([41.25%] 2214592512/5368709120 bytes copied)
[migrater] timestamp=1779269676.77, migrating=True, epoch=3, total_epochs=3, configured=500000000 B/s, rate=499844530 B/s, pending=3103784960 bytes ([42.19%] 2264924160/5368709120 bytes copied)
[migrater] timestamp=1779269676.87, migrating=True, epoch=3, total_epochs=3, configured=500000000 B/s, rate=500066269 B/s, pending=3053453312 bytes ([43.12%] 2315255808/5368709120 bytes copied)
[migrater] timestamp=1779269676.97, migrating=True, epoch=3, total_epochs=3, configured=500000000 B/s, rate=499982219 B/s, pending=3003121664 bytes ([44.06%] 2365587456/5368709120 bytes copied)
[migrater] timestamp=1779269677.07, migrating=True, epoch=3, total_epochs=3, configured=500000000 B/s, rate=500096231 B/s, pending=2952790016 bytes ([45.00%] 2415919104/5368709120 bytes copied)
[migrater] timestamp=1779269677.17, migrating=True, epoch=3, total_epochs=3, configured=500000000 B/s, rate=500021110 B/s, pending=2902458368 bytes ([45.94%] 2466250752/5368709120 bytes copied)
[migrater] timestamp=1779269677.27, migrating=True, epoch=3, total_epochs=3, configured=500000000 B/s, rate=499783332 B/s, pending=2852126720 bytes ([46.88%] 2516582400/5368709120 bytes copied)
[migrater] timestamp=1779269677.37, migrating=True, epoch=3, total_epochs=3, configured=500000000 B/s, rate=500067809 B/s, pending=2801795072 bytes ([47.81%] 2566914048/5368709120 bytes copied)
[migrater] timestamp=1779269677.47, migrating=True, epoch=3, total_epochs=3, configured=500000000 B/s, rate=499957784 B/s, pending=2751463424 bytes ([48.75%] 2617245696/5368709120 bytes copied)
[migrater] timestamp=1779269677.57, migrating=True, epoch=3, total_epochs=3, configured=500000000 B/s, rate=500044211 B/s, pending=2701131776 bytes ([49.69%] 2667577344/5368709120 bytes copied)
[migrater] timestamp=1779269677.67, migrating=True, epoch=3, total_epochs=3, configured=500000000 B/s, rate=500147366 B/s, pending=2650800128 bytes ([50.62%] 2717908992/5368709120 bytes copied)
[migrater] timestamp=1779269677.77, migrating=True, epoch=3, total_epochs=3, configured=500000000 B/s, rate=500036108 B/s, pending=2600468480 bytes ([51.56%] 2768240640/5368709120 bytes copied)
[migrater] timestamp=1779269677.88, migrating=True, epoch=3, total_epochs=3, configured=500000000 B/s, rate=499963346 B/s, pending=2550136832 bytes ([52.50%] 2818572288/5368709120 bytes copied)
[migrater] timestamp=1779269677.98, migrating=True, epoch=3, total_epochs=3, configured=500000000 B/s, rate=500003378 B/s, pending=2499805184 bytes ([53.44%] 2868903936/5368709120 bytes copied)
[migrater] timestamp=1779269678.08, migrating=True, epoch=3, total_epochs=3, configured=500000000 B/s, rate=499996870 B/s, pending=2449473536 bytes ([54.37%] 2919235584/5368709120 bytes copied)
[migrater] timestamp=1779269678.18, migrating=True, epoch=3, total_epochs=3, configured=500000000 B/s, rate=500078194 B/s, pending=2399141888 bytes ([55.31%] 2969567232/5368709120 bytes copied)
[migrater] timestamp=1779269678.28, migrating=True, epoch=3, total_epochs=3, configured=500000000 B/s, rate=499916170 B/s, pending=2348810240 bytes ([56.25%] 3019898880/5368709120 bytes copied)
[migrater] timestamp=1779269678.38, migrating=True, epoch=3, total_epochs=3, configured=500000000 B/s, rate=499938118 B/s, pending=2298478592 bytes ([57.19%] 3070230528/5368709120 bytes copied)
[migrater] timestamp=1779269678.49, migrating=True, epoch=3, total_epochs=3, configured=666666666 B/s, rate=533966918 B/s, pending=2239758336 bytes ([58.28%] 3128950784/5368709120 bytes copied)
[migrater] timestamp=1779269678.59, migrating=True, epoch=3, total_epochs=3, configured=666666666 B/s, rate=666655673 B/s, pending=2172649472 bytes ([59.53%] 3196059648/5368709120 bytes copied)
[migrater] timestamp=1779269678.69, migrating=True, epoch=3, total_epochs=3, configured=666666666 B/s, rate=666885886 B/s, pending=2105540608 bytes ([60.78%] 3263168512/5368709120 bytes copied)
[migrater] timestamp=1779269678.79, migrating=True, epoch=3, total_epochs=3, configured=666666666 B/s, rate=666418737 B/s, pending=2038431744 bytes ([62.03%] 3330277376/5368709120 bytes copied)
[migrater] timestamp=1779269678.89, migrating=True, epoch=3, total_epochs=3, configured=666666666 B/s, rate=666561382 B/s, pending=1971322880 bytes ([63.28%] 3397386240/5368709120 bytes copied)
[migrater] timestamp=1779269678.99, migrating=True, epoch=3, total_epochs=3, configured=666666666 B/s, rate=666661964 B/s, pending=1904214016 bytes ([64.53%] 3464495104/5368709120 bytes copied)
[migrater] timestamp=1779269679.09, migrating=True, epoch=3, total_epochs=3, configured=666666666 B/s, rate=665302530 B/s, pending=1837105152 bytes ([65.78%] 3531603968/5368709120 bytes copied)
[migrater] timestamp=1779269679.19, migrating=True, epoch=3, total_epochs=3, configured=666666666 B/s, rate=668477787 B/s, pending=1769996288 bytes ([67.03%] 3598712832/5368709120 bytes copied)
[migrater] timestamp=1779269679.29, migrating=True, epoch=3, total_epochs=3, configured=666666666 B/s, rate=666562971 B/s, pending=1702887424 bytes ([68.28%] 3665821696/5368709120 bytes copied)
[migrater] timestamp=1779269679.39, migrating=True, epoch=3, total_epochs=3, configured=666666666 B/s, rate=662948593 B/s, pending=1635778560 bytes ([69.53%] 3732930560/5368709120 bytes copied)
[migrater] timestamp=1779269679.49, migrating=True, epoch=3, total_epochs=3, configured=666666666 B/s, rate=670752412 B/s, pending=1568669696 bytes ([70.78%] 3800039424/5368709120 bytes copied)
[migrater] timestamp=1779269679.60, migrating=True, epoch=3, total_epochs=3, configured=666666666 B/s, rate=666645674 B/s, pending=1501560832 bytes ([72.03%] 3867148288/5368709120 bytes copied)
[migrater] timestamp=1779269679.70, migrating=True, epoch=3, total_epochs=3, configured=666666666 B/s, rate=661568960 B/s, pending=1434451968 bytes ([73.28%] 3934257152/5368709120 bytes copied)
[migrater] timestamp=1779269679.81, migrating=True, epoch=3, total_epochs=3, configured=666666666 B/s, rate=665915319 B/s, pending=1358954496 bytes ([74.69%] 4009754624/5368709120 bytes copied)
[migrater] timestamp=1779269679.92, migrating=True, epoch=3, total_epochs=3, configured=666666666 B/s, rate=671014656 B/s, pending=1283457024 bytes ([76.09%] 4085252096/5368709120 bytes copied)
[migrater] timestamp=1779269680.02, migrating=True, epoch=3, total_epochs=3, configured=666666666 B/s, rate=666791992 B/s, pending=1216348160 bytes ([77.34%] 4152360960/5368709120 bytes copied)
[migrater] timestamp=1779269680.12, migrating=True, epoch=3, total_epochs=3, configured=666666666 B/s, rate=666885089 B/s, pending=1149239296 bytes ([78.59%] 4219469824/5368709120 bytes copied)
[migrater] timestamp=1779269680.22, migrating=True, epoch=3, total_epochs=3, configured=666666666 B/s, rate=666733497 B/s, pending=1082130432 bytes ([79.84%] 4286578688/5368709120 bytes copied)
[migrater] timestamp=1779269680.33, migrating=True, epoch=3, total_epochs=3, configured=666666666 B/s, rate=666617920 B/s, pending=1015021568 bytes ([81.09%] 4353687552/5368709120 bytes copied)
[migrater] timestamp=1779269680.43, migrating=True, epoch=3, total_epochs=3, configured=666666666 B/s, rate=666682297 B/s, pending=947912704 bytes ([82.34%] 4420796416/5368709120 bytes copied)
[migrater] timestamp=1779269680.53, migrating=True, epoch=3, total_epochs=3, configured=666666666 B/s, rate=666382408 B/s, pending=880803840 bytes ([83.59%] 4487905280/5368709120 bytes copied)
[migrater] timestamp=1779269680.63, migrating=True, epoch=3, total_epochs=3, configured=666666666 B/s, rate=666669117 B/s, pending=813694976 bytes ([84.84%] 4555014144/5368709120 bytes copied)
[migrater] timestamp=1779269680.73, migrating=True, epoch=3, total_epochs=3, configured=666666666 B/s, rate=666736279 B/s, pending=746586112 bytes ([86.09%] 4622123008/5368709120 bytes copied)
[migrater] timestamp=1779269680.83, migrating=True, epoch=3, total_epochs=3, configured=666666666 B/s, rate=666586475 B/s, pending=679477248 bytes ([87.34%] 4689231872/5368709120 bytes copied)
[migrater] timestamp=1779269680.93, migrating=True, epoch=3, total_epochs=3, configured=666666666 B/s, rate=666587269 B/s, pending=612368384 bytes ([88.59%] 4756340736/5368709120 bytes copied)
[migrater] timestamp=1779269681.03, migrating=True, epoch=3, total_epochs=3, configured=666666666 B/s, rate=666811472 B/s, pending=545259520 bytes ([89.84%] 4823449600/5368709120 bytes copied)
[migrater] timestamp=1779269681.13, migrating=True, epoch=3, total_epochs=3, configured=666666666 B/s, rate=666560455 B/s, pending=478150656 bytes ([91.09%] 4890558464/5368709120 bytes copied)
[migrater] timestamp=1779269681.23, migrating=True, epoch=3, total_epochs=3, configured=666666666 B/s, rate=666637859 B/s, pending=411041792 bytes ([92.34%] 4957667328/5368709120 bytes copied)
[migrater] timestamp=1779269681.33, migrating=True, epoch=3, total_epochs=3, configured=666666666 B/s, rate=666670044 B/s, pending=343932928 bytes ([93.59%] 5024776192/5368709120 bytes copied)
[migrater] timestamp=1779269681.43, migrating=True, epoch=3, total_epochs=3, configured=666666666 B/s, rate=666611372 B/s, pending=276824064 bytes ([94.84%] 5091885056/5368709120 bytes copied)
[migrater] timestamp=1779269681.53, migrating=True, epoch=3, total_epochs=3, configured=666666666 B/s, rate=666722236 B/s, pending=209715200 bytes ([96.09%] 5158993920/5368709120 bytes copied)
[migrater] timestamp=1779269681.64, migrating=True, epoch=3, total_epochs=3, configured=1000000000 B/s, rate=822682228 B/s, pending=125829120 bytes ([97.66%] 5242880000/5368709120 bytes copied)
[migrater] timestamp=1779269681.74, migrating=True, epoch=3, total_epochs=3, configured=1000000000 B/s, rate=1000136811 B/s, pending=25165824 bytes ([99.53%] 5343543296/5368709120 bytes copied)
[migrater] timestamp=1779269681.80, migrating=False, epoch=3, total_epochs=3, configured=1000000000 B/s, rate=0 B/s, pending=0 bytes ([100.00%] 5368709120/5368709120 bytes copied)
[migrater] timestamp=1779269681.99, migrating=False, epoch=3, total_epochs=3, configured=0 B/s, rate=0 B/s, pending=0 bytes
[migrater] timestamp=1779269682.09, migrating=False, epoch=3, total_epochs=3, configured=0 B/s, rate=0 B/s, pending=0 bytes
[migrater] timestamp=1779269682.19, migrating=False, epoch=3, total_epochs=3, configured=0 B/s, rate=0 B/s, pending=0 bytes
[migrater] timestamp=1779269682.29, migrating=False, epoch=3, total_epochs=3, configured=0 B/s, rate=0 B/s, pending=0 bytes
[migrater] timestamp=1779269682.39, migrating=False, epoch=3, total_epochs=3, configured=0 B/s, rate=0 B/s, pending=0 bytes
[migrater] timestamp=1779269682.49, migrating=False, epoch=3, total_epochs=3, configured=0 B/s, rate=0 B/s, pending=0 bytes
[migrater] timestamp=1779269682.59, migrating=False, epoch=3, total_epochs=3, configured=0 B/s, rate=0 B/s, pending=0 bytes
[migrater] timestamp=1779269682.69, migrating=False, epoch=3, total_epochs=3, configured=0 B/s, rate=0 B/s, pending=0 bytes
[migrater] timestamp=1779269682.79, migrating=False, epoch=3, total_epochs=3, configured=0 B/s, rate=0 B/s, pending=0 bytes
[migrater] timestamp=1779269682.89, migrating=False, epoch=3, total_epochs=3, configured=0 B/s, rate=0 B/s, pending=0 bytes
[migrater] timestamp=1779269682.99, migrating=False, epoch=3, total_epochs=3, configured=0 B/s, rate=0 B/s, pending=0 bytes
[migrater] timestamp=1779269683.09, migrating=False, epoch=3, total_epochs=3, configured=0 B/s, rate=0 B/s, pending=0 bytes
[migrater] timestamp=1779269683.19, migrating=False, epoch=3, total_epochs=3, configured=0 B/s, rate=0 B/s, pending=0 bytes
[migrater] timestamp=1779269683.29, migrating=False, epoch=3, total_epochs=3, configured=0 B/s, rate=0 B/s, pending=0 bytes
