[migrater] timestamp=1779269570.71, migrating=False, epoch=0, total_epochs=0, configured=0 B/s, rate=0 B/s, pending=0 bytes
Migrater running on 50051
[migrater] timestamp=1779269570.86, migrating=False, epoch=0, total_epochs=0, configured=0 B/s, rate=0 B/s, pending=0 bytes
[migrater] timestamp=1779269570.96, migrating=False, epoch=0, total_epochs=0, configured=0 B/s, rate=0 B/s, pending=0 bytes
[migrater] timestamp=1779269571.06, migrating=False, epoch=0, total_epochs=0, configured=0 B/s, rate=0 B/s, pending=0 bytes
[migrater] timestamp=1779269571.16, migrating=False, epoch=0, total_epochs=0, configured=0 B/s, rate=0 B/s, pending=0 bytes
[migrater] timestamp=1779269571.26, migrating=False, epoch=0, total_epochs=0, configured=0 B/s, rate=0 B/s, pending=0 bytes
[migrater] timestamp=1779269571.36, migrating=False, epoch=0, total_epochs=0, configured=0 B/s, rate=0 B/s, pending=0 bytes
[migrater] timestamp=1779269571.46, migrating=False, epoch=0, total_epochs=0, configured=0 B/s, rate=0 B/s, pending=0 bytes
[migrater] timestamp=1779269571.56, migrating=False, epoch=0, total_epochs=0, configured=0 B/s, rate=0 B/s, pending=0 bytes
[migrater] timestamp=1779269571.66, migrating=False, epoch=0, total_epochs=0, configured=0 B/s, rate=0 B/s, pending=0 bytes
[migrater] timestamp=1779269571.76, migrating=False, epoch=0, total_epochs=0, configured=0 B/s, rate=0 B/s, pending=0 bytes
[migrater] timestamp=1779269571.86, migrating=False, epoch=0, total_epochs=0, configured=0 B/s, rate=0 B/s, pending=0 bytes
[migrater] timestamp=1779269571.97, migrating=False, epoch=0, total_epochs=0, configured=0 B/s, rate=0 B/s, pending=0 bytes
[migrater] timestamp=1779269572.07, migrating=False, epoch=0, total_epochs=0, configured=0 B/s, rate=0 B/s, pending=0 bytes
[migrater] timestamp=1779269572.17, migrating=False, epoch=0, total_epochs=0, configured=0 B/s, rate=0 B/s, pending=0 bytes
[migrater] timestamp=1779269572.27, migrating=False, epoch=0, total_epochs=0, configured=0 B/s, rate=0 B/s, pending=0 bytes
[migrater] timestamp=1779269572.37, migrating=False, epoch=0, total_epochs=0, configured=0 B/s, rate=0 B/s, pending=0 bytes
[migrater] timestamp=1779269572.47, migrating=False, epoch=0, total_epochs=0, configured=0 B/s, rate=0 B/s, pending=0 bytes
[migrater] timestamp=1779269572.57, migrating=False, epoch=0, total_epochs=0, configured=0 B/s, rate=0 B/s, pending=0 bytes
[migrater] timestamp=1779269572.67, migrating=False, epoch=0, total_epochs=0, configured=0 B/s, rate=0 B/s, pending=0 bytes
[migrater] timestamp=1779269572.77, migrating=False, epoch=0, total_epochs=0, configured=0 B/s, rate=0 B/s, pending=0 bytes
[migrater] timestamp=1779269572.87, migrating=False, epoch=0, total_epochs=0, configured=0 B/s, rate=0 B/s, pending=0 bytes
[migrater] timestamp=1779269572.97, migrating=False, epoch=0, total_epochs=0, configured=0 B/s, rate=0 B/s, pending=0 bytes
[migrater] timestamp=1779269573.07, migrating=False, epoch=0, total_epochs=0, configured=0 B/s, rate=0 B/s, pending=0 bytes
[migrater] timestamp=1779269573.17, migrating=False, epoch=0, total_epochs=0, configured=0 B/s, rate=0 B/s, pending=0 bytes
[migrater] timestamp=1779269573.27, migrating=False, epoch=0, total_epochs=0, configured=0 B/s, rate=0 B/s, pending=0 bytes
[migrater] timestamp=1779269573.37, migrating=False, epoch=0, total_epochs=0, configured=0 B/s, rate=0 B/s, pending=0 bytes
[migrater] timestamp=1779269573.47, migrating=False, epoch=0, total_epochs=0, configured=0 B/s, rate=0 B/s, pending=0 bytes
[migrater] timestamp=1779269573.57, migrating=False, epoch=0, total_epochs=0, configured=0 B/s, rate=0 B/s, pending=0 bytes
[migrater] timestamp=1779269573.67, migrating=False, epoch=0, total_epochs=0, configured=0 B/s, rate=0 B/s, pending=0 bytes
[migrater] timestamp=1779269573.77, migrating=False, epoch=0, total_epochs=0, configured=0 B/s, rate=0 B/s, pending=0 bytes
[migrater] timestamp=1779269573.87, migrating=False, epoch=0, total_epochs=0, configured=0 B/s, rate=0 B/s, pending=0 bytes
[migrater] timestamp=1779269573.97, migrating=False, epoch=0, total_epochs=0, configured=0 B/s, rate=0 B/s, pending=0 bytes
[migrater] timestamp=1779269574.07, migrating=False, epoch=0, total_epochs=0, configured=0 B/s, rate=0 B/s, pending=0 bytes
[migrater] timestamp=1779269574.17, migrating=False, epoch=0, total_epochs=0, configured=0 B/s, rate=0 B/s, pending=0 bytes
[migrater] timestamp=1779269574.28, migrating=False, epoch=0, total_epochs=0, configured=0 B/s, rate=0 B/s, pending=0 bytes
[migrater] timestamp=1779269574.38, migrating=False, epoch=0, total_epochs=0, configured=0 B/s, rate=0 B/s, pending=0 bytes
[migrater] timestamp=1779269574.48, migrating=False, epoch=0, total_epochs=0, configured=0 B/s, rate=0 B/s, pending=0 bytes
[migrater] timestamp=1779269574.58, migrating=False, epoch=0, total_epochs=0, configured=0 B/s, rate=0 B/s, pending=0 bytes
[migrater] timestamp=1779269574.68, migrating=False, epoch=0, total_epochs=0, configured=0 B/s, rate=0 B/s, pending=0 bytes
[migrater] timestamp=1779269574.78, migrating=False, epoch=0, total_epochs=0, configured=0 B/s, rate=0 B/s, pending=0 bytes
[migrater] timestamp=1779269574.88, migrating=False, epoch=0, total_epochs=0, configured=0 B/s, rate=0 B/s, pending=0 bytes
[migrater] timestamp=1779269574.98, migrating=False, epoch=0, total_epochs=0, configured=0 B/s, rate=0 B/s, pending=0 bytes
[migrater] timestamp=1779269575.08, migrating=False, epoch=0, total_epochs=0, configured=0 B/s, rate=0 B/s, pending=0 bytes
[migrater] timestamp=1779269575.18, migrating=False, epoch=0, total_epochs=0, configured=0 B/s, rate=0 B/s, pending=0 bytes
[migrater] timestamp=1779269575.28, migrating=False, epoch=0, total_epochs=0, configured=0 B/s, rate=0 B/s, pending=0 bytes
[migrater] timestamp=1779269575.38, migrating=False, epoch=0, total_epochs=0, configured=0 B/s, rate=0 B/s, pending=0 bytes
[migrater] timestamp=1779269575.48, migrating=False, epoch=0, total_epochs=0, configured=0 B/s, rate=0 B/s, pending=0 bytes
[migrater] timestamp=1779269575.58, migrating=False, epoch=0, total_epochs=0, configured=0 B/s, rate=0 B/s, pending=0 bytes
[migrater] timestamp=1779269575.68, migrating=False, epoch=0, total_epochs=0, configured=0 B/s, rate=0 B/s, pending=0 bytes
[migrater] timestamp=1779269575.78, migrating=False, epoch=0, total_epochs=0, configured=0 B/s, rate=0 B/s, pending=0 bytes
[migrater] timestamp=1779269575.88, migrating=False, epoch=0, total_epochs=0, configured=0 B/s, rate=0 B/s, pending=0 bytes
[migrater] timestamp=1779269575.99, migrating=False, epoch=0, total_epochs=0, configured=0 B/s, rate=0 B/s, pending=0 bytes
[migrater] timestamp=1779269576.09, migrating=False, epoch=0, total_epochs=0, configured=0 B/s, rate=0 B/s, pending=0 bytes
[migrater] timestamp=1779269576.19, migrating=False, epoch=0, total_epochs=0, configured=0 B/s, rate=0 B/s, pending=0 bytes
[migrater] timestamp=1779269576.29, migrating=False, epoch=0, total_epochs=0, configured=0 B/s, rate=0 B/s, pending=0 bytes
[migrater] timestamp=1779269576.39, migrating=False, epoch=0, total_epochs=0, configured=0 B/s, rate=0 B/s, pending=0 bytes
[migrater] timestamp=1779269576.49, migrating=False, epoch=0, total_epochs=0, configured=0 B/s, rate=0 B/s, pending=0 bytes
[migrater] timestamp=1779269576.59, migrating=False, epoch=0, total_epochs=0, configured=0 B/s, rate=0 B/s, pending=0 bytes
[migrater] timestamp=1779269576.69, migrating=False, epoch=0, total_epochs=0, configured=0 B/s, rate=0 B/s, pending=0 bytes
[migrater] timestamp=1779269576.79, migrating=False, epoch=0, total_epochs=0, configured=0 B/s, rate=0 B/s, pending=0 bytes
[migrater] timestamp=1779269576.89, migrating=False, epoch=0, total_epochs=0, configured=0 B/s, rate=0 B/s, pending=0 bytes
[migrater] timestamp=1779269576.99, migrating=False, epoch=0, total_epochs=0, configured=0 B/s, rate=0 B/s, pending=0 bytes
[migrater] timestamp=1779269577.09, migrating=False, epoch=0, total_epochs=0, configured=0 B/s, rate=0 B/s, pending=0 bytes
[migrater] timestamp=1779269577.19, migrating=False, epoch=0, total_epochs=0, configured=0 B/s, rate=0 B/s, pending=0 bytes
[migrater] timestamp=1779269577.29, migrating=False, epoch=0, total_epochs=0, configured=0 B/s, rate=0 B/s, pending=0 bytes
[migrater] timestamp=1779269577.39, migrating=False, epoch=0, total_epochs=0, configured=0 B/s, rate=0 B/s, pending=0 bytes
[migrater] timestamp=1779269577.49, migrating=False, epoch=0, total_epochs=0, configured=0 B/s, rate=0 B/s, pending=0 bytes
[migrater] timestamp=1779269577.59, migrating=False, epoch=0, total_epochs=0, configured=0 B/s, rate=0 B/s, pending=0 bytes
[migrater] timestamp=1779269577.70, migrating=False, epoch=0, total_epochs=0, configured=0 B/s, rate=0 B/s, pending=0 bytes
[migrater] timestamp=1779269577.80, migrating=False, epoch=0, total_epochs=0, configured=0 B/s, rate=0 B/s, pending=0 bytes
[migrater] timestamp=1779269577.90, migrating=False, epoch=0, total_epochs=0, configured=0 B/s, rate=0 B/s, pending=0 bytes
[migrater] timestamp=1779269578.00, migrating=False, epoch=0, total_epochs=0, configured=0 B/s, rate=0 B/s, pending=0 bytes
[migrater] timestamp=1779269578.10, migrating=False, epoch=0, total_epochs=0, configured=0 B/s, rate=0 B/s, pending=0 bytes
[migrater] timestamp=1779269578.20, migrating=False, epoch=0, total_epochs=0, configured=0 B/s, rate=0 B/s, pending=0 bytes
[migrater] timestamp=1779269578.30, migrating=False, epoch=0, total_epochs=0, configured=0 B/s, rate=0 B/s, pending=0 bytes
[migrater] timestamp=1779269578.40, migrating=False, epoch=0, total_epochs=0, configured=0 B/s, rate=0 B/s, pending=0 bytes
[migrater] timestamp=1779269578.50, migrating=False, epoch=0, total_epochs=0, configured=0 B/s, rate=0 B/s, pending=0 bytes
[migrater] timestamp=1779269578.60, migrating=False, epoch=0, total_epochs=0, configured=0 B/s, rate=0 B/s, pending=0 bytes
[migrater] timestamp=1779269578.70, migrating=False, epoch=0, total_epochs=0, configured=0 B/s, rate=0 B/s, pending=0 bytes
[migrater] timestamp=1779269578.80, migrating=False, epoch=1, total_epochs=3, configured=0 B/s, rate=0 B/s, pending=5368709120 bytes
[migrater] timestamp=1779269578.90, migrating=True, epoch=1, total_epochs=3, configured=0 B/s, rate=0 B/s, pending=5368709120 bytes
[migrater] timestamp=1779269578.92, migrating=True, epoch=1, total_epochs=3, configured=500000000 B/s, rate=1244225936 B/s, pending=5242880000 bytes ([2.34%] 125829120/5368709120 bytes copied)
[migrater] timestamp=1779269579.07, migrating=True, epoch=1, total_epochs=3, configured=500000000 B/s, rate=717498821 B/s, pending=5133828096 bytes ([4.38%] 234881024/5368709120 bytes copied)
[migrater] timestamp=1779269579.18, migrating=True, epoch=1, total_epochs=3, configured=500000000 B/s, rate=789133616 B/s, pending=5049942016 bytes ([5.94%] 318767104/5368709120 bytes copied)
[migrater] timestamp=1779269579.28, migrating=True, epoch=1, total_epochs=3, configured=500000000 B/s, rate=499903360 B/s, pending=4999610368 bytes ([6.88%] 369098752/5368709120 bytes copied)
[migrater] timestamp=1779269579.38, migrating=True, epoch=1, total_epochs=3, configured=500000000 B/s, rate=499927293 B/s, pending=4949278720 bytes ([7.81%] 419430400/5368709120 bytes copied)
[migrater] timestamp=1779269579.48, migrating=True, epoch=1, total_epochs=3, configured=500000000 B/s, rate=500078144 B/s, pending=4898947072 bytes ([8.75%] 469762048/5368709120 bytes copied)
[migrater] timestamp=1779269579.58, migrating=True, epoch=1, total_epochs=3, configured=500000000 B/s, rate=500144936 B/s, pending=4848615424 bytes ([9.69%] 520093696/5368709120 bytes copied)
[migrater] timestamp=1779269579.68, migrating=True, epoch=1, total_epochs=3, configured=500000000 B/s, rate=499981126 B/s, pending=4798283776 bytes ([10.62%] 570425344/5368709120 bytes copied)
[migrater] timestamp=1779269579.78, migrating=True, epoch=1, total_epochs=3, configured=500000000 B/s, rate=499960316 B/s, pending=4747952128 bytes ([11.56%] 620756992/5368709120 bytes copied)
[migrater] timestamp=1779269579.88, migrating=True, epoch=1, total_epochs=3, configured=500000000 B/s, rate=500068311 B/s, pending=4697620480 bytes ([12.50%] 671088640/5368709120 bytes copied)
[migrater] timestamp=1779269579.98, migrating=True, epoch=1, total_epochs=3, configured=500000000 B/s, rate=500021160 B/s, pending=4647288832 bytes ([13.44%] 721420288/5368709120 bytes copied)
[migrater] timestamp=1779269580.08, migrating=True, epoch=1, total_epochs=3, configured=500000000 B/s, rate=500001341 B/s, pending=4596957184 bytes ([14.37%] 771751936/5368709120 bytes copied)
[migrater] timestamp=1779269580.18, migrating=True, epoch=1, total_epochs=3, configured=500000000 B/s, rate=500070349 B/s, pending=4546625536 bytes ([15.31%] 822083584/5368709120 bytes copied)
[migrater] timestamp=1779269580.28, migrating=True, epoch=1, total_epochs=3, configured=500000000 B/s, rate=499980182 B/s, pending=4496293888 bytes ([16.25%] 872415232/5368709120 bytes copied)
[migrater] timestamp=1779269580.38, migrating=True, epoch=1, total_epochs=3, configured=500000000 B/s, rate=499862847 B/s, pending=4445962240 bytes ([17.19%] 922746880/5368709120 bytes copied)
[migrater] timestamp=1779269580.48, migrating=True, epoch=1, total_epochs=3, configured=500000000 B/s, rate=499972087 B/s, pending=4395630592 bytes ([18.12%] 973078528/5368709120 bytes copied)
[migrater] timestamp=1779269580.58, migrating=True, epoch=1, total_epochs=3, configured=500000000 B/s, rate=499826407 B/s, pending=4345298944 bytes ([19.06%] 1023410176/5368709120 bytes copied)
[migrater] timestamp=1779269580.69, migrating=True, epoch=1, total_epochs=3, configured=500000000 B/s, rate=500223971 B/s, pending=4294967296 bytes ([20.00%] 1073741824/5368709120 bytes copied)
[migrater] timestamp=1779269580.79, migrating=True, epoch=1, total_epochs=3, configured=500000000 B/s, rate=499966723 B/s, pending=4244635648 bytes ([20.94%] 1124073472/5368709120 bytes copied)
[migrater] timestamp=1779269580.89, migrating=True, epoch=1, total_epochs=3, configured=500000000 B/s, rate=499970552 B/s, pending=4194304000 bytes ([21.88%] 1174405120/5368709120 bytes copied)
[migrater] timestamp=1779269580.99, migrating=True, epoch=1, total_epochs=3, configured=500000000 B/s, rate=499998460 B/s, pending=4143972352 bytes ([22.81%] 1224736768/5368709120 bytes copied)
[migrater] timestamp=1779269581.09, migrating=True, epoch=1, total_epochs=3, configured=500000000 B/s, rate=500075561 B/s, pending=4093640704 bytes ([23.75%] 1275068416/5368709120 bytes copied)
[migrater] timestamp=1779269581.19, migrating=True, epoch=1, total_epochs=3, configured=500000000 B/s, rate=499984702 B/s, pending=4043309056 bytes ([24.69%] 1325400064/5368709120 bytes copied)
[migrater] timestamp=1779269581.29, migrating=True, epoch=1, total_epochs=3, configured=500000000 B/s, rate=500152342 B/s, pending=3992977408 bytes ([25.62%] 1375731712/5368709120 bytes copied)
[migrater] timestamp=1779269581.39, migrating=True, epoch=1, total_epochs=3, configured=500000000 B/s, rate=499959372 B/s, pending=3942645760 bytes ([26.56%] 1426063360/5368709120 bytes copied)
[migrater] timestamp=1779269581.49, migrating=True, epoch=1, total_epochs=3, configured=500000000 B/s, rate=499916021 B/s, pending=3892314112 bytes ([27.50%] 1476395008/5368709120 bytes copied)
[migrater] timestamp=1779269581.59, migrating=True, epoch=1, total_epochs=3, configured=500000000 B/s, rate=500020962 B/s, pending=3841982464 bytes ([28.44%] 1526726656/5368709120 bytes copied)
[migrater] timestamp=1779269581.69, migrating=True, epoch=1, total_epochs=3, configured=500000000 B/s, rate=499651551 B/s, pending=3791650816 bytes ([29.38%] 1577058304/5368709120 bytes copied)
[migrater] timestamp=1779269581.79, migrating=True, epoch=1, total_epochs=3, configured=500000000 B/s, rate=500107813 B/s, pending=3741319168 bytes ([30.31%] 1627389952/5368709120 bytes copied)
[migrater] timestamp=1779269581.89, migrating=True, epoch=1, total_epochs=3, configured=500000000 B/s, rate=500049626 B/s, pending=3690987520 bytes ([31.25%] 1677721600/5368709120 bytes copied)
[migrater] timestamp=1779269581.99, migrating=True, epoch=1, total_epochs=3, configured=500000000 B/s, rate=499809933 B/s, pending=3640655872 bytes ([32.19%] 1728053248/5368709120 bytes copied)
[migrater] timestamp=1779269582.09, migrating=True, epoch=1, total_epochs=3, configured=500000000 B/s, rate=500092459 B/s, pending=3590324224 bytes ([33.12%] 1778384896/5368709120 bytes copied)
[migrater] timestamp=1779269582.20, migrating=True, epoch=1, total_epochs=3, configured=500000000 B/s, rate=499959323 B/s, pending=3539992576 bytes ([34.06%] 1828716544/5368709120 bytes copied)
[migrater] timestamp=1779269582.30, migrating=True, epoch=1, total_epochs=3, configured=500000000 B/s, rate=499921633 B/s, pending=3489660928 bytes ([35.00%] 1879048192/5368709120 bytes copied)
[migrater] timestamp=1779269582.40, migrating=True, epoch=1, total_epochs=3, configured=500000000 B/s, rate=500074069 B/s, pending=3439329280 bytes ([35.94%] 1929379840/5368709120 bytes copied)
[migrater] timestamp=1779269582.50, migrating=True, epoch=1, total_epochs=3, configured=500000000 B/s, rate=499942041 B/s, pending=3388997632 bytes ([36.88%] 1979711488/5368709120 bytes copied)
[migrater] timestamp=1779269582.60, migrating=True, epoch=1, total_epochs=3, configured=500000000 B/s, rate=500177939 B/s, pending=3338665984 bytes ([37.81%] 2030043136/5368709120 bytes copied)
[migrater] timestamp=1779269582.70, migrating=True, epoch=1, total_epochs=3, configured=500000000 B/s, rate=500010133 B/s, pending=3288334336 bytes ([38.75%] 2080374784/5368709120 bytes copied)
[migrater] timestamp=1779269582.80, migrating=True, epoch=1, total_epochs=3, configured=500000000 B/s, rate=500034329 B/s, pending=3238002688 bytes ([39.69%] 2130706432/5368709120 bytes copied)
[migrater] timestamp=1779269582.90, migrating=True, epoch=1, total_epochs=3, configured=500000000 B/s, rate=499962105 B/s, pending=3187671040 bytes ([40.62%] 2181038080/5368709120 bytes copied)
[migrater] timestamp=1779269583.00, migrating=True, epoch=1, total_epochs=3, configured=500000000 B/s, rate=499987284 B/s, pending=3137339392 bytes ([41.56%] 2231369728/5368709120 bytes copied)
[migrater] timestamp=1779269583.10, migrating=True, epoch=1, total_epochs=3, configured=500000000 B/s, rate=500006706 B/s, pending=3087007744 bytes ([42.50%] 2281701376/5368709120 bytes copied)
[migrater] timestamp=1779269583.20, migrating=True, epoch=1, total_epochs=3, configured=500000000 B/s, rate=500032089 B/s, pending=3036676096 bytes ([43.44%] 2332033024/5368709120 bytes copied)
[migrater] timestamp=1779269583.30, migrating=True, epoch=1, total_epochs=3, configured=500000000 B/s, rate=499998267 B/s, pending=2986344448 bytes ([44.38%] 2382364672/5368709120 bytes copied)
[migrater] timestamp=1779269583.40, migrating=True, epoch=1, total_epochs=3, configured=500000000 B/s, rate=500025185 B/s, pending=2936012800 bytes ([45.31%] 2432696320/5368709120 bytes copied)
[migrater] timestamp=1779269583.50, migrating=True, epoch=1, total_epochs=3, configured=500000000 B/s, rate=499982268 B/s, pending=2885681152 bytes ([46.25%] 2483027968/5368709120 bytes copied)
[migrater] timestamp=1779269583.60, migrating=True, epoch=1, total_epochs=3, configured=500000000 B/s, rate=499850487 B/s, pending=2835349504 bytes ([47.19%] 2533359616/5368709120 bytes copied)
[migrater] timestamp=1779269583.71, migrating=True, epoch=1, total_epochs=3, configured=500000000 B/s, rate=500013511 B/s, pending=2785017856 bytes ([48.12%] 2583691264/5368709120 bytes copied)
[migrater] timestamp=1779269583.81, migrating=True, epoch=1, total_epochs=3, configured=500000000 B/s, rate=499961459 B/s, pending=2734686208 bytes ([49.06%] 2634022912/5368709120 bytes copied)
[migrater] timestamp=1779269583.91, migrating=True, epoch=1, total_epochs=3, configured=500000000 B/s, rate=499938515 B/s, pending=2684354560 bytes ([50.00%] 2684354560/5368709120 bytes copied)
[migrater] timestamp=1779269584.01, migrating=True, epoch=1, total_epochs=3, configured=500000000 B/s, rate=500041384 B/s, pending=2634022912 bytes ([50.94%] 2734686208/5368709120 bytes copied)
[migrater] timestamp=1779269584.11, migrating=True, epoch=1, total_epochs=3, configured=500000000 B/s, rate=500163122 B/s, pending=2583691264 bytes ([51.88%] 2785017856/5368709120 bytes copied)
[migrater] timestamp=1779269584.21, migrating=True, epoch=1, total_epochs=3, configured=500000000 B/s, rate=500025885 B/s, pending=2533359616 bytes ([52.81%] 2835349504/5368709120 bytes copied)
[migrater] timestamp=1779269584.31, migrating=True, epoch=1, total_epochs=3, configured=500000000 B/s, rate=499985397 B/s, pending=2483027968 bytes ([53.75%] 2885681152/5368709120 bytes copied)
[migrater] timestamp=1779269584.41, migrating=True, epoch=1, total_epochs=3, configured=500000000 B/s, rate=499960664 B/s, pending=2432696320 bytes ([54.69%] 2936012800/5368709120 bytes copied)
[migrater] timestamp=1779269584.51, migrating=True, epoch=1, total_epochs=3, configured=500000000 B/s, rate=500054544 B/s, pending=2382364672 bytes ([55.62%] 2986344448/5368709120 bytes copied)
[migrater] timestamp=1779269584.61, migrating=True, epoch=1, total_epochs=3, configured=500000000 B/s, rate=499691632 B/s, pending=2332033024 bytes ([56.56%] 3036676096/5368709120 bytes copied)
[migrater] timestamp=1779269584.71, migrating=True, epoch=1, total_epochs=3, configured=500000000 B/s, rate=500396696 B/s, pending=2281701376 bytes ([57.50%] 3087007744/5368709120 bytes copied)
[migrater] timestamp=1779269584.81, migrating=True, epoch=1, total_epochs=3, configured=500000000 B/s, rate=500131816 B/s, pending=2231369728 bytes ([58.44%] 3137339392/5368709120 bytes copied)
[migrater] timestamp=1779269584.91, migrating=True, epoch=1, total_epochs=3, configured=500000000 B/s, rate=499942786 B/s, pending=2181038080 bytes ([59.38%] 3187671040/5368709120 bytes copied)
[migrater] timestamp=1779269585.01, migrating=True, epoch=1, total_epochs=3, configured=500000000 B/s, rate=499875308 B/s, pending=2130706432 bytes ([60.31%] 3238002688/5368709120 bytes copied)
[migrater] timestamp=1779269585.11, migrating=True, epoch=1, total_epochs=3, configured=500000000 B/s, rate=500037553 B/s, pending=2080374784 bytes ([61.25%] 3288334336/5368709120 bytes copied)
[migrater] timestamp=1779269585.22, migrating=True, epoch=1, total_epochs=3, configured=500000000 B/s, rate=499972782 B/s, pending=2030043136 bytes ([62.19%] 3338665984/5368709120 bytes copied)
[migrater] timestamp=1779269585.32, migrating=True, epoch=1, total_epochs=3, configured=500000000 B/s, rate=499983410 B/s, pending=1979711488 bytes ([63.12%] 3388997632/5368709120 bytes copied)
[migrater] timestamp=1779269585.42, migrating=True, epoch=1, total_epochs=3, configured=500000000 B/s, rate=499928733 B/s, pending=1929379840 bytes ([64.06%] 3439329280/5368709120 bytes copied)
[migrater] timestamp=1779269585.52, migrating=True, epoch=1, total_epochs=3, configured=500000000 B/s, rate=500048190 B/s, pending=1879048192 bytes ([65.00%] 3489660928/5368709120 bytes copied)
[migrater] timestamp=1779269585.62, migrating=True, epoch=1, total_epochs=3, configured=500000000 B/s, rate=500235355 B/s, pending=1828716544 bytes ([65.94%] 3539992576/5368709120 bytes copied)
[migrater] timestamp=1779269585.72, migrating=True, epoch=1, total_epochs=3, configured=500000000 B/s, rate=499931017 B/s, pending=1778384896 bytes ([66.88%] 3590324224/5368709120 bytes copied)
[migrater] timestamp=1779269585.82, migrating=True, epoch=1, total_epochs=3, configured=500000000 B/s, rate=500036660 B/s, pending=1728053248 bytes ([67.81%] 3640655872/5368709120 bytes copied)
[migrater] timestamp=1779269585.92, migrating=True, epoch=1, total_epochs=3, configured=500000000 B/s, rate=499944623 B/s, pending=1677721600 bytes ([68.75%] 3690987520/5368709120 bytes copied)
[migrater] timestamp=1779269586.02, migrating=True, epoch=1, total_epochs=3, configured=500000000 B/s, rate=500023396 B/s, pending=1627389952 bytes ([69.69%] 3741319168/5368709120 bytes copied)
[migrater] timestamp=1779269586.12, migrating=True, epoch=1, total_epochs=3, configured=500000000 B/s, rate=499868705 B/s, pending=1577058304 bytes ([70.62%] 3791650816/5368709120 bytes copied)
[migrater] timestamp=1779269586.22, migrating=True, epoch=1, total_epochs=3, configured=500000000 B/s, rate=500196629 B/s, pending=1526726656 bytes ([71.56%] 3841982464/5368709120 bytes copied)
[migrater] timestamp=1779269586.32, migrating=True, epoch=1, total_epochs=3, configured=500000000 B/s, rate=499931216 B/s, pending=1476395008 bytes ([72.50%] 3892314112/5368709120 bytes copied)
[migrater] timestamp=1779269586.42, migrating=True, epoch=1, total_epochs=3, configured=500000000 B/s, rate=499993394 B/s, pending=1426063360 bytes ([73.44%] 3942645760/5368709120 bytes copied)
[migrater] timestamp=1779269586.52, migrating=True, epoch=1, total_epochs=3, configured=500000000 B/s, rate=500020018 B/s, pending=1375731712 bytes ([74.38%] 3992977408/5368709120 bytes copied)
[migrater] timestamp=1779269586.62, migrating=True, epoch=1, total_epochs=3, configured=500000000 B/s, rate=499889607 B/s, pending=1325400064 bytes ([75.31%] 4043309056/5368709120 bytes copied)
[migrater] timestamp=1779269586.73, migrating=True, epoch=1, total_epochs=3, configured=500000000 B/s, rate=500018632 B/s, pending=1275068416 bytes ([76.25%] 4093640704/5368709120 bytes copied)
[migrater] timestamp=1779269586.83, migrating=True, epoch=1, total_epochs=3, configured=500000000 B/s, rate=499876743 B/s, pending=1224736768 bytes ([77.19%] 4143972352/5368709120 bytes copied)
[migrater] timestamp=1779269586.93, migrating=True, epoch=1, total_epochs=3, configured=500000000 B/s, rate=500122274 B/s, pending=1174405120 bytes ([78.12%] 4194304000/5368709120 bytes copied)
[migrater] timestamp=1779269587.03, migrating=True, epoch=1, total_epochs=3, configured=500000000 B/s, rate=499974222 B/s, pending=1124073472 bytes ([79.06%] 4244635648/5368709120 bytes copied)
[migrater] timestamp=1779269587.13, migrating=True, epoch=1, total_epochs=3, configured=500000000 B/s, rate=500129877 B/s, pending=1073741824 bytes ([80.00%] 4294967296/5368709120 bytes copied)
[migrater] timestamp=1779269587.23, migrating=True, epoch=1, total_epochs=3, configured=500000000 B/s, rate=500018329 B/s, pending=1023410176 bytes ([80.94%] 4345298944/5368709120 bytes copied)
[migrater] timestamp=1779269587.33, migrating=True, epoch=1, total_epochs=3, configured=500000000 B/s, rate=500011573 B/s, pending=973078528 bytes ([81.88%] 4395630592/5368709120 bytes copied)
[migrater] timestamp=1779269587.43, migrating=True, epoch=1, total_epochs=3, configured=500000000 B/s, rate=494967697 B/s, pending=922746880 bytes ([82.81%] 4445962240/5368709120 bytes copied)
[migrater] timestamp=1779269587.54, migrating=True, epoch=1, total_epochs=3, configured=500000000 B/s, rate=551958710 B/s, pending=864026624 bytes ([83.91%] 4504682496/5368709120 bytes copied)
[migrater] timestamp=1779269587.64, migrating=True, epoch=1, total_epochs=3, configured=500000000 B/s, rate=500153484 B/s, pending=813694976 bytes ([84.84%] 4555014144/5368709120 bytes copied)
[migrater] timestamp=1779269587.74, migrating=True, epoch=1, total_epochs=3, configured=500000000 B/s, rate=500082919 B/s, pending=763363328 bytes ([85.78%] 4605345792/5368709120 bytes copied)
[migrater] timestamp=1779269587.84, migrating=True, epoch=1, total_epochs=3, configured=500000000 B/s, rate=499731670 B/s, pending=713031680 bytes ([86.72%] 4655677440/5368709120 bytes copied)
[migrater] timestamp=1779269587.94, migrating=True, epoch=1, total_epochs=3, configured=500000000 B/s, rate=500042025 B/s, pending=662700032 bytes ([87.66%] 4706009088/5368709120 bytes copied)
[migrater] timestamp=1779269588.04, migrating=True, epoch=1, total_epochs=3, configured=500000000 B/s, rate=499954108 B/s, pending=612368384 bytes ([88.59%] 4756340736/5368709120 bytes copied)
[migrater] timestamp=1779269588.14, migrating=True, epoch=1, total_epochs=3, configured=500000000 B/s, rate=499988581 B/s, pending=562036736 bytes ([89.53%] 4806672384/5368709120 bytes copied)
[migrater] timestamp=1779269588.24, migrating=True, epoch=1, total_epochs=3, configured=500000000 B/s, rate=500087833 B/s, pending=511705088 bytes ([90.47%] 4857004032/5368709120 bytes copied)
[migrater] timestamp=1779269588.34, migrating=True, epoch=1, total_epochs=3, configured=500000000 B/s, rate=499965481 B/s, pending=461373440 bytes ([91.41%] 4907335680/5368709120 bytes copied)
[migrater] timestamp=1779269588.44, migrating=True, epoch=1, total_epochs=3, configured=500000000 B/s, rate=499998957 B/s, pending=411041792 bytes ([92.34%] 4957667328/5368709120 bytes copied)
[migrater] timestamp=1779269588.54, migrating=True, epoch=1, total_epochs=3, configured=500000000 B/s, rate=499955355 B/s, pending=360710144 bytes ([93.28%] 5007998976/5368709120 bytes copied)
[migrater] timestamp=1779269588.64, migrating=True, epoch=1, total_epochs=3, configured=500000000 B/s, rate=499853063 B/s, pending=310378496 bytes ([94.22%] 5058330624/5368709120 bytes copied)
[migrater] timestamp=1779269588.75, migrating=True, epoch=1, total_epochs=3, configured=500000000 B/s, rate=499980132 B/s, pending=260046848 bytes ([95.16%] 5108662272/5368709120 bytes copied)
[migrater] timestamp=1779269588.85, migrating=True, epoch=1, total_epochs=3, configured=500000000 B/s, rate=500063145 B/s, pending=209715200 bytes ([96.09%] 5158993920/5368709120 bytes copied)
[migrater] timestamp=1779269588.95, migrating=True, epoch=1, total_epochs=3, configured=500000000 B/s, rate=499727849 B/s, pending=159383552 bytes ([97.03%] 5209325568/5368709120 bytes copied)
[migrater] timestamp=1779269589.05, migrating=True, epoch=1, total_epochs=3, configured=500000000 B/s, rate=500224468 B/s, pending=109051904 bytes ([97.97%] 5259657216/5368709120 bytes copied)
[migrater] timestamp=1779269589.15, migrating=True, epoch=1, total_epochs=3, configured=500000000 B/s, rate=500147371 B/s, pending=58720256 bytes ([98.91%] 5309988864/5368709120 bytes copied)
[migrater] timestamp=1779269589.25, migrating=True, epoch=1, total_epochs=3, configured=500000000 B/s, rate=500005315 B/s, pending=8388608 bytes ([99.84%] 5360320512/5368709120 bytes copied)
[migrater] timestamp=1779269589.30, migrating=False, epoch=1, total_epochs=3, configured=500000000 B/s, rate=0 B/s, pending=0 bytes ([100.00%] 5368709120/5368709120 bytes copied)
[migrater] timestamp=1779269589.47, migrating=False, epoch=1, total_epochs=3, configured=0 B/s, rate=0 B/s, pending=0 bytes
[migrater] timestamp=1779269589.57, migrating=False, epoch=1, total_epochs=3, configured=0 B/s, rate=0 B/s, pending=0 bytes
[migrater] timestamp=1779269589.67, migrating=False, epoch=1, total_epochs=3, configured=0 B/s, rate=0 B/s, pending=0 bytes
[migrater] timestamp=1779269589.77, migrating=False, epoch=1, total_epochs=3, configured=0 B/s, rate=0 B/s, pending=0 bytes
[migrater] timestamp=1779269589.87, migrating=False, epoch=1, total_epochs=3, configured=0 B/s, rate=0 B/s, pending=0 bytes
[migrater] timestamp=1779269589.97, migrating=False, epoch=1, total_epochs=3, configured=0 B/s, rate=0 B/s, pending=0 bytes
[migrater] timestamp=1779269590.07, migrating=False, epoch=1, total_epochs=3, configured=0 B/s, rate=0 B/s, pending=0 bytes
[migrater] timestamp=1779269590.17, migrating=False, epoch=1, total_epochs=3, configured=0 B/s, rate=0 B/s, pending=0 bytes
[migrater] timestamp=1779269590.27, migrating=False, epoch=1, total_epochs=3, configured=0 B/s, rate=0 B/s, pending=0 bytes
[migrater] timestamp=1779269590.37, migrating=False, epoch=1, total_epochs=3, configured=0 B/s, rate=0 B/s, pending=0 bytes
[migrater] timestamp=1779269590.47, migrating=False, epoch=1, total_epochs=3, configured=0 B/s, rate=0 B/s, pending=0 bytes
[migrater] timestamp=1779269590.57, migrating=False, epoch=1, total_epochs=3, configured=0 B/s, rate=0 B/s, pending=0 bytes
[migrater] timestamp=1779269590.67, migrating=False, epoch=1, total_epochs=3, configured=0 B/s, rate=0 B/s, pending=0 bytes
[migrater] timestamp=1779269590.77, migrating=False, epoch=1, total_epochs=3, configured=0 B/s, rate=0 B/s, pending=0 bytes
[migrater] timestamp=1779269590.87, migrating=False, epoch=1, total_epochs=3, configured=0 B/s, rate=0 B/s, pending=0 bytes
[migrater] timestamp=1779269590.97, migrating=False, epoch=1, total_epochs=3, configured=0 B/s, rate=0 B/s, pending=0 bytes
[migrater] timestamp=1779269591.07, migrating=False, epoch=1, total_epochs=3, configured=0 B/s, rate=0 B/s, pending=0 bytes
[migrater] timestamp=1779269591.17, migrating=False, epoch=1, total_epochs=3, configured=0 B/s, rate=0 B/s, pending=0 bytes
[migrater] timestamp=1779269591.27, migrating=False, epoch=1, total_epochs=3, configured=0 B/s, rate=0 B/s, pending=0 bytes
[migrater] timestamp=1779269591.37, migrating=False, epoch=1, total_epochs=3, configured=0 B/s, rate=0 B/s, pending=0 bytes
[migrater] timestamp=1779269591.47, migrating=False, epoch=1, total_epochs=3, configured=0 B/s, rate=0 B/s, pending=0 bytes
[migrater] timestamp=1779269591.57, migrating=False, epoch=1, total_epochs=3, configured=0 B/s, rate=0 B/s, pending=0 bytes
[migrater] timestamp=1779269591.67, migrating=False, epoch=1, total_epochs=3, configured=0 B/s, rate=0 B/s, pending=0 bytes
[migrater] timestamp=1779269591.78, migrating=False, epoch=1, total_epochs=3, configured=0 B/s, rate=0 B/s, pending=0 bytes
[migrater] timestamp=1779269591.88, migrating=False, epoch=1, total_epochs=3, configured=0 B/s, rate=0 B/s, pending=0 bytes
[migrater] timestamp=1779269591.98, migrating=False, epoch=1, total_epochs=3, configured=0 B/s, rate=0 B/s, pending=0 bytes
[migrater] timestamp=1779269592.08, migrating=False, epoch=1, total_epochs=3, configured=0 B/s, rate=0 B/s, pending=0 bytes
[migrater] timestamp=1779269592.18, migrating=False, epoch=1, total_epochs=3, configured=0 B/s, rate=0 B/s, pending=0 bytes
[migrater] timestamp=1779269592.28, migrating=False, epoch=1, total_epochs=3, configured=0 B/s, rate=0 B/s, pending=0 bytes
[migrater] timestamp=1779269592.38, migrating=False, epoch=1, total_epochs=3, configured=0 B/s, rate=0 B/s, pending=0 bytes
[migrater] timestamp=1779269592.48, migrating=False, epoch=1, total_epochs=3, configured=0 B/s, rate=0 B/s, pending=0 bytes
[migrater] timestamp=1779269592.58, migrating=False, epoch=1, total_epochs=3, configured=0 B/s, rate=0 B/s, pending=0 bytes
[migrater] timestamp=1779269592.68, migrating=False, epoch=1, total_epochs=3, configured=0 B/s, rate=0 B/s, pending=0 bytes
[migrater] timestamp=1779269592.78, migrating=False, epoch=1, total_epochs=3, configured=0 B/s, rate=0 B/s, pending=0 bytes
[migrater] timestamp=1779269592.88, migrating=False, epoch=1, total_epochs=3, configured=0 B/s, rate=0 B/s, pending=0 bytes
[migrater] timestamp=1779269592.98, migrating=False, epoch=1, total_epochs=3, configured=0 B/s, rate=0 B/s, pending=0 bytes
[migrater] timestamp=1779269593.08, migrating=False, epoch=1, total_epochs=3, configured=0 B/s, rate=0 B/s, pending=0 bytes
[migrater] timestamp=1779269593.18, migrating=False, epoch=1, total_epochs=3, configured=0 B/s, rate=0 B/s, pending=0 bytes
[migrater] timestamp=1779269593.28, migrating=False, epoch=1, total_epochs=3, configured=0 B/s, rate=0 B/s, pending=0 bytes
[migrater] timestamp=1779269593.38, migrating=False, epoch=1, total_epochs=3, configured=0 B/s, rate=0 B/s, pending=0 bytes
[migrater] timestamp=1779269593.48, migrating=False, epoch=1, total_epochs=3, configured=0 B/s, rate=0 B/s, pending=0 bytes
[migrater] timestamp=1779269593.58, migrating=False, epoch=1, total_epochs=3, configured=0 B/s, rate=0 B/s, pending=0 bytes
[migrater] timestamp=1779269593.68, migrating=False, epoch=1, total_epochs=3, configured=0 B/s, rate=0 B/s, pending=0 bytes
[migrater] timestamp=1779269593.78, migrating=False, epoch=1, total_epochs=3, configured=0 B/s, rate=0 B/s, pending=0 bytes
[migrater] timestamp=1779269593.88, migrating=False, epoch=1, total_epochs=3, configured=0 B/s, rate=0 B/s, pending=0 bytes
[migrater] timestamp=1779269593.98, migrating=False, epoch=1, total_epochs=3, configured=0 B/s, rate=0 B/s, pending=0 bytes
[migrater] timestamp=1779269594.08, migrating=False, epoch=1, total_epochs=3, configured=0 B/s, rate=0 B/s, pending=0 bytes
[migrater] timestamp=1779269594.18, migrating=False, epoch=1, total_epochs=3, configured=0 B/s, rate=0 B/s, pending=0 bytes
[migrater] timestamp=1779269594.29, migrating=False, epoch=1, total_epochs=3, configured=0 B/s, rate=0 B/s, pending=0 bytes
[migrater] timestamp=1779269594.39, migrating=False, epoch=1, total_epochs=3, configured=0 B/s, rate=0 B/s, pending=0 bytes
[migrater] timestamp=1779269594.49, migrating=False, epoch=1, total_epochs=3, configured=0 B/s, rate=0 B/s, pending=0 bytes
[migrater] timestamp=1779269594.59, migrating=False, epoch=1, total_epochs=3, configured=0 B/s, rate=0 B/s, pending=0 bytes
[migrater] timestamp=1779269594.69, migrating=False, epoch=1, total_epochs=3, configured=0 B/s, rate=0 B/s, pending=0 bytes
[migrater] timestamp=1779269594.79, migrating=False, epoch=1, total_epochs=3, configured=0 B/s, rate=0 B/s, pending=0 bytes
[migrater] timestamp=1779269594.89, migrating=False, epoch=1, total_epochs=3, configured=0 B/s, rate=0 B/s, pending=0 bytes
[migrater] timestamp=1779269594.99, migrating=False, epoch=1, total_epochs=3, configured=0 B/s, rate=0 B/s, pending=0 bytes
[migrater] timestamp=1779269595.09, migrating=False, epoch=1, total_epochs=3, configured=0 B/s, rate=0 B/s, pending=0 bytes
[migrater] timestamp=1779269595.19, migrating=False, epoch=1, total_epochs=3, configured=0 B/s, rate=0 B/s, pending=0 bytes
[migrater] timestamp=1779269595.29, migrating=False, epoch=1, total_epochs=3, configured=0 B/s, rate=0 B/s, pending=0 bytes
[migrater] timestamp=1779269595.39, migrating=False, epoch=1, total_epochs=3, configured=0 B/s, rate=0 B/s, pending=0 bytes
[migrater] timestamp=1779269595.49, migrating=False, epoch=1, total_epochs=3, configured=0 B/s, rate=0 B/s, pending=0 bytes
[migrater] timestamp=1779269595.59, migrating=False, epoch=1, total_epochs=3, configured=0 B/s, rate=0 B/s, pending=0 bytes
[migrater] timestamp=1779269595.69, migrating=False, epoch=1, total_epochs=3, configured=0 B/s, rate=0 B/s, pending=0 bytes
[migrater] timestamp=1779269595.79, migrating=False, epoch=1, total_epochs=3, configured=0 B/s, rate=0 B/s, pending=0 bytes
[migrater] timestamp=1779269595.89, migrating=False, epoch=1, total_epochs=3, configured=0 B/s, rate=0 B/s, pending=0 bytes
[migrater] timestamp=1779269595.99, migrating=False, epoch=1, total_epochs=3, configured=0 B/s, rate=0 B/s, pending=0 bytes
[migrater] timestamp=1779269596.09, migrating=False, epoch=1, total_epochs=3, configured=0 B/s, rate=0 B/s, pending=0 bytes
[migrater] timestamp=1779269596.19, migrating=False, epoch=1, total_epochs=3, configured=0 B/s, rate=0 B/s, pending=0 bytes
[migrater] timestamp=1779269596.29, migrating=False, epoch=1, total_epochs=3, configured=0 B/s, rate=0 B/s, pending=0 bytes
[migrater] timestamp=1779269596.39, migrating=False, epoch=1, total_epochs=3, configured=0 B/s, rate=0 B/s, pending=0 bytes
[migrater] timestamp=1779269596.49, migrating=False, epoch=1, total_epochs=3, configured=0 B/s, rate=0 B/s, pending=0 bytes
[migrater] timestamp=1779269596.59, migrating=False, epoch=1, total_epochs=3, configured=0 B/s, rate=0 B/s, pending=0 bytes
[migrater] timestamp=1779269596.69, migrating=False, epoch=1, total_epochs=3, configured=0 B/s, rate=0 B/s, pending=0 bytes
[migrater] timestamp=1779269596.79, migrating=False, epoch=1, total_epochs=3, configured=0 B/s, rate=0 B/s, pending=0 bytes
[migrater] timestamp=1779269596.90, migrating=False, epoch=1, total_epochs=3, configured=0 B/s, rate=0 B/s, pending=0 bytes
[migrater] timestamp=1779269597.00, migrating=False, epoch=1, total_epochs=3, configured=0 B/s, rate=0 B/s, pending=0 bytes
[migrater] timestamp=1779269597.10, migrating=False, epoch=1, total_epochs=3, configured=0 B/s, rate=0 B/s, pending=0 bytes
[migrater] timestamp=1779269597.20, migrating=False, epoch=1, total_epochs=3, configured=0 B/s, rate=0 B/s, pending=0 bytes
[migrater] timestamp=1779269597.30, migrating=False, epoch=1, total_epochs=3, configured=0 B/s, rate=0 B/s, pending=0 bytes
[migrater] timestamp=1779269597.40, migrating=False, epoch=1, total_epochs=3, configured=0 B/s, rate=0 B/s, pending=0 bytes
[migrater] timestamp=1779269597.50, migrating=False, epoch=1, total_epochs=3, configured=0 B/s, rate=0 B/s, pending=0 bytes
[migrater] timestamp=1779269597.60, migrating=False, epoch=1, total_epochs=3, configured=0 B/s, rate=0 B/s, pending=0 bytes
[migrater] timestamp=1779269597.70, migrating=False, epoch=1, total_epochs=3, configured=0 B/s, rate=0 B/s, pending=0 bytes
[migrater] timestamp=1779269597.80, migrating=False, epoch=1, total_epochs=3, configured=0 B/s, rate=0 B/s, pending=0 bytes
[migrater] timestamp=1779269597.90, migrating=False, epoch=1, total_epochs=3, configured=0 B/s, rate=0 B/s, pending=0 bytes
[migrater] timestamp=1779269598.00, migrating=False, epoch=1, total_epochs=3, configured=0 B/s, rate=0 B/s, pending=0 bytes
[migrater] timestamp=1779269598.10, migrating=False, epoch=1, total_epochs=3, configured=0 B/s, rate=0 B/s, pending=0 bytes
[migrater] timestamp=1779269598.20, migrating=False, epoch=1, total_epochs=3, configured=0 B/s, rate=0 B/s, pending=0 bytes
[migrater] timestamp=1779269598.30, migrating=False, epoch=1, total_epochs=3, configured=0 B/s, rate=0 B/s, pending=0 bytes
[migrater] timestamp=1779269598.40, migrating=False, epoch=1, total_epochs=3, configured=0 B/s, rate=0 B/s, pending=0 bytes
[migrater] timestamp=1779269598.50, migrating=False, epoch=1, total_epochs=3, configured=0 B/s, rate=0 B/s, pending=0 bytes
[migrater] timestamp=1779269598.60, migrating=False, epoch=1, total_epochs=3, configured=0 B/s, rate=0 B/s, pending=0 bytes
[migrater] timestamp=1779269598.70, migrating=False, epoch=1, total_epochs=3, configured=0 B/s, rate=0 B/s, pending=0 bytes
[migrater] timestamp=1779269598.80, migrating=False, epoch=1, total_epochs=3, configured=0 B/s, rate=0 B/s, pending=0 bytes
[migrater] timestamp=1779269598.90, migrating=False, epoch=1, total_epochs=3, configured=0 B/s, rate=0 B/s, pending=0 bytes
[migrater] timestamp=1779269599.00, migrating=False, epoch=1, total_epochs=3, configured=0 B/s, rate=0 B/s, pending=0 bytes
[migrater] timestamp=1779269599.10, migrating=False, epoch=1, total_epochs=3, configured=0 B/s, rate=0 B/s, pending=0 bytes
[migrater] timestamp=1779269599.20, migrating=False, epoch=1, total_epochs=3, configured=0 B/s, rate=0 B/s, pending=0 bytes
[migrater] timestamp=1779269599.30, migrating=False, epoch=1, total_epochs=3, configured=0 B/s, rate=0 B/s, pending=0 bytes
[migrater] timestamp=1779269599.40, migrating=False, epoch=1, total_epochs=3, configured=0 B/s, rate=0 B/s, pending=0 bytes
[migrater] timestamp=1779269599.51, migrating=False, epoch=1, total_epochs=3, configured=0 B/s, rate=0 B/s, pending=0 bytes
[migrater] timestamp=1779269599.61, migrating=False, epoch=1, total_epochs=3, configured=0 B/s, rate=0 B/s, pending=0 bytes
[migrater] timestamp=1779269599.71, migrating=False, epoch=1, total_epochs=3, configured=0 B/s, rate=0 B/s, pending=0 bytes
[migrater] timestamp=1779269599.81, migrating=False, epoch=1, total_epochs=3, configured=0 B/s, rate=0 B/s, pending=0 bytes
[migrater] timestamp=1779269599.91, migrating=False, epoch=1, total_epochs=3, configured=0 B/s, rate=0 B/s, pending=0 bytes
[migrater] timestamp=1779269600.01, migrating=False, epoch=1, total_epochs=3, configured=0 B/s, rate=0 B/s, pending=0 bytes
[migrater] timestamp=1779269600.11, migrating=False, epoch=1, total_epochs=3, configured=0 B/s, rate=0 B/s, pending=0 bytes
[migrater] timestamp=1779269600.21, migrating=False, epoch=1, total_epochs=3, configured=0 B/s, rate=0 B/s, pending=0 bytes
[migrater] timestamp=1779269600.31, migrating=False, epoch=1, total_epochs=3, configured=0 B/s, rate=0 B/s, pending=0 bytes
[migrater] timestamp=1779269600.41, migrating=False, epoch=1, total_epochs=3, configured=0 B/s, rate=0 B/s, pending=0 bytes
[migrater] timestamp=1779269600.51, migrating=False, epoch=1, total_epochs=3, configured=0 B/s, rate=0 B/s, pending=0 bytes
[migrater] timestamp=1779269600.61, migrating=False, epoch=1, total_epochs=3, configured=0 B/s, rate=0 B/s, pending=0 bytes
[migrater] timestamp=1779269600.71, migrating=False, epoch=1, total_epochs=3, configured=0 B/s, rate=0 B/s, pending=0 bytes
[migrater] timestamp=1779269600.81, migrating=False, epoch=1, total_epochs=3, configured=0 B/s, rate=0 B/s, pending=0 bytes
[migrater] timestamp=1779269600.91, migrating=False, epoch=1, total_epochs=3, configured=0 B/s, rate=0 B/s, pending=0 bytes
[migrater] timestamp=1779269601.01, migrating=False, epoch=1, total_epochs=3, configured=0 B/s, rate=0 B/s, pending=0 bytes
[migrater] timestamp=1779269601.11, migrating=False, epoch=1, total_epochs=3, configured=0 B/s, rate=0 B/s, pending=0 bytes
[migrater] timestamp=1779269601.21, migrating=False, epoch=1, total_epochs=3, configured=0 B/s, rate=0 B/s, pending=0 bytes
[migrater] timestamp=1779269601.31, migrating=False, epoch=1, total_epochs=3, configured=0 B/s, rate=0 B/s, pending=0 bytes
[migrater] timestamp=1779269601.41, migrating=False, epoch=1, total_epochs=3, configured=0 B/s, rate=0 B/s, pending=0 bytes
[migrater] timestamp=1779269601.51, migrating=False, epoch=1, total_epochs=3, configured=0 B/s, rate=0 B/s, pending=0 bytes
[migrater] timestamp=1779269601.61, migrating=False, epoch=1, total_epochs=3, configured=0 B/s, rate=0 B/s, pending=0 bytes
[migrater] timestamp=1779269601.71, migrating=False, epoch=1, total_epochs=3, configured=0 B/s, rate=0 B/s, pending=0 bytes
[migrater] timestamp=1779269601.81, migrating=False, epoch=1, total_epochs=3, configured=0 B/s, rate=0 B/s, pending=0 bytes
[migrater] timestamp=1779269601.91, migrating=False, epoch=1, total_epochs=3, configured=0 B/s, rate=0 B/s, pending=0 bytes
[migrater] timestamp=1779269602.02, migrating=False, epoch=1, total_epochs=3, configured=0 B/s, rate=0 B/s, pending=0 bytes
[migrater] timestamp=1779269602.12, migrating=False, epoch=1, total_epochs=3, configured=0 B/s, rate=0 B/s, pending=0 bytes
[migrater] timestamp=1779269602.22, migrating=False, epoch=1, total_epochs=3, configured=0 B/s, rate=0 B/s, pending=0 bytes
[migrater] timestamp=1779269602.32, migrating=False, epoch=1, total_epochs=3, configured=0 B/s, rate=0 B/s, pending=0 bytes
[migrater] timestamp=1779269602.42, migrating=False, epoch=1, total_epochs=3, configured=0 B/s, rate=0 B/s, pending=0 bytes
[migrater] timestamp=1779269602.52, migrating=False, epoch=1, total_epochs=3, configured=0 B/s, rate=0 B/s, pending=0 bytes
[migrater] timestamp=1779269602.62, migrating=False, epoch=1, total_epochs=3, configured=0 B/s, rate=0 B/s, pending=0 bytes
[migrater] timestamp=1779269602.72, migrating=False, epoch=1, total_epochs=3, configured=0 B/s, rate=0 B/s, pending=0 bytes
[migrater] timestamp=1779269602.82, migrating=False, epoch=1, total_epochs=3, configured=0 B/s, rate=0 B/s, pending=0 bytes
[migrater] timestamp=1779269602.92, migrating=False, epoch=1, total_epochs=3, configured=0 B/s, rate=0 B/s, pending=0 bytes
[migrater] timestamp=1779269603.02, migrating=False, epoch=1, total_epochs=3, configured=0 B/s, rate=0 B/s, pending=0 bytes
[migrater] timestamp=1779269603.12, migrating=False, epoch=1, total_epochs=3, configured=0 B/s, rate=0 B/s, pending=0 bytes
[migrater] timestamp=1779269603.22, migrating=False, epoch=1, total_epochs=3, configured=0 B/s, rate=0 B/s, pending=0 bytes
[migrater] timestamp=1779269603.32, migrating=False, epoch=1, total_epochs=3, configured=0 B/s, rate=0 B/s, pending=0 bytes
[migrater] timestamp=1779269603.42, migrating=False, epoch=1, total_epochs=3, configured=0 B/s, rate=0 B/s, pending=0 bytes
[migrater] timestamp=1779269603.52, migrating=False, epoch=1, total_epochs=3, configured=0 B/s, rate=0 B/s, pending=0 bytes
[migrater] timestamp=1779269603.62, migrating=False, epoch=1, total_epochs=3, configured=0 B/s, rate=0 B/s, pending=0 bytes
[migrater] timestamp=1779269603.72, migrating=False, epoch=1, total_epochs=3, configured=0 B/s, rate=0 B/s, pending=0 bytes
[migrater] timestamp=1779269603.82, migrating=False, epoch=1, total_epochs=3, configured=0 B/s, rate=0 B/s, pending=0 bytes
[migrater] timestamp=1779269603.92, migrating=False, epoch=1, total_epochs=3, configured=0 B/s, rate=0 B/s, pending=0 bytes
[migrater] timestamp=1779269604.02, migrating=False, epoch=1, total_epochs=3, configured=0 B/s, rate=0 B/s, pending=0 bytes
[migrater] timestamp=1779269604.12, migrating=False, epoch=1, total_epochs=3, configured=0 B/s, rate=0 B/s, pending=0 bytes
[migrater] timestamp=1779269604.22, migrating=False, epoch=1, total_epochs=3, configured=0 B/s, rate=0 B/s, pending=0 bytes
[migrater] timestamp=1779269604.32, migrating=False, epoch=1, total_epochs=3, configured=0 B/s, rate=0 B/s, pending=0 bytes
[migrater] timestamp=1779269604.42, migrating=False, epoch=1, total_epochs=3, configured=0 B/s, rate=0 B/s, pending=0 bytes
[migrater] timestamp=1779269604.53, migrating=False, epoch=1, total_epochs=3, configured=0 B/s, rate=0 B/s, pending=0 bytes
[migrater] timestamp=1779269604.63, migrating=False, epoch=1, total_epochs=3, configured=0 B/s, rate=0 B/s, pending=0 bytes
[migrater] timestamp=1779269604.73, migrating=False, epoch=1, total_epochs=3, configured=0 B/s, rate=0 B/s, pending=0 bytes
[migrater] timestamp=1779269604.83, migrating=False, epoch=1, total_epochs=3, configured=0 B/s, rate=0 B/s, pending=0 bytes
[migrater] timestamp=1779269604.93, migrating=False, epoch=1, total_epochs=3, configured=0 B/s, rate=0 B/s, pending=0 bytes
[migrater] timestamp=1779269605.03, migrating=False, epoch=1, total_epochs=3, configured=0 B/s, rate=0 B/s, pending=0 bytes
[migrater] timestamp=1779269605.13, migrating=False, epoch=1, total_epochs=3, configured=0 B/s, rate=0 B/s, pending=0 bytes
[migrater] timestamp=1779269605.23, migrating=False, epoch=1, total_epochs=3, configured=0 B/s, rate=0 B/s, pending=0 bytes
[migrater] timestamp=1779269605.33, migrating=False, epoch=1, total_epochs=3, configured=0 B/s, rate=0 B/s, pending=0 bytes
[migrater] timestamp=1779269605.43, migrating=False, epoch=1, total_epochs=3, configured=0 B/s, rate=0 B/s, pending=0 bytes
[migrater] timestamp=1779269605.53, migrating=False, epoch=1, total_epochs=3, configured=0 B/s, rate=0 B/s, pending=0 bytes
[migrater] timestamp=1779269605.63, migrating=False, epoch=1, total_epochs=3, configured=0 B/s, rate=0 B/s, pending=0 bytes
[migrater] timestamp=1779269605.73, migrating=False, epoch=1, total_epochs=3, configured=0 B/s, rate=0 B/s, pending=0 bytes
[migrater] timestamp=1779269605.83, migrating=False, epoch=1, total_epochs=3, configured=0 B/s, rate=0 B/s, pending=0 bytes
[migrater] timestamp=1779269605.93, migrating=False, epoch=1, total_epochs=3, configured=0 B/s, rate=0 B/s, pending=0 bytes
[migrater] timestamp=1779269606.03, migrating=False, epoch=1, total_epochs=3, configured=0 B/s, rate=0 B/s, pending=0 bytes
[migrater] timestamp=1779269606.13, migrating=False, epoch=1, total_epochs=3, configured=0 B/s, rate=0 B/s, pending=0 bytes
[migrater] timestamp=1779269606.23, migrating=False, epoch=1, total_epochs=3, configured=0 B/s, rate=0 B/s, pending=0 bytes
[migrater] timestamp=1779269606.33, migrating=False, epoch=1, total_epochs=3, configured=0 B/s, rate=0 B/s, pending=0 bytes
[migrater] timestamp=1779269606.43, migrating=False, epoch=1, total_epochs=3, configured=0 B/s, rate=0 B/s, pending=0 bytes
[migrater] timestamp=1779269606.53, migrating=False, epoch=1, total_epochs=3, configured=0 B/s, rate=0 B/s, pending=0 bytes
[migrater] timestamp=1779269606.63, migrating=False, epoch=1, total_epochs=3, configured=0 B/s, rate=0 B/s, pending=0 bytes
[migrater] timestamp=1779269606.73, migrating=False, epoch=1, total_epochs=3, configured=0 B/s, rate=0 B/s, pending=0 bytes
[migrater] timestamp=1779269606.83, migrating=False, epoch=1, total_epochs=3, configured=0 B/s, rate=0 B/s, pending=0 bytes
[migrater] timestamp=1779269606.93, migrating=False, epoch=1, total_epochs=3, configured=0 B/s, rate=0 B/s, pending=0 bytes
[migrater] timestamp=1779269607.04, migrating=False, epoch=1, total_epochs=3, configured=0 B/s, rate=0 B/s, pending=0 bytes
[migrater] timestamp=1779269607.14, migrating=False, epoch=1, total_epochs=3, configured=0 B/s, rate=0 B/s, pending=0 bytes
[migrater] timestamp=1779269607.24, migrating=False, epoch=1, total_epochs=3, configured=0 B/s, rate=0 B/s, pending=0 bytes
[migrater] timestamp=1779269607.34, migrating=False, epoch=1, total_epochs=3, configured=0 B/s, rate=0 B/s, pending=0 bytes
[migrater] timestamp=1779269607.44, migrating=False, epoch=1, total_epochs=3, configured=0 B/s, rate=0 B/s, pending=0 bytes
[migrater] timestamp=1779269607.54, migrating=False, epoch=1, total_epochs=3, configured=0 B/s, rate=0 B/s, pending=0 bytes
[migrater] timestamp=1779269607.64, migrating=False, epoch=1, total_epochs=3, configured=0 B/s, rate=0 B/s, pending=0 bytes
[migrater] timestamp=1779269607.74, migrating=False, epoch=1, total_epochs=3, configured=0 B/s, rate=0 B/s, pending=0 bytes
[migrater] timestamp=1779269607.84, migrating=False, epoch=1, total_epochs=3, configured=0 B/s, rate=0 B/s, pending=0 bytes
[migrater] timestamp=1779269607.94, migrating=False, epoch=1, total_epochs=3, configured=0 B/s, rate=0 B/s, pending=0 bytes
[migrater] timestamp=1779269608.04, migrating=False, epoch=1, total_epochs=3, configured=0 B/s, rate=0 B/s, pending=0 bytes
[migrater] timestamp=1779269608.14, migrating=False, epoch=1, total_epochs=3, configured=0 B/s, rate=0 B/s, pending=0 bytes
[migrater] timestamp=1779269608.24, migrating=False, epoch=1, total_epochs=3, configured=0 B/s, rate=0 B/s, pending=0 bytes
[migrater] timestamp=1779269608.34, migrating=False, epoch=1, total_epochs=3, configured=0 B/s, rate=0 B/s, pending=0 bytes
[migrater] timestamp=1779269608.44, migrating=False, epoch=1, total_epochs=3, configured=0 B/s, rate=0 B/s, pending=0 bytes
[migrater] timestamp=1779269608.54, migrating=False, epoch=1, total_epochs=3, configured=0 B/s, rate=0 B/s, pending=0 bytes
[migrater] timestamp=1779269608.64, migrating=False, epoch=1, total_epochs=3, configured=0 B/s, rate=0 B/s, pending=0 bytes
[migrater] timestamp=1779269608.74, migrating=False, epoch=1, total_epochs=3, configured=0 B/s, rate=0 B/s, pending=0 bytes
[migrater] timestamp=1779269608.84, migrating=False, epoch=1, total_epochs=3, configured=0 B/s, rate=0 B/s, pending=0 bytes
[migrater] timestamp=1779269608.94, migrating=False, epoch=1, total_epochs=3, configured=0 B/s, rate=0 B/s, pending=0 bytes
[migrater] timestamp=1779269609.04, migrating=False, epoch=1, total_epochs=3, configured=0 B/s, rate=0 B/s, pending=0 bytes
[migrater] timestamp=1779269609.14, migrating=False, epoch=1, total_epochs=3, configured=0 B/s, rate=0 B/s, pending=0 bytes
[migrater] timestamp=1779269609.24, migrating=False, epoch=1, total_epochs=3, configured=0 B/s, rate=0 B/s, pending=0 bytes
[migrater] timestamp=1779269609.34, migrating=False, epoch=1, total_epochs=3, configured=0 B/s, rate=0 B/s, pending=0 bytes
[migrater] timestamp=1779269609.44, migrating=False, epoch=1, total_epochs=3, configured=0 B/s, rate=0 B/s, pending=0 bytes
[migrater] timestamp=1779269609.54, migrating=False, epoch=1, total_epochs=3, configured=0 B/s, rate=0 B/s, pending=0 bytes
[migrater] timestamp=1779269609.65, migrating=False, epoch=1, total_epochs=3, configured=0 B/s, rate=0 B/s, pending=0 bytes
[migrater] timestamp=1779269609.75, migrating=False, epoch=1, total_epochs=3, configured=0 B/s, rate=0 B/s, pending=0 bytes
[migrater] timestamp=1779269609.85, migrating=False, epoch=1, total_epochs=3, configured=0 B/s, rate=0 B/s, pending=0 bytes
[migrater] timestamp=1779269609.95, migrating=False, epoch=1, total_epochs=3, configured=0 B/s, rate=0 B/s, pending=0 bytes
[migrater] timestamp=1779269610.05, migrating=False, epoch=1, total_epochs=3, configured=0 B/s, rate=0 B/s, pending=0 bytes
[migrater] timestamp=1779269610.15, migrating=False, epoch=1, total_epochs=3, configured=0 B/s, rate=0 B/s, pending=0 bytes
[migrater] timestamp=1779269610.25, migrating=False, epoch=1, total_epochs=3, configured=0 B/s, rate=0 B/s, pending=0 bytes
[migrater] timestamp=1779269610.35, migrating=False, epoch=1, total_epochs=3, configured=0 B/s, rate=0 B/s, pending=0 bytes
[migrater] timestamp=1779269610.45, migrating=False, epoch=1, total_epochs=3, configured=0 B/s, rate=0 B/s, pending=0 bytes
[migrater] timestamp=1779269610.55, migrating=False, epoch=1, total_epochs=3, configured=0 B/s, rate=0 B/s, pending=0 bytes
[migrater] timestamp=1779269610.65, migrating=False, epoch=1, total_epochs=3, configured=0 B/s, rate=0 B/s, pending=0 bytes
[migrater] timestamp=1779269610.75, migrating=False, epoch=1, total_epochs=3, configured=0 B/s, rate=0 B/s, pending=0 bytes
[migrater] timestamp=1779269610.85, migrating=False, epoch=1, total_epochs=3, configured=0 B/s, rate=0 B/s, pending=0 bytes
[migrater] timestamp=1779269610.95, migrating=False, epoch=1, total_epochs=3, configured=0 B/s, rate=0 B/s, pending=0 bytes
[migrater] timestamp=1779269611.05, migrating=False, epoch=1, total_epochs=3, configured=0 B/s, rate=0 B/s, pending=0 bytes
[migrater] timestamp=1779269611.15, migrating=False, epoch=1, total_epochs=3, configured=0 B/s, rate=0 B/s, pending=0 bytes
[migrater] timestamp=1779269611.25, migrating=False, epoch=1, total_epochs=3, configured=0 B/s, rate=0 B/s, pending=0 bytes
[migrater] timestamp=1779269611.35, migrating=False, epoch=1, total_epochs=3, configured=0 B/s, rate=0 B/s, pending=0 bytes
[migrater] timestamp=1779269611.45, migrating=False, epoch=1, total_epochs=3, configured=0 B/s, rate=0 B/s, pending=0 bytes
[migrater] timestamp=1779269611.55, migrating=False, epoch=1, total_epochs=3, configured=0 B/s, rate=0 B/s, pending=0 bytes
[migrater] timestamp=1779269611.65, migrating=False, epoch=1, total_epochs=3, configured=0 B/s, rate=0 B/s, pending=0 bytes
[migrater] timestamp=1779269611.75, migrating=False, epoch=1, total_epochs=3, configured=0 B/s, rate=0 B/s, pending=0 bytes
[migrater] timestamp=1779269611.85, migrating=False, epoch=1, total_epochs=3, configured=0 B/s, rate=0 B/s, pending=0 bytes
[migrater] timestamp=1779269611.95, migrating=False, epoch=1, total_epochs=3, configured=0 B/s, rate=0 B/s, pending=0 bytes
[migrater] timestamp=1779269612.05, migrating=False, epoch=1, total_epochs=3, configured=0 B/s, rate=0 B/s, pending=0 bytes
[migrater] timestamp=1779269612.16, migrating=False, epoch=1, total_epochs=3, configured=0 B/s, rate=0 B/s, pending=0 bytes
[migrater] timestamp=1779269612.26, migrating=False, epoch=1, total_epochs=3, configured=0 B/s, rate=0 B/s, pending=0 bytes
[migrater] timestamp=1779269612.36, migrating=False, epoch=1, total_epochs=3, configured=0 B/s, rate=0 B/s, pending=0 bytes
[migrater] timestamp=1779269612.46, migrating=False, epoch=1, total_epochs=3, configured=0 B/s, rate=0 B/s, pending=0 bytes
[migrater] timestamp=1779269612.56, migrating=False, epoch=1, total_epochs=3, configured=0 B/s, rate=0 B/s, pending=0 bytes
[migrater] timestamp=1779269612.66, migrating=False, epoch=1, total_epochs=3, configured=0 B/s, rate=0 B/s, pending=0 bytes
[migrater] timestamp=1779269612.76, migrating=False, epoch=1, total_epochs=3, configured=0 B/s, rate=0 B/s, pending=0 bytes
[migrater] timestamp=1779269612.86, migrating=False, epoch=1, total_epochs=3, configured=0 B/s, rate=0 B/s, pending=0 bytes
[migrater] timestamp=1779269612.96, migrating=False, epoch=1, total_epochs=3, configured=0 B/s, rate=0 B/s, pending=0 bytes
[migrater] timestamp=1779269613.06, migrating=False, epoch=1, total_epochs=3, configured=0 B/s, rate=0 B/s, pending=0 bytes
[migrater] timestamp=1779269613.16, migrating=False, epoch=1, total_epochs=3, configured=0 B/s, rate=0 B/s, pending=0 bytes
[migrater] timestamp=1779269613.26, migrating=False, epoch=1, total_epochs=3, configured=0 B/s, rate=0 B/s, pending=0 bytes
[migrater] timestamp=1779269613.36, migrating=False, epoch=1, total_epochs=3, configured=0 B/s, rate=0 B/s, pending=0 bytes
[migrater] timestamp=1779269613.46, migrating=False, epoch=1, total_epochs=3, configured=0 B/s, rate=0 B/s, pending=0 bytes
[migrater] timestamp=1779269613.56, migrating=False, epoch=1, total_epochs=3, configured=0 B/s, rate=0 B/s, pending=0 bytes
[migrater] timestamp=1779269613.66, migrating=False, epoch=1, total_epochs=3, configured=0 B/s, rate=0 B/s, pending=0 bytes
[migrater] timestamp=1779269613.76, migrating=False, epoch=1, total_epochs=3, configured=0 B/s, rate=0 B/s, pending=0 bytes
[migrater] timestamp=1779269613.86, migrating=False, epoch=1, total_epochs=3, configured=0 B/s, rate=0 B/s, pending=0 bytes
[migrater] timestamp=1779269613.96, migrating=False, epoch=1, total_epochs=3, configured=0 B/s, rate=0 B/s, pending=0 bytes
[migrater] timestamp=1779269614.06, migrating=False, epoch=1, total_epochs=3, configured=0 B/s, rate=0 B/s, pending=0 bytes
[migrater] timestamp=1779269614.16, migrating=False, epoch=1, total_epochs=3, configured=0 B/s, rate=0 B/s, pending=0 bytes
[migrater] timestamp=1779269614.26, migrating=False, epoch=1, total_epochs=3, configured=0 B/s, rate=0 B/s, pending=0 bytes
[migrater] timestamp=1779269614.36, migrating=False, epoch=1, total_epochs=3, configured=0 B/s, rate=0 B/s, pending=0 bytes
[migrater] timestamp=1779269614.46, migrating=False, epoch=1, total_epochs=3, configured=0 B/s, rate=0 B/s, pending=0 bytes
[migrater] timestamp=1779269614.56, migrating=False, epoch=1, total_epochs=3, configured=0 B/s, rate=0 B/s, pending=0 bytes
[migrater] timestamp=1779269614.66, migrating=False, epoch=1, total_epochs=3, configured=0 B/s, rate=0 B/s, pending=0 bytes
[migrater] timestamp=1779269614.77, migrating=False, epoch=1, total_epochs=3, configured=0 B/s, rate=0 B/s, pending=0 bytes
[migrater] timestamp=1779269614.87, migrating=False, epoch=1, total_epochs=3, configured=0 B/s, rate=0 B/s, pending=0 bytes
[migrater] timestamp=1779269614.97, migrating=False, epoch=1, total_epochs=3, configured=0 B/s, rate=0 B/s, pending=0 bytes
[migrater] timestamp=1779269615.07, migrating=False, epoch=1, total_epochs=3, configured=0 B/s, rate=0 B/s, pending=0 bytes
[migrater] timestamp=1779269615.17, migrating=False, epoch=1, total_epochs=3, configured=0 B/s, rate=0 B/s, pending=0 bytes
[migrater] timestamp=1779269615.27, migrating=False, epoch=1, total_epochs=3, configured=0 B/s, rate=0 B/s, pending=0 bytes
[migrater] timestamp=1779269615.37, migrating=False, epoch=1, total_epochs=3, configured=0 B/s, rate=0 B/s, pending=0 bytes
[migrater] timestamp=1779269615.47, migrating=False, epoch=1, total_epochs=3, configured=0 B/s, rate=0 B/s, pending=0 bytes
[migrater] timestamp=1779269615.57, migrating=False, epoch=1, total_epochs=3, configured=0 B/s, rate=0 B/s, pending=0 bytes
[migrater] timestamp=1779269615.67, migrating=False, epoch=1, total_epochs=3, configured=0 B/s, rate=0 B/s, pending=0 bytes
[migrater] timestamp=1779269615.77, migrating=False, epoch=1, total_epochs=3, configured=0 B/s, rate=0 B/s, pending=0 bytes
[migrater] timestamp=1779269615.87, migrating=False, epoch=1, total_epochs=3, configured=0 B/s, rate=0 B/s, pending=0 bytes
[migrater] timestamp=1779269615.97, migrating=False, epoch=1, total_epochs=3, configured=0 B/s, rate=0 B/s, pending=0 bytes
[migrater] timestamp=1779269616.07, migrating=False, epoch=1, total_epochs=3, configured=0 B/s, rate=0 B/s, pending=0 bytes
[migrater] timestamp=1779269616.17, migrating=False, epoch=1, total_epochs=3, configured=0 B/s, rate=0 B/s, pending=0 bytes
[migrater] timestamp=1779269616.27, migrating=False, epoch=1, total_epochs=3, configured=0 B/s, rate=0 B/s, pending=0 bytes
[migrater] timestamp=1779269616.37, migrating=False, epoch=1, total_epochs=3, configured=0 B/s, rate=0 B/s, pending=0 bytes
[migrater] timestamp=1779269616.47, migrating=False, epoch=1, total_epochs=3, configured=0 B/s, rate=0 B/s, pending=0 bytes
[migrater] timestamp=1779269616.57, migrating=False, epoch=1, total_epochs=3, configured=0 B/s, rate=0 B/s, pending=0 bytes
[migrater] timestamp=1779269616.67, migrating=False, epoch=1, total_epochs=3, configured=0 B/s, rate=0 B/s, pending=0 bytes
[migrater] timestamp=1779269616.77, migrating=False, epoch=1, total_epochs=3, configured=0 B/s, rate=0 B/s, pending=0 bytes
[migrater] timestamp=1779269616.87, migrating=False, epoch=1, total_epochs=3, configured=0 B/s, rate=0 B/s, pending=0 bytes
[migrater] timestamp=1779269616.97, migrating=False, epoch=1, total_epochs=3, configured=0 B/s, rate=0 B/s, pending=0 bytes
[migrater] timestamp=1779269617.07, migrating=False, epoch=1, total_epochs=3, configured=0 B/s, rate=0 B/s, pending=0 bytes
[migrater] timestamp=1779269617.17, migrating=False, epoch=1, total_epochs=3, configured=0 B/s, rate=0 B/s, pending=0 bytes
[migrater] timestamp=1779269617.28, migrating=False, epoch=1, total_epochs=3, configured=0 B/s, rate=0 B/s, pending=0 bytes
[migrater] timestamp=1779269617.38, migrating=False, epoch=1, total_epochs=3, configured=0 B/s, rate=0 B/s, pending=0 bytes
[migrater] timestamp=1779269617.48, migrating=False, epoch=1, total_epochs=3, configured=0 B/s, rate=0 B/s, pending=0 bytes
[migrater] timestamp=1779269617.58, migrating=False, epoch=1, total_epochs=3, configured=0 B/s, rate=0 B/s, pending=0 bytes
[migrater] timestamp=1779269617.68, migrating=False, epoch=1, total_epochs=3, configured=0 B/s, rate=0 B/s, pending=0 bytes
[migrater] timestamp=1779269617.78, migrating=False, epoch=1, total_epochs=3, configured=0 B/s, rate=0 B/s, pending=0 bytes
[migrater] timestamp=1779269617.88, migrating=False, epoch=1, total_epochs=3, configured=0 B/s, rate=0 B/s, pending=0 bytes
[migrater] timestamp=1779269617.98, migrating=False, epoch=1, total_epochs=3, configured=0 B/s, rate=0 B/s, pending=0 bytes
[migrater] timestamp=1779269618.08, migrating=False, epoch=1, total_epochs=3, configured=0 B/s, rate=0 B/s, pending=0 bytes
[migrater] timestamp=1779269618.18, migrating=False, epoch=1, total_epochs=3, configured=0 B/s, rate=0 B/s, pending=0 bytes
[migrater] timestamp=1779269618.28, migrating=False, epoch=1, total_epochs=3, configured=0 B/s, rate=0 B/s, pending=0 bytes
[migrater] timestamp=1779269618.38, migrating=False, epoch=1, total_epochs=3, configured=0 B/s, rate=0 B/s, pending=0 bytes
[migrater] timestamp=1779269618.48, migrating=False, epoch=1, total_epochs=3, configured=0 B/s, rate=0 B/s, pending=0 bytes
[migrater] timestamp=1779269618.58, migrating=False, epoch=1, total_epochs=3, configured=0 B/s, rate=0 B/s, pending=0 bytes
[migrater] timestamp=1779269618.68, migrating=False, epoch=1, total_epochs=3, configured=0 B/s, rate=0 B/s, pending=0 bytes
[migrater] timestamp=1779269618.78, migrating=False, epoch=1, total_epochs=3, configured=0 B/s, rate=0 B/s, pending=0 bytes
[migrater] timestamp=1779269618.88, migrating=False, epoch=1, total_epochs=3, configured=0 B/s, rate=0 B/s, pending=0 bytes
[migrater] timestamp=1779269618.98, migrating=False, epoch=1, total_epochs=3, configured=0 B/s, rate=0 B/s, pending=0 bytes
[migrater] timestamp=1779269619.08, migrating=False, epoch=1, total_epochs=3, configured=0 B/s, rate=0 B/s, pending=0 bytes
[migrater] timestamp=1779269619.18, migrating=False, epoch=1, total_epochs=3, configured=0 B/s, rate=0 B/s, pending=0 bytes
[migrater] timestamp=1779269619.28, migrating=False, epoch=1, total_epochs=3, configured=0 B/s, rate=0 B/s, pending=0 bytes
[migrater] timestamp=1779269619.38, migrating=False, epoch=1, total_epochs=3, configured=0 B/s, rate=0 B/s, pending=0 bytes
[migrater] timestamp=1779269619.48, migrating=False, epoch=1, total_epochs=3, configured=0 B/s, rate=0 B/s, pending=0 bytes
[migrater] timestamp=1779269619.58, migrating=False, epoch=1, total_epochs=3, configured=0 B/s, rate=0 B/s, pending=0 bytes
[migrater] timestamp=1779269619.68, migrating=False, epoch=1, total_epochs=3, configured=0 B/s, rate=0 B/s, pending=0 bytes
[migrater] timestamp=1779269619.79, migrating=False, epoch=1, total_epochs=3, configured=0 B/s, rate=0 B/s, pending=0 bytes
[migrater] timestamp=1779269619.89, migrating=False, epoch=1, total_epochs=3, configured=0 B/s, rate=0 B/s, pending=0 bytes
[migrater] timestamp=1779269619.99, migrating=False, epoch=1, total_epochs=3, configured=0 B/s, rate=0 B/s, pending=0 bytes
[migrater] timestamp=1779269620.09, migrating=False, epoch=1, total_epochs=3, configured=0 B/s, rate=0 B/s, pending=0 bytes
[migrater] timestamp=1779269620.19, migrating=False, epoch=1, total_epochs=3, configured=0 B/s, rate=0 B/s, pending=0 bytes
[migrater] timestamp=1779269620.29, migrating=False, epoch=1, total_epochs=3, configured=0 B/s, rate=0 B/s, pending=0 bytes
[migrater] timestamp=1779269620.39, migrating=False, epoch=1, total_epochs=3, configured=0 B/s, rate=0 B/s, pending=0 bytes
[migrater] timestamp=1779269620.49, migrating=False, epoch=1, total_epochs=3, configured=0 B/s, rate=0 B/s, pending=0 bytes
[migrater] timestamp=1779269620.59, migrating=False, epoch=1, total_epochs=3, configured=0 B/s, rate=0 B/s, pending=0 bytes
[migrater] timestamp=1779269620.69, migrating=False, epoch=1, total_epochs=3, configured=0 B/s, rate=0 B/s, pending=0 bytes
[migrater] timestamp=1779269620.79, migrating=False, epoch=1, total_epochs=3, configured=0 B/s, rate=0 B/s, pending=0 bytes
[migrater] timestamp=1779269620.89, migrating=False, epoch=1, total_epochs=3, configured=0 B/s, rate=0 B/s, pending=0 bytes
[migrater] timestamp=1779269620.99, migrating=False, epoch=1, total_epochs=3, configured=0 B/s, rate=0 B/s, pending=0 bytes
[migrater] timestamp=1779269621.09, migrating=False, epoch=1, total_epochs=3, configured=0 B/s, rate=0 B/s, pending=0 bytes
[migrater] timestamp=1779269621.19, migrating=False, epoch=1, total_epochs=3, configured=0 B/s, rate=0 B/s, pending=0 bytes
[migrater] timestamp=1779269621.29, migrating=False, epoch=1, total_epochs=3, configured=0 B/s, rate=0 B/s, pending=0 bytes
[migrater] timestamp=1779269621.39, migrating=False, epoch=1, total_epochs=3, configured=0 B/s, rate=0 B/s, pending=0 bytes
[migrater] timestamp=1779269621.49, migrating=False, epoch=1, total_epochs=3, configured=0 B/s, rate=0 B/s, pending=0 bytes
[migrater] timestamp=1779269621.59, migrating=False, epoch=1, total_epochs=3, configured=0 B/s, rate=0 B/s, pending=0 bytes
[migrater] timestamp=1779269621.69, migrating=False, epoch=1, total_epochs=3, configured=0 B/s, rate=0 B/s, pending=0 bytes
[migrater] timestamp=1779269621.79, migrating=False, epoch=1, total_epochs=3, configured=0 B/s, rate=0 B/s, pending=0 bytes
[migrater] timestamp=1779269621.89, migrating=False, epoch=1, total_epochs=3, configured=0 B/s, rate=0 B/s, pending=0 bytes
[migrater] timestamp=1779269621.99, migrating=False, epoch=1, total_epochs=3, configured=0 B/s, rate=0 B/s, pending=0 bytes
[migrater] timestamp=1779269622.09, migrating=False, epoch=1, total_epochs=3, configured=0 B/s, rate=0 B/s, pending=0 bytes
[migrater] timestamp=1779269622.19, migrating=False, epoch=1, total_epochs=3, configured=0 B/s, rate=0 B/s, pending=0 bytes
[migrater] timestamp=1779269622.29, migrating=False, epoch=1, total_epochs=3, configured=0 B/s, rate=0 B/s, pending=0 bytes
[migrater] timestamp=1779269622.40, migrating=False, epoch=1, total_epochs=3, configured=0 B/s, rate=0 B/s, pending=0 bytes
[migrater] timestamp=1779269622.50, migrating=False, epoch=1, total_epochs=3, configured=0 B/s, rate=0 B/s, pending=0 bytes
[migrater] timestamp=1779269622.60, migrating=False, epoch=1, total_epochs=3, configured=0 B/s, rate=0 B/s, pending=0 bytes
[migrater] timestamp=1779269622.70, migrating=False, epoch=1, total_epochs=3, configured=0 B/s, rate=0 B/s, pending=0 bytes
[migrater] timestamp=1779269622.80, migrating=False, epoch=1, total_epochs=3, configured=0 B/s, rate=0 B/s, pending=0 bytes
[migrater] timestamp=1779269622.90, migrating=False, epoch=1, total_epochs=3, configured=0 B/s, rate=0 B/s, pending=0 bytes
[migrater] timestamp=1779269623.00, migrating=False, epoch=1, total_epochs=3, configured=0 B/s, rate=0 B/s, pending=0 bytes
[migrater] timestamp=1779269623.10, migrating=False, epoch=1, total_epochs=3, configured=0 B/s, rate=0 B/s, pending=0 bytes
[migrater] timestamp=1779269623.20, migrating=False, epoch=1, total_epochs=3, configured=0 B/s, rate=0 B/s, pending=0 bytes
[migrater] timestamp=1779269623.30, migrating=False, epoch=1, total_epochs=3, configured=0 B/s, rate=0 B/s, pending=0 bytes
[migrater] timestamp=1779269623.40, migrating=False, epoch=1, total_epochs=3, configured=0 B/s, rate=0 B/s, pending=0 bytes
[migrater] timestamp=1779269623.50, migrating=False, epoch=1, total_epochs=3, configured=0 B/s, rate=0 B/s, pending=0 bytes
[migrater] timestamp=1779269623.60, migrating=False, epoch=1, total_epochs=3, configured=0 B/s, rate=0 B/s, pending=0 bytes
[migrater] timestamp=1779269623.70, migrating=False, epoch=1, total_epochs=3, configured=0 B/s, rate=0 B/s, pending=0 bytes
[migrater] timestamp=1779269623.80, migrating=False, epoch=1, total_epochs=3, configured=0 B/s, rate=0 B/s, pending=0 bytes
[migrater] timestamp=1779269623.90, migrating=False, epoch=1, total_epochs=3, configured=0 B/s, rate=0 B/s, pending=0 bytes
[migrater] timestamp=1779269624.00, migrating=False, epoch=1, total_epochs=3, configured=0 B/s, rate=0 B/s, pending=0 bytes
[migrater] timestamp=1779269624.10, migrating=False, epoch=1, total_epochs=3, configured=0 B/s, rate=0 B/s, pending=0 bytes
[migrater] timestamp=1779269624.20, migrating=False, epoch=1, total_epochs=3, configured=0 B/s, rate=0 B/s, pending=0 bytes
[migrater] timestamp=1779269624.30, migrating=False, epoch=1, total_epochs=3, configured=0 B/s, rate=0 B/s, pending=0 bytes
[migrater] timestamp=1779269624.40, migrating=False, epoch=1, total_epochs=3, configured=0 B/s, rate=0 B/s, pending=0 bytes
[migrater] timestamp=1779269624.50, migrating=False, epoch=1, total_epochs=3, configured=0 B/s, rate=0 B/s, pending=0 bytes
[migrater] timestamp=1779269624.60, migrating=False, epoch=1, total_epochs=3, configured=0 B/s, rate=0 B/s, pending=0 bytes
[migrater] timestamp=1779269624.70, migrating=False, epoch=1, total_epochs=3, configured=0 B/s, rate=0 B/s, pending=0 bytes
[migrater] timestamp=1779269624.80, migrating=False, epoch=1, total_epochs=3, configured=0 B/s, rate=0 B/s, pending=0 bytes
[migrater] timestamp=1779269624.91, migrating=False, epoch=1, total_epochs=3, configured=0 B/s, rate=0 B/s, pending=0 bytes
[migrater] timestamp=1779269625.01, migrating=False, epoch=1, total_epochs=3, configured=0 B/s, rate=0 B/s, pending=0 bytes
[migrater] timestamp=1779269625.11, migrating=False, epoch=1, total_epochs=3, configured=0 B/s, rate=0 B/s, pending=0 bytes
[migrater] timestamp=1779269625.21, migrating=False, epoch=1, total_epochs=3, configured=0 B/s, rate=0 B/s, pending=0 bytes
[migrater] timestamp=1779269625.31, migrating=False, epoch=1, total_epochs=3, configured=0 B/s, rate=0 B/s, pending=0 bytes
[migrater] timestamp=1779269625.41, migrating=False, epoch=1, total_epochs=3, configured=0 B/s, rate=0 B/s, pending=0 bytes
[migrater] timestamp=1779269625.51, migrating=False, epoch=1, total_epochs=3, configured=0 B/s, rate=0 B/s, pending=0 bytes
[migrater] timestamp=1779269625.61, migrating=False, epoch=1, total_epochs=3, configured=0 B/s, rate=0 B/s, pending=0 bytes
[migrater] timestamp=1779269625.71, migrating=False, epoch=2, total_epochs=3, configured=0 B/s, rate=0 B/s, pending=5368709120 bytes
[migrater] timestamp=1779269625.81, migrating=True, epoch=2, total_epochs=3, configured=0 B/s, rate=0 B/s, pending=5368709120 bytes
[migrater] timestamp=1779269625.82, migrating=True, epoch=2, total_epochs=3, configured=500000000 B/s, rate=641271914 B/s, pending=5301600256 bytes ([1.25%] 67108864/5368709120 bytes copied)
[migrater] timestamp=1779269625.93, migrating=True, epoch=2, total_epochs=3, configured=500000000 B/s, rate=500348388 B/s, pending=5251268608 bytes ([2.19%] 117440512/5368709120 bytes copied)
[migrater] timestamp=1779269626.03, migrating=True, epoch=2, total_epochs=3, configured=500000000 B/s, rate=499927442 B/s, pending=5200936960 bytes ([3.12%] 167772160/5368709120 bytes copied)
[migrater] timestamp=1779269626.13, migrating=True, epoch=2, total_epochs=3, configured=500000000 B/s, rate=499999801 B/s, pending=5150605312 bytes ([4.06%] 218103808/5368709120 bytes copied)
[migrater] timestamp=1779269626.23, migrating=True, epoch=2, total_epochs=3, configured=500000000 B/s, rate=500025835 B/s, pending=5100273664 bytes ([5.00%] 268435456/5368709120 bytes copied)
[migrater] timestamp=1779269626.33, migrating=True, epoch=2, total_epochs=3, configured=500000000 B/s, rate=500166700 B/s, pending=5049942016 bytes ([5.94%] 318767104/5368709120 bytes copied)
[migrater] timestamp=1779269626.43, migrating=True, epoch=2, total_epochs=3, configured=500000000 B/s, rate=500016894 B/s, pending=4999610368 bytes ([6.88%] 369098752/5368709120 bytes copied)
[migrater] timestamp=1779269626.53, migrating=True, epoch=2, total_epochs=3, configured=500000000 B/s, rate=499903906 B/s, pending=4949278720 bytes ([7.81%] 419430400/5368709120 bytes copied)
[migrater] timestamp=1779269626.63, migrating=True, epoch=2, total_epochs=3, configured=500000000 B/s, rate=500012815 B/s, pending=4898947072 bytes ([8.75%] 469762048/5368709120 bytes copied)
[migrater] timestamp=1779269626.73, migrating=True, epoch=2, total_epochs=3, configured=500000000 B/s, rate=499947156 B/s, pending=4848615424 bytes ([9.69%] 520093696/5368709120 bytes copied)
[migrater] timestamp=1779269626.83, migrating=True, epoch=2, total_epochs=3, configured=500000000 B/s, rate=500092504 B/s, pending=4798283776 bytes ([10.62%] 570425344/5368709120 bytes copied)
[migrater] timestamp=1779269626.93, migrating=True, epoch=2, total_epochs=3, configured=500000000 B/s, rate=499996677 B/s, pending=4747952128 bytes ([11.56%] 620756992/5368709120 bytes copied)
[migrater] timestamp=1779269627.03, migrating=True, epoch=2, total_epochs=3, configured=500000000 B/s, rate=499981970 B/s, pending=4697620480 bytes ([12.50%] 671088640/5368709120 bytes copied)
[migrater] timestamp=1779269627.13, migrating=True, epoch=2, total_epochs=3, configured=500000000 B/s, rate=499949590 B/s, pending=4647288832 bytes ([13.44%] 721420288/5368709120 bytes copied)
[migrater] timestamp=1779269627.23, migrating=True, epoch=2, total_epochs=3, configured=500000000 B/s, rate=499892139 B/s, pending=4596957184 bytes ([14.37%] 771751936/5368709120 bytes copied)
[migrater] timestamp=1779269627.33, migrating=True, epoch=2, total_epochs=3, configured=500000000 B/s, rate=499970944 B/s, pending=4546625536 bytes ([15.31%] 822083584/5368709120 bytes copied)
[migrater] timestamp=1779269627.44, migrating=True, epoch=2, total_epochs=3, configured=500000000 B/s, rate=500031493 B/s, pending=4496293888 bytes ([16.25%] 872415232/5368709120 bytes copied)
[migrater] timestamp=1779269627.54, migrating=True, epoch=2, total_epochs=3, configured=500000000 B/s, rate=499998659 B/s, pending=4445962240 bytes ([17.19%] 922746880/5368709120 bytes copied)
[migrater] timestamp=1779269627.64, migrating=True, epoch=2, total_epochs=3, configured=500000000 B/s, rate=499854210 B/s, pending=4395630592 bytes ([18.12%] 973078528/5368709120 bytes copied)
[migrater] timestamp=1779269627.74, migrating=True, epoch=2, total_epochs=3, configured=500000000 B/s, rate=500106422 B/s, pending=4345298944 bytes ([19.06%] 1023410176/5368709120 bytes copied)
[migrater] timestamp=1779269627.84, migrating=True, epoch=2, total_epochs=3, configured=500000000 B/s, rate=500142396 B/s, pending=4294967296 bytes ([20.00%] 1073741824/5368709120 bytes copied)
[migrater] timestamp=1779269627.94, migrating=True, epoch=2, total_epochs=3, configured=500000000 B/s, rate=500009740 B/s, pending=4244635648 bytes ([20.94%] 1124073472/5368709120 bytes copied)
[migrater] timestamp=1779269628.04, migrating=True, epoch=2, total_epochs=3, configured=500000000 B/s, rate=500069598 B/s, pending=4194304000 bytes ([21.88%] 1174405120/5368709120 bytes copied)
[migrater] timestamp=1779269628.14, migrating=True, epoch=2, total_epochs=3, configured=500000000 B/s, rate=499895317 B/s, pending=4143972352 bytes ([22.81%] 1224736768/5368709120 bytes copied)
[migrater] timestamp=1779269628.24, migrating=True, epoch=2, total_epochs=3, configured=500000000 B/s, rate=499932209 B/s, pending=4093640704 bytes ([23.75%] 1275068416/5368709120 bytes copied)
[migrater] timestamp=1779269628.34, migrating=True, epoch=2, total_epochs=3, configured=500000000 B/s, rate=500065076 B/s, pending=4043309056 bytes ([24.69%] 1325400064/5368709120 bytes copied)
[migrater] timestamp=1779269628.44, migrating=True, epoch=2, total_epochs=3, configured=500000000 B/s, rate=500038602 B/s, pending=3992977408 bytes ([25.62%] 1375731712/5368709120 bytes copied)
[migrater] timestamp=1779269628.54, migrating=True, epoch=2, total_epochs=3, configured=500000000 B/s, rate=500023595 B/s, pending=3942645760 bytes ([26.56%] 1426063360/5368709120 bytes copied)
[migrater] timestamp=1779269628.64, migrating=True, epoch=2, total_epochs=3, configured=500000000 B/s, rate=499926350 B/s, pending=3892314112 bytes ([27.50%] 1476395008/5368709120 bytes copied)
[migrater] timestamp=1779269628.74, migrating=True, epoch=2, total_epochs=3, configured=500000000 B/s, rate=499848650 B/s, pending=3841982464 bytes ([28.44%] 1526726656/5368709120 bytes copied)
[migrater] timestamp=1779269628.84, migrating=True, epoch=2, total_epochs=3, configured=500000000 B/s, rate=499884245 B/s, pending=3791650816 bytes ([29.38%] 1577058304/5368709120 bytes copied)
[migrater] timestamp=1779269628.95, migrating=True, epoch=2, total_epochs=3, configured=500000000 B/s, rate=500192349 B/s, pending=3741319168 bytes ([30.31%] 1627389952/5368709120 bytes copied)
[migrater] timestamp=1779269629.05, migrating=True, epoch=2, total_epochs=3, configured=500000000 B/s, rate=500016794 B/s, pending=3690987520 bytes ([31.25%] 1677721600/5368709120 bytes copied)
[migrater] timestamp=1779269629.15, migrating=True, epoch=2, total_epochs=3, configured=500000000 B/s, rate=499958926 B/s, pending=3640655872 bytes ([32.19%] 1728053248/5368709120 bytes copied)
[migrater] timestamp=1779269629.25, migrating=True, epoch=2, total_epochs=3, configured=500000000 B/s, rate=499934046 B/s, pending=3590324224 bytes ([33.12%] 1778384896/5368709120 bytes copied)
[migrater] timestamp=1779269629.35, migrating=True, epoch=2, total_epochs=3, configured=500000000 B/s, rate=500170284 B/s, pending=3539992576 bytes ([34.06%] 1828716544/5368709120 bytes copied)
[migrater] timestamp=1779269629.45, migrating=True, epoch=2, total_epochs=3, configured=500000000 B/s, rate=500058470 B/s, pending=3489660928 bytes ([35.00%] 1879048192/5368709120 bytes copied)
[migrater] timestamp=1779269629.55, migrating=True, epoch=2, total_epochs=3, configured=500000000 B/s, rate=500044310 B/s, pending=3439329280 bytes ([35.94%] 1929379840/5368709120 bytes copied)
[migrater] timestamp=1779269629.65, migrating=True, epoch=2, total_epochs=3, configured=500000000 B/s, rate=499972837 B/s, pending=3388997632 bytes ([36.88%] 1979711488/5368709120 bytes copied)
[migrater] timestamp=1779269629.75, migrating=True, epoch=2, total_epochs=3, configured=500000000 B/s, rate=499888708 B/s, pending=3338665984 bytes ([37.81%] 2030043136/5368709120 bytes copied)
[migrater] timestamp=1779269629.85, migrating=True, epoch=2, total_epochs=3, configured=500000000 B/s, rate=500065281 B/s, pending=3288334336 bytes ([38.75%] 2080374784/5368709120 bytes copied)
[migrater] timestamp=1779269629.95, migrating=True, epoch=2, total_epochs=3, configured=500000000 B/s, rate=499958777 B/s, pending=3238002688 bytes ([39.69%] 2130706432/5368709120 bytes copied)
[migrater] timestamp=1779269630.05, migrating=True, epoch=2, total_epochs=3, configured=500000000 B/s, rate=499999404 B/s, pending=3187671040 bytes ([40.62%] 2181038080/5368709120 bytes copied)
[migrater] timestamp=1779269630.15, migrating=True, epoch=2, total_epochs=3, configured=500000000 B/s, rate=500062399 B/s, pending=3137339392 bytes ([41.56%] 2231369728/5368709120 bytes copied)
[migrater] timestamp=1779269630.25, migrating=True, epoch=2, total_epochs=3, configured=500000000 B/s, rate=499731323 B/s, pending=3087007744 bytes ([42.50%] 2281701376/5368709120 bytes copied)
[migrater] timestamp=1779269630.35, migrating=True, epoch=2, total_epochs=3, configured=500000000 B/s, rate=500058022 B/s, pending=3036676096 bytes ([43.44%] 2332033024/5368709120 bytes copied)
[migrater] timestamp=1779269630.46, migrating=True, epoch=2, total_epochs=3, configured=500000000 B/s, rate=500006412 B/s, pending=2986344448 bytes ([44.38%] 2382364672/5368709120 bytes copied)
[migrater] timestamp=1779269630.56, migrating=True, epoch=2, total_epochs=3, configured=500000000 B/s, rate=500118443 B/s, pending=2936012800 bytes ([45.31%] 2432696320/5368709120 bytes copied)
[migrater] timestamp=1779269630.66, migrating=True, epoch=2, total_epochs=3, configured=500000000 B/s, rate=499950583 B/s, pending=2885681152 bytes ([46.25%] 2483027968/5368709120 bytes copied)
[migrater] timestamp=1779269630.76, migrating=True, epoch=2, total_epochs=3, configured=500000000 B/s, rate=499921235 B/s, pending=2835349504 bytes ([47.19%] 2533359616/5368709120 bytes copied)
[migrater] timestamp=1779269630.86, migrating=True, epoch=2, total_epochs=3, configured=500000000 B/s, rate=500111838 B/s, pending=2785017856 bytes ([48.12%] 2583691264/5368709120 bytes copied)
[migrater] timestamp=1779269630.96, migrating=True, epoch=2, total_epochs=3, configured=500000000 B/s, rate=500107361 B/s, pending=2734686208 bytes ([49.06%] 2634022912/5368709120 bytes copied)
[migrater] timestamp=1779269631.06, migrating=True, epoch=2, total_epochs=3, configured=500000000 B/s, rate=500011827 B/s, pending=2684354560 bytes ([50.00%] 2684354560/5368709120 bytes copied)
[migrater] timestamp=1779269631.16, migrating=True, epoch=2, total_epochs=3, configured=500000000 B/s, rate=500003725 B/s, pending=2634022912 bytes ([50.94%] 2734686208/5368709120 bytes copied)
[migrater] timestamp=1779269631.26, migrating=True, epoch=2, total_epochs=3, configured=500000000 B/s, rate=499995877 B/s, pending=2583691264 bytes ([51.88%] 2785017856/5368709120 bytes copied)
[migrater] timestamp=1779269631.36, migrating=True, epoch=2, total_epochs=3, configured=500000000 B/s, rate=499901572 B/s, pending=2533359616 bytes ([52.81%] 2835349504/5368709120 bytes copied)
[migrater] timestamp=1779269631.46, migrating=True, epoch=2, total_epochs=3, configured=500000000 B/s, rate=500014306 B/s, pending=2483027968 bytes ([53.75%] 2885681152/5368709120 bytes copied)
[migrater] timestamp=1779269631.56, migrating=True, epoch=2, total_epochs=3, configured=500000000 B/s, rate=499985248 B/s, pending=2432696320 bytes ([54.69%] 2936012800/5368709120 bytes copied)
[migrater] timestamp=1779269631.66, migrating=True, epoch=2, total_epochs=3, configured=500000000 B/s, rate=500131319 B/s, pending=2382364672 bytes ([55.62%] 2986344448/5368709120 bytes copied)
[migrater] timestamp=1779269631.76, migrating=True, epoch=2, total_epochs=3, configured=500000000 B/s, rate=499941246 B/s, pending=2332033024 bytes ([56.56%] 3036676096/5368709120 bytes copied)
[migrater] timestamp=1779269631.86, migrating=True, epoch=2, total_epochs=3, configured=500000000 B/s, rate=499784424 B/s, pending=2281701376 bytes ([57.50%] 3087007744/5368709120 bytes copied)
[migrater] timestamp=1779269631.97, migrating=True, epoch=2, total_epochs=3, configured=500000000 B/s, rate=500053501 B/s, pending=2231369728 bytes ([58.44%] 3137339392/5368709120 bytes copied)
[migrater] timestamp=1779269632.07, migrating=True, epoch=2, total_epochs=3, configured=500000000 B/s, rate=500017782 B/s, pending=2181038080 bytes ([59.38%] 3187671040/5368709120 bytes copied)
[migrater] timestamp=1779269632.17, migrating=True, epoch=2, total_epochs=3, configured=500000000 B/s, rate=500070597 B/s, pending=2130706432 bytes ([60.31%] 3238002688/5368709120 bytes copied)
[migrater] timestamp=1779269632.27, migrating=True, epoch=2, total_epochs=3, configured=500000000 B/s, rate=499477952 B/s, pending=2080374784 bytes ([61.25%] 3288334336/5368709120 bytes copied)
[migrater] timestamp=1779269632.37, migrating=True, epoch=2, total_epochs=3, configured=500000000 B/s, rate=500556392 B/s, pending=2030043136 bytes ([62.19%] 3338665984/5368709120 bytes copied)
[migrater] timestamp=1779269632.47, migrating=True, epoch=2, total_epochs=3, configured=500000000 B/s, rate=500010238 B/s, pending=1979711488 bytes ([63.12%] 3388997632/5368709120 bytes copied)
[migrater] timestamp=1779269632.57, migrating=True, epoch=2, total_epochs=3, configured=500000000 B/s, rate=500023197 B/s, pending=1929379840 bytes ([64.06%] 3439329280/5368709120 bytes copied)
[migrater] timestamp=1779269632.67, migrating=True, epoch=2, total_epochs=3, configured=500000000 B/s, rate=499989917 B/s, pending=1879048192 bytes ([65.00%] 3489660928/5368709120 bytes copied)
[migrater] timestamp=1779269632.77, migrating=True, epoch=2, total_epochs=3, configured=500000000 B/s, rate=500012965 B/s, pending=1828716544 bytes ([65.94%] 3539992576/5368709120 bytes copied)
[migrater] timestamp=1779269632.87, migrating=True, epoch=2, total_epochs=3, configured=500000000 B/s, rate=499966275 B/s, pending=1778384896 bytes ([66.88%] 3590324224/5368709120 bytes copied)
[migrater] timestamp=1779269632.97, migrating=True, epoch=2, total_epochs=3, configured=500000000 B/s, rate=500017192 B/s, pending=1728053248 bytes ([67.81%] 3640655872/5368709120 bytes copied)
[migrater] timestamp=1779269633.07, migrating=True, epoch=2, total_epochs=3, configured=500000000 B/s, rate=500026476 B/s, pending=1677721600 bytes ([68.75%] 3690987520/5368709120 bytes copied)
[migrater] timestamp=1779269633.17, migrating=True, epoch=2, total_epochs=3, configured=500000000 B/s, rate=499972881 B/s, pending=1627389952 bytes ([69.69%] 3741319168/5368709120 bytes copied)
[migrater] timestamp=1779269633.27, migrating=True, epoch=2, total_epochs=3, configured=500000000 B/s, rate=499930670 B/s, pending=1577058304 bytes ([70.62%] 3791650816/5368709120 bytes copied)
[migrater] timestamp=1779269633.37, migrating=True, epoch=2, total_epochs=3, configured=500000000 B/s, rate=499850040 B/s, pending=1526726656 bytes ([71.56%] 3841982464/5368709120 bytes copied)
[migrater] timestamp=1779269633.48, migrating=True, epoch=2, total_epochs=3, configured=500000000 B/s, rate=500025830 B/s, pending=1476395008 bytes ([72.50%] 3892314112/5368709120 bytes copied)
[migrater] timestamp=1779269633.58, migrating=True, epoch=2, total_epochs=3, configured=500000000 B/s, rate=500054947 B/s, pending=1426063360 bytes ([73.44%] 3942645760/5368709120 bytes copied)
[migrater] timestamp=1779269633.68, migrating=True, epoch=2, total_epochs=3, configured=500000000 B/s, rate=499986440 B/s, pending=1375731712 bytes ([74.38%] 3992977408/5368709120 bytes copied)
[migrater] timestamp=1779269633.78, migrating=True, epoch=2, total_epochs=3, configured=500000000 B/s, rate=499952023 B/s, pending=1325400064 bytes ([75.31%] 4043309056/5368709120 bytes copied)
[migrater] timestamp=1779269633.88, migrating=True, epoch=2, total_epochs=3, configured=500000000 B/s, rate=500194044 B/s, pending=1275068416 bytes ([76.25%] 4093640704/5368709120 bytes copied)
[migrater] timestamp=1779269633.98, migrating=True, epoch=2, total_epochs=3, configured=500000000 B/s, rate=500011921 B/s, pending=1224736768 bytes ([77.19%] 4143972352/5368709120 bytes copied)
[migrater] timestamp=1779269634.08, migrating=True, epoch=2, total_epochs=3, configured=500000000 B/s, rate=499978841 B/s, pending=1174405120 bytes ([78.12%] 4194304000/5368709120 bytes copied)
[migrater] timestamp=1779269634.18, migrating=True, epoch=2, total_epochs=3, configured=500000000 B/s, rate=500032636 B/s, pending=1124073472 bytes ([79.06%] 4244635648/5368709120 bytes copied)
[migrater] timestamp=1779269634.28, migrating=True, epoch=2, total_epochs=3, configured=500000000 B/s, rate=499989425 B/s, pending=1073741824 bytes ([80.00%] 4294967296/5368709120 bytes copied)
[migrater] timestamp=1779269634.38, migrating=True, epoch=2, total_epochs=3, configured=500000000 B/s, rate=500024141 B/s, pending=1023410176 bytes ([80.94%] 4345298944/5368709120 bytes copied)
[migrater] timestamp=1779269634.48, migrating=True, epoch=2, total_epochs=3, configured=500000000 B/s, rate=500015597 B/s, pending=973078528 bytes ([81.88%] 4395630592/5368709120 bytes copied)
[migrater] timestamp=1779269634.58, migrating=True, epoch=2, total_epochs=3, configured=500000000 B/s, rate=499974371 B/s, pending=922746880 bytes ([82.81%] 4445962240/5368709120 bytes copied)
[migrater] timestamp=1779269634.68, migrating=True, epoch=2, total_epochs=3, configured=500000000 B/s, rate=499985894 B/s, pending=872415232 bytes ([83.75%] 4496293888/5368709120 bytes copied)
[migrater] timestamp=1779269634.78, migrating=True, epoch=2, total_epochs=3, configured=500000000 B/s, rate=499957937 B/s, pending=822083584 bytes ([84.69%] 4546625536/5368709120 bytes copied)
[migrater] timestamp=1779269634.88, migrating=True, epoch=2, total_epochs=3, configured=500000000 B/s, rate=499927094 B/s, pending=771751936 bytes ([85.62%] 4596957184/5368709120 bytes copied)
[migrater] timestamp=1779269634.99, migrating=True, epoch=2, total_epochs=3, configured=500000000 B/s, rate=500042621 B/s, pending=721420288 bytes ([86.56%] 4647288832/5368709120 bytes copied)
[migrater] timestamp=1779269635.09, migrating=True, epoch=2, total_epochs=3, configured=500000000 B/s, rate=499922725 B/s, pending=671088640 bytes ([87.50%] 4697620480/5368709120 bytes copied)
[migrater] timestamp=1779269635.19, migrating=True, epoch=2, total_epochs=3, configured=500000000 B/s, rate=500003725 B/s, pending=620756992 bytes ([88.44%] 4747952128/5368709120 bytes copied)
[migrater] timestamp=1779269635.29, migrating=True, epoch=2, total_epochs=3, configured=500000000 B/s, rate=499970646 B/s, pending=570425344 bytes ([89.38%] 4798283776/5368709120 bytes copied)
[migrater] timestamp=1779269635.39, migrating=True, epoch=2, total_epochs=3, configured=500000000 B/s, rate=500192006 B/s, pending=520093696 bytes ([90.31%] 4848615424/5368709120 bytes copied)
[migrater] timestamp=1779269635.49, migrating=True, epoch=2, total_epochs=3, configured=500000000 B/s, rate=500034225 B/s, pending=469762048 bytes ([91.25%] 4898947072/5368709120 bytes copied)
[migrater] timestamp=1779269635.59, migrating=True, epoch=2, total_epochs=3, configured=500000000 B/s, rate=499958230 B/s, pending=419430400 bytes ([92.19%] 4949278720/5368709120 bytes copied)
[migrater] timestamp=1779269635.69, migrating=True, epoch=2, total_epochs=3, configured=500000000 B/s, rate=500000651 B/s, pending=369098752 bytes ([93.12%] 4999610368/5368709120 bytes copied)
[migrater] timestamp=1779269635.79, migrating=True, epoch=2, total_epochs=3, configured=500000000 B/s, rate=499918504 B/s, pending=318767104 bytes ([94.06%] 5049942016/5368709120 bytes copied)
[migrater] timestamp=1779269635.89, migrating=True, epoch=2, total_epochs=3, configured=500000000 B/s, rate=500006159 B/s, pending=268435456 bytes ([95.00%] 5100273664/5368709120 bytes copied)
[migrater] timestamp=1779269635.99, migrating=True, epoch=2, total_epochs=3, configured=500000000 B/s, rate=499937572 B/s, pending=218103808 bytes ([95.94%] 5150605312/5368709120 bytes copied)
[migrater] timestamp=1779269636.09, migrating=True, epoch=2, total_epochs=3, configured=500000000 B/s, rate=500078393 B/s, pending=167772160 bytes ([96.88%] 5200936960/5368709120 bytes copied)
[migrater] timestamp=1779269636.20, migrating=True, epoch=2, total_epochs=3, configured=666666666 B/s, rate=533487831 B/s, pending=109051904 bytes ([97.97%] 5259657216/5368709120 bytes copied)
[migrater] timestamp=1779269636.30, migrating=True, epoch=2, total_epochs=3, configured=666666666 B/s, rate=666709591 B/s, pending=41943040 bytes ([99.22%] 5326766080/5368709120 bytes copied)
[migrater] timestamp=1779269636.48, migrating=True, epoch=2, total_epochs=3, configured=0 B/s, rate=0 B/s, pending=41943040 bytes
[migrater] timestamp=1779269636.58, migrating=True, epoch=2, total_epochs=3, configured=0 B/s, rate=0 B/s, pending=41943040 bytes
[migrater] timestamp=1779269636.67, migrating=True, epoch=2, total_epochs=3, configured=2000000000 B/s, rate=114386214 B/s, pending=0 bytes ([100.00%] 5368709120/5368709120 bytes copied)
[migrater] timestamp=1779269636.78, migrating=True, epoch=2, total_epochs=3, configured=0 B/s, rate=0 B/s, pending=0 bytes
[migrater] timestamp=1779269636.88, migrating=True, epoch=2, total_epochs=3, configured=0 B/s, rate=0 B/s, pending=0 bytes
[migrater] timestamp=1779269636.98, migrating=True, epoch=2, total_epochs=3, configured=0 B/s, rate=0 B/s, pending=0 bytes
[migrater] timestamp=1779269637.08, migrating=True, epoch=2, total_epochs=3, configured=0 B/s, rate=0 B/s, pending=0 bytes
[migrater] timestamp=1779269637.18, migrating=True, epoch=2, total_epochs=3, configured=0 B/s, rate=0 B/s, pending=0 bytes
[migrater] timestamp=1779269637.28, migrating=True, epoch=2, total_epochs=3, configured=0 B/s, rate=0 B/s, pending=0 bytes
[migrater] timestamp=1779269637.38, migrating=True, epoch=2, total_epochs=3, configured=0 B/s, rate=0 B/s, pending=0 bytes
[migrater] timestamp=1779269637.48, migrating=True, epoch=2, total_epochs=3, configured=0 B/s, rate=0 B/s, pending=0 bytes
[migrater] timestamp=1779269637.58, migrating=True, epoch=2, total_epochs=3, configured=0 B/s, rate=0 B/s, pending=0 bytes
[migrater] timestamp=1779269637.68, migrating=True, epoch=2, total_epochs=3, configured=0 B/s, rate=0 B/s, pending=0 bytes
[migrater] timestamp=1779269637.79, migrating=True, epoch=2, total_epochs=3, configured=0 B/s, rate=0 B/s, pending=0 bytes
[migrater] timestamp=1779269637.89, migrating=True, epoch=2, total_epochs=3, configured=0 B/s, rate=0 B/s, pending=0 bytes
[migrater] timestamp=1779269637.99, migrating=True, epoch=2, total_epochs=3, configured=0 B/s, rate=0 B/s, pending=0 bytes
[migrater] timestamp=1779269638.09, migrating=False, epoch=2, total_epochs=3, configured=0 B/s, rate=0 B/s, pending=0 bytes
[migrater] timestamp=1779269638.19, migrating=False, epoch=2, total_epochs=3, configured=0 B/s, rate=0 B/s, pending=0 bytes
[migrater] timestamp=1779269638.29, migrating=False, epoch=2, total_epochs=3, configured=0 B/s, rate=0 B/s, pending=0 bytes
[migrater] timestamp=1779269638.39, migrating=False, epoch=2, total_epochs=3, configured=0 B/s, rate=0 B/s, pending=0 bytes
[migrater] timestamp=1779269638.49, migrating=False, epoch=2, total_epochs=3, configured=0 B/s, rate=0 B/s, pending=0 bytes
[migrater] timestamp=1779269638.59, migrating=False, epoch=2, total_epochs=3, configured=0 B/s, rate=0 B/s, pending=0 bytes
[migrater] timestamp=1779269638.69, migrating=False, epoch=2, total_epochs=3, configured=0 B/s, rate=0 B/s, pending=0 bytes
[migrater] timestamp=1779269638.79, migrating=False, epoch=2, total_epochs=3, configured=0 B/s, rate=0 B/s, pending=0 bytes
[migrater] timestamp=1779269638.89, migrating=False, epoch=2, total_epochs=3, configured=0 B/s, rate=0 B/s, pending=0 bytes
[migrater] timestamp=1779269638.99, migrating=False, epoch=2, total_epochs=3, configured=0 B/s, rate=0 B/s, pending=0 bytes
[migrater] timestamp=1779269639.09, migrating=False, epoch=2, total_epochs=3, configured=0 B/s, rate=0 B/s, pending=0 bytes
[migrater] timestamp=1779269639.19, migrating=False, epoch=2, total_epochs=3, configured=0 B/s, rate=0 B/s, pending=0 bytes
[migrater] timestamp=1779269639.29, migrating=False, epoch=2, total_epochs=3, configured=0 B/s, rate=0 B/s, pending=0 bytes
[migrater] timestamp=1779269639.39, migrating=False, epoch=2, total_epochs=3, configured=0 B/s, rate=0 B/s, pending=0 bytes
[migrater] timestamp=1779269639.49, migrating=False, epoch=2, total_epochs=3, configured=0 B/s, rate=0 B/s, pending=0 bytes
[migrater] timestamp=1779269639.59, migrating=False, epoch=2, total_epochs=3, configured=0 B/s, rate=0 B/s, pending=0 bytes
[migrater] timestamp=1779269639.69, migrating=False, epoch=2, total_epochs=3, configured=0 B/s, rate=0 B/s, pending=0 bytes
[migrater] timestamp=1779269639.79, migrating=False, epoch=2, total_epochs=3, configured=0 B/s, rate=0 B/s, pending=0 bytes
[migrater] timestamp=1779269639.89, migrating=False, epoch=2, total_epochs=3, configured=0 B/s, rate=0 B/s, pending=0 bytes
[migrater] timestamp=1779269639.99, migrating=False, epoch=2, total_epochs=3, configured=0 B/s, rate=0 B/s, pending=0 bytes
[migrater] timestamp=1779269640.09, migrating=False, epoch=2, total_epochs=3, configured=0 B/s, rate=0 B/s, pending=0 bytes
[migrater] timestamp=1779269640.20, migrating=False, epoch=2, total_epochs=3, configured=0 B/s, rate=0 B/s, pending=0 bytes
[migrater] timestamp=1779269640.30, migrating=False, epoch=2, total_epochs=3, configured=0 B/s, rate=0 B/s, pending=0 bytes
[migrater] timestamp=1779269640.40, migrating=False, epoch=2, total_epochs=3, configured=0 B/s, rate=0 B/s, pending=0 bytes
[migrater] timestamp=1779269640.50, migrating=False, epoch=2, total_epochs=3, configured=0 B/s, rate=0 B/s, pending=0 bytes
[migrater] timestamp=1779269640.60, migrating=False, epoch=2, total_epochs=3, configured=0 B/s, rate=0 B/s, pending=0 bytes
[migrater] timestamp=1779269640.70, migrating=False, epoch=2, total_epochs=3, configured=0 B/s, rate=0 B/s, pending=0 bytes
[migrater] timestamp=1779269640.80, migrating=False, epoch=2, total_epochs=3, configured=0 B/s, rate=0 B/s, pending=0 bytes
[migrater] timestamp=1779269640.90, migrating=False, epoch=2, total_epochs=3, configured=0 B/s, rate=0 B/s, pending=0 bytes
[migrater] timestamp=1779269641.00, migrating=False, epoch=2, total_epochs=3, configured=0 B/s, rate=0 B/s, pending=0 bytes
[migrater] timestamp=1779269641.10, migrating=False, epoch=2, total_epochs=3, configured=0 B/s, rate=0 B/s, pending=0 bytes
[migrater] timestamp=1779269641.20, migrating=False, epoch=2, total_epochs=3, configured=0 B/s, rate=0 B/s, pending=0 bytes
[migrater] timestamp=1779269641.30, migrating=False, epoch=2, total_epochs=3, configured=0 B/s, rate=0 B/s, pending=0 bytes
[migrater] timestamp=1779269641.40, migrating=False, epoch=2, total_epochs=3, configured=0 B/s, rate=0 B/s, pending=0 bytes
[migrater] timestamp=1779269641.50, migrating=False, epoch=2, total_epochs=3, configured=0 B/s, rate=0 B/s, pending=0 bytes
[migrater] timestamp=1779269641.60, migrating=False, epoch=2, total_epochs=3, configured=0 B/s, rate=0 B/s, pending=0 bytes
[migrater] timestamp=1779269641.70, migrating=False, epoch=2, total_epochs=3, configured=0 B/s, rate=0 B/s, pending=0 bytes
[migrater] timestamp=1779269641.80, migrating=False, epoch=2, total_epochs=3, configured=0 B/s, rate=0 B/s, pending=0 bytes
[migrater] timestamp=1779269641.90, migrating=False, epoch=2, total_epochs=3, configured=0 B/s, rate=0 B/s, pending=0 bytes
[migrater] timestamp=1779269642.00, migrating=False, epoch=2, total_epochs=3, configured=0 B/s, rate=0 B/s, pending=0 bytes
[migrater] timestamp=1779269642.10, migrating=False, epoch=2, total_epochs=3, configured=0 B/s, rate=0 B/s, pending=0 bytes
[migrater] timestamp=1779269642.20, migrating=False, epoch=2, total_epochs=3, configured=0 B/s, rate=0 B/s, pending=0 bytes
[migrater] timestamp=1779269642.30, migrating=False, epoch=2, total_epochs=3, configured=0 B/s, rate=0 B/s, pending=0 bytes
[migrater] timestamp=1779269642.40, migrating=False, epoch=2, total_epochs=3, configured=0 B/s, rate=0 B/s, pending=0 bytes
[migrater] timestamp=1779269642.50, migrating=False, epoch=2, total_epochs=3, configured=0 B/s, rate=0 B/s, pending=0 bytes
[migrater] timestamp=1779269642.60, migrating=False, epoch=2, total_epochs=3, configured=0 B/s, rate=0 B/s, pending=0 bytes
[migrater] timestamp=1779269642.70, migrating=False, epoch=2, total_epochs=3, configured=0 B/s, rate=0 B/s, pending=0 bytes
[migrater] timestamp=1779269642.81, migrating=False, epoch=2, total_epochs=3, configured=0 B/s, rate=0 B/s, pending=0 bytes
[migrater] timestamp=1779269642.91, migrating=False, epoch=2, total_epochs=3, configured=0 B/s, rate=0 B/s, pending=0 bytes
[migrater] timestamp=1779269643.01, migrating=False, epoch=2, total_epochs=3, configured=0 B/s, rate=0 B/s, pending=0 bytes
[migrater] timestamp=1779269643.11, migrating=False, epoch=2, total_epochs=3, configured=0 B/s, rate=0 B/s, pending=0 bytes
[migrater] timestamp=1779269643.21, migrating=False, epoch=2, total_epochs=3, configured=0 B/s, rate=0 B/s, pending=0 bytes
[migrater] timestamp=1779269643.31, migrating=False, epoch=2, total_epochs=3, configured=0 B/s, rate=0 B/s, pending=0 bytes
[migrater] timestamp=1779269643.41, migrating=False, epoch=2, total_epochs=3, configured=0 B/s, rate=0 B/s, pending=0 bytes
[migrater] timestamp=1779269643.51, migrating=False, epoch=2, total_epochs=3, configured=0 B/s, rate=0 B/s, pending=0 bytes
[migrater] timestamp=1779269643.61, migrating=False, epoch=2, total_epochs=3, configured=0 B/s, rate=0 B/s, pending=0 bytes
[migrater] timestamp=1779269643.71, migrating=False, epoch=2, total_epochs=3, configured=0 B/s, rate=0 B/s, pending=0 bytes
[migrater] timestamp=1779269643.81, migrating=False, epoch=2, total_epochs=3, configured=0 B/s, rate=0 B/s, pending=0 bytes
[migrater] timestamp=1779269643.91, migrating=False, epoch=2, total_epochs=3, configured=0 B/s, rate=0 B/s, pending=0 bytes
[migrater] timestamp=1779269644.01, migrating=False, epoch=2, total_epochs=3, configured=0 B/s, rate=0 B/s, pending=0 bytes
[migrater] timestamp=1779269644.11, migrating=False, epoch=2, total_epochs=3, configured=0 B/s, rate=0 B/s, pending=0 bytes
[migrater] timestamp=1779269644.21, migrating=False, epoch=2, total_epochs=3, configured=0 B/s, rate=0 B/s, pending=0 bytes
[migrater] timestamp=1779269644.31, migrating=False, epoch=2, total_epochs=3, configured=0 B/s, rate=0 B/s, pending=0 bytes
[migrater] timestamp=1779269644.41, migrating=False, epoch=2, total_epochs=3, configured=0 B/s, rate=0 B/s, pending=0 bytes
[migrater] timestamp=1779269644.51, migrating=False, epoch=2, total_epochs=3, configured=0 B/s, rate=0 B/s, pending=0 bytes
[migrater] timestamp=1779269644.61, migrating=False, epoch=2, total_epochs=3, configured=0 B/s, rate=0 B/s, pending=0 bytes
[migrater] timestamp=1779269644.71, migrating=False, epoch=2, total_epochs=3, configured=0 B/s, rate=0 B/s, pending=0 bytes
[migrater] timestamp=1779269644.81, migrating=False, epoch=2, total_epochs=3, configured=0 B/s, rate=0 B/s, pending=0 bytes
[migrater] timestamp=1779269644.91, migrating=False, epoch=2, total_epochs=3, configured=0 B/s, rate=0 B/s, pending=0 bytes
[migrater] timestamp=1779269645.01, migrating=False, epoch=2, total_epochs=3, configured=0 B/s, rate=0 B/s, pending=0 bytes
[migrater] timestamp=1779269645.11, migrating=False, epoch=2, total_epochs=3, configured=0 B/s, rate=0 B/s, pending=0 bytes
[migrater] timestamp=1779269645.22, migrating=False, epoch=2, total_epochs=3, configured=0 B/s, rate=0 B/s, pending=0 bytes
[migrater] timestamp=1779269645.32, migrating=False, epoch=2, total_epochs=3, configured=0 B/s, rate=0 B/s, pending=0 bytes
[migrater] timestamp=1779269645.42, migrating=False, epoch=2, total_epochs=3, configured=0 B/s, rate=0 B/s, pending=0 bytes
[migrater] timestamp=1779269645.52, migrating=False, epoch=2, total_epochs=3, configured=0 B/s, rate=0 B/s, pending=0 bytes
[migrater] timestamp=1779269645.62, migrating=False, epoch=2, total_epochs=3, configured=0 B/s, rate=0 B/s, pending=0 bytes
[migrater] timestamp=1779269645.72, migrating=False, epoch=2, total_epochs=3, configured=0 B/s, rate=0 B/s, pending=0 bytes
[migrater] timestamp=1779269645.82, migrating=False, epoch=2, total_epochs=3, configured=0 B/s, rate=0 B/s, pending=0 bytes
[migrater] timestamp=1779269645.92, migrating=False, epoch=2, total_epochs=3, configured=0 B/s, rate=0 B/s, pending=0 bytes
[migrater] timestamp=1779269646.02, migrating=False, epoch=2, total_epochs=3, configured=0 B/s, rate=0 B/s, pending=0 bytes
[migrater] timestamp=1779269646.12, migrating=False, epoch=2, total_epochs=3, configured=0 B/s, rate=0 B/s, pending=0 bytes
[migrater] timestamp=1779269646.22, migrating=False, epoch=2, total_epochs=3, configured=0 B/s, rate=0 B/s, pending=0 bytes
[migrater] timestamp=1779269646.32, migrating=False, epoch=2, total_epochs=3, configured=0 B/s, rate=0 B/s, pending=0 bytes
[migrater] timestamp=1779269646.42, migrating=False, epoch=2, total_epochs=3, configured=0 B/s, rate=0 B/s, pending=0 bytes
[migrater] timestamp=1779269646.52, migrating=False, epoch=2, total_epochs=3, configured=0 B/s, rate=0 B/s, pending=0 bytes
[migrater] timestamp=1779269646.62, migrating=False, epoch=2, total_epochs=3, configured=0 B/s, rate=0 B/s, pending=0 bytes
[migrater] timestamp=1779269646.72, migrating=False, epoch=2, total_epochs=3, configured=0 B/s, rate=0 B/s, pending=0 bytes
[migrater] timestamp=1779269646.82, migrating=False, epoch=2, total_epochs=3, configured=0 B/s, rate=0 B/s, pending=0 bytes
[migrater] timestamp=1779269646.92, migrating=False, epoch=2, total_epochs=3, configured=0 B/s, rate=0 B/s, pending=0 bytes
[migrater] timestamp=1779269647.02, migrating=False, epoch=2, total_epochs=3, configured=0 B/s, rate=0 B/s, pending=0 bytes
[migrater] timestamp=1779269647.12, migrating=False, epoch=2, total_epochs=3, configured=0 B/s, rate=0 B/s, pending=0 bytes
[migrater] timestamp=1779269647.22, migrating=False, epoch=2, total_epochs=3, configured=0 B/s, rate=0 B/s, pending=0 bytes
[migrater] timestamp=1779269647.32, migrating=False, epoch=2, total_epochs=3, configured=0 B/s, rate=0 B/s, pending=0 bytes
[migrater] timestamp=1779269647.42, migrating=False, epoch=2, total_epochs=3, configured=0 B/s, rate=0 B/s, pending=0 bytes
[migrater] timestamp=1779269647.52, migrating=False, epoch=2, total_epochs=3, configured=0 B/s, rate=0 B/s, pending=0 bytes
[migrater] timestamp=1779269647.62, migrating=False, epoch=2, total_epochs=3, configured=0 B/s, rate=0 B/s, pending=0 bytes
[migrater] timestamp=1779269647.73, migrating=False, epoch=2, total_epochs=3, configured=0 B/s, rate=0 B/s, pending=0 bytes
[migrater] timestamp=1779269647.83, migrating=False, epoch=2, total_epochs=3, configured=0 B/s, rate=0 B/s, pending=0 bytes
[migrater] timestamp=1779269647.93, migrating=False, epoch=2, total_epochs=3, configured=0 B/s, rate=0 B/s, pending=0 bytes
[migrater] timestamp=1779269648.03, migrating=False, epoch=2, total_epochs=3, configured=0 B/s, rate=0 B/s, pending=0 bytes
[migrater] timestamp=1779269648.13, migrating=False, epoch=2, total_epochs=3, configured=0 B/s, rate=0 B/s, pending=0 bytes
[migrater] timestamp=1779269648.23, migrating=False, epoch=2, total_epochs=3, configured=0 B/s, rate=0 B/s, pending=0 bytes
[migrater] timestamp=1779269648.33, migrating=False, epoch=2, total_epochs=3, configured=0 B/s, rate=0 B/s, pending=0 bytes
[migrater] timestamp=1779269648.43, migrating=False, epoch=2, total_epochs=3, configured=0 B/s, rate=0 B/s, pending=0 bytes
[migrater] timestamp=1779269648.53, migrating=False, epoch=2, total_epochs=3, configured=0 B/s, rate=0 B/s, pending=0 bytes
[migrater] timestamp=1779269648.63, migrating=False, epoch=2, total_epochs=3, configured=0 B/s, rate=0 B/s, pending=0 bytes
[migrater] timestamp=1779269648.73, migrating=False, epoch=2, total_epochs=3, configured=0 B/s, rate=0 B/s, pending=0 bytes
[migrater] timestamp=1779269648.83, migrating=False, epoch=2, total_epochs=3, configured=0 B/s, rate=0 B/s, pending=0 bytes
[migrater] timestamp=1779269648.93, migrating=False, epoch=2, total_epochs=3, configured=0 B/s, rate=0 B/s, pending=0 bytes
[migrater] timestamp=1779269649.03, migrating=False, epoch=2, total_epochs=3, configured=0 B/s, rate=0 B/s, pending=0 bytes
[migrater] timestamp=1779269649.13, migrating=False, epoch=2, total_epochs=3, configured=0 B/s, rate=0 B/s, pending=0 bytes
[migrater] timestamp=1779269649.23, migrating=False, epoch=2, total_epochs=3, configured=0 B/s, rate=0 B/s, pending=0 bytes
[migrater] timestamp=1779269649.33, migrating=False, epoch=2, total_epochs=3, configured=0 B/s, rate=0 B/s, pending=0 bytes
[migrater] timestamp=1779269649.43, migrating=False, epoch=2, total_epochs=3, configured=0 B/s, rate=0 B/s, pending=0 bytes
[migrater] timestamp=1779269649.53, migrating=False, epoch=2, total_epochs=3, configured=0 B/s, rate=0 B/s, pending=0 bytes
[migrater] timestamp=1779269649.63, migrating=False, epoch=2, total_epochs=3, configured=0 B/s, rate=0 B/s, pending=0 bytes
[migrater] timestamp=1779269649.73, migrating=False, epoch=2, total_epochs=3, configured=0 B/s, rate=0 B/s, pending=0 bytes
[migrater] timestamp=1779269649.83, migrating=False, epoch=2, total_epochs=3, configured=0 B/s, rate=0 B/s, pending=0 bytes
[migrater] timestamp=1779269649.93, migrating=False, epoch=2, total_epochs=3, configured=0 B/s, rate=0 B/s, pending=0 bytes
[migrater] timestamp=1779269650.03, migrating=False, epoch=2, total_epochs=3, configured=0 B/s, rate=0 B/s, pending=0 bytes
[migrater] timestamp=1779269650.13, migrating=False, epoch=2, total_epochs=3, configured=0 B/s, rate=0 B/s, pending=0 bytes
[migrater] timestamp=1779269650.23, migrating=False, epoch=2, total_epochs=3, configured=0 B/s, rate=0 B/s, pending=0 bytes
[migrater] timestamp=1779269650.34, migrating=False, epoch=2, total_epochs=3, configured=0 B/s, rate=0 B/s, pending=0 bytes
[migrater] timestamp=1779269650.44, migrating=False, epoch=2, total_epochs=3, configured=0 B/s, rate=0 B/s, pending=0 bytes
[migrater] timestamp=1779269650.54, migrating=False, epoch=2, total_epochs=3, configured=0 B/s, rate=0 B/s, pending=0 bytes
[migrater] timestamp=1779269650.64, migrating=False, epoch=2, total_epochs=3, configured=0 B/s, rate=0 B/s, pending=0 bytes
[migrater] timestamp=1779269650.74, migrating=False, epoch=2, total_epochs=3, configured=0 B/s, rate=0 B/s, pending=0 bytes
[migrater] timestamp=1779269650.84, migrating=False, epoch=2, total_epochs=3, configured=0 B/s, rate=0 B/s, pending=0 bytes
[migrater] timestamp=1779269650.94, migrating=False, epoch=2, total_epochs=3, configured=0 B/s, rate=0 B/s, pending=0 bytes
[migrater] timestamp=1779269651.04, migrating=False, epoch=2, total_epochs=3, configured=0 B/s, rate=0 B/s, pending=0 bytes
[migrater] timestamp=1779269651.14, migrating=False, epoch=2, total_epochs=3, configured=0 B/s, rate=0 B/s, pending=0 bytes
[migrater] timestamp=1779269651.24, migrating=False, epoch=2, total_epochs=3, configured=0 B/s, rate=0 B/s, pending=0 bytes
[migrater] timestamp=1779269651.34, migrating=False, epoch=2, total_epochs=3, configured=0 B/s, rate=0 B/s, pending=0 bytes
[migrater] timestamp=1779269651.44, migrating=False, epoch=2, total_epochs=3, configured=0 B/s, rate=0 B/s, pending=0 bytes
[migrater] timestamp=1779269651.54, migrating=False, epoch=2, total_epochs=3, configured=0 B/s, rate=0 B/s, pending=0 bytes
[migrater] timestamp=1779269651.64, migrating=False, epoch=2, total_epochs=3, configured=0 B/s, rate=0 B/s, pending=0 bytes
[migrater] timestamp=1779269651.74, migrating=False, epoch=2, total_epochs=3, configured=0 B/s, rate=0 B/s, pending=0 bytes
[migrater] timestamp=1779269651.84, migrating=False, epoch=2, total_epochs=3, configured=0 B/s, rate=0 B/s, pending=0 bytes
[migrater] timestamp=1779269651.94, migrating=False, epoch=2, total_epochs=3, configured=0 B/s, rate=0 B/s, pending=0 bytes
[migrater] timestamp=1779269652.04, migrating=False, epoch=2, total_epochs=3, configured=0 B/s, rate=0 B/s, pending=0 bytes
[migrater] timestamp=1779269652.14, migrating=False, epoch=2, total_epochs=3, configured=0 B/s, rate=0 B/s, pending=0 bytes
[migrater] timestamp=1779269652.24, migrating=False, epoch=2, total_epochs=3, configured=0 B/s, rate=0 B/s, pending=0 bytes
[migrater] timestamp=1779269652.34, migrating=False, epoch=2, total_epochs=3, configured=0 B/s, rate=0 B/s, pending=0 bytes
[migrater] timestamp=1779269652.44, migrating=False, epoch=2, total_epochs=3, configured=0 B/s, rate=0 B/s, pending=0 bytes
[migrater] timestamp=1779269652.54, migrating=False, epoch=2, total_epochs=3, configured=0 B/s, rate=0 B/s, pending=0 bytes
[migrater] timestamp=1779269652.64, migrating=False, epoch=2, total_epochs=3, configured=0 B/s, rate=0 B/s, pending=0 bytes
[migrater] timestamp=1779269652.74, migrating=False, epoch=2, total_epochs=3, configured=0 B/s, rate=0 B/s, pending=0 bytes
[migrater] timestamp=1779269652.85, migrating=False, epoch=2, total_epochs=3, configured=0 B/s, rate=0 B/s, pending=0 bytes
[migrater] timestamp=1779269652.95, migrating=False, epoch=2, total_epochs=3, configured=0 B/s, rate=0 B/s, pending=0 bytes
[migrater] timestamp=1779269653.05, migrating=False, epoch=2, total_epochs=3, configured=0 B/s, rate=0 B/s, pending=0 bytes
[migrater] timestamp=1779269653.15, migrating=False, epoch=2, total_epochs=3, configured=0 B/s, rate=0 B/s, pending=0 bytes
[migrater] timestamp=1779269653.25, migrating=False, epoch=2, total_epochs=3, configured=0 B/s, rate=0 B/s, pending=0 bytes
[migrater] timestamp=1779269653.35, migrating=False, epoch=2, total_epochs=3, configured=0 B/s, rate=0 B/s, pending=0 bytes
[migrater] timestamp=1779269653.45, migrating=False, epoch=2, total_epochs=3, configured=0 B/s, rate=0 B/s, pending=0 bytes
[migrater] timestamp=1779269653.55, migrating=False, epoch=2, total_epochs=3, configured=0 B/s, rate=0 B/s, pending=0 bytes
[migrater] timestamp=1779269653.65, migrating=False, epoch=2, total_epochs=3, configured=0 B/s, rate=0 B/s, pending=0 bytes
[migrater] timestamp=1779269653.75, migrating=False, epoch=2, total_epochs=3, configured=0 B/s, rate=0 B/s, pending=0 bytes
[migrater] timestamp=1779269653.85, migrating=False, epoch=2, total_epochs=3, configured=0 B/s, rate=0 B/s, pending=0 bytes
[migrater] timestamp=1779269653.95, migrating=False, epoch=2, total_epochs=3, configured=0 B/s, rate=0 B/s, pending=0 bytes
[migrater] timestamp=1779269654.05, migrating=False, epoch=2, total_epochs=3, configured=0 B/s, rate=0 B/s, pending=0 bytes
[migrater] timestamp=1779269654.15, migrating=False, epoch=2, total_epochs=3, configured=0 B/s, rate=0 B/s, pending=0 bytes
[migrater] timestamp=1779269654.25, migrating=False, epoch=2, total_epochs=3, configured=0 B/s, rate=0 B/s, pending=0 bytes
[migrater] timestamp=1779269654.35, migrating=False, epoch=2, total_epochs=3, configured=0 B/s, rate=0 B/s, pending=0 bytes
[migrater] timestamp=1779269654.45, migrating=False, epoch=2, total_epochs=3, configured=0 B/s, rate=0 B/s, pending=0 bytes
[migrater] timestamp=1779269654.55, migrating=False, epoch=2, total_epochs=3, configured=0 B/s, rate=0 B/s, pending=0 bytes
[migrater] timestamp=1779269654.65, migrating=False, epoch=2, total_epochs=3, configured=0 B/s, rate=0 B/s, pending=0 bytes
[migrater] timestamp=1779269654.75, migrating=False, epoch=2, total_epochs=3, configured=0 B/s, rate=0 B/s, pending=0 bytes
[migrater] timestamp=1779269654.85, migrating=False, epoch=2, total_epochs=3, configured=0 B/s, rate=0 B/s, pending=0 bytes
[migrater] timestamp=1779269654.95, migrating=False, epoch=2, total_epochs=3, configured=0 B/s, rate=0 B/s, pending=0 bytes
[migrater] timestamp=1779269655.05, migrating=False, epoch=2, total_epochs=3, configured=0 B/s, rate=0 B/s, pending=0 bytes
[migrater] timestamp=1779269655.15, migrating=False, epoch=2, total_epochs=3, configured=0 B/s, rate=0 B/s, pending=0 bytes
[migrater] timestamp=1779269655.25, migrating=False, epoch=2, total_epochs=3, configured=0 B/s, rate=0 B/s, pending=0 bytes
[migrater] timestamp=1779269655.35, migrating=False, epoch=2, total_epochs=3, configured=0 B/s, rate=0 B/s, pending=0 bytes
[migrater] timestamp=1779269655.46, migrating=False, epoch=2, total_epochs=3, configured=0 B/s, rate=0 B/s, pending=0 bytes
[migrater] timestamp=1779269655.56, migrating=False, epoch=2, total_epochs=3, configured=0 B/s, rate=0 B/s, pending=0 bytes
[migrater] timestamp=1779269655.66, migrating=False, epoch=2, total_epochs=3, configured=0 B/s, rate=0 B/s, pending=0 bytes
[migrater] timestamp=1779269655.76, migrating=False, epoch=2, total_epochs=3, configured=0 B/s, rate=0 B/s, pending=0 bytes
[migrater] timestamp=1779269655.86, migrating=False, epoch=2, total_epochs=3, configured=0 B/s, rate=0 B/s, pending=0 bytes
[migrater] timestamp=1779269655.96, migrating=False, epoch=2, total_epochs=3, configured=0 B/s, rate=0 B/s, pending=0 bytes
[migrater] timestamp=1779269656.06, migrating=False, epoch=2, total_epochs=3, configured=0 B/s, rate=0 B/s, pending=0 bytes
[migrater] timestamp=1779269656.16, migrating=False, epoch=2, total_epochs=3, configured=0 B/s, rate=0 B/s, pending=0 bytes
[migrater] timestamp=1779269656.26, migrating=False, epoch=2, total_epochs=3, configured=0 B/s, rate=0 B/s, pending=0 bytes
[migrater] timestamp=1779269656.36, migrating=False, epoch=2, total_epochs=3, configured=0 B/s, rate=0 B/s, pending=0 bytes
[migrater] timestamp=1779269656.46, migrating=False, epoch=2, total_epochs=3, configured=0 B/s, rate=0 B/s, pending=0 bytes
[migrater] timestamp=1779269656.56, migrating=False, epoch=2, total_epochs=3, configured=0 B/s, rate=0 B/s, pending=0 bytes
[migrater] timestamp=1779269656.66, migrating=False, epoch=2, total_epochs=3, configured=0 B/s, rate=0 B/s, pending=0 bytes
[migrater] timestamp=1779269656.76, migrating=False, epoch=2, total_epochs=3, configured=0 B/s, rate=0 B/s, pending=0 bytes
[migrater] timestamp=1779269656.86, migrating=False, epoch=2, total_epochs=3, configured=0 B/s, rate=0 B/s, pending=0 bytes
[migrater] timestamp=1779269656.96, migrating=False, epoch=2, total_epochs=3, configured=0 B/s, rate=0 B/s, pending=0 bytes
[migrater] timestamp=1779269657.06, migrating=False, epoch=2, total_epochs=3, configured=0 B/s, rate=0 B/s, pending=0 bytes
[migrater] timestamp=1779269657.16, migrating=False, epoch=2, total_epochs=3, configured=0 B/s, rate=0 B/s, pending=0 bytes
[migrater] timestamp=1779269657.26, migrating=False, epoch=2, total_epochs=3, configured=0 B/s, rate=0 B/s, pending=0 bytes
[migrater] timestamp=1779269657.36, migrating=False, epoch=2, total_epochs=3, configured=0 B/s, rate=0 B/s, pending=0 bytes
[migrater] timestamp=1779269657.46, migrating=False, epoch=2, total_epochs=3, configured=0 B/s, rate=0 B/s, pending=0 bytes
[migrater] timestamp=1779269657.56, migrating=False, epoch=2, total_epochs=3, configured=0 B/s, rate=0 B/s, pending=0 bytes
[migrater] timestamp=1779269657.66, migrating=False, epoch=2, total_epochs=3, configured=0 B/s, rate=0 B/s, pending=0 bytes
[migrater] timestamp=1779269657.76, migrating=False, epoch=2, total_epochs=3, configured=0 B/s, rate=0 B/s, pending=0 bytes
[migrater] timestamp=1779269657.86, migrating=False, epoch=2, total_epochs=3, configured=0 B/s, rate=0 B/s, pending=0 bytes
[migrater] timestamp=1779269657.96, migrating=False, epoch=2, total_epochs=3, configured=0 B/s, rate=0 B/s, pending=0 bytes
[migrater] timestamp=1779269658.07, migrating=False, epoch=2, total_epochs=3, configured=0 B/s, rate=0 B/s, pending=0 bytes
[migrater] timestamp=1779269658.17, migrating=False, epoch=2, total_epochs=3, configured=0 B/s, rate=0 B/s, pending=0 bytes
[migrater] timestamp=1779269658.27, migrating=False, epoch=2, total_epochs=3, configured=0 B/s, rate=0 B/s, pending=0 bytes
[migrater] timestamp=1779269658.37, migrating=False, epoch=2, total_epochs=3, configured=0 B/s, rate=0 B/s, pending=0 bytes
[migrater] timestamp=1779269658.47, migrating=False, epoch=2, total_epochs=3, configured=0 B/s, rate=0 B/s, pending=0 bytes
[migrater] timestamp=1779269658.57, migrating=False, epoch=2, total_epochs=3, configured=0 B/s, rate=0 B/s, pending=0 bytes
[migrater] timestamp=1779269658.67, migrating=False, epoch=2, total_epochs=3, configured=0 B/s, rate=0 B/s, pending=0 bytes
[migrater] timestamp=1779269658.77, migrating=False, epoch=2, total_epochs=3, configured=0 B/s, rate=0 B/s, pending=0 bytes
[migrater] timestamp=1779269658.87, migrating=False, epoch=2, total_epochs=3, configured=0 B/s, rate=0 B/s, pending=0 bytes
[migrater] timestamp=1779269658.97, migrating=False, epoch=2, total_epochs=3, configured=0 B/s, rate=0 B/s, pending=0 bytes
[migrater] timestamp=1779269659.07, migrating=False, epoch=2, total_epochs=3, configured=0 B/s, rate=0 B/s, pending=0 bytes
[migrater] timestamp=1779269659.17, migrating=False, epoch=2, total_epochs=3, configured=0 B/s, rate=0 B/s, pending=0 bytes
[migrater] timestamp=1779269659.27, migrating=False, epoch=2, total_epochs=3, configured=0 B/s, rate=0 B/s, pending=0 bytes
[migrater] timestamp=1779269659.37, migrating=False, epoch=2, total_epochs=3, configured=0 B/s, rate=0 B/s, pending=0 bytes
[migrater] timestamp=1779269659.47, migrating=False, epoch=2, total_epochs=3, configured=0 B/s, rate=0 B/s, pending=0 bytes
[migrater] timestamp=1779269659.57, migrating=False, epoch=2, total_epochs=3, configured=0 B/s, rate=0 B/s, pending=0 bytes
[migrater] timestamp=1779269659.67, migrating=False, epoch=2, total_epochs=3, configured=0 B/s, rate=0 B/s, pending=0 bytes
[migrater] timestamp=1779269659.77, migrating=False, epoch=2, total_epochs=3, configured=0 B/s, rate=0 B/s, pending=0 bytes
[migrater] timestamp=1779269659.87, migrating=False, epoch=2, total_epochs=3, configured=0 B/s, rate=0 B/s, pending=0 bytes
[migrater] timestamp=1779269659.97, migrating=False, epoch=2, total_epochs=3, configured=0 B/s, rate=0 B/s, pending=0 bytes
[migrater] timestamp=1779269660.07, migrating=False, epoch=2, total_epochs=3, configured=0 B/s, rate=0 B/s, pending=0 bytes
[migrater] timestamp=1779269660.17, migrating=False, epoch=2, total_epochs=3, configured=0 B/s, rate=0 B/s, pending=0 bytes
[migrater] timestamp=1779269660.27, migrating=False, epoch=2, total_epochs=3, configured=0 B/s, rate=0 B/s, pending=0 bytes
[migrater] timestamp=1779269660.37, migrating=False, epoch=2, total_epochs=3, configured=0 B/s, rate=0 B/s, pending=0 bytes
[migrater] timestamp=1779269660.47, migrating=False, epoch=2, total_epochs=3, configured=0 B/s, rate=0 B/s, pending=0 bytes
[migrater] timestamp=1779269660.58, migrating=False, epoch=2, total_epochs=3, configured=0 B/s, rate=0 B/s, pending=0 bytes
[migrater] timestamp=1779269660.68, migrating=False, epoch=2, total_epochs=3, configured=0 B/s, rate=0 B/s, pending=0 bytes
[migrater] timestamp=1779269660.78, migrating=False, epoch=2, total_epochs=3, configured=0 B/s, rate=0 B/s, pending=0 bytes
[migrater] timestamp=1779269660.88, migrating=False, epoch=2, total_epochs=3, configured=0 B/s, rate=0 B/s, pending=0 bytes
[migrater] timestamp=1779269660.98, migrating=False, epoch=2, total_epochs=3, configured=0 B/s, rate=0 B/s, pending=0 bytes
[migrater] timestamp=1779269661.08, migrating=False, epoch=2, total_epochs=3, configured=0 B/s, rate=0 B/s, pending=0 bytes
[migrater] timestamp=1779269661.18, migrating=False, epoch=2, total_epochs=3, configured=0 B/s, rate=0 B/s, pending=0 bytes
[migrater] timestamp=1779269661.28, migrating=False, epoch=2, total_epochs=3, configured=0 B/s, rate=0 B/s, pending=0 bytes
[migrater] timestamp=1779269661.38, migrating=False, epoch=2, total_epochs=3, configured=0 B/s, rate=0 B/s, pending=0 bytes
[migrater] timestamp=1779269661.48, migrating=False, epoch=2, total_epochs=3, configured=0 B/s, rate=0 B/s, pending=0 bytes
[migrater] timestamp=1779269661.58, migrating=False, epoch=2, total_epochs=3, configured=0 B/s, rate=0 B/s, pending=0 bytes
[migrater] timestamp=1779269661.68, migrating=False, epoch=2, total_epochs=3, configured=0 B/s, rate=0 B/s, pending=0 bytes
[migrater] timestamp=1779269661.78, migrating=False, epoch=2, total_epochs=3, configured=0 B/s, rate=0 B/s, pending=0 bytes
[migrater] timestamp=1779269661.88, migrating=False, epoch=2, total_epochs=3, configured=0 B/s, rate=0 B/s, pending=0 bytes
[migrater] timestamp=1779269661.98, migrating=False, epoch=2, total_epochs=3, configured=0 B/s, rate=0 B/s, pending=0 bytes
[migrater] timestamp=1779269662.08, migrating=False, epoch=2, total_epochs=3, configured=0 B/s, rate=0 B/s, pending=0 bytes
[migrater] timestamp=1779269662.18, migrating=False, epoch=2, total_epochs=3, configured=0 B/s, rate=0 B/s, pending=0 bytes
[migrater] timestamp=1779269662.28, migrating=False, epoch=2, total_epochs=3, configured=0 B/s, rate=0 B/s, pending=0 bytes
[migrater] timestamp=1779269662.38, migrating=False, epoch=2, total_epochs=3, configured=0 B/s, rate=0 B/s, pending=0 bytes
[migrater] timestamp=1779269662.48, migrating=False, epoch=2, total_epochs=3, configured=0 B/s, rate=0 B/s, pending=0 bytes
[migrater] timestamp=1779269662.58, migrating=False, epoch=2, total_epochs=3, configured=0 B/s, rate=0 B/s, pending=0 bytes
[migrater] timestamp=1779269662.68, migrating=False, epoch=2, total_epochs=3, configured=0 B/s, rate=0 B/s, pending=0 bytes
[migrater] timestamp=1779269662.78, migrating=False, epoch=2, total_epochs=3, configured=0 B/s, rate=0 B/s, pending=0 bytes
[migrater] timestamp=1779269662.88, migrating=False, epoch=2, total_epochs=3, configured=0 B/s, rate=0 B/s, pending=0 bytes
[migrater] timestamp=1779269662.98, migrating=False, epoch=2, total_epochs=3, configured=0 B/s, rate=0 B/s, pending=0 bytes
[migrater] timestamp=1779269663.09, migrating=False, epoch=2, total_epochs=3, configured=0 B/s, rate=0 B/s, pending=0 bytes
[migrater] timestamp=1779269663.19, migrating=False, epoch=2, total_epochs=3, configured=0 B/s, rate=0 B/s, pending=0 bytes
[migrater] timestamp=1779269663.29, migrating=False, epoch=2, total_epochs=3, configured=0 B/s, rate=0 B/s, pending=0 bytes
[migrater] timestamp=1779269663.39, migrating=False, epoch=2, total_epochs=3, configured=0 B/s, rate=0 B/s, pending=0 bytes
[migrater] timestamp=1779269663.49, migrating=False, epoch=2, total_epochs=3, configured=0 B/s, rate=0 B/s, pending=0 bytes
[migrater] timestamp=1779269663.59, migrating=False, epoch=2, total_epochs=3, configured=0 B/s, rate=0 B/s, pending=0 bytes
[migrater] timestamp=1779269663.69, migrating=False, epoch=2, total_epochs=3, configured=0 B/s, rate=0 B/s, pending=0 bytes
[migrater] timestamp=1779269663.79, migrating=False, epoch=2, total_epochs=3, configured=0 B/s, rate=0 B/s, pending=0 bytes
[migrater] timestamp=1779269663.89, migrating=False, epoch=2, total_epochs=3, configured=0 B/s, rate=0 B/s, pending=0 bytes
[migrater] timestamp=1779269663.99, migrating=False, epoch=2, total_epochs=3, configured=0 B/s, rate=0 B/s, pending=0 bytes
[migrater] timestamp=1779269664.09, migrating=False, epoch=2, total_epochs=3, configured=0 B/s, rate=0 B/s, pending=0 bytes
[migrater] timestamp=1779269664.19, migrating=False, epoch=2, total_epochs=3, configured=0 B/s, rate=0 B/s, pending=0 bytes
[migrater] timestamp=1779269664.29, migrating=False, epoch=2, total_epochs=3, configured=0 B/s, rate=0 B/s, pending=0 bytes
[migrater] timestamp=1779269664.39, migrating=False, epoch=2, total_epochs=3, configured=0 B/s, rate=0 B/s, pending=0 bytes
[migrater] timestamp=1779269664.49, migrating=False, epoch=2, total_epochs=3, configured=0 B/s, rate=0 B/s, pending=0 bytes
[migrater] timestamp=1779269664.59, migrating=False, epoch=2, total_epochs=3, configured=0 B/s, rate=0 B/s, pending=0 bytes
[migrater] timestamp=1779269664.69, migrating=False, epoch=2, total_epochs=3, configured=0 B/s, rate=0 B/s, pending=0 bytes
[migrater] timestamp=1779269664.79, migrating=False, epoch=2, total_epochs=3, configured=0 B/s, rate=0 B/s, pending=0 bytes
[migrater] timestamp=1779269664.89, migrating=False, epoch=2, total_epochs=3, configured=0 B/s, rate=0 B/s, pending=0 bytes
[migrater] timestamp=1779269664.99, migrating=False, epoch=2, total_epochs=3, configured=0 B/s, rate=0 B/s, pending=0 bytes
[migrater] timestamp=1779269665.09, migrating=False, epoch=2, total_epochs=3, configured=0 B/s, rate=0 B/s, pending=0 bytes
[migrater] timestamp=1779269665.19, migrating=False, epoch=2, total_epochs=3, configured=0 B/s, rate=0 B/s, pending=0 bytes
[migrater] timestamp=1779269665.29, migrating=False, epoch=2, total_epochs=3, configured=0 B/s, rate=0 B/s, pending=0 bytes
[migrater] timestamp=1779269665.39, migrating=False, epoch=2, total_epochs=3, configured=0 B/s, rate=0 B/s, pending=0 bytes
[migrater] timestamp=1779269665.49, migrating=False, epoch=2, total_epochs=3, configured=0 B/s, rate=0 B/s, pending=0 bytes
[migrater] timestamp=1779269665.59, migrating=False, epoch=2, total_epochs=3, configured=0 B/s, rate=0 B/s, pending=0 bytes
[migrater] timestamp=1779269665.70, migrating=False, epoch=2, total_epochs=3, configured=0 B/s, rate=0 B/s, pending=0 bytes
[migrater] timestamp=1779269665.80, migrating=False, epoch=2, total_epochs=3, configured=0 B/s, rate=0 B/s, pending=0 bytes
[migrater] timestamp=1779269665.90, migrating=False, epoch=2, total_epochs=3, configured=0 B/s, rate=0 B/s, pending=0 bytes
[migrater] timestamp=1779269666.00, migrating=False, epoch=2, total_epochs=3, configured=0 B/s, rate=0 B/s, pending=0 bytes
[migrater] timestamp=1779269666.10, migrating=False, epoch=2, total_epochs=3, configured=0 B/s, rate=0 B/s, pending=0 bytes
[migrater] timestamp=1779269666.20, migrating=False, epoch=2, total_epochs=3, configured=0 B/s, rate=0 B/s, pending=0 bytes
[migrater] timestamp=1779269666.30, migrating=False, epoch=2, total_epochs=3, configured=0 B/s, rate=0 B/s, pending=0 bytes
[migrater] timestamp=1779269666.40, migrating=False, epoch=2, total_epochs=3, configured=0 B/s, rate=0 B/s, pending=0 bytes
[migrater] timestamp=1779269666.50, migrating=False, epoch=2, total_epochs=3, configured=0 B/s, rate=0 B/s, pending=0 bytes
[migrater] timestamp=1779269666.60, migrating=False, epoch=2, total_epochs=3, configured=0 B/s, rate=0 B/s, pending=0 bytes
[migrater] timestamp=1779269666.70, migrating=False, epoch=2, total_epochs=3, configured=0 B/s, rate=0 B/s, pending=0 bytes
[migrater] timestamp=1779269666.80, migrating=False, epoch=2, total_epochs=3, configured=0 B/s, rate=0 B/s, pending=0 bytes
[migrater] timestamp=1779269666.90, migrating=False, epoch=2, total_epochs=3, configured=0 B/s, rate=0 B/s, pending=0 bytes
[migrater] timestamp=1779269667.00, migrating=False, epoch=2, total_epochs=3, configured=0 B/s, rate=0 B/s, pending=0 bytes
[migrater] timestamp=1779269667.10, migrating=False, epoch=2, total_epochs=3, configured=0 B/s, rate=0 B/s, pending=0 bytes
[migrater] timestamp=1779269667.20, migrating=False, epoch=2, total_epochs=3, configured=0 B/s, rate=0 B/s, pending=0 bytes
[migrater] timestamp=1779269667.30, migrating=False, epoch=2, total_epochs=3, configured=0 B/s, rate=0 B/s, pending=0 bytes
[migrater] timestamp=1779269667.40, migrating=False, epoch=2, total_epochs=3, configured=0 B/s, rate=0 B/s, pending=0 bytes
[migrater] timestamp=1779269667.50, migrating=False, epoch=2, total_epochs=3, configured=0 B/s, rate=0 B/s, pending=0 bytes
[migrater] timestamp=1779269667.60, migrating=False, epoch=2, total_epochs=3, configured=0 B/s, rate=0 B/s, pending=0 bytes
[migrater] timestamp=1779269667.70, migrating=False, epoch=2, total_epochs=3, configured=0 B/s, rate=0 B/s, pending=0 bytes
[migrater] timestamp=1779269667.80, migrating=False, epoch=2, total_epochs=3, configured=0 B/s, rate=0 B/s, pending=0 bytes
[migrater] timestamp=1779269667.90, migrating=False, epoch=2, total_epochs=3, configured=0 B/s, rate=0 B/s, pending=0 bytes
[migrater] timestamp=1779269668.00, migrating=False, epoch=2, total_epochs=3, configured=0 B/s, rate=0 B/s, pending=0 bytes
[migrater] timestamp=1779269668.10, migrating=False, epoch=2, total_epochs=3, configured=0 B/s, rate=0 B/s, pending=0 bytes
[migrater] timestamp=1779269668.21, migrating=False, epoch=2, total_epochs=3, configured=0 B/s, rate=0 B/s, pending=0 bytes
[migrater] timestamp=1779269668.31, migrating=False, epoch=2, total_epochs=3, configured=0 B/s, rate=0 B/s, pending=0 bytes
[migrater] timestamp=1779269668.41, migrating=False, epoch=2, total_epochs=3, configured=0 B/s, rate=0 B/s, pending=0 bytes
[migrater] timestamp=1779269668.51, migrating=False, epoch=2, total_epochs=3, configured=0 B/s, rate=0 B/s, pending=0 bytes
[migrater] timestamp=1779269668.61, migrating=False, epoch=2, total_epochs=3, configured=0 B/s, rate=0 B/s, pending=0 bytes
[migrater] timestamp=1779269668.71, migrating=False, epoch=2, total_epochs=3, configured=0 B/s, rate=0 B/s, pending=0 bytes
[migrater] timestamp=1779269668.81, migrating=False, epoch=2, total_epochs=3, configured=0 B/s, rate=0 B/s, pending=0 bytes
[migrater] timestamp=1779269668.91, migrating=False, epoch=2, total_epochs=3, configured=0 B/s, rate=0 B/s, pending=0 bytes
[migrater] timestamp=1779269669.01, migrating=False, epoch=2, total_epochs=3, configured=0 B/s, rate=0 B/s, pending=0 bytes
[migrater] timestamp=1779269669.11, migrating=False, epoch=2, total_epochs=3, configured=0 B/s, rate=0 B/s, pending=0 bytes
[migrater] timestamp=1779269669.21, migrating=False, epoch=2, total_epochs=3, configured=0 B/s, rate=0 B/s, pending=0 bytes
[migrater] timestamp=1779269669.31, migrating=False, epoch=2, total_epochs=3, configured=0 B/s, rate=0 B/s, pending=0 bytes
[migrater] timestamp=1779269669.41, migrating=False, epoch=2, total_epochs=3, configured=0 B/s, rate=0 B/s, pending=0 bytes
[migrater] timestamp=1779269669.51, migrating=False, epoch=2, total_epochs=3, configured=0 B/s, rate=0 B/s, pending=0 bytes
[migrater] timestamp=1779269669.61, migrating=False, epoch=2, total_epochs=3, configured=0 B/s, rate=0 B/s, pending=0 bytes
[migrater] timestamp=1779269669.71, migrating=False, epoch=2, total_epochs=3, configured=0 B/s, rate=0 B/s, pending=0 bytes
[migrater] timestamp=1779269669.81, migrating=False, epoch=2, total_epochs=3, configured=0 B/s, rate=0 B/s, pending=0 bytes
[migrater] timestamp=1779269669.91, migrating=False, epoch=2, total_epochs=3, configured=0 B/s, rate=0 B/s, pending=0 bytes
[migrater] timestamp=1779269670.01, migrating=False, epoch=2, total_epochs=3, configured=0 B/s, rate=0 B/s, pending=0 bytes
[migrater] timestamp=1779269670.11, migrating=False, epoch=2, total_epochs=3, configured=0 B/s, rate=0 B/s, pending=0 bytes
[migrater] timestamp=1779269670.21, migrating=False, epoch=2, total_epochs=3, configured=0 B/s, rate=0 B/s, pending=0 bytes
[migrater] timestamp=1779269670.31, migrating=False, epoch=2, total_epochs=3, configured=0 B/s, rate=0 B/s, pending=0 bytes
[migrater] timestamp=1779269670.41, migrating=False, epoch=2, total_epochs=3, configured=0 B/s, rate=0 B/s, pending=0 bytes
[migrater] timestamp=1779269670.51, migrating=False, epoch=2, total_epochs=3, configured=0 B/s, rate=0 B/s, pending=0 bytes
[migrater] timestamp=1779269670.61, migrating=False, epoch=2, total_epochs=3, configured=0 B/s, rate=0 B/s, pending=0 bytes
[migrater] timestamp=1779269670.71, migrating=False, epoch=2, total_epochs=3, configured=0 B/s, rate=0 B/s, pending=0 bytes
[migrater] timestamp=1779269670.82, migrating=False, epoch=2, total_epochs=3, configured=0 B/s, rate=0 B/s, pending=0 bytes
[migrater] timestamp=1779269670.92, migrating=False, epoch=2, total_epochs=3, configured=0 B/s, rate=0 B/s, pending=0 bytes
[migrater] timestamp=1779269671.02, migrating=False, epoch=3, total_epochs=3, configured=0 B/s, rate=0 B/s, pending=5368709120 bytes
[migrater] timestamp=1779269671.12, migrating=True, epoch=3, total_epochs=3, configured=0 B/s, rate=0 B/s, pending=5368709120 bytes
[migrater] timestamp=1779269671.12, migrating=True, epoch=3, total_epochs=3, configured=2000000000 B/s, rate=1920052092 B/s, pending=5175771136 bytes ([3.59%] 192937984/5368709120 bytes copied)
[migrater] timestamp=1779269671.22, migrating=True, epoch=3, total_epochs=3, configured=2000000000 B/s, rate=2001741715 B/s, pending=4974444544 bytes ([7.34%] 394264576/5368709120 bytes copied)
[migrater] timestamp=1779269671.32, migrating=True, epoch=3, total_epochs=3, configured=2000000000 B/s, rate=1999828253 B/s, pending=4773117952 bytes ([11.09%] 595591168/5368709120 bytes copied)
[migrater] timestamp=1779269671.42, migrating=True, epoch=3, total_epochs=3, configured=2000000000 B/s, rate=1997789405 B/s, pending=4571791360 bytes ([14.84%] 796917760/5368709120 bytes copied)
[migrater] timestamp=1779269671.52, migrating=True, epoch=3, total_epochs=3, configured=2000000000 B/s, rate=1999434412 B/s, pending=4370464768 bytes ([18.59%] 998244352/5368709120 bytes copied)
[migrater] timestamp=1779269671.62, migrating=True, epoch=3, total_epochs=3, configured=2000000000 B/s, rate=2001118332 B/s, pending=4169138176 bytes ([22.34%] 1199570944/5368709120 bytes copied)
[migrater] timestamp=1779269671.73, migrating=True, epoch=3, total_epochs=3, configured=2000000000 B/s, rate=1998125088 B/s, pending=3967811584 bytes ([26.09%] 1400897536/5368709120 bytes copied)
[migrater] timestamp=1779269671.83, migrating=True, epoch=3, total_epochs=3, configured=2000000000 B/s, rate=2002419037 B/s, pending=3766484992 bytes ([29.84%] 1602224128/5368709120 bytes copied)
[migrater] timestamp=1779269671.93, migrating=True, epoch=3, total_epochs=3, configured=2000000000 B/s, rate=2000331775 B/s, pending=3565158400 bytes ([33.59%] 1803550720/5368709120 bytes copied)
[migrater] timestamp=1779269672.03, migrating=True, epoch=3, total_epochs=3, configured=2000000000 B/s, rate=2000245918 B/s, pending=3363831808 bytes ([37.34%] 2004877312/5368709120 bytes copied)
[migrater] timestamp=1779269672.13, migrating=True, epoch=3, total_epochs=3, configured=2000000000 B/s, rate=2000425987 B/s, pending=3162505216 bytes ([41.09%] 2206203904/5368709120 bytes copied)
[migrater] timestamp=1779269672.23, migrating=True, epoch=3, total_epochs=3, configured=1000000000 B/s, rate=1997898623 B/s, pending=2961178624 bytes ([44.84%] 2407530496/5368709120 bytes copied)
[migrater] timestamp=1779269672.33, migrating=True, epoch=3, total_epochs=3, configured=1000000000 B/s, rate=1001842879 B/s, pending=2860515328 bytes ([46.72%] 2508193792/5368709120 bytes copied)
[migrater] timestamp=1779269672.43, migrating=True, epoch=3, total_epochs=3, configured=666666666 B/s, rate=1000145913 B/s, pending=2759852032 bytes ([48.59%] 2608857088/5368709120 bytes copied)
[migrater] timestamp=1779269672.53, migrating=True, epoch=3, total_epochs=3, configured=666666666 B/s, rate=666977524 B/s, pending=2692743168 bytes ([49.84%] 2675965952/5368709120 bytes copied)
[migrater] timestamp=1779269672.63, migrating=True, epoch=3, total_epochs=3, configured=500000000 B/s, rate=666676574 B/s, pending=2625634304 bytes ([51.09%] 2743074816/5368709120 bytes copied)
[migrater] timestamp=1779269672.73, migrating=True, epoch=3, total_epochs=3, configured=500000000 B/s, rate=500348314 B/s, pending=2575302656 bytes ([52.03%] 2793406464/5368709120 bytes copied)
[migrater] timestamp=1779269672.83, migrating=True, epoch=3, total_epochs=3, configured=500000000 B/s, rate=499970428 B/s, pending=2524971008 bytes ([52.97%] 2843738112/5368709120 bytes copied)
[migrater] timestamp=1779269672.93, migrating=True, epoch=3, total_epochs=3, configured=500000000 B/s, rate=499894348 B/s, pending=2474639360 bytes ([53.91%] 2894069760/5368709120 bytes copied)
[migrater] timestamp=1779269673.03, migrating=True, epoch=3, total_epochs=3, configured=500000000 B/s, rate=499851306 B/s, pending=2424307712 bytes ([54.84%] 2944401408/5368709120 bytes copied)
[migrater] timestamp=1779269673.13, migrating=True, epoch=3, total_epochs=3, configured=500000000 B/s, rate=499979313 B/s, pending=2373976064 bytes ([55.78%] 2994733056/5368709120 bytes copied)
[migrater] timestamp=1779269673.24, migrating=True, epoch=3, total_epochs=3, configured=500000000 B/s, rate=500079018 B/s, pending=2323644416 bytes ([56.72%] 3045064704/5368709120 bytes copied)
[migrater] timestamp=1779269673.34, migrating=True, epoch=3, total_epochs=3, configured=500000000 B/s, rate=499809760 B/s, pending=2273312768 bytes ([57.66%] 3095396352/5368709120 bytes copied)
[migrater] timestamp=1779269673.44, migrating=True, epoch=3, total_epochs=3, configured=500000000 B/s, rate=500109627 B/s, pending=2222981120 bytes ([58.59%] 3145728000/5368709120 bytes copied)
[migrater] timestamp=1779269673.54, migrating=True, epoch=3, total_epochs=3, configured=500000000 B/s, rate=499970175 B/s, pending=2172649472 bytes ([59.53%] 3196059648/5368709120 bytes copied)
[migrater] timestamp=1779269673.64, migrating=True, epoch=3, total_epochs=3, configured=500000000 B/s, rate=500097552 B/s, pending=2122317824 bytes ([60.47%] 3246391296/5368709120 bytes copied)
[migrater] timestamp=1779269673.74, migrating=True, epoch=3, total_epochs=3, configured=500000000 B/s, rate=500162555 B/s, pending=2071986176 bytes ([61.41%] 3296722944/5368709120 bytes copied)
[migrater] timestamp=1779269673.84, migrating=True, epoch=3, total_epochs=3, configured=500000000 B/s, rate=499995306 B/s, pending=2021654528 bytes ([62.34%] 3347054592/5368709120 bytes copied)
[migrater] timestamp=1779269673.94, migrating=True, epoch=3, total_epochs=3, configured=500000000 B/s, rate=499947931 B/s, pending=1971322880 bytes ([63.28%] 3397386240/5368709120 bytes copied)
[migrater] timestamp=1779269674.04, migrating=True, epoch=3, total_epochs=3, configured=500000000 B/s, rate=500024812 B/s, pending=1920991232 bytes ([64.22%] 3447717888/5368709120 bytes copied)
[migrater] timestamp=1779269674.14, migrating=True, epoch=3, total_epochs=3, configured=500000000 B/s, rate=500053431 B/s, pending=1870659584 bytes ([65.16%] 3498049536/5368709120 bytes copied)
[migrater] timestamp=1779269674.24, migrating=True, epoch=3, total_epochs=3, configured=500000000 B/s, rate=499932184 B/s, pending=1820327936 bytes ([66.09%] 3548381184/5368709120 bytes copied)
[migrater] timestamp=1779269674.34, migrating=True, epoch=3, total_epochs=3, configured=500000000 B/s, rate=500037534 B/s, pending=1769996288 bytes ([67.03%] 3598712832/5368709120 bytes copied)
[migrater] timestamp=1779269674.44, migrating=True, epoch=3, total_epochs=3, configured=500000000 B/s, rate=499973601 B/s, pending=1719664640 bytes ([67.97%] 3649044480/5368709120 bytes copied)
[migrater] timestamp=1779269674.54, migrating=True, epoch=3, total_epochs=3, configured=500000000 B/s, rate=499764747 B/s, pending=1669332992 bytes ([68.91%] 3699376128/5368709120 bytes copied)
[migrater] timestamp=1779269674.64, migrating=True, epoch=3, total_epochs=3, configured=500000000 B/s, rate=500086074 B/s, pending=1619001344 bytes ([69.84%] 3749707776/5368709120 bytes copied)
[migrater] timestamp=1779269674.75, migrating=True, epoch=3, total_epochs=3, configured=500000000 B/s, rate=500108877 B/s, pending=1568669696 bytes ([70.78%] 3800039424/5368709120 bytes copied)
[migrater] timestamp=1779269674.85, migrating=True, epoch=3, total_epochs=3, configured=500000000 B/s, rate=499939687 B/s, pending=1518338048 bytes ([71.72%] 3850371072/5368709120 bytes copied)
[migrater] timestamp=1779269674.95, migrating=True, epoch=3, total_epochs=3, configured=500000000 B/s, rate=499970175 B/s, pending=1468006400 bytes ([72.66%] 3900702720/5368709120 bytes copied)
[migrater] timestamp=1779269675.05, migrating=True, epoch=3, total_epochs=3, configured=500000000 B/s, rate=499907903 B/s, pending=1417674752 bytes ([73.59%] 3951034368/5368709120 bytes copied)
[migrater] timestamp=1779269675.15, migrating=True, epoch=3, total_epochs=3, configured=500000000 B/s, rate=500167426 B/s, pending=1367343104 bytes ([74.53%] 4001366016/5368709120 bytes copied)
[migrater] timestamp=1779269675.25, migrating=True, epoch=3, total_epochs=3, configured=500000000 B/s, rate=500094720 B/s, pending=1317011456 bytes ([75.47%] 4051697664/5368709120 bytes copied)
[migrater] timestamp=1779269675.35, migrating=True, epoch=3, total_epochs=3, configured=500000000 B/s, rate=499908399 B/s, pending=1266679808 bytes ([76.41%] 4102029312/5368709120 bytes copied)
[migrater] timestamp=1779269675.45, migrating=True, epoch=3, total_epochs=3, configured=500000000 B/s, rate=500035994 B/s, pending=1216348160 bytes ([77.34%] 4152360960/5368709120 bytes copied)
[migrater] timestamp=1779269675.55, migrating=True, epoch=3, total_epochs=3, configured=500000000 B/s, rate=499813185 B/s, pending=1166016512 bytes ([78.28%] 4202692608/5368709120 bytes copied)
[migrater] timestamp=1779269675.65, migrating=True, epoch=3, total_epochs=3, configured=500000000 B/s, rate=500159324 B/s, pending=1115684864 bytes ([79.22%] 4253024256/5368709120 bytes copied)
[migrater] timestamp=1779269675.75, migrating=True, epoch=3, total_epochs=3, configured=500000000 B/s, rate=500026401 B/s, pending=1065353216 bytes ([80.16%] 4303355904/5368709120 bytes copied)
[migrater] timestamp=1779269675.85, migrating=True, epoch=3, total_epochs=3, configured=500000000 B/s, rate=500050153 B/s, pending=1015021568 bytes ([81.09%] 4353687552/5368709120 bytes copied)
[migrater] timestamp=1779269675.95, migrating=True, epoch=3, total_epochs=3, configured=500000000 B/s, rate=499960390 B/s, pending=964689920 bytes ([82.03%] 4404019200/5368709120 bytes copied)
[migrater] timestamp=1779269676.05, migrating=True, epoch=3, total_epochs=3, configured=500000000 B/s, rate=499987563 B/s, pending=914358272 bytes ([82.97%] 4454350848/5368709120 bytes copied)
[migrater] timestamp=1779269676.15, migrating=True, epoch=3, total_epochs=3, configured=500000000 B/s, rate=499828075 B/s, pending=864026624 bytes ([83.91%] 4504682496/5368709120 bytes copied)
[migrater] timestamp=1779269676.26, migrating=True, epoch=3, total_epochs=3, configured=500000000 B/s, rate=499845945 B/s, pending=813694976 bytes ([84.84%] 4555014144/5368709120 bytes copied)
[migrater] timestamp=1779269676.36, migrating=True, epoch=3, total_epochs=3, configured=500000000 B/s, rate=500247660 B/s, pending=763363328 bytes ([85.78%] 4605345792/5368709120 bytes copied)
[migrater] timestamp=1779269676.46, migrating=True, epoch=3, total_epochs=3, configured=500000000 B/s, rate=499876525 B/s, pending=713031680 bytes ([86.72%] 4655677440/5368709120 bytes copied)
[migrater] timestamp=1779269676.56, migrating=True, epoch=3, total_epochs=3, configured=500000000 B/s, rate=500040912 B/s, pending=662700032 bytes ([87.66%] 4706009088/5368709120 bytes copied)
[migrater] timestamp=1779269676.66, migrating=True, epoch=3, total_epochs=3, configured=500000000 B/s, rate=500170607 B/s, pending=612368384 bytes ([88.59%] 4756340736/5368709120 bytes copied)
[migrater] timestamp=1779269676.76, migrating=True, epoch=3, total_epochs=3, configured=500000000 B/s, rate=499934617 B/s, pending=562036736 bytes ([89.53%] 4806672384/5368709120 bytes copied)
[migrater] timestamp=1779269676.86, migrating=True, epoch=3, total_epochs=3, configured=500000000 B/s, rate=500143321 B/s, pending=511705088 bytes ([90.47%] 4857004032/5368709120 bytes copied)
[migrater] timestamp=1779269676.96, migrating=True, epoch=3, total_epochs=3, configured=500000000 B/s, rate=499928609 B/s, pending=461373440 bytes ([91.41%] 4907335680/5368709120 bytes copied)
[migrater] timestamp=1779269677.06, migrating=True, epoch=3, total_epochs=3, configured=500000000 B/s, rate=500030082 B/s, pending=411041792 bytes ([92.34%] 4957667328/5368709120 bytes copied)
[migrater] timestamp=1779269677.16, migrating=True, epoch=3, total_epochs=3, configured=500000000 B/s, rate=499970175 B/s, pending=360710144 bytes ([93.28%] 5007998976/5368709120 bytes copied)
[migrater] timestamp=1779269677.26, migrating=True, epoch=3, total_epochs=3, configured=500000000 B/s, rate=500026257 B/s, pending=310378496 bytes ([94.22%] 5058330624/5368709120 bytes copied)
[migrater] timestamp=1779269677.36, migrating=True, epoch=3, total_epochs=3, configured=500000000 B/s, rate=500036684 B/s, pending=260046848 bytes ([95.16%] 5108662272/5368709120 bytes copied)
[migrater] timestamp=1779269677.46, migrating=True, epoch=3, total_epochs=3, configured=500000000 B/s, rate=499949569 B/s, pending=209715200 bytes ([96.09%] 5158993920/5368709120 bytes copied)
[migrater] timestamp=1779269677.56, migrating=True, epoch=3, total_epochs=3, configured=500000000 B/s, rate=499996846 B/s, pending=159383552 bytes ([97.03%] 5209325568/5368709120 bytes copied)
[migrater] timestamp=1779269677.66, migrating=True, epoch=3, total_epochs=3, configured=500000000 B/s, rate=499858206 B/s, pending=109051904 bytes ([97.97%] 5259657216/5368709120 bytes copied)
[migrater] timestamp=1779269677.77, migrating=True, epoch=3, total_epochs=3, configured=500000000 B/s, rate=500013541 B/s, pending=58720256 bytes ([98.91%] 5309988864/5368709120 bytes copied)
[migrater] timestamp=1779269677.91, migrating=False, epoch=3, total_epochs=3, configured=500000000 B/s, rate=0 B/s, pending=0 bytes ([100.00%] 5368709120/5368709120 bytes copied)
[migrater] timestamp=1779269678.06, migrating=False, epoch=3, total_epochs=3, configured=0 B/s, rate=0 B/s, pending=0 bytes
[migrater] timestamp=1779269678.16, migrating=False, epoch=3, total_epochs=3, configured=0 B/s, rate=0 B/s, pending=0 bytes
[migrater] timestamp=1779269678.26, migrating=False, epoch=3, total_epochs=3, configured=0 B/s, rate=0 B/s, pending=0 bytes
[migrater] timestamp=1779269678.36, migrating=False, epoch=3, total_epochs=3, configured=0 B/s, rate=0 B/s, pending=0 bytes
[migrater] timestamp=1779269678.46, migrating=False, epoch=3, total_epochs=3, configured=0 B/s, rate=0 B/s, pending=0 bytes
[migrater] timestamp=1779269678.56, migrating=False, epoch=3, total_epochs=3, configured=0 B/s, rate=0 B/s, pending=0 bytes
[migrater] timestamp=1779269678.66, migrating=False, epoch=3, total_epochs=3, configured=0 B/s, rate=0 B/s, pending=0 bytes
[migrater] timestamp=1779269678.76, migrating=False, epoch=3, total_epochs=3, configured=0 B/s, rate=0 B/s, pending=0 bytes
[migrater] timestamp=1779269678.86, migrating=False, epoch=3, total_epochs=3, configured=0 B/s, rate=0 B/s, pending=0 bytes
[migrater] timestamp=1779269678.96, migrating=False, epoch=3, total_epochs=3, configured=0 B/s, rate=0 B/s, pending=0 bytes
[migrater] timestamp=1779269679.06, migrating=False, epoch=3, total_epochs=3, configured=0 B/s, rate=0 B/s, pending=0 bytes
[migrater] timestamp=1779269679.16, migrating=False, epoch=3, total_epochs=3, configured=0 B/s, rate=0 B/s, pending=0 bytes
[migrater] timestamp=1779269679.26, migrating=False, epoch=3, total_epochs=3, configured=0 B/s, rate=0 B/s, pending=0 bytes
[migrater] timestamp=1779269679.36, migrating=False, epoch=3, total_epochs=3, configured=0 B/s, rate=0 B/s, pending=0 bytes
